year,region,sector,log_t
2010,BC,ACC,-0.24974589958891388
2010,MB,ACC,-0.014517027864518861
2010,NB,ACC,0.017573620941144674
2010,NL,ACC,0.028832766733370985
2010,NS,ACC,-0.07214966033188505
2010,NT,ACC,0.3339689078449278
2010,NU,ACC,0.4943365845506064
2010,ON,ACC,-0.24181125970031456
2010,PE,ACC,-0.10794300020070921
2010,QC,ACC,-0.005990346881168451
2010,SK,ACC,0.05615614781481176
2010,YT,ACC,-0.015916888072554036
2010,AB,ACC,-0.2227939452447975
2011,BC,ACC,-0.26741389320696646
2011,MB,ACC,-0.018710118736304182
2011,NB,ACC,0.03445688866067648
2011,NL,ACC,0.023687250121077585
2011,NS,ACC,-0.05885527279220723
2011,NT,ACC,0.3282449365720438
2011,NU,ACC,0.5168788241538551
2011,ON,ACC,-0.26862711046020993
2011,PE,ACC,-0.09934148732823003
2011,QC,ACC,-0.012978011580366655
2011,SK,ACC,0.08732625171692532
2011,YT,ACC,-0.037599030519575805
2011,AB,ACC,-0.2270692266007182
2012,BC,ACC,-0.24767568330754974
2012,MB,ACC,-0.015552775901072347
2012,NB,ACC,0.029122108294696025
2012,NL,ACC,0.039376448893233995
2012,NS,ACC,-0.06352578181086302
2012,NT,ACC,0.32223141273488554
2012,NU,ACC,0.505836808787005
2012,ON,ACC,-0.27331925204313545
2012,PE,ACC,-0.09882133376612914
2012,QC,ACC,-0.011420055411461572
2012,SK,ACC,0.0894956527773379
2012,YT,ACC,-0.05190787494526178
2012,AB,ACC,-0.2238396743016852
2013,BC,ACC,-0.2561050713190688
2013,MB,ACC,-0.012024366697237776
2013,NB,ACC,0.0577260284822812
2013,NL,ACC,0.040772725136377086
2013,NS,ACC,-0.049687363991482214
2013,NT,ACC,0.3561250516000675
2013,NU,ACC,0.46405278867653327
2013,ON,ACC,-0.2727722136708579
2013,PE,ACC,-0.13591722512014492
2013,QC,ACC,-0.03676304393452551
2013,SK,ACC,0.07934565609325683
2013,YT,ACC,-3.7772223526899573e-4
2013,AB,ACC,-0.23437524301992996
2014,BC,ACC,-0.25918537200060926
2014,MB,ACC,-0.02247804575928608
2014,NB,ACC,0.0663886686320464
2014,NL,ACC,0.045833618230114115
2014,NS,ACC,-0.057598521335857966
2014,NT,ACC,0.350002914727766
2014,NU,ACC,0.4502632664162879
2014,ON,ACC,-0.27466783124027755
2014,PE,ACC,-0.14900471429089696
2014,QC,ACC,-0.03389244805468439
2014,SK,ACC,0.086636530048665
2014,YT,ACC,0.015490944014404706
2014,AB,ACC,-0.21778900938767176
2015,BC,ACC,-0.27019795096671084
2015,MB,ACC,-0.02581447318530622
2015,NB,ACC,0.05943654579993579
2015,NL,ACC,0.04622900366699095
2015,NS,ACC,-0.05572476592312259
2015,NT,ACC,0.34097736222363695
2015,NU,ACC,0.4610927184648681
2015,ON,ACC,-0.28064666400221416
2015,PE,ACC,-0.150140520928984
2015,QC,ACC,-0.033402640540856954
2015,SK,ACC,0.08645833067059383
2015,YT,ACC,0.022848206027027806
2015,AB,ACC,-0.20111515130585864
2016,BC,ACC,-0.2610988338390587
2016,MB,ACC,-0.03417603066409375
2016,NB,ACC,0.03989445964774263
2016,NL,ACC,0.03844256183461692
2016,NS,ACC,-0.0647722273727766
2016,NT,ACC,0.3378523704154917
2016,NU,ACC,0.528242693525262
2016,ON,ACC,-0.2842404526640241
2016,PE,ACC,-0.14600361338495474
2016,QC,ACC,-0.03620545298532618
2016,SK,ACC,0.06668537624176513
2016,YT,ACC,0.034241103215537805
2016,AB,ACC,-0.2188619539701817
2017,BC,ACC,-0.26642562444695184
2017,MB,ACC,-0.03120244093434721
2017,NB,ACC,0.04443461351341027
2017,NL,ACC,0.03110668664011912
2017,NS,ACC,-0.06340659218115297
2017,NT,ACC,0.32439722343759353
2017,NU,ACC,0.5220538101923531
2017,ON,ACC,-0.3012815981812878
2017,PE,ACC,-0.17148379512958803
2017,QC,ACC,-0.041008012674375593
2017,SK,ACC,0.1069133035147164
2017,YT,ACC,0.055607499781045455
2017,AB,ACC,-0.2097050735315342
2018,BC,ACC,-0.26937809719659
2018,MB,ACC,-0.03755130935050499
2018,NB,ACC,0.04023151410402914
2018,NL,ACC,0.026574357497546053
2018,NS,ACC,-0.06657029304909123
2018,NT,ACC,0.3197621732719466
2018,NU,ACC,0.554475307083997
2018,ON,ACC,-0.2995442273268163
2018,PE,ACC,-0.16812782286161213
2018,QC,ACC,-0.04915971132285113
2018,SK,ACC,0.10529334669485202
2018,YT,ACC,0.061917630115421785
2018,AB,ACC,-0.21792286766032706
2019,BC,ACC,-0.26960562677478794
2019,MB,ACC,-0.03518307527800213
2019,NB,ACC,0.038471595039373474
2019,NL,ACC,0.028083662089600225
2019,NS,ACC,-0.07198371892997035
2019,NT,ACC,0.3272325098691346
2019,NU,ACC,0.5682326339178556
2019,ON,ACC,-0.301639696460386
2019,PE,ACC,-0.16945818759952666
2019,QC,ACC,-0.04365479153408969
2019,SK,ACC,0.09789278289628811
2019,YT,ACC,0.048429146911890486
2019,AB,ACC,-0.21681723414737974
2020,BC,ACC,-0.3436128812144626
2020,MB,ACC,-0.04383949698985573
2020,NB,ACC,-0.012431949808878628
2020,NL,ACC,0.078184934299518
2020,NS,ACC,-0.09991336630226638
2020,NT,ACC,0.5230765470825475
2020,NU,ACC,0.6726287964878647
2020,ON,ACC,-0.32533174121323294
2020,PE,ACC,-0.1837474970330768
2020,QC,ACC,-0.23507504369365534
2020,SK,ACC,0.03661674758904199
2020,YT,ACC,0.2405433820725006
2020,AB,ACC,-0.30709843127604464
2021,BC,ACC,-0.3674543539558756
2021,MB,ACC,-0.09683350341866986
2021,NB,ACC,0.04373398079292096
2021,NL,ACC,0.11737230148792438
2021,NS,ACC,-0.10776495365625999
2021,NT,ACC,0.37608526010509596
2021,NU,ACC,0.6613103791684336
2021,ON,ACC,-0.3664150089045148
2021,PE,ACC,-0.09660650991039227
2021,QC,ACC,-0.13547012558373012
2021,SK,ACC,0.10984483874488232
2021,YT,ACC,0.1489035702846498
2021,AB,ACC,-0.2867058751544642
2022,BC,ACC,-0.3574541216889701
2022,MB,ACC,-0.07090229563551337
2022,NB,ACC,0.0035976850105353675
2022,NL,ACC,0.11348657667909168
2022,NS,ACC,-0.13656413154007696
2022,NT,ACC,0.397284815273922
2022,NU,ACC,0.7108228219048063
2022,ON,ACC,-0.42382233481995585
2022,PE,ACC,-0.17856852423398883
2022,QC,ACC,-0.11132080551971713
2022,SK,ACC,0.13567896363836296
2022,YT,ACC,0.15845058033497383
2022,AB,ACC,-0.2406892294034702
2010,BC,ADM,-0.37629425471249556
2010,MB,ADM,-0.18481986072010412
2010,NB,ADM,-0.017523461462472023
2010,NL,ADM,0.06094746729189471
2010,NS,ADM,0.04112684051923615
2010,NT,ADM,0.43089830508781574
2010,NU,ADM,0.6841772302939895
2010,ON,ADM,-0.5390768955025275
2010,PE,ADM,0.15659702144404886
2010,QC,ADM,-0.2123716386257605
2010,SK,ADM,0.12568418977096374
2010,YT,ADM,0.2444023537610695
2010,AB,ADM,-0.4137472971456588
2011,BC,ADM,-0.36618914078348563
2011,MB,ADM,-0.18173717650132376
2011,NB,ADM,-0.009809558916293482
2011,NL,ADM,0.05949547675763639
2011,NS,ADM,-0.023801718286481532
2011,NT,ADM,0.42746756409076503
2011,NU,ADM,0.6229324628081218
2011,ON,ADM,-0.5390405658820933
2011,PE,ADM,0.2064723868844922
2011,QC,ADM,-0.1983588729581108
2011,SK,ADM,0.14944563721255288
2011,YT,ADM,0.257496267239433
2011,AB,ADM,-0.40437276166521297
2012,BC,ADM,-0.35844773937056484
2012,MB,ADM,-0.18715361951871026
2012,NB,ADM,-0.00471730051580993
2012,NL,ADM,0.06710195235406397
2012,NS,ADM,0.006477576034883914
2012,NT,ADM,0.38835197857096526
2012,NU,ADM,0.6303345252426371
2012,ON,ADM,-0.5415132132340349
2012,PE,ADM,0.18179924134780867
2012,QC,ADM,-0.19225259762979527
2012,SK,ADM,0.15693298825388324
2012,YT,ADM,0.24929345436785133
2012,AB,ADM,-0.39620724590317824
2013,BC,ADM,-0.4140269114235008
2013,MB,ADM,-0.18220712161484345
2013,NB,ADM,-0.03749122202405003
2013,NL,ADM,0.07692364482795255
2013,NS,ADM,-0.09114147479099513
2013,NT,ADM,0.5318241089399264
2013,NU,ADM,0.6251896111805142
2013,ON,ADM,-0.43553431196938613
2013,PE,ADM,0.11678481844241428
2013,QC,ADM,-0.1746945989100408
2013,SK,ADM,0.10288294586502628
2013,YT,ADM,0.23654416748906976
2013,AB,ADM,-0.35505365601208694
2014,BC,ADM,-0.3756057785915456
2014,MB,ADM,-0.14875548440755476
2014,NB,ADM,-0.07450697159516328
2014,NL,ADM,0.02008311169522134
2014,NS,ADM,-0.07252762427272749
2014,NT,ADM,0.49395667060628545
2014,NU,ADM,0.6344446542941364
2014,ON,ADM,-0.4173513568498901
2014,PE,ADM,0.1746786215698838
2014,QC,ADM,-0.1800708234900874
2014,SK,ADM,0.08219713062006409
2014,YT,ADM,0.2125275370001338
2014,AB,ADM,-0.34906968657875637
2015,BC,ADM,-0.37131919319707696
2015,MB,ADM,-0.16351169140676738
2015,NB,ADM,-0.1677744131282097
2015,NL,ADM,0.010769177398758545
2015,NS,ADM,-0.04697774053082471
2015,NT,ADM,0.38967431511742745
2015,NU,ADM,0.7332170463081049
2015,ON,ADM,-0.37968785279785877
2015,PE,ADM,0.15794341574182547
2015,QC,ADM,-0.15532071678893178
2015,SK,ADM,0.06644708984763897
2015,YT,ADM,0.23998137392377938
2015,AB,ADM,-0.3134408104878652
2016,BC,ADM,-0.3546860172305624
2016,MB,ADM,-0.15920081356686
2016,NB,ADM,-0.1683576949044852
2016,NL,ADM,0.001039066955823037
2016,NS,ADM,-0.05703183758452657
2016,NT,ADM,0.40856572700326416
2016,NU,ADM,0.7252705353458411
2016,ON,ADM,-0.374131743348111
2016,PE,ADM,0.16749097792494244
2016,QC,ADM,-0.1446906010810719
2016,SK,ADM,0.07042162821332243
2016,YT,ADM,0.20169451122957038
2016,AB,ADM,-0.31638373895714633
2017,BC,ADM,-0.3451237713746942
2017,MB,ADM,-0.14156115985932477
2017,NB,ADM,-0.16859408907033074
2017,NL,ADM,-0.012336304117507996
2017,NS,ADM,-0.07180316331707712
2017,NT,ADM,0.39368217845907594
2017,NU,ADM,0.7370494785790941
2017,ON,ADM,-0.3794302975126444
2017,PE,ADM,0.17413336364184107
2017,QC,ADM,-0.16176611687670117
2017,SK,ADM,0.0717110237969919
2017,YT,ADM,0.21906408425718654
2017,AB,ADM,-0.3150252266059091
2018,BC,ADM,-0.34634855893983635
2018,MB,ADM,-0.13405216503929393
2018,NB,ADM,-0.16257913083826725
2018,NL,ADM,-0.01235195001235262
2018,NS,ADM,-0.06822859110763099
2018,NT,ADM,0.3786511331644351
2018,NU,ADM,0.7351919885146014
2018,ON,ADM,-0.38163912783195597
2018,PE,ADM,0.17463741000148897
2018,QC,ADM,-0.16393101079313277
2018,SK,ADM,0.07532993294241797
2018,YT,ADM,0.22062709355979115
2018,AB,ADM,-0.3153070236202651
2019,BC,ADM,-0.36183028447080484
2019,MB,ADM,-0.13247755683557708
2019,NB,ADM,-0.15629988220486535
2019,NL,ADM,-0.009323605932915174
2019,NS,ADM,-0.0713539805860812
2019,NT,ADM,0.3928611697635186
2019,NU,ADM,0.7379379985522492
2019,ON,ADM,-0.37223714671572383
2019,PE,ADM,0.17570685398781366
2019,QC,ADM,-0.15618068040807476
2019,SK,ADM,0.07448352467099145
2019,YT,ADM,0.20255416122834186
2019,AB,ADM,-0.32384057104887254
2020,BC,ADM,-0.3672796955473061
2020,MB,ADM,-0.13231378978795905
2020,NB,ADM,-0.20013371384462536
2020,NL,ADM,-0.017230767366844202
2020,NS,ADM,-0.077768700287003
2020,NT,ADM,0.3917104961128144
2020,NU,ADM,0.8278502303535143
2020,ON,ADM,-0.41887170529831735
2020,PE,ADM,0.22110654094061605
2020,QC,ADM,-0.17850316754210938
2020,SK,ADM,0.0946392229666494
2020,YT,ADM,0.20929053471001519
2020,AB,ADM,-0.35249548540944503
2021,BC,ADM,-0.3636970452695689
2021,MB,ADM,-0.1210023525143668
2021,NB,ADM,-0.18062056321051725
2021,NL,ADM,-0.005928879180057689
2021,NS,ADM,-0.07365284943478664
2021,NT,ADM,0.3913071304441618
2021,NU,ADM,0.7631422846036058
2021,ON,ADM,-0.40746467753272486
2021,PE,ADM,0.24394045018091687
2021,QC,ADM,-0.17172200482196542
2021,SK,ADM,0.03216569013386389
2021,YT,ADM,0.2330036258233557
2021,AB,ADM,-0.33947080922191675
2022,BC,ADM,-0.3866361069552493
2022,MB,ADM,-0.10260506733779062
2022,NB,ADM,-0.04117136056081239
2022,NL,ADM,-0.018147675999390156
2022,NS,ADM,-0.09633952344211377
2022,NT,ADM,0.39320025930026986
2022,NU,ADM,0.7449033612688498
2022,ON,ADM,-0.4491126565352882
2022,PE,ADM,0.23647940062302114
2022,QC,ADM,-0.2128190508412224
2022,SK,ADM,-0.008837097179681619
2022,YT,ADM,0.303609067692808
2022,AB,ADM,-0.36252355003340014
2010,BC,AGR,-0.5614518350893158
2010,MB,AGR,-0.16315185349052763
2010,NB,AGR,0.30643718319733537
2010,NL,AGR,0.0714773006913174
2010,NS,AGR,-0.014617809304693585
2010,NT,AGR,0.3769439613901738
2010,NU,AGR,0.33629678203864033
2010,ON,AGR,-0.7796933378227933
2010,PE,AGR,0.06159625063064966
2010,QC,AGR,0.03890417091113838
2010,SK,AGR,0.24240922604692383
2010,YT,AGR,0.13736066755632848
2010,AB,AGR,-0.05251070675517695
2011,BC,AGR,-0.6997780710060175
2011,MB,AGR,-0.13420007790660785
2011,NB,AGR,0.2298589039445821
2011,NL,AGR,0.14832368262777776
2011,NS,AGR,-0.07285634160820595
2011,NT,AGR,0.3102975874930362
2011,NU,AGR,0.4313895617895283
2011,ON,AGR,-0.8592069833981294
2011,PE,AGR,0.1585598028211519
2011,QC,AGR,-0.09923232831096185
2011,SK,AGR,0.4654476964101964
2011,YT,AGR,0.2612827629648642
2011,AB,AGR,-0.13988619582121434
2012,BC,AGR,-0.6029476298849396
2012,MB,AGR,-0.1773972988178848
2012,NB,AGR,0.21819887574521965
2012,NL,AGR,0.08955861511061344
2012,NS,AGR,-0.025748894216068297
2012,NT,AGR,0.4064024047107151
2012,NU,AGR,0.5431238608834801
2012,ON,AGR,-0.8596005877413618
2012,PE,AGR,0.09426109848168021
2012,QC,AGR,-0.1540462240541968
2012,SK,AGR,0.5760025141550421
2012,YT,AGR,0.14366118779135229
2012,AB,AGR,-0.2514679221636515
2013,BC,AGR,-0.6283688894619781
2013,MB,AGR,-0.10149274906921706
2013,NB,AGR,0.15076831002722088
2013,NL,AGR,0.038994864936820466
2013,NS,AGR,-0.3240794188286037
2013,NT,AGR,0.562110540326239
2013,NU,AGR,0.7751017300238128
2013,ON,AGR,-0.882877100927747
2013,PE,AGR,0.27548302696681753
2013,QC,AGR,-0.1482534563938028
2013,SK,AGR,0.35439270404136275
2013,YT,AGR,-0.04153073729827711
2013,AB,AGR,-0.030248824342647782
2014,BC,AGR,-0.6736636429055954
2014,MB,AGR,-0.031879052741674706
2014,NB,AGR,0.2717778897188417
2014,NL,AGR,0.22584651479741058
2014,NS,AGR,-0.39567903628887746
2014,NT,AGR,0.30699596025278686
2014,NU,AGR,0.9697822635858013
2014,ON,AGR,-0.9998106425330265
2014,PE,AGR,0.38203354548349505
2014,QC,AGR,-0.25968311542143413
2014,SK,AGR,0.4593567540760959
2014,YT,AGR,-0.0056137654619346986
2014,AB,AGR,-0.24946367256188834
2015,BC,AGR,-0.6280252091659285
2015,MB,AGR,-0.024305583687872508
2015,NB,AGR,0.22494025043939742
2015,NL,AGR,0.15038611521420536
2015,NS,AGR,-0.243219758139884
2015,NT,AGR,0.399260868631292
2015,NU,AGR,0.7811641797722194
2015,ON,AGR,-1.0006481653539092
2015,PE,AGR,0.41980438984963736
2015,QC,AGR,-0.20799708564836167
2015,SK,AGR,0.36828817330246943
2015,YT,AGR,-0.05283351500992751
2015,AB,AGR,-0.18681466020333765
2016,BC,AGR,-0.5650732367175823
2016,MB,AGR,-0.12156545056100157
2016,NB,AGR,0.3460411608502104
2016,NL,AGR,-0.35894538687463085
2016,NS,AGR,-0.07952081007490716
2016,NT,AGR,0.4723681877228114
2016,NU,AGR,0.6406537553243596
2016,ON,AGR,-0.8860163012179174
2016,PE,AGR,0.5903265593556536
2016,QC,AGR,-0.1844383825039759
2016,SK,AGR,0.23107641017870967
2016,YT,AGR,0.04294419157346681
2016,AB,AGR,-0.12785069705519644
2017,BC,AGR,-0.4575689645362182
2017,MB,AGR,-0.14338883457860485
2017,NB,AGR,0.44446913661647525
2017,NL,AGR,-0.20864649781931116
2017,NS,AGR,-0.12322805617485615
2017,NT,AGR,0.3384603067816012
2017,NU,AGR,0.3729854976858307
2017,ON,AGR,-0.8168387803216274
2017,PE,AGR,0.5753913843736501
2017,QC,AGR,-0.16344431093166317
2017,SK,AGR,0.17572400612359668
2017,YT,AGR,0.035775565768665474
2017,AB,AGR,-0.029690452987538543
2018,BC,AGR,-0.5370371926419991
2018,MB,AGR,-0.1470527529310512
2018,NB,AGR,0.45848827296422323
2018,NL,AGR,-0.24239113936396572
2018,NS,AGR,-0.18181363575917198
2018,NT,AGR,0.32047060073326644
2018,NU,AGR,0.43516411010930056
2018,ON,AGR,-0.8574540541171232
2018,PE,AGR,0.6161299180827631
2018,QC,AGR,-0.17547968240989176
2018,SK,AGR,0.39880682274333495
2018,YT,AGR,0.09455077329568126
2018,AB,AGR,-0.18238204070536657
2019,BC,AGR,-0.4850753500820852
2019,MB,AGR,-0.12157211701619146
2019,NB,AGR,0.4549630968405121
2019,NL,AGR,-0.3767934173490403
2019,NS,AGR,-0.11119483777518387
2019,NT,AGR,0.4227443589329153
2019,NU,AGR,0.08283406438530895
2019,ON,AGR,-0.8408629463675519
2019,PE,AGR,0.6241428474110555
2019,QC,AGR,-0.15596067006976372
2019,SK,AGR,0.4718801614572448
2019,YT,AGR,0.12006725343639883
2019,AB,AGR,-0.08517244380361917
2020,BC,AGR,-0.4828032679914915
2020,MB,AGR,-0.11933103384641237
2020,NB,AGR,0.5454993165371601
2020,NL,AGR,-0.37440662995765484
2020,NS,AGR,-0.139086959282061
2020,NT,AGR,0.2999542148749051
2020,NU,AGR,0.14523498826604864
2020,ON,AGR,-0.7749075612912636
2020,PE,AGR,0.5948573507366797
2020,QC,AGR,-0.23880876042309956
2020,SK,AGR,0.5492267750698558
2020,YT,AGR,0.00975522854821214
2020,AB,AGR,-0.015183661240878756
2021,BC,AGR,-0.44525249264212413
2021,MB,AGR,-0.19420529127933037
2021,NB,AGR,0.3779490300795518
2021,NL,AGR,-0.267792087323424
2021,NS,AGR,-0.0786522689431852
2021,NT,AGR,0.4019214959814061
2021,NU,AGR,0.6162051212587165
2021,ON,AGR,-0.7833920493385268
2021,PE,AGR,0.35260626546186746
2021,QC,AGR,-0.2003075098960471
2021,SK,AGR,0.42911156425332303
2021,YT,AGR,0.13272825026341745
2021,AB,AGR,-0.34092002787564457
2022,BC,AGR,-0.5088098852532144
2022,MB,AGR,-0.14086785575555774
2022,NB,AGR,0.34926311284746714
2022,NL,AGR,-0.38272665003186457
2022,NS,AGR,-0.04515598005485871
2022,NT,AGR,0.6483922736270712
2022,NU,AGR,0.4600884894690598
2022,ON,AGR,-0.7377591983413893
2022,PE,AGR,0.3356254460347749
2022,QC,AGR,-0.20947394728847957
2022,SK,AGR,0.3975944935610929
2022,YT,AGR,-0.06347976530913448
2022,AB,AGR,-0.10269053350496726
2010,BC,ART,-0.2655947951762655
2010,MB,ART,0.1484747841843715
2010,NB,ART,0.06386568876928034
2010,NL,ART,-0.037928224524148846
2010,NS,ART,-0.09986634455046065
2010,NT,ART,0.31645227189462405
2010,NU,ART,0.4554422742373297
2010,ON,ART,-0.322953834866848
2010,PE,ART,-0.2584870571854089
2010,QC,ART,-0.10648348375360286
2010,SK,ART,0.09588425462598477
2010,YT,ART,0.04648716907222561
2010,AB,ART,-0.035292702727081515
2011,BC,ART,-0.28248955600191394
2011,MB,ART,0.18296451941472525
2011,NB,ART,0.034923975214551484
2011,NL,ART,-0.01881975001956479
2011,NS,ART,-0.10479275354255468
2011,NT,ART,0.3454557947947912
2011,NU,ART,0.38684645886259167
2011,ON,ART,-0.3307787747147002
2011,PE,ART,-0.24606621510261983
2011,QC,ART,-0.06735492710875252
2011,SK,ART,0.15363063676249955
2011,YT,ART,0.05374191294867381
2011,AB,ART,-0.1072613215077273
2012,BC,ART,-0.2978161453893807
2012,MB,ART,0.1991475426170125
2012,NB,ART,0.07959943173850986
2012,NL,ART,-0.04842422190585319
2012,NS,ART,-0.08014949658385617
2012,NT,ART,0.3825375750260687
2012,NU,ART,0.32431206530994755
2012,ON,ART,-0.3165903726088186
2012,PE,ART,-0.23124382863064893
2012,QC,ART,-0.06452822945799583
2012,SK,ART,0.12526743432761728
2012,YT,ART,0.055092552797697314
2012,AB,ART,-0.12720430724029982
2013,BC,ART,-0.2727080047838276
2013,MB,ART,0.1472869935545944
2013,NB,ART,0.11193697368738253
2013,NL,ART,-0.04087872804558518
2013,NS,ART,-0.04036026207401475
2013,NT,ART,0.47886868938007604
2013,NU,ART,0.0692564795536248
2013,ON,ART,-0.3093974346417768
2013,PE,ART,-0.28679926608312023
2013,QC,ART,-0.02995989314099426
2013,SK,ART,0.12701376733386927
2013,YT,ART,0.14394373065450694
2013,AB,ART,-0.0982030453947351
2014,BC,ART,-0.2903121764105956
2014,MB,ART,0.19837252113169643
2014,NB,ART,0.10139681451403823
2014,NL,ART,-0.02306825984528782
2014,NS,ART,-0.0376108749418656
2014,NT,ART,0.4398164244314938
2014,NU,ART,0.15624927614900333
2014,ON,ART,-0.328519760686737
2014,PE,ART,-0.3025325275028654
2014,QC,ART,-0.04461522312057331
2014,SK,ART,0.09070326931625136
2014,YT,ART,0.14340510702976697
2014,AB,ART,-0.10328459006432553
2015,BC,ART,-0.27191479865728035
2015,MB,ART,0.19462496008358804
2015,NB,ART,0.09761497298720118
2015,NL,ART,-0.03325607872069128
2015,NS,ART,-0.0518959617256958
2015,NT,ART,0.4821034672525812
2015,NU,ART,0.23050696411242977
2015,ON,ART,-0.3194886277455279
2015,PE,ART,-0.29849616552490305
2015,QC,ART,-0.08469551864920907
2015,SK,ART,0.03989877003372766
2015,YT,ART,0.1557989114785071
2015,AB,ART,-0.1408008949247274
2016,BC,ART,-0.2981429685408384
2016,MB,ART,0.12620704051251616
2016,NB,ART,0.04342819721720051
2016,NL,ART,0.020027777872835884
2016,NS,ART,-0.12132653349008489
2016,NT,ART,0.4603670391728446
2016,NU,ART,0.2069356080529053
2016,ON,ART,-0.2884945185028754
2016,PE,ART,-0.22108403722605136
2016,QC,ART,-0.05073939794633284
2016,SK,ART,0.12516079803524502
2016,YT,ART,0.1269515374660539
2016,AB,ART,-0.12929054262341855
2017,BC,ART,-0.3002083879466662
2017,MB,ART,0.13394394996735348
2017,NB,ART,0.041507889733925274
2017,NL,ART,0.021707570318395875
2017,NS,ART,-0.1310513077016551
2017,NT,ART,0.5110830723644115
2017,NU,ART,0.16649760906168404
2017,ON,ART,-0.2723711242916168
2017,PE,ART,-0.23790510832797424
2017,QC,ART,-0.040554382108854814
2017,SK,ART,0.1445016573374891
2017,YT,ART,0.0678732200329229
2017,AB,ART,-0.10502465843941498
2018,BC,ART,-0.317900080535661
2018,MB,ART,0.11368181208434255
2018,NB,ART,0.02823294253821848
2018,NL,ART,1.8397335648157043e-4
2018,NS,ART,-0.14415950975599306
2018,NT,ART,0.5068864277561412
2018,NU,ART,0.3429662520655168
2018,ON,ART,-0.3080154265695545
2018,PE,ART,-0.24571485991473196
2018,QC,ART,-0.07058641844253502
2018,SK,ART,0.12805245800451223
2018,YT,ART,0.01656313159855119
2018,AB,ART,-0.050190702185288594
2019,BC,ART,-0.30915546399749905
2019,MB,ART,0.1205859696118739
2019,NB,ART,0.022202111224050913
2019,NL,ART,-0.011683040675761647
2019,NS,ART,-0.14375076748444898
2019,NT,ART,0.4840049554146573
2019,NU,ART,0.3441126745869149
2019,ON,ART,-0.30517021393621535
2019,PE,ART,-0.23002802113725962
2019,QC,ART,-0.056959183226463955
2019,SK,ART,0.12954884757705531
2019,YT,ART,0.004016359141302106
2019,AB,ART,-0.04772422709820587
2020,BC,ART,-0.31459674196981374
2020,MB,ART,0.11829834866143618
2020,NB,ART,-0.0015162405637734744
2020,NL,ART,0.030990424179512144
2020,NS,ART,-0.17483869674298105
2020,NT,ART,0.6147771093245749
2020,NU,ART,0.246269808923482
2020,ON,ART,-0.30810110148530573
2020,PE,ART,-0.23244094784464708
2020,QC,ART,-0.1306998333673032
2020,SK,ART,0.13625418838144565
2020,YT,ART,0.0930511993681074
2020,AB,ART,-0.07744751686473378
2021,BC,ART,-0.3686487290385223
2021,MB,ART,0.08515327133758238
2021,NB,ART,0.00172072228293213
2021,NL,ART,-0.04160591171017508
2021,NS,ART,-0.19017025094772771
2021,NT,ART,0.6166904009793079
2021,NU,ART,0.5119311365537323
2021,ON,ART,-0.3781066830373692
2021,PE,ART,-0.20980520902962516
2021,QC,ART,-0.18708190449955456
2021,SK,ART,0.17175426111388514
2021,YT,ART,0.11114047603595634
2021,AB,ART,-0.12297158004042258
2022,BC,ART,-0.32647290309404436
2022,MB,ART,0.08374218302703207
2022,NB,ART,-0.022019828626094973
2022,NL,ART,-0.02685146870386007
2022,NS,ART,-0.2048765691731545
2022,NT,ART,0.5076915231917762
2022,NU,ART,0.5123369054638169
2022,ON,ART,-0.36149518322392676
2022,PE,ART,-0.2691374140662097
2022,QC,ART,-0.10746611646924839
2022,SK,ART,0.17936656947027757
2022,YT,ART,0.11188293229338842
2022,AB,ART,-0.07670063008975231
2010,BC,BMT,-0.3054330981305505
2010,MB,BMT,0.028829473121588615
2010,NB,BMT,0.05314854567003029
2010,NL,BMT,0.0020656321708720747
2010,NS,BMT,0.11593341092216866
2010,ON,BMT,-0.12385015805205558
2010,QC,BMT,0.1253754139071874
2010,SK,BMT,0.12021522197641837
2010,AB,BMT,-0.01628444158565938
2011,BC,BMT,-0.3747964428266171
2011,MB,BMT,0.05124834783975833
2011,NB,BMT,0.1598628326716276
2011,NL,BMT,0.003704732888198954
2011,NS,BMT,0.04166093392490442
2011,ON,BMT,-0.11917388177193357
2011,QC,BMT,0.14385258884786722
2011,SK,BMT,0.08387481649877268
2011,AB,BMT,0.00976607192742144
2012,BC,BMT,-0.3536457187248779
2012,MB,BMT,0.045465951065091686
2012,NB,BMT,0.011942110916831065
2012,NL,BMT,0.05285057645200185
2012,NS,BMT,0.1213834938224398
2012,ON,BMT,-0.09661636795727555
2012,QC,BMT,0.09259620039025553
2012,SK,BMT,0.09157884521988123
2012,AB,BMT,0.03444490881565225
2013,BC,BMT,-0.40217527546318876
2013,MB,BMT,0.04165919542238587
2013,NB,BMT,0.18532580140832383
2013,NL,BMT,0.12532071722836358
2013,NS,BMT,0.09030585580406124
2013,ON,BMT,-0.29328743835656124
2013,QC,BMT,0.11467668707582519
2013,SK,BMT,0.272630505597828
2013,AB,BMT,-0.13445604871703776
2014,BC,BMT,-0.41884589284652135
2014,MB,BMT,0.01738674644039674
2014,NB,BMT,0.26258616112746425
2014,NL,BMT,0.21062252849520208
2014,NS,BMT,0.03147061648183845
2014,ON,BMT,-0.3252981839039807
2014,QC,BMT,0.0657931823904624
2014,SK,BMT,0.31309803418909454
2014,AB,BMT,-0.15681319237395644
2015,BC,BMT,-0.48934072705271114
2015,MB,BMT,-0.034260899594584115
2015,NB,BMT,0.1182616506586745
2015,NL,BMT,0.590246907497243
2015,NS,BMT,0.0716791229015532
2015,ON,BMT,-0.320309708082133
2015,QC,BMT,0.030982680393228906
2015,SK,BMT,0.21536692230337287
2015,AB,BMT,-0.1826259490246443
2016,BC,BMT,-0.22460103776776397
2016,MB,BMT,-0.11371696878889631
2016,NB,BMT,0.46302536104632014
2016,NL,BMT,0.13119993253584805
2016,NS,BMT,0.19608995564245157
2016,ON,BMT,-0.25422687811949496
2016,QC,BMT,-0.18228784725731084
2016,SK,BMT,0.07190887018959309
2016,AB,BMT,-0.08739138748074678
2017,BC,BMT,-0.30695475050612486
2017,MB,BMT,-0.04898271048142047
2017,NB,BMT,0.5403330556939622
2017,NL,BMT,0.08400275583710684
2017,NS,BMT,0.20404757658276715
2017,ON,BMT,-0.305969640378703
2017,QC,BMT,-0.21925996078459808
2017,SK,BMT,0.10103089343972865
2017,AB,BMT,-0.04824721940271834
2018,BC,BMT,-0.34696827943036923
2018,MB,BMT,-0.0353987946358825
2018,NB,BMT,0.4808468358737111
2018,NL,BMT,0.2668446922320085
2018,NS,BMT,0.18778272888869774
2018,ON,BMT,-0.3618097748734733
2018,QC,BMT,-0.2300116909010824
2018,SK,BMT,0.12892207691594038
2018,AB,BMT,-0.09020779406955036
2019,BC,BMT,-0.35530831851395983
2019,MB,BMT,0.025329469449917374
2019,NB,BMT,0.3619773695363899
2019,NL,BMT,0.09611941026315515
2019,NS,BMT,0.23375929419412173
2019,ON,BMT,-0.2995120879008387
2019,QC,BMT,-0.1772710431070124
2019,SK,BMT,0.14752242761318285
2019,AB,BMT,-0.03261652153495603
2020,BC,BMT,-0.3422665645578419
2020,MB,BMT,-0.054709563761378255
2020,NB,BMT,0.3482201803667204
2020,NL,BMT,0.25581200884413025
2020,NS,BMT,0.1993074443181024
2020,ON,BMT,-0.31416022246522723
2020,QC,BMT,-0.12679125354101733
2020,SK,BMT,0.15106210116792876
2020,AB,BMT,-0.11647413037141718
2021,BC,BMT,-0.361823381365437
2021,MB,BMT,-0.04078614563283438
2021,NB,BMT,0.3964131654252076
2021,NL,BMT,0.16392680683210026
2021,NS,BMT,0.25337651233248304
2021,ON,BMT,-0.35550980098158846
2021,QC,BMT,-0.11721828291323944
2021,SK,BMT,0.10902194897620832
2021,AB,BMT,-0.04740082267290002
2022,BC,BMT,-0.34092191779317765
2022,MB,BMT,-0.009980582714597314
2022,NB,BMT,0.38604529404969673
2022,NL,BMT,0.23934088124522812
2022,NS,BMT,0.22791902021377974
2022,ON,BMT,-0.32730929333911674
2022,QC,BMT,-0.10319718298420963
2022,SK,BMT,0.04283855816320398
2022,AB,BMT,-0.11473477684080713
2010,BC,CHM,-0.236771653273011
2010,MB,CHM,-0.28525016148268245
2010,NB,CHM,0.23098064288380346
2010,NL,CHM,0.6229534606831092
2010,NS,CHM,-0.2585294013351878
2010,NT,CHM,0.23234127045091715
2010,NU,CHM,0.07276225071058232
2010,ON,CHM,-0.24072455536840573
2010,PE,CHM,0.04893079155187377
2010,QC,CHM,-0.2283390283941761
2010,SK,CHM,0.13360021063247488
2010,AB,CHM,-0.09195382705929754
2011,BC,CHM,-0.2017476154810404
2011,MB,CHM,-0.24802634842823407
2011,NB,CHM,0.12032808988630014
2011,NL,CHM,0.6507317645259062
2011,NS,CHM,-0.20754406830868458
2011,NT,CHM,0.19687907225920262
2011,NU,CHM,0.11855576875686921
2011,ON,CHM,-0.2506209480617177
2011,PE,CHM,2.2767928208181076e-4
2011,QC,CHM,-0.24926833132296317
2011,SK,CHM,0.1535253564931741
2011,AB,CHM,-0.08304041960089424
2012,BC,CHM,-0.27934791240649437
2012,MB,CHM,-0.23890883531171114
2012,NB,CHM,0.08581540899013182
2012,NL,CHM,0.30845197350154974
2012,NS,CHM,0.257187952351407
2012,NT,CHM,-0.021571218515009233
2012,NU,CHM,-0.04679622822795207
2012,ON,CHM,-0.1818705884260775
2012,PE,CHM,0.11021846856111886
2012,QC,CHM,-0.12504706726250148
2012,SK,CHM,0.20789423064543103
2012,YT,CHM,-0.03848956658171024
2012,AB,CHM,-0.037536617318182336
2013,BC,CHM,-0.21964497175074948
2013,MB,CHM,-0.2123074717398493
2013,NB,CHM,-0.0647776252974607
2013,NL,CHM,0.7017785990236747
2013,NS,CHM,-0.16677062030462858
2013,NT,CHM,0.037023800421165515
2013,NU,CHM,-0.09133252399377746
2013,ON,CHM,-0.19488285559664748
2013,PE,CHM,0.22867845192433217
2013,QC,CHM,-0.15614532635209516
2013,SK,CHM,0.31589713160738336
2013,YT,CHM,-0.1657624141909475
2013,AB,CHM,-0.011754173750400027
2014,BC,CHM,-0.26068990746053605
2014,MB,CHM,-0.26721609827513265
2014,NB,CHM,-0.10665870393726146
2014,NL,CHM,0.7424853863760137
2014,NS,CHM,-0.20178523141116395
2014,NT,CHM,0.05001254260735227
2014,NU,CHM,-0.0356102017385139
2014,ON,CHM,-0.27027836971631247
2014,PE,CHM,0.21657558212307187
2014,QC,CHM,-0.20774668744603123
2014,SK,CHM,0.2996186540380888
2014,YT,CHM,0.07702499990185696
2014,AB,CHM,-0.03573196506143181
2015,BC,CHM,-0.2581271866667492
2015,MB,CHM,-0.18739894668111623
2015,NB,CHM,-0.0806342075191526
2015,NL,CHM,0.13135401836074856
2015,NS,CHM,-0.039224458889349445
2015,NT,CHM,0.11442282028903933
2015,NU,CHM,0.1110143550597939
2015,ON,CHM,-0.2598515291412055
2015,PE,CHM,0.09559584429464435
2015,QC,CHM,-0.21028908247758651
2015,SK,CHM,0.3197799161658442
2015,YT,CHM,0.3054233498958684
2015,AB,CHM,-0.04206489269077909
2016,BC,CHM,-0.22976325321112634
2016,MB,CHM,-0.2171284799652457
2016,NB,CHM,-0.0611097057456709
2016,NL,CHM,0.1540660154330532
2016,NS,CHM,0.049291899228676744
2016,NT,CHM,0.0967110626734391
2016,NU,CHM,0.06251975373942797
2016,ON,CHM,-0.2807730722177174
2016,PE,CHM,0.1282308705813034
2016,QC,CHM,-0.20350585951646452
2016,SK,CHM,0.4053162101809103
2016,YT,CHM,0.14559981077042217
2016,AB,CHM,-0.04945525195100792
2017,BC,CHM,-0.2077351912699137
2017,MB,CHM,-0.20688603419265084
2017,NB,CHM,-0.06581947077630938
2017,NL,CHM,0.2560708508582288
2017,NS,CHM,0.05600704089381281
2017,NT,CHM,0.07090911602891084
2017,NU,CHM,0.04121105076819406
2017,ON,CHM,-0.2277746131702138
2017,PE,CHM,0.16340655476771074
2017,QC,CHM,-0.19486673814785146
2017,SK,CHM,0.38959988258320155
2017,YT,CHM,-0.045824128025782895
2017,AB,CHM,-0.028298320317336673
2018,BC,CHM,-0.23104887809417807
2018,MB,CHM,-0.2245370739143083
2018,NB,CHM,-0.08083950684354171
2018,NL,CHM,0.25745705511454586
2018,NS,CHM,0.06521210613613729
2018,NT,CHM,-0.014906715936246762
2018,NU,CHM,0.07739742917551437
2018,ON,CHM,-0.25656993483945656
2018,PE,CHM,0.2131633838325757
2018,QC,CHM,-0.22180693343912072
2018,SK,CHM,0.4230579320556467
2018,YT,CHM,0.04435757539449406
2018,AB,CHM,-0.050936438642061876
2019,BC,CHM,-0.22135155775134135
2019,MB,CHM,-0.20500348589460296
2019,NB,CHM,-0.10697791677821865
2019,NL,CHM,0.20322686242537516
2019,NS,CHM,0.02851949161442266
2019,NT,CHM,-0.021144851915648966
2019,NU,CHM,0.010296556984447647
2019,ON,CHM,-0.25352405820066326
2019,PE,CHM,0.36729084592976613
2019,QC,CHM,-0.16372593849308764
2019,SK,CHM,0.40707740780603685
2019,YT,CHM,-0.022577482820889255
2019,AB,CHM,-0.02210587290559643
2020,BC,CHM,-0.23884803691749856
2020,MB,CHM,-0.2337764551740432
2020,NB,CHM,-0.09638029771362297
2020,NL,CHM,0.19401993333612552
2020,NS,CHM,0.0445344851556351
2020,NT,CHM,-0.05337803817607553
2020,NU,CHM,0.006127071664520478
2020,ON,CHM,-0.2597617993962909
2020,PE,CHM,0.34341788346977986
2020,QC,CHM,-0.1950673117473457
2020,SK,CHM,0.37983396278901027
2020,YT,CHM,0.1733491943206983
2020,AB,CHM,-0.06407059161089279
2021,BC,CHM,-0.22190463008494987
2021,MB,CHM,-0.23235234199281832
2021,NB,CHM,-0.1443864312958109
2021,NL,CHM,0.1648017358424016
2021,NS,CHM,0.0415922693855203
2021,NT,CHM,-0.06934993316171967
2021,NU,CHM,-0.024200020130507843
2021,ON,CHM,-0.27804308939070277
2021,PE,CHM,0.3809409340505725
2021,QC,CHM,-0.18415087323971296
2021,SK,CHM,0.43419037434511687
2021,YT,CHM,0.1520830098879969
2021,AB,CHM,-0.01922100421538575
2022,BC,CHM,-0.2146116620681809
2022,MB,CHM,-0.22925003388521115
2022,NB,CHM,-0.13292420354916548
2022,NL,CHM,0.18909116668565804
2022,NS,CHM,0.03796661561498013
2022,NT,CHM,-0.06388181634395476
2022,NU,CHM,-0.00435690931774721
2022,ON,CHM,-0.24718286275845058
2022,PE,CHM,0.39898914202539926
2022,QC,CHM,-0.18324069683694139
2022,SK,CHM,0.4427290410333109
2022,YT,CHM,3.9706396051672477e-4
2022,AB,CHM,0.006275155439786212
2010,BC,EDU,-0.39037140319552754
2010,MB,EDU,0.020447590610219724
2010,NB,EDU,-0.15034332497771896
2010,NL,EDU,0.017344152748262398
2010,NS,EDU,-0.4079950884967556
2010,NT,EDU,0.4672134006529194
2010,NU,EDU,0.8228933426817808
2010,ON,EDU,-0.5188883921398099
2010,PE,EDU,-0.06707109491418184
2010,QC,EDU,0.07887463246028603
2010,SK,EDU,0.023411683719652743
2010,YT,EDU,0.5190581724465175
2010,AB,EDU,-0.41457367159564423
2011,BC,EDU,-0.36409536360121425
2011,MB,EDU,0.05110528206698828
2011,NB,EDU,-0.12907463327809832
2011,NL,EDU,-5.573187842561333e-4
2011,NS,EDU,-0.39473532897319596
2011,NT,EDU,0.4999717522597541
2011,NU,EDU,0.7135896570108827
2011,ON,EDU,-0.4796295014444183
2011,PE,EDU,-0.12236186342744237
2011,QC,EDU,0.07458770756430066
2011,SK,EDU,0.009380210698762825
2011,YT,EDU,0.5114042962464599
2011,AB,EDU,-0.369584896338523
2012,BC,EDU,-0.3798701681181775
2012,MB,EDU,0.04986668990947185
2012,NB,EDU,-0.1312264415335661
2012,NL,EDU,0.011877059953614544
2012,NS,EDU,-0.38675676068131354
2012,NT,EDU,0.5014901730298811
2012,NU,EDU,0.7288426319747143
2012,ON,EDU,-0.49693970094396583
2012,PE,EDU,-0.10388556133526938
2012,QC,EDU,0.06251274923707495
2012,SK,EDU,-0.010426526011583115
2012,YT,EDU,0.5222233308088562
2012,AB,EDU,-0.3677074762897371
2013,BC,EDU,-0.31660076660057157
2013,MB,EDU,0.10918255865318383
2013,NB,EDU,-0.23462466036960516
2013,NL,EDU,0.05668987020995819
2013,NS,EDU,-0.3448038720431101
2013,NT,EDU,0.38714610133405336
2013,NU,EDU,0.5822094963865783
2013,ON,EDU,-0.42245737082026985
2013,PE,EDU,-0.09956409039865655
2013,QC,EDU,0.14950960809811165
2013,SK,EDU,0.019462608763127998
2013,YT,EDU,0.4310336265585071
2013,AB,EDU,-0.3171831097713072
2014,BC,EDU,-0.3096943105386348
2014,MB,EDU,0.09647725362823956
2014,NB,EDU,-0.22835112240439404
2014,NL,EDU,0.06794039254069106
2014,NS,EDU,-0.33204115693635256
2014,NT,EDU,0.41301823777452085
2014,NU,EDU,0.5858417670749756
2014,ON,EDU,-0.43346786921358277
2014,PE,EDU,-0.08677350366735603
2014,QC,EDU,0.16319361793553544
2014,SK,EDU,0.029805561334158015
2014,YT,EDU,0.35943491217135937
2014,AB,EDU,-0.32538377969916016
2015,BC,EDU,-0.2985225477816249
2015,MB,EDU,-0.025006416744182025
2015,NB,EDU,-0.20699190027721925
2015,NL,EDU,0.056941644213233
2015,NS,EDU,-0.3283823170714879
2015,NT,EDU,0.39872493714657176
2015,NU,EDU,0.553641224109708
2015,ON,EDU,-0.39034391759200404
2015,PE,EDU,-0.1394301674598355
2015,QC,EDU,0.13491263896032335
2015,SK,EDU,0.04186779240359506
2015,YT,EDU,0.48972983890445376
2015,AB,EDU,-0.28714080881153053
2016,BC,EDU,-0.31128935803368385
2016,MB,EDU,-0.013676130763307204
2016,NB,EDU,-0.2056100292918368
2016,NL,EDU,0.07265841691019004
2016,NS,EDU,-0.32801795894082
2016,NT,EDU,0.39366898801190253
2016,NU,EDU,0.5430765163929551
2016,ON,EDU,-0.3983945725340344
2016,PE,EDU,-0.1394479146986296
2016,QC,EDU,0.1525052963387682
2016,SK,EDU,0.07329779226945676
2016,YT,EDU,0.45797057493901716
2016,AB,EDU,-0.29674162059997733
2017,BC,EDU,-0.3042608629350159
2017,MB,EDU,0.0013624339996319845
2017,NB,EDU,-0.2039737280806111
2017,NL,EDU,0.06088628198781376
2017,NS,EDU,-0.3300061767934092
2017,NT,EDU,0.3947083681779071
2017,NU,EDU,0.5153235454689395
2017,ON,EDU,-0.40931509749057027
2017,PE,EDU,-0.11966405722922946
2017,QC,EDU,0.18594039799814555
2017,SK,EDU,0.04478822840123653
2017,YT,EDU,0.4453451688257897
2017,AB,EDU,-0.2811345023306276
2018,BC,EDU,-0.2732105505388471
2018,MB,EDU,0.031178222114828902
2018,NB,EDU,-0.19759786425421177
2018,NL,EDU,0.050225011228092864
2018,NS,EDU,-0.3121356923952575
2018,NT,EDU,0.3861444291248566
2018,NU,EDU,0.5862207765734024
2018,ON,EDU,-0.3858079116398521
2018,PE,EDU,-0.14631918070360161
2018,QC,EDU,0.19984792219777314
2018,SK,EDU,0.026899867204549177
2018,YT,EDU,0.2822103851279678
2018,AB,EDU,-0.24765541403970137
2019,BC,EDU,-0.29954602584247203
2019,MB,EDU,0.05825400665383318
2019,NB,EDU,-0.1927083774529289
2019,NL,EDU,0.039962833274625686
2019,NS,EDU,-0.3359219571600637
2019,NT,EDU,0.42747992682266334
2019,NU,EDU,0.5424656848913988
2019,ON,EDU,-0.3741986779754132
2019,PE,EDU,-0.1108493704790855
2019,QC,EDU,0.18770899498094407
2019,SK,EDU,0.038452690889740904
2019,YT,EDU,0.2977985487042324
2019,AB,EDU,-0.2788982773074751
2020,BC,EDU,-0.2585560502770144
2020,MB,EDU,0.08785772863914565
2020,NB,EDU,-0.16655644376842216
2020,NL,EDU,0.06921171281918725
2020,NS,EDU,-0.30600203188415614
2020,NT,EDU,0.482060463011748
2020,NU,EDU,0.570673361810716
2020,ON,EDU,-0.347127840227505
2020,PE,EDU,-0.10021512132815158
2020,QC,EDU,0.16937148855305373
2020,SK,EDU,0.0725266547343788
2020,AB,EDU,-0.2732439220829798
2021,BC,EDU,-0.2695674660769417
2021,MB,EDU,0.11169440004658349
2021,NB,EDU,-0.17389053643217167
2021,NL,EDU,0.06228502657346402
2021,NS,EDU,-0.30297223333374773
2021,NT,EDU,0.46506918143206555
2021,NU,EDU,0.49106858984174884
2021,ON,EDU,-0.33420141950383203
2021,PE,EDU,-0.08604712624996125
2021,QC,EDU,0.15557304225972202
2021,SK,EDU,0.07886335911048803
2021,YT,EDU,0.08580624072760346
2021,AB,EDU,-0.28368105839502056
2022,BC,EDU,-0.2590360921032853
2022,MB,EDU,0.06415688713719836
2022,NB,EDU,-0.16439015480794028
2022,NL,EDU,0.07073064426023234
2022,NS,EDU,-0.2923581845370305
2022,NT,EDU,0.44654129259928654
2022,NU,EDU,0.5010678174332205
2022,ON,EDU,-0.32453647701985466
2022,PE,EDU,-0.06952531951866858
2022,QC,EDU,0.1610514259870507
2022,SK,EDU,0.09663186496371656
2022,YT,EDU,0.04941673338507879
2022,AB,EDU,-0.27975043777900427
2010,BC,ELC,-0.1514481046074661
2010,MB,ELC,0.02670713374771211
2010,NB,ELC,0.053237143800812625
2010,NL,ELC,0.0669372312385359
2010,NS,ELC,-0.08001675018544177
2010,ON,ELC,-0.21073742130885892
2010,PE,ELC,0.2492650199902231
2010,QC,ELC,-0.11178690803178595
2010,SK,ELC,-0.04175765398510137
2010,YT,ELC,0.19488276181301883
2010,AB,ELC,0.0047175475283514345
2011,BC,ELC,-0.13660232205720663
2011,MB,ELC,0.09502435725306951
2011,NB,ELC,0.058457430461642756
2011,NL,ELC,-0.015754417694547718
2011,NS,ELC,-0.04364645886404697
2011,ON,ELC,-0.26594074983362254
2011,PE,ELC,0.21325118402599996
2011,QC,ELC,-0.11604050512477607
2011,SK,ELC,-0.041214358926023154
2011,YT,ELC,0.20801858978676868
2011,AB,ELC,0.04444725097274216
2012,BC,ELC,-0.22693992827163945
2012,MB,ELC,0.08552587075150792
2012,NB,ELC,-0.009686153236909217
2012,NL,ELC,0.08368779368947993
2012,NS,ELC,-0.017667912581463247
2012,ON,ELC,-0.2740330980778852
2012,PE,ELC,0.3264860588782306
2012,QC,ELC,-0.14709231588092544
2012,SK,ELC,-0.014730934134536106
2012,YT,ELC,0.11957736001022617
2012,AB,ELC,0.07487325885391394
2013,BC,ELC,-0.1997588330583979
2013,MB,ELC,0.06499582408789467
2013,NB,ELC,-0.035285606822752114
2013,NL,ELC,0.06736030448692398
2013,NS,ELC,0.022031766597576607
2013,ON,ELC,-0.2421197656246913
2013,PE,ELC,0.22114444343688883
2013,QC,ELC,-0.14939852059102973
2013,SK,ELC,0.20591247967552434
2013,YT,ELC,0.13521050582262195
2013,AB,ELC,-0.09009259801055913
2014,BC,ELC,-0.17631665426088955
2014,MB,ELC,0.040443075075862034
2014,NB,ELC,-0.06571773402414663
2014,NL,ELC,0.09603562666083726
2014,NS,ELC,0.035280514158655296
2014,ON,ELC,-0.19151305106997712
2014,PE,ELC,0.22883221329027315
2014,QC,ELC,-0.14615450410993056
2014,SK,ELC,0.14415800339404694
2014,YT,ELC,0.051024572806058655
2014,AB,ELC,-0.016072061920789693
2015,BC,ELC,-0.17169705423149484
2015,MB,ELC,-0.03107667756620658
2015,NB,ELC,-0.03266599554887639
2015,NL,ELC,0.3569635217792446
2015,NS,ELC,0.1338020556094211
2015,ON,ELC,-0.17417668912042641
2015,PE,ELC,0.08094771504104398
2015,QC,ELC,-0.16507606029684932
2015,SK,ELC,0.06901090080328603
2015,AB,ELC,-0.06603171646914191
2016,BC,ELC,-0.19671616522363056
2016,MB,ELC,0.034890804544194354
2016,NB,ELC,0.08605564650411435
2016,NL,ELC,0.26426830986633965
2016,NS,ELC,0.13970430876263407
2016,ON,ELC,-0.20433615600467947
2016,PE,ELC,0.10428930253576507
2016,QC,ELC,-0.23237025646676523
2016,SK,ELC,0.1355462046068292
2016,AB,ELC,-0.13133199912480112
2017,BC,ELC,-0.09199751882995039
2017,MB,ELC,-0.04344314483893519
2017,NB,ELC,0.15647994039420265
2017,NL,ELC,0.2643290579187515
2017,NS,ELC,-0.014668308098991611
2017,ON,ELC,-0.12022542299137479
2017,PE,ELC,0.11683690443150413
2017,QC,ELC,-0.2142412740548842
2017,SK,ELC,0.16588988900414925
2017,AB,ELC,-0.21896012293447115
2018,BC,ELC,-0.17685108262147692
2018,MB,ELC,-0.023578310199694252
2018,NB,ELC,0.191185977540768
2018,NL,ELC,0.22241075916652014
2018,NS,ELC,-0.10945768818360174
2018,ON,ELC,-0.11873096409323178
2018,PE,ELC,0.27016877892816665
2018,QC,ELC,-0.22358349538348657
2018,SK,ELC,0.1633287455619375
2018,AB,ELC,-0.19489272071590116
2019,BC,ELC,-0.19528632604942514
2019,MB,ELC,-0.1300802716922418
2019,NB,ELC,0.2340687124132113
2019,NL,ELC,0.1339987581936966
2019,NS,ELC,-0.04962784186043784
2019,ON,ELC,-0.12563752684099155
2019,PE,ELC,0.29162221451205833
2019,QC,ELC,-0.18215937026744133
2019,SK,ELC,0.16876003062478145
2019,AB,ELC,-0.14565837903320994
2020,BC,ELC,-0.14742789084784297
2020,MB,ELC,-0.1449499337349
2020,NB,ELC,0.20322215732021204
2020,NL,ELC,0.21310144641973078
2020,NS,ELC,-0.09728316777423274
2020,ON,ELC,-0.10184578088485191
2020,PE,ELC,0.25402122294551793
2020,QC,ELC,-0.1749639366549154
2020,SK,ELC,0.09497559927604249
2020,AB,ELC,-0.09884971606476006
2021,BC,ELC,-0.15731275697676592
2021,MB,ELC,-0.12760310337606684
2021,NB,ELC,0.26096275260944685
2021,NL,ELC,0.046769329313616104
2021,NS,ELC,-0.05424536921593176
2021,ON,ELC,-0.08893222250232485
2021,PE,ELC,0.1634956353109856
2021,QC,ELC,-0.15980143527377727
2021,SK,ELC,0.18284760336117895
2021,AB,ELC,-0.06618043325036099
2022,BC,ELC,-0.1771574814458054
2022,MB,ELC,-0.10996932321593689
2022,NB,ELC,0.24241504719023665
2022,NL,ELC,0.029356532245963685
2022,NS,ELC,-0.14318693017345194
2022,ON,ELC,-0.0964418909078944
2022,PE,ELC,0.23202224157682771
2022,QC,ELC,-0.1760935467115569
2022,SK,ELC,0.2627396441829971
2022,AB,ELC,-0.06368429274137954
2010,BC,ELQ,-0.054153252169254665
2010,MB,ELQ,-0.10370167235945132
2010,NB,ELQ,0.045390471915823224
2010,NL,ELQ,0.08723507218155123
2010,NS,ELQ,0.16164752403113924
2010,ON,ELQ,-0.160277622247753
2010,PE,ELQ,0.19490712170142904
2010,QC,ELQ,-0.09778424762301413
2010,SK,ELQ,0.009486375086553561
2010,AB,ELQ,-0.08274977051702322
2011,BC,ELQ,-0.10481920818421889
2011,MB,ELQ,-0.02623636100648389
2011,NB,ELQ,0.07488673996813583
2011,NL,ELQ,0.057977331510288395
2011,NS,ELQ,0.07145297049525412
2011,ON,ELQ,-0.13158552711867005
2011,PE,ELQ,0.06212123892700803
2011,QC,ELQ,-0.013068595336079963
2011,SK,ELQ,0.04705121074093084
2011,AB,ELQ,-0.0377797999961644
2012,BC,ELQ,-0.09072592420247233
2012,MB,ELQ,-0.050824169991443964
2012,NB,ELQ,0.0338376754987387
2012,NL,ELQ,0.10565163953399145
2012,NS,ELQ,0.03598331419125875
2012,ON,ELQ,-0.15445152460877334
2012,PE,ELQ,0.17195660963882967
2012,QC,ELQ,-0.0313109578506834
2012,SK,ELQ,0.04275422746506999
2012,AB,ELQ,-0.06287088967451551
2013,BC,ELQ,-0.09293219166872553
2013,MB,ELQ,-0.11429805066460018
2013,NB,ELQ,0.11313245784879014
2013,NL,ELQ,0.03074222316570015
2013,NS,ELQ,0.07389569171860691
2013,ON,ELQ,-0.09657840740154426
2013,PE,ELQ,0.0582772047543766
2013,QC,ELQ,-0.001229043357277651
2013,SK,ELQ,0.11555192338151635
2013,AB,ELQ,-0.08656180777684255
2014,BC,ELQ,-0.10940793177781616
2014,MB,ELQ,-0.09312151557121182
2014,NB,ELQ,0.10933836742303887
2014,NL,ELQ,-0.009266758449633598
2014,NS,ELQ,0.0910809638426956
2014,ON,ELQ,-0.11296634387443352
2014,PE,ELQ,0.11826131242997223
2014,QC,ELQ,-0.016283988343919174
2014,SK,ELQ,0.09897922415151106
2014,AB,ELQ,-0.07661332983020344
2015,BC,ELQ,-0.17656772956203975
2015,MB,ELQ,-0.011798186652603695
2015,NB,ELQ,0.1584237880740432
2015,NL,ELQ,0.1499986203521268
2015,NS,ELQ,0.03830644363964194
2015,ON,ELQ,-0.17816056141924008
2015,PE,ELQ,0.04742768935596842
2015,QC,ELQ,-0.01464541486903985
2015,SK,ELQ,0.09739046291798134
2015,AB,ELQ,-0.11037511183683829
2016,BC,ELQ,-0.0718691288160869
2016,MB,ELQ,0.010318516155732455
2016,NB,ELQ,0.1155448918364351
2016,NL,ELQ,0.08338629866273212
2016,NS,ELQ,-0.0463897905999356
2016,ON,ELQ,-0.10881106650754621
2016,PE,ELQ,0.012382271963546795
2016,QC,ELQ,-0.002177974170017515
2016,SK,ELQ,0.09057452013070558
2016,AB,ELQ,-0.08295853865556585
2017,BC,ELQ,-0.14205956558248203
2017,MB,ELQ,0.01276579385350271
2017,NB,ELQ,0.24110977275491935
2017,NL,ELQ,0.08803689406937072
2017,NS,ELQ,0.004294059384529592
2017,ON,ELQ,-0.15542636544906724
2017,PE,ELQ,0.06998072520099519
2017,QC,ELQ,-0.0420720211411639
2017,SK,ELQ,0.05394638574280593
2017,AB,ELQ,-0.1305756788334103
2018,BC,ELQ,-0.10531426990904606
2018,MB,ELQ,0.036273233631993376
2018,NB,ELQ,0.1703766736055512
2018,NL,ELQ,0.06622928459288217
2018,NS,ELQ,0.030861931163914662
2018,ON,ELQ,-0.11537476259252548
2018,PE,ELQ,-0.11120903882711249
2018,QC,ELQ,-0.008415813689671127
2018,SK,ELQ,0.08782846210067001
2018,AB,ELQ,-0.05125570007665626
2019,BC,ELQ,-0.0545962996458022
2019,MB,ELQ,0.018443324856984945
2019,NB,ELQ,0.14842329134529875
2019,NL,ELQ,0.060911701166977625
2019,NS,ELQ,0.021214382458969526
2019,ON,ELQ,-0.10756559433946629
2019,PE,ELQ,-0.08605007865201533
2019,QC,ELQ,0.0010598578743826644
2019,SK,ELQ,0.058153813356572576
2019,AB,ELQ,-0.059994398421902254
2020,BC,ELQ,-0.06186491293677107
2020,MB,ELQ,-0.005159536843015282
2020,NB,ELQ,0.1538281387934584
2020,NL,ELQ,0.08655037084718485
2020,NS,ELQ,0.014814550338940372
2020,ON,ELQ,-0.12504203366478361
2020,PE,ELQ,-0.07115438439190304
2020,QC,ELQ,-0.0038452307539044855
2020,SK,ELQ,0.07161708377135309
2020,AB,ELQ,-0.059744045160559235
2021,BC,ELQ,-0.07603265650812024
2021,MB,ELQ,0.09026982229089459
2021,NB,ELQ,0.2774464042058152
2021,NL,ELQ,0.05043425497505207
2021,NS,ELQ,0.009443659749043348
2021,ON,ELQ,-0.1476112818471624
2021,QC,ELQ,-0.03820456353679718
2021,SK,ELQ,0.05025382751893997
2021,AB,ELQ,-0.10203409069272579
2021,PE,ELQ,-0.11396537615493951
2022,BC,ELQ,-0.08060617388660106
2022,MB,ELQ,0.02690830535519504
2022,NB,ELQ,0.2667627049046537
2022,NL,ELQ,0.05648287495586083
2022,NS,ELQ,0.07729196030212049
2022,ON,ELQ,-0.16052953598781067
2022,QC,ELQ,-0.052766706396771605
2022,SK,ELQ,0.03170949703064408
2022,AB,ELQ,-0.11491424261944719
2022,PE,ELQ,-0.05033868365784361
2010,BC,FIN,-0.3392051651869304
2010,MB,FIN,-0.16934015639116204
2010,NB,FIN,0.16937455654765315
2010,NL,FIN,0.21156609154048783
2010,NS,FIN,0.06936578784523867
2010,NT,FIN,0.41269730423450285
2010,NU,FIN,0.40358274493909924
2010,ON,FIN,-0.6239531606814935
2010,PE,FIN,0.24035448461765335
2010,QC,FIN,-0.28524890166997274
2010,SK,FIN,-0.036626487799880314
2010,YT,FIN,0.18997099293851533
2010,AB,FIN,-0.24253809093371162
2011,BC,FIN,-0.3368792399364524
2011,MB,FIN,-0.1775039345234229
2011,NB,FIN,0.175303551237746
2011,NL,FIN,0.2055329521977971
2011,NS,FIN,0.05901821856396222
2011,NT,FIN,0.41791722794993846
2011,NU,FIN,0.3852732106447917
2011,ON,FIN,-0.622025844621392
2011,PE,FIN,0.2360266938601142
2011,QC,FIN,-0.27846891872088625
2011,SK,FIN,-0.031228352132860404
2011,YT,FIN,0.22378749295716305
2011,AB,FIN,-0.2567530574764988
2012,BC,FIN,-0.3248931467828472
2012,MB,FIN,-0.18275232721011606
2012,NB,FIN,0.1701257681796028
2012,NL,FIN,0.2051191053119833
2012,NS,FIN,0.06264824186745405
2012,NT,FIN,0.43374504934961156
2012,NU,FIN,0.37315438498648956
2012,ON,FIN,-0.6317492433508887
2012,PE,FIN,0.23962077743537658
2012,QC,FIN,-0.29410986612275614
2012,SK,FIN,-0.03020923508239398
2012,YT,FIN,0.22803488086308077
2012,AB,FIN,-0.24873438944459686
2013,BC,FIN,-0.315284169976443
2013,MB,FIN,-0.1684165118492831
2013,NB,FIN,0.18917459919313295
2013,NL,FIN,0.22601404036097916
2013,NS,FIN,0.08366823080301383
2013,NT,FIN,0.4351916870954341
2013,NU,FIN,0.34930149813461153
2013,ON,FIN,-0.6247013109138714
2013,PE,FIN,0.15448803024370505
2013,QC,FIN,-0.2747099384763504
2013,SK,FIN,-0.02103080104848659
2013,YT,FIN,0.20494084005536362
2013,AB,FIN,-0.23863619362180594
2014,BC,FIN,-0.31843915168366627
2014,MB,FIN,-0.1631819741909805
2014,NB,FIN,0.19125413931720964
2014,NL,FIN,0.23203805866978372
2014,NS,FIN,0.08549484619579584
2014,NT,FIN,0.42741820656020996
2014,NU,FIN,0.35994246694064963
2014,ON,FIN,-0.625513381571627
2014,PE,FIN,0.15850510202455176
2014,QC,FIN,-0.2753246922156587
2014,SK,FIN,-0.039108992171500434
2014,YT,FIN,0.2097219141332653
2014,AB,FIN,-0.24280654200803298
2015,BC,FIN,-0.32584549563608245
2015,MB,FIN,-0.16691356475033117
2015,NB,FIN,0.19092588942649225
2015,NL,FIN,0.23939013874168968
2015,NS,FIN,0.09437799007192516
2015,NT,FIN,0.4187679800117583
2015,NU,FIN,0.3678866271400232
2015,ON,FIN,-0.6312674098716111
2015,PE,FIN,0.16667264815956007
2015,QC,FIN,-0.27354714243765754
2015,SK,FIN,-0.041996962581963615
2015,YT,FIN,0.21196586257870176
2015,AB,FIN,-0.2504165608525045
2016,BC,FIN,-0.32973837905789843
2016,MB,FIN,-0.16673563136941644
2016,NB,FIN,0.19099091549759684
2016,NL,FIN,0.23915404467494494
2016,NS,FIN,0.09158904348976793
2016,NT,FIN,0.4183678449047431
2016,NU,FIN,0.36429452535429796
2016,ON,FIN,-0.6321252446248455
2016,PE,FIN,0.17234098354771166
2016,QC,FIN,-0.26654801619701296
2016,SK,FIN,-0.03703448161739609
2016,YT,FIN,0.19887405637438416
2016,AB,FIN,-0.24342966097687704
2017,BC,FIN,-0.3241759920161029
2017,MB,FIN,-0.16420667925876167
2017,NB,FIN,0.1840078046276381
2017,NL,FIN,0.24040131198528647
2017,NS,FIN,0.08755420516135592
2017,NT,FIN,0.4215359357555255
2017,NU,FIN,0.36403575479238326
2017,ON,FIN,-0.6406494996652579
2017,PE,FIN,0.1793765621795408
2017,QC,FIN,-0.2767750841439027
2017,SK,FIN,-0.03465254742090795
2017,YT,FIN,0.19884015464375981
2017,AB,FIN,-0.2352919266405568
2018,BC,FIN,-0.29951974177880325
2018,MB,FIN,-0.169128235405795
2018,NB,FIN,0.1801446920935761
2018,NL,FIN,0.23746411876044415
2018,NS,FIN,0.08586729715404656
2018,NT,FIN,0.4257823876185808
2018,NU,FIN,0.3749499249987661
2018,ON,FIN,-0.6431086784060718
2018,PE,FIN,0.1724933499016328
2018,QC,FIN,-0.284093989067072
2018,SK,FIN,-0.03700547537304755
2018,YT,FIN,0.19268726407385184
2018,AB,FIN,-0.23653291457010897
2019,BC,FIN,-0.2900649953760203
2019,MB,FIN,-0.17568452129937231
2019,NB,FIN,0.17129163509390993
2019,NL,FIN,0.22867643398997134
2019,NS,FIN,0.08958241756708152
2019,NT,FIN,0.4306745260249321
2019,NU,FIN,0.38838144188160223
2019,ON,FIN,-0.642898132203997
2019,PE,FIN,0.16475493266798275
2019,QC,FIN,-0.2987027701537117
2019,SK,FIN,-0.02199812828760428
2019,YT,FIN,0.18726720231020194
2019,AB,FIN,-0.23128004221497647
2020,BC,FIN,-0.29350566432449343
2020,MB,FIN,-0.18434406335315354
2020,NB,FIN,0.1537482050275678
2020,NL,FIN,0.22567128876993714
2020,NS,FIN,0.08694114274146247
2020,NT,FIN,0.4397607167397728
2020,NU,FIN,0.4159207680099263
2020,ON,FIN,-0.6518452407056804
2020,PE,FIN,0.17135410653390337
2020,QC,FIN,-0.3132801857745978
2020,SK,FIN,-0.019363257073688522
2020,YT,FIN,0.19475389480834582
2020,AB,FIN,-0.22581171139930215
2021,BC,FIN,-0.2796972750448077
2021,MB,FIN,-0.2014611062858792
2021,NB,FIN,0.13782087463757958
2021,NL,FIN,0.22398091442417162
2021,NS,FIN,0.0898076953303481
2021,NT,FIN,0.43290834249993965
2021,NU,FIN,0.42868342299596424
2021,ON,FIN,-0.6637791886490281
2021,PE,FIN,0.1813212744635732
2021,QC,FIN,-0.3222358637060826
2021,SK,FIN,-0.00920248651143496
2021,YT,FIN,0.19494325514094119
2021,AB,FIN,-0.2130898592952848
2022,BC,FIN,-0.32126444930365217
2022,MB,FIN,-0.18162580811563628
2022,NB,FIN,0.13194144650512463
2022,NL,FIN,0.23505717218843925
2022,NS,FIN,0.10050891994806632
2022,NT,FIN,0.4104048043538602
2022,NU,FIN,0.45252809961834206
2022,ON,FIN,-0.6618790449002867
2022,PE,FIN,0.18188706912491737
2022,QC,FIN,-0.32750258777656427
2022,SK,FIN,0.015116281045392421
2022,YT,FIN,0.16155798039560498
2022,AB,FIN,-0.19672988308360753
2010,BC,FMT,-0.14727581630122982
2010,MB,FMT,-0.05797194764274848
2010,NB,FMT,-0.04184985867759967
2010,NL,FMT,0.15435314310461837
2010,NS,FMT,-0.035510196182494014
2010,ON,FMT,-0.13747400828748896
2010,PE,FMT,0.042413973995787835
2010,QC,FMT,-0.024663745417892582
2010,SK,FMT,-0.045621749382651525
2010,YT,FMT,0.3843286847235218
2010,AB,FMT,-0.09072847993182288
2011,BC,FMT,-0.1283615725350227
2011,MB,FMT,-0.013625130423953198
2011,NB,FMT,0.012618256747560924
2011,NL,FMT,0.18692945008899708
2011,NS,FMT,0.02169539767979204
2011,ON,FMT,-0.0816572020108288
2011,PE,FMT,0.02983644868591446
2011,QC,FMT,0.018973367470933172
2011,SK,FMT,0.03961013016959274
2011,AB,FMT,-0.08601914587298576
2012,BC,FMT,-0.11597441543415521
2012,MB,FMT,-0.02624564414443673
2012,NB,FMT,0.04925200287044446
2012,NL,FMT,0.11049026518014676
2012,NS,FMT,0.048419055183132144
2012,ON,FMT,-0.07212690074954713
2012,PE,FMT,0.03517114238075251
2012,QC,FMT,0.02501267845345429
2012,SK,FMT,0.008073887122807544
2012,AB,FMT,-0.062072070862598624
2013,BC,FMT,-0.03604882420445489
2013,MB,FMT,-0.0639717127270866
2013,NB,FMT,0.022578383557601042
2013,NL,FMT,0.30640117133159794
2013,NS,FMT,0.007805323348213156
2013,ON,FMT,-0.05775039245257091
2013,PE,FMT,-0.08939369654049967
2013,QC,FMT,0.027851184965934417
2013,SK,FMT,-0.02136267956498618
2013,YT,FMT,-0.028843763372124
2013,AB,FMT,-0.06726499434162435
2014,BC,FMT,-0.038377422003131836
2014,MB,FMT,-0.09261205220625415
2014,NB,FMT,0.015237858993059725
2014,NL,FMT,0.3547564745448902
2014,NS,FMT,-0.023816061786294723
2014,ON,FMT,-0.09928208966047827
2014,PE,FMT,0.03861868919971033
2014,QC,FMT,-0.0181474410684567
2014,SK,FMT,-0.0328091273021012
2014,YT,FMT,0.008568488100936786
2014,AB,FMT,-0.11213731681188023
2015,BC,FMT,-0.03164825142345267
2015,MB,FMT,-0.031161058268334443
2015,NB,FMT,0.003925548887913244
2015,NL,FMT,0.3817925301827635
2015,NS,FMT,-0.05418540741886193
2015,NT,FMT,-0.2599474559158584
2015,ON,FMT,-0.09675736506694903
2015,PE,FMT,0.025924559330599256
2015,QC,FMT,-0.010087731545789368
2015,SK,FMT,0.03392664406372535
2015,YT,FMT,0.1372356732568763
2015,AB,FMT,-0.09901768608263178
2016,BC,FMT,-0.13061841946858754
2016,MB,FMT,-0.04899876463001383
2016,NB,FMT,0.010862898028228374
2016,NL,FMT,0.30823288324157894
2016,NS,FMT,-4.891691563758266e-4
2016,NT,FMT,-0.3305394670421176
2016,ON,FMT,-0.17366917575989546
2016,PE,FMT,0.0851161600636639
2016,QC,FMT,0.016043383340498846
2016,SK,FMT,0.03396297279109603
2016,YT,FMT,0.3064699707586221
2016,AB,FMT,-0.07637327216669794
2017,BC,FMT,-0.132145827734758
2017,MB,FMT,-0.04200696733591021
2017,NB,FMT,0.019952331411631996
2017,NL,FMT,0.2406083806161134
2017,NS,FMT,-0.042371526889257445
2017,NT,FMT,-0.22914031106829585
2017,ON,FMT,-0.1599346180931694
2017,PE,FMT,0.10522928406043784
2017,QC,FMT,0.027502745392409086
2017,SK,FMT,0.032532892675271194
2017,YT,FMT,0.29183695734213855
2017,AB,FMT,-0.1120633403766111
2018,BC,FMT,-0.12328672662567947
2018,MB,FMT,-0.03819561980428767
2018,NB,FMT,0.004577066774983041
2018,NL,FMT,0.13488790148508295
2018,NS,FMT,-0.07943945854043166
2018,ON,FMT,-0.17177776163554528
2018,PE,FMT,0.08309524489712038
2018,QC,FMT,0.029583590628695325
2018,SK,FMT,0.012335433912798219
2018,YT,FMT,0.2495002323315338
2018,AB,FMT,-0.10127990342426958
2019,BC,FMT,-0.11425093296089377
2019,MB,FMT,-0.024640150749501044
2019,NB,FMT,0.003994095194937666
2019,NL,FMT,0.13656820165228328
2019,NS,FMT,-0.07389086868667696
2019,ON,FMT,-0.1643946411571291
2019,PE,FMT,0.042161839268311144
2019,QC,FMT,0.029930327582418773
2019,SK,FMT,0.020097462685477602
2019,YT,FMT,0.2722745802649847
2019,AB,FMT,-0.1278499130942123
2020,BC,FMT,-0.11442247617759514
2020,MB,FMT,-0.0396829077058046
2020,NB,FMT,0.005310578313939843
2020,NL,FMT,0.15853830919629897
2020,NS,FMT,-0.09929297086294854
2020,ON,FMT,-0.17209692968260876
2020,PE,FMT,0.0463288179289298
2020,QC,FMT,0.025664268811013843
2020,SK,FMT,0.013301864507591993
2020,YT,FMT,0.2845379559014117
2020,AB,FMT,-0.10818651023022911
2021,BC,FMT,-0.12180537818504247
2021,MB,FMT,-0.0320225039787472
2021,NB,FMT,-9.478247500700199e-4
2021,NL,FMT,0.13213124489681827
2021,NS,FMT,-0.09223771257194144
2021,ON,FMT,-0.1677235248392163
2021,PE,FMT,0.03573981651140623
2021,QC,FMT,0.02380528949804192
2021,SK,FMT,0.012164916619117894
2021,YT,FMT,0.34741787891637754
2021,AB,FMT,-0.13652220211674448
2022,BC,FMT,-0.12022823611259001
2022,MB,FMT,-0.024774718445227495
2022,NB,FMT,-6.812274867967483e-4
2022,NL,FMT,0.12580487401016727
2022,NS,FMT,-0.09213139860173603
2022,ON,FMT,-0.16797977381293
2022,PE,FMT,0.0557923121183375
2022,QC,FMT,0.018928718291404037
2022,SK,FMT,0.02591346222315717
2022,YT,FMT,0.31255604697358613
2022,AB,FMT,-0.1332000591573718
2010,BC,FOD,-0.43345465344846046
2010,MB,FOD,-0.4393740878703079
2010,NB,FOD,-0.03751824216558569
2010,NL,FOD,0.22400962897871174
2010,NS,FOD,-0.13437690694324766
2010,NU,FOD,1.6460525535942705
2010,ON,FOD,-0.5095192761478167
2010,PE,FOD,-0.11945379009691917
2010,QC,FOD,-0.23545386640058008
2010,SK,FOD,-0.39522184156444223
2010,YT,FOD,1.0308174588687442
2010,AB,FOD,-0.5965069768043669
2011,BC,FOD,-0.4116010959887917
2011,MB,FOD,-0.42674958004730273
2011,NB,FOD,-0.06097084093878424
2011,NL,FOD,0.15353491398373603
2011,NS,FOD,-0.1320983685644352
2011,NU,FOD,1.7078687871978149
2011,ON,FOD,-0.5263159802140693
2011,PE,FOD,-0.16412831108139303
2011,QC,FOD,-0.25724146086194355
2011,SK,FOD,-0.36609608592308257
2011,YT,FOD,1.0851435004450307
2011,AB,FOD,-0.6013454780067793
2012,BC,FOD,-0.3683176090626384
2012,MB,FOD,-0.4305859619108562
2012,NB,FOD,-0.07565061950150312
2012,NL,FOD,0.3223578251747793
2012,NS,FOD,-0.09119010060652197
2012,NU,FOD,1.2037620108926848
2012,ON,FOD,-0.4244293833925603
2012,PE,FOD,-0.27777495052978707
2012,QC,FOD,-0.2524524541347328
2012,SK,FOD,-0.3323021917860551
2012,YT,FOD,1.2687806742571057
2012,AB,FOD,-0.5421972393999146
2013,BC,FOD,-0.3459176947822314
2013,MB,FOD,-0.47136595319097513
2013,NB,FOD,-0.47615554330045673
2013,NL,FOD,0.5341011356225451
2013,NS,FOD,-0.2549656021403718
2013,NU,FOD,1.0867684967596147
2013,ON,FOD,-0.3469814787683316
2013,PE,FOD,0.04603291817472499
2013,QC,FOD,-0.2740687625609509
2013,SK,FOD,-0.05346369679441956
2013,YT,FOD,1.1723579881343145
2013,AB,FOD,-0.6163418071534619
2014,BC,FOD,-0.42929095051516225
2014,MB,FOD,-0.34765528976756127
2014,NB,FOD,-0.34123308882728215
2014,NL,FOD,0.4071248208337202
2014,NS,FOD,-0.1929069474997876
2014,NU,FOD,1.227905391148322
2014,ON,FOD,-0.43232394181296546
2014,PE,FOD,-0.039113034042188966
2014,QC,FOD,-0.31048356865327886
2014,SK,FOD,-0.0109745652628227
2014,YT,FOD,1.0933936053192024
2014,AB,FOD,-0.6244424309201952
2015,BC,FOD,-0.4123637357293726
2015,MB,FOD,-0.26277755950096515
2015,NB,FOD,-0.2589738230684458
2015,NL,FOD,0.4447051705701821
2015,NS,FOD,-0.24052563294606946
2015,NT,FOD,-0.9587888767856756
2015,NU,FOD,1.456225706188833
2015,ON,FOD,-0.3408597354146079
2015,PE,FOD,-0.0569555412795649
2015,QC,FOD,-0.20254005375517123
2015,SK,FOD,0.011459644944592617
2015,YT,FOD,1.3209487483007991
2015,AB,FOD,-0.49955431152453417
2016,BC,FOD,-0.3769865571748272
2016,MB,FOD,-0.2674275742842836
2016,NB,FOD,-0.2559445446880535
2016,NL,FOD,0.37478941386510145
2016,NS,FOD,-0.42670000028052624
2016,NU,FOD,1.1173726764671656
2016,ON,FOD,-0.4129995869648275
2016,PE,FOD,0.05293464257433625
2016,QC,FOD,-0.2826038024533025
2016,SK,FOD,-0.0279588160263472
2016,YT,FOD,1.0049870035555923
2016,AB,FOD,-0.49946285459002815
2017,BC,FOD,-0.4402455486111432
2017,MB,FOD,-0.2581956904003407
2017,NB,FOD,-0.24497174042746472
2017,NL,FOD,0.3759588826733145
2017,NS,FOD,-0.3929356505822008
2017,NU,FOD,1.2221987206591998
2017,ON,FOD,-0.44823022897432857
2017,PE,FOD,0.005314499231573677
2017,QC,FOD,-0.31366213579811536
2017,SK,FOD,-0.06275435985093658
2017,YT,FOD,1.0734718745828664
2017,AB,FOD,-0.5159486225024246
2018,BC,FOD,-0.4362026582802759
2018,MB,FOD,-0.324627548802229
2018,NB,FOD,-0.2517071337876218
2018,NL,FOD,0.361024077441739
2018,NS,FOD,-0.40527817189040544
2018,NU,FOD,1.451262442517255
2018,ON,FOD,-0.44046456271367174
2018,PE,FOD,0.019753477262844932
2018,QC,FOD,-0.29636739243641624
2018,SK,FOD,-0.12658055994982612
2018,YT,FOD,0.9639450965154104
2018,AB,FOD,-0.5147570658768028
2019,BC,FOD,-0.4776658563554261
2019,MB,FOD,-0.3268216511567725
2019,NB,FOD,-0.1698119346423345
2019,NL,FOD,0.36159813887483117
2019,NS,FOD,-0.42176274544827064
2019,NU,FOD,1.380747730455896
2019,ON,FOD,-0.44888288112374003
2019,PE,FOD,0.013166113090980536
2019,QC,FOD,-0.290094174890917
2019,SK,FOD,-0.07185400527263003
2019,YT,FOD,0.993726089174279
2019,AB,FOD,-0.5423448227058961
2020,BC,FOD,-0.5142008741460499
2020,MB,FOD,-0.3536667567754897
2020,NB,FOD,-0.16399016308835201
2020,NL,FOD,0.4603668181357074
2020,NS,FOD,-0.4414180572119281
2020,NU,FOD,1.3481402839720702
2020,ON,FOD,-0.4584217491243727
2020,PE,FOD,0.10139512081567587
2020,QC,FOD,-0.3210127945808624
2020,SK,FOD,-0.1012061965134533
2020,YT,FOD,1.0067219813404644
2020,AB,FOD,-0.5627076128234096
2021,BC,FOD,-0.5380046389759382
2021,MB,FOD,-0.3467109644803825
2021,NB,FOD,-0.17331773673033332
2021,NL,FOD,0.4871386859177285
2021,NS,FOD,-0.44926646138270837
2021,NU,FOD,1.2508879116858689
2021,ON,FOD,-0.4674478488459498
2021,PE,FOD,-0.015118623031982747
2021,QC,FOD,-0.33508407655387157
2021,SK,FOD,-0.07874637042455987
2021,YT,FOD,1.1729665318372815
2021,AB,FOD,-0.5072964090151525
2022,BC,FOD,-0.5238069039728678
2022,MB,FOD,-0.36365838955280994
2022,NB,FOD,-0.2315360644933868
2022,NL,FOD,0.5890213989488227
2022,NS,FOD,-0.37677789375949183
2022,NU,FOD,1.212312746029542
2022,ON,FOD,-0.45713210820848305
2022,PE,FOD,-0.05790943942577259
2022,QC,FOD,-0.35244758475230314
2022,SK,FOD,-0.03803513630940786
2022,YT,FOD,1.10185665292363
2022,AB,FOD,-0.5018872774274719
2010,BC,HTH,-0.35727752480857156
2010,MB,HTH,-0.011268939590801552
2010,NB,HTH,0.1389784958222079
2010,NL,HTH,0.03838118545372715
2010,NS,HTH,-0.050822035112035424
2010,NT,HTH,0.33750959359217814
2010,NU,HTH,0.8619568337096368
2010,ON,HTH,-0.6241978806099749
2010,PE,HTH,0.09799507323083578
2010,QC,HTH,0.016131357080636177
2010,SK,HTH,0.09228147284567989
2010,YT,HTH,-0.19786144565802094
2010,AB,HTH,-0.3418061859554968
2011,BC,HTH,-0.33049788248443496
2011,MB,HTH,0.003151839354773811
2011,NB,HTH,0.17912986404495757
2011,NL,HTH,0.040469630437049764
2011,NS,HTH,-0.07308449555644558
2011,NT,HTH,0.3223277754110192
2011,NU,HTH,0.8446726529169427
2011,ON,HTH,-0.5908874192595377
2011,PE,HTH,0.12570225916208044
2011,QC,HTH,0.011982678272043357
2011,SK,HTH,0.07570838007328973
2011,YT,HTH,-0.2599348528399887
2011,AB,HTH,-0.34874042953174994
2012,BC,HTH,-0.33034080890010137
2012,MB,HTH,-0.005313465185912802
2012,NB,HTH,0.16423708791911984
2012,NL,HTH,0.02215423346169554
2012,NS,HTH,-0.0745298822008491
2012,NT,HTH,0.32871784597499165
2012,NU,HTH,0.8871226918755096
2012,ON,HTH,-0.6051064831886375
2012,PE,HTH,0.12431536775380492
2012,QC,HTH,0.03124345661885819
2012,SK,HTH,0.0648466007081937
2012,YT,HTH,-0.25168219954305465
2012,AB,HTH,-0.3556644452936181
2013,BC,HTH,-0.1720648820261919
2013,MB,HTH,0.03717856414573839
2013,NB,HTH,0.1962154362773315
2013,NL,HTH,0.07502481492744373
2013,NS,HTH,-0.0024654663976972913
2013,NT,HTH,0.25978554409501475
2013,NU,HTH,0.4095108648703143
2013,ON,HTH,-0.5020239698698372
2013,PE,HTH,0.14290951631850657
2013,QC,HTH,0.12807927260272134
2013,SK,HTH,0.0910074791489931
2013,YT,HTH,-0.389900615114684
2013,AB,HTH,-0.273256558977654
2014,BC,HTH,-0.14316734535287584
2014,MB,HTH,0.04509056307243675
2014,NB,HTH,0.2158049964843035
2014,NL,HTH,0.0663016056839062
2014,NS,HTH,-0.005343839967592134
2014,NT,HTH,0.2598605143911302
2014,NU,HTH,0.3859174369002595
2014,ON,HTH,-0.4890686062020009
2014,PE,HTH,0.1638146351773495
2014,QC,HTH,0.14931936262098322
2014,SK,HTH,0.07821697553153062
2014,YT,HTH,-0.40678639529311544
2014,AB,HTH,-0.3199599030463158
2015,BC,HTH,-0.1648119462290602
2015,MB,HTH,-0.01551375006689204
2015,NB,HTH,0.22852429669780205
2015,NL,HTH,0.060989598123999844
2015,NS,HTH,-0.07120076252670249
2015,NT,HTH,0.31122172806870807
2015,NU,HTH,0.519703135818475
2015,ON,HTH,-0.4596369020220753
2015,PE,HTH,0.04558152287921724
2015,QC,HTH,0.13637042877097783
2015,SK,HTH,0.019973668120793597
2015,YT,HTH,-0.3120848485219555
2015,AB,HTH,-0.2991161691132878
2016,BC,HTH,-0.16054888836634384
2016,MB,HTH,4.466683893822321e-5
2016,NB,HTH,0.2285810678917347
2016,NL,HTH,0.0915126490931546
2016,NS,HTH,-0.07143416367495115
2016,NT,HTH,0.2607324416112744
2016,NU,HTH,0.4419150395213509
2016,ON,HTH,-0.4489991944195436
2016,PE,HTH,0.04562208437528659
2016,QC,HTH,0.17297656833885533
2016,SK,HTH,0.025631125974214464
2016,YT,HTH,-0.333112897875618
2016,AB,HTH,-0.252920499308352
2017,BC,HTH,-0.16127720253891525
2017,MB,HTH,6.728655534316008e-5
2017,NB,HTH,0.2222793802461548
2017,NL,HTH,0.10803287975023479
2017,NS,HTH,-0.0685205851657269
2017,NT,HTH,0.25113991133338964
2017,NU,HTH,0.449692719765557
2017,ON,HTH,-0.44708933246756233
2017,PE,HTH,0.06265773964706811
2017,QC,HTH,0.1690187771798236
2017,SK,HTH,0.032689902761545486
2017,YT,HTH,-0.36502842218594306
2017,AB,HTH,-0.2536630548809686
2018,BC,HTH,-0.18279021852059213
2018,MB,HTH,-4.268599786960703e-4
2018,NB,HTH,0.23023904230509062
2018,NL,HTH,0.11517369240923081
2018,NS,HTH,-0.08067171883145197
2018,NT,HTH,0.21923247183790573
2018,NU,HTH,0.48599721887841485
2018,ON,HTH,-0.4360616752705887
2018,PE,HTH,0.06403415905687637
2018,QC,HTH,0.15625698184750825
2018,SK,HTH,0.037237468331952184
2018,YT,HTH,-0.36353677495848136
2018,AB,HTH,-0.2446837871071681
2019,BC,HTH,-0.1758084298108808
2019,MB,HTH,-0.0057969680889701225
2019,NB,HTH,0.22492971554574914
2019,NL,HTH,0.12596819168292084
2019,NS,HTH,-0.05969455180936534
2019,NT,HTH,0.20186224297352495
2019,NU,HTH,0.46235442781084823
2019,ON,HTH,-0.45448897727702253
2019,PE,HTH,0.0611976948240911
2019,QC,HTH,0.17616792087901556
2019,SK,HTH,0.043105750787920116
2019,YT,HTH,-0.3566476331267216
2019,AB,HTH,-0.24314938439110995
2020,BC,HTH,-0.1870188312662866
2020,MB,HTH,-0.02458828193774809
2020,NB,HTH,0.16228255324656182
2020,NL,HTH,0.17653425285369495
2020,NS,HTH,-0.05571143744992557
2020,NT,HTH,0.17539677896759853
2020,NU,HTH,0.45006427933218573
2020,ON,HTH,-0.4667246016232568
2020,PE,HTH,0.0460911513458212
2020,QC,HTH,0.15510713177703161
2020,SK,HTH,0.035276624724795425
2020,YT,HTH,-0.28279533047829913
2020,AB,HTH,-0.1839142894921733
2021,BC,HTH,-0.20346994017313352
2021,MB,HTH,-0.03928926275927713
2021,NB,HTH,0.1977206556031602
2021,NL,HTH,0.18935519171079107
2021,NS,HTH,-0.04527097058763985
2021,NT,HTH,0.1545369958460855
2021,NU,HTH,0.4646549635130729
2021,ON,HTH,-0.45450079202154503
2021,PE,HTH,0.054722904207133105
2021,QC,HTH,0.09620963446715614
2021,SK,HTH,0.04644146769475099
2021,YT,HTH,-0.2978306141013574
2021,AB,HTH,-0.1632802333991975
2022,BC,HTH,-0.20312754822922707
2022,MB,HTH,-0.04109964616494055
2022,NB,HTH,0.20774441092428042
2022,NL,HTH,0.198678330358954
2022,NS,HTH,-0.04082078043415349
2022,NT,HTH,0.16035243542920663
2022,NU,HTH,0.4407455889473608
2022,ON,HTH,-0.4534428057150059
2022,PE,HTH,0.06106870530401165
2022,QC,HTH,0.10275331012579014
2022,SK,HTH,0.05242046529123834
2022,YT,HTH,-0.31522931826337236
2022,AB,HTH,-0.1700431475741433
2010,BC,ITS,-0.27658129688586214
2010,MB,ITS,-0.07123959640558125
2010,NB,ITS,-0.04175720620808421
2010,NL,ITS,0.1136003408429076
2010,NS,ITS,-0.12433878608143922
2010,NT,ITS,0.5796692468411003
2010,NU,ITS,-0.1500298895574581
2010,ON,ITS,-0.4225851890768836
2010,PE,ITS,0.2884687449745411
2010,QC,ITS,-0.27782716555595116
2010,SK,ITS,-0.026787907128922095
2010,YT,ITS,0.6286126267158724
2010,AB,ITS,-0.2192039224742392
2011,BC,ITS,-0.29170120631233126
2011,MB,ITS,-0.07603967948981272
2011,NB,ITS,-0.049850466172627894
2011,NL,ITS,0.0860898565670557
2011,NS,ITS,-0.13779848040409193
2011,NT,ITS,0.6237797699775298
2011,NU,ITS,-0.12177103816009888
2011,ON,ITS,-0.42040574122554675
2011,PE,ITS,0.2652334003383253
2011,QC,ITS,-0.28891232770730235
2011,SK,ITS,-0.05785823338810314
2011,YT,ITS,0.6854559357901
2011,AB,ITS,-0.21622178981309526
2012,BC,ITS,-0.34291652989934474
2012,MB,ITS,-0.12152289691152779
2012,NB,ITS,-0.11002144659739338
2012,NL,ITS,0.056750477750845296
2012,NS,ITS,-0.170433408981299
2012,NT,ITS,0.4256004535808753
2012,NU,ITS,0.5366513482309705
2012,ON,ITS,-0.3945793683398382
2012,PE,ITS,0.1997144696796057
2012,QC,ITS,-0.3250991668233261
2012,SK,ITS,-0.1281946560545673
2012,YT,ITS,0.6335267059877825
2012,AB,ITS,-0.2594759816227834
2013,BC,ITS,-0.2799942856889275
2013,MB,ITS,-0.05948836626584436
2013,NB,ITS,0.008744527397405277
2013,NL,ITS,0.12597001604047198
2013,NS,ITS,-0.10708000127456013
2013,NT,ITS,0.44769426833465076
2013,NU,ITS,-0.0815666322044376
2013,ON,ITS,-0.3961538662216822
2013,PE,ITS,0.306450528260672
2013,QC,ITS,-0.2591232937629906
2013,SK,ITS,-0.020858500669902524
2013,YT,ITS,0.466498659914124
2013,AB,ITS,-0.15109305385897903
2014,BC,ITS,-0.4153707546251993
2014,MB,ITS,-0.10060147785017076
2014,NB,ITS,-0.085992060659634
2014,NL,ITS,0.12591867617930264
2014,NS,ITS,-0.14639734675158156
2014,NT,ITS,0.4245013759758999
2014,NU,ITS,0.3334178444670127
2014,ON,ITS,-0.36379111881507903
2014,PE,ITS,0.20346103442228736
2014,QC,ITS,-0.2469782277263382
2014,SK,ITS,-0.059491045276062304
2014,YT,ITS,0.5726405892177914
2014,AB,ITS,-0.24131748855822927
2015,BC,ITS,-0.4664338135824775
2015,MB,ITS,-0.10791961384956572
2015,NB,ITS,-0.10129486437439161
2015,NL,ITS,0.012376894249838122
2015,NS,ITS,-0.19041480845992692
2015,NT,ITS,0.7910750529986981
2015,NU,ITS,1.2289249687427406
2015,ON,ITS,-0.5516861847518918
2015,PE,ITS,-0.08305656584210874
2015,QC,ITS,-0.31790029025831595
2015,SK,ITS,-0.10170722371739005
2015,YT,ITS,0.26223393317904187
2015,AB,ITS,-0.37419748433425054
2016,BC,ITS,-0.47702324617025993
2016,MB,ITS,-0.07531255577580315
2016,NB,ITS,-0.10195320775804262
2016,NL,ITS,0.03360633960431525
2016,NS,ITS,-0.16696764801535513
2016,NT,ITS,0.7850334302904873
2016,NU,ITS,1.1820711120874432
2016,ON,ITS,-0.5196914629870406
2016,PE,ITS,0.041760586513937104
2016,QC,ITS,-0.3953439167883054
2016,SK,ITS,-0.028219671586117268
2016,YT,ITS,0.048139882599812944
2016,AB,ITS,-0.3260996420150717
2017,BC,ITS,-0.3281740862629169
2017,MB,ITS,0.0894939272226224
2017,NB,ITS,0.06512316154592551
2017,NL,ITS,0.1828689849093138
2017,NS,ITS,-0.00701852588271018
2017,NT,ITS,0.17536634734495982
2017,ON,ITS,-0.4215188381138072
2017,PE,ITS,0.2113622424983047
2017,QC,ITS,-0.2635760292296323
2017,SK,ITS,0.11107652609986407
2017,YT,ITS,0.39469425658039836
2017,AB,ITS,-0.2096979667123219
2018,BC,ITS,-0.3176762972528083
2018,MB,ITS,0.09827228518465897
2018,NB,ITS,0.08482285971969661
2018,NL,ITS,0.17140825615605787
2018,NS,ITS,-0.007315529682069721
2018,NT,ITS,0.239567136071356
2018,ON,ITS,-0.4228270638351505
2018,PE,ITS,0.23261440538891592
2018,QC,ITS,-0.2652553701699248
2018,SK,ITS,0.11390849163313205
2018,YT,ITS,0.276243053155982
2018,AB,ITS,-0.20376222636984595
2019,BC,ITS,-0.3128338517395285
2019,MB,ITS,0.09177972999110795
2019,NB,ITS,0.07747038305408499
2019,NL,ITS,0.16116618737977217
2019,NS,ITS,-0.008826264473992651
2019,NT,ITS,0.18277626681966608
2019,ON,ITS,-0.4093935660821468
2019,PE,ITS,0.24360775728805595
2019,QC,ITS,-0.26593217002737946
2019,SK,ITS,0.13145119459166965
2019,YT,ITS,0.30328568518677157
2019,AB,ITS,-0.19455135198808102
2020,BC,ITS,-0.3156462349574317
2020,MB,ITS,0.09536567589152134
2020,NB,ITS,0.08049118539789496
2020,NL,ITS,0.14515286332912236
2020,NS,ITS,4.826902642993125e-4
2020,NT,ITS,0.1570115145431178
2020,ON,ITS,-0.4130613597965147
2020,PE,ITS,0.24077739543153498
2020,QC,ITS,-0.2669032079731321
2020,SK,ITS,0.13817602036505938
2020,YT,ITS,0.33402067885349074
2020,AB,ITS,-0.19586722134896214
2021,BC,ITS,-0.33895357950901894
2021,MB,ITS,0.07239551731731714
2021,NB,ITS,0.06483561023567558
2021,NL,ITS,0.14377796241742014
2021,NS,ITS,-0.015376254577863069
2021,NT,ITS,0.27738371825174735
2021,ON,ITS,-0.4175433468956082
2021,PE,ITS,0.22685373215950155
2021,QC,ITS,-0.2663742347302863
2021,SK,ITS,0.13301067990257687
2021,YT,ITS,0.3310160968034709
2021,AB,ITS,-0.2110259013749331
2022,BC,ITS,-0.35877746904246166
2022,MB,ITS,0.08196068208110335
2022,NB,ITS,0.04159646707543074
2022,NL,ITS,0.13384678226261765
2022,NS,ITS,-0.033807416087215214
2022,NT,ITS,0.4323568794158032
2022,ON,ITS,-0.43946387769890577
2022,PE,ITS,0.2029565504158965
2022,QC,ITS,-0.2851314905254798
2022,SK,ITS,0.12099819020139596
2022,YT,ITS,0.33540616804443263
2022,AB,ITS,-0.23194146614261768
2010,BC,MAC,-0.14109650482794336
2010,MB,MAC,-0.04280761218715058
2010,NB,MAC,-0.07492000996759865
2010,NL,MAC,0.2250605733992043
2010,NS,MAC,-0.011693148536675003
2010,ON,MAC,-0.04057307370232978
2010,PE,MAC,0.09251901163782633
2010,QC,MAC,-0.011238574799009166
2010,SK,MAC,-0.002039965023025135
2010,AB,MAC,0.006789304006701066
2011,BC,MAC,-0.14628125981187917
2011,MB,MAC,-0.026205580296534615
2011,NB,MAC,-0.09163987631884081
2011,NL,MAC,0.23447712675783586
2011,NS,MAC,0.03157676154889748
2011,ON,MAC,-0.053675412733823924
2011,PE,MAC,0.08835029040754176
2011,QC,MAC,-0.029178936301568037
2011,SK,MAC,-0.005692374164947176
2011,AB,MAC,-0.0017307390866813932
2012,BC,MAC,-0.14599291211895124
2012,MB,MAC,-0.033375842074231964
2012,NB,MAC,-0.06767043523207235
2012,NL,MAC,0.17893551359118548
2012,NS,MAC,0.0017359805495948434
2012,ON,MAC,-0.04731742340501699
2012,PE,MAC,0.10507249867983433
2012,QC,MAC,-0.015018011240724233
2012,SK,MAC,0.0030866529196363207
2012,AB,MAC,0.020543978330745796
2013,BC,MAC,-0.15888660381516417
2013,MB,MAC,-0.017519573276709728
2013,NB,MAC,-0.07608912266658227
2013,NL,MAC,0.28619888919054803
2013,NS,MAC,-0.024810954760131523
2013,ON,MAC,-0.09613791880650245
2013,PE,MAC,0.03657572008751997
2013,QC,MAC,0.007030911951481911
2013,SK,MAC,0.038873989904389075
2013,AB,MAC,0.004764662191151157
2014,BC,MAC,-0.1565318043336282
2014,MB,MAC,-0.022064790986222348
2014,NB,MAC,-0.06388299584788792
2014,NL,MAC,0.2184621587900881
2014,NS,MAC,-0.03724205576989638
2014,ON,MAC,-0.1296727750487802
2014,PE,MAC,0.13270355749572635
2014,QC,MAC,0.006229687738635081
2014,SK,MAC,0.05104815639458655
2014,AB,MAC,9.508615673789328e-4
2015,BC,MAC,-0.18785580764341167
2015,MB,MAC,-0.005415591225476048
2015,NB,MAC,-0.04652940505334227
2015,NL,MAC,0.23964597280259067
2015,NS,MAC,-0.030964076865825717
2015,ON,MAC,-0.12159784565163535
2015,PE,MAC,0.06548823426604787
2015,QC,MAC,-0.028609327219584896
2015,SK,MAC,0.12851846241431492
2015,AB,MAC,-0.012680615823677513
2016,BC,MAC,-0.12288256745664572
2016,MB,MAC,-0.034930297057708726
2016,NB,MAC,-0.018911101862910146
2016,NL,MAC,0.21507365712580795
2016,NS,MAC,0.019715522977388135
2016,ON,MAC,-0.11398400968846865
2016,PE,MAC,0.034647076835378945
2016,QC,MAC,-0.022085706087779905
2016,SK,MAC,0.08114682784458803
2016,AB,MAC,-0.03778940262964992
2017,BC,MAC,-0.143155530452224
2017,MB,MAC,0.010745382744775756
2017,NB,MAC,-0.01992059274192875
2017,NL,MAC,0.19546257118844068
2017,NS,MAC,0.036536499922798726
2017,ON,MAC,-0.07538544671658759
2017,PE,MAC,-0.017905076941288147
2017,QC,MAC,-0.015148217199956269
2017,SK,MAC,0.0657564530057052
2017,AB,MAC,-0.036986042809735595
2018,BC,MAC,-0.16495454874998283
2018,MB,MAC,0.015541360175729414
2018,NB,MAC,-0.02054418126407235
2018,NL,MAC,0.2348207435098352
2018,NS,MAC,0.02538897824389462
2018,ON,MAC,-0.10069003272489213
2018,PE,MAC,0.01860850683693905
2018,QC,MAC,-0.036767853793780565
2018,SK,MAC,0.07449170289497051
2018,AB,MAC,-0.0458946751286409
2019,BC,MAC,-0.1572688174878724
2019,MB,MAC,0.017408975730217897
2019,NB,MAC,-0.019191793315639895
2019,NL,MAC,0.19249520605776926
2019,NS,MAC,0.024178117499864028
2019,ON,MAC,-0.08750317960961873
2019,PE,MAC,0.039490890215509625
2019,QC,MAC,-0.02749105517938756
2019,SK,MAC,0.056624703849237235
2019,AB,MAC,-0.03874304776007945
2020,BC,MAC,-0.1591999130185925
2020,MB,MAC,0.01154481869645059
2020,NB,MAC,8.072475985059224e-4
2020,NL,MAC,0.18299034823276367
2020,NS,MAC,0.0351542811226234
2020,ON,MAC,-0.08326157259209908
2020,PE,MAC,0.022331141206416362
2020,QC,MAC,-0.02046902410288188
2020,SK,MAC,0.04744152613119521
2020,AB,MAC,-0.03733885327438175
2021,BC,MAC,-0.15177111600864135
2021,MB,MAC,0.013545223396363302
2021,NB,MAC,-0.009664257664213326
2021,NL,MAC,0.1340046945699929
2021,NS,MAC,0.023985293448687012
2021,ON,MAC,-0.07260077069671375
2021,PE,MAC,0.03912440622769166
2021,QC,MAC,-0.013229277897715108
2021,SK,MAC,0.07237288442528615
2021,AB,MAC,-0.03576707980073746
2022,BC,MAC,-0.12548838709302484
2022,MB,MAC,-0.017835230986836228
2022,NB,MAC,-0.021231530479898324
2022,NL,MAC,0.1756431331539621
2022,NS,MAC,0.030297155742912814
2022,ON,MAC,-0.07512797299487328
2022,PE,MAC,0.030832500586392843
2022,QC,MAC,-0.03388262528260665
2022,SK,MAC,0.06434008574458036
2022,AB,MAC,-0.027547128390608768
2010,BC,MFN,-0.2688026178438792
2010,MB,MFN,-0.27412811732841275
2010,NB,MFN,-0.14144916229925092
2010,NL,MFN,0.2946893420156985
2010,NS,MFN,-0.03450355388295889
2010,NT,MFN,0.2701845337198906
2010,NU,MFN,0.5841052520267905
2010,ON,MFN,-0.35115421436152966
2010,PE,MFN,0.06858490503890888
2010,QC,MFN,-0.21339958120296532
2010,SK,MFN,0.14079191247265035
2010,YT,MFN,0.08299336167018093
2010,AB,MFN,-0.1579120600251231
2011,BC,MFN,-0.31666494295215925
2011,MB,MFN,-0.2521634427694529
2011,NB,MFN,-0.14073278997500077
2011,NL,MFN,0.3155804081293415
2011,NS,MFN,0.026057039242229352
2011,NT,MFN,0.24935291718743968
2011,NU,MFN,0.7195985023272925
2011,ON,MFN,-0.3668874104996127
2011,PE,MFN,0.030319763218621898
2011,QC,MFN,-0.2729737925322461
2011,SK,MFN,0.10275050496148597
2011,YT,MFN,0.0825299097398226
2011,AB,MFN,-0.17676666607776192
2012,BC,MFN,-0.2931233654437136
2012,MB,MFN,-0.24975281255752105
2012,NB,MFN,-0.07358514728457516
2012,NL,MFN,0.2977196162228703
2012,NS,MFN,0.09078563745305429
2012,NT,MFN,0.20570243442404212
2012,NU,MFN,0.6267470652037832
2012,ON,MFN,-0.3575005184733566
2012,PE,MFN,0.053181773568324486
2012,QC,MFN,-0.251419599685016
2012,SK,MFN,0.0796102073564155
2012,YT,MFN,0.07797235332153285
2012,AB,MFN,-0.2063376441058402
2013,BC,MFN,-0.2920218535598519
2013,MB,MFN,-0.10352217846837256
2013,NB,MFN,-0.07301139334477896
2013,NL,MFN,0.38583018241620837
2013,NS,MFN,0.00780999974275931
2013,NT,MFN,0.3677247422209068
2013,NU,MFN,0.5293813079289477
2013,ON,MFN,-0.40781772872435373
2013,PE,MFN,-0.019406756704784922
2013,QC,MFN,-0.22164748216732827
2013,SK,MFN,0.08522982329802747
2013,YT,MFN,-0.041882338370169775
2013,AB,MFN,-0.21666632426720975
2014,BC,MFN,-0.26213052755139515
2014,MB,MFN,-0.06663616045243773
2014,NB,MFN,-0.18438886499317197
2014,NL,MFN,0.39452762088720456
2014,NS,MFN,0.009249015889062573
2014,NT,MFN,0.4159944309459597
2014,NU,MFN,0.21338166529460773
2014,ON,MFN,-0.3514846965119837
2014,PE,MFN,0.08670588755160913
2014,QC,MFN,-0.09727908961705492
2014,SK,MFN,0.06534781470679946
2014,YT,MFN,-0.03029733092892417
2014,AB,MFN,-0.19298976522027544
2015,BC,MFN,-0.2786387502280159
2015,MB,MFN,-0.06700918934524733
2015,NB,MFN,-0.07923340003475124
2015,NL,MFN,0.44316324775963745
2015,NS,MFN,-0.045821750013179646
2015,NT,MFN,0.4404059804192828
2015,NU,MFN,0.2705797953164869
2015,ON,MFN,-0.36861450728825784
2015,PE,MFN,0.04401850945045929
2015,QC,MFN,-0.16396873516394964
2015,SK,MFN,0.08749020178642888
2015,YT,MFN,-0.07516102935888222
2015,AB,MFN,-0.20721037330001135
2016,BC,MFN,-0.346923384695262
2016,MB,MFN,-0.13141826186721697
2016,NB,MFN,-0.11898202627427448
2016,NL,MFN,0.232109497919177
2016,NS,MFN,-0.012857344325403697
2016,NT,MFN,0.40170601428499064
2016,NU,MFN,0.8389595312375404
2016,ON,MFN,-0.45529478610213797
2016,PE,MFN,0.03815789278875065
2016,QC,MFN,-0.21616979082884644
2016,SK,MFN,0.05915459171771725
2016,YT,MFN,-0.03187967289283972
2016,AB,MFN,-0.256562260962195
2017,BC,MFN,-0.28496285634063057
2017,MB,MFN,-0.0626645668584607
2017,NB,MFN,-0.033470943227187494
2017,NL,MFN,0.3313816100382055
2017,NS,MFN,0.060088449025902935
2017,NT,MFN,0.5360773211473908
2017,ON,MFN,-0.393184942962849
2017,PE,MFN,0.08888532469752708
2017,QC,MFN,-0.17675952608674558
2017,SK,MFN,0.11023387820721287
2017,YT,MFN,0.02928682148747208
2017,AB,MFN,-0.204910569127838
2018,BC,MFN,-0.29284748708755387
2018,MB,MFN,-0.03875778300835947
2018,NB,MFN,-0.06902902179367998
2018,NL,MFN,0.3387727782952648
2018,NS,MFN,0.012867733915873703
2018,NT,MFN,0.5448775318373005
2018,ON,MFN,-0.36745911933597264
2018,PE,MFN,0.08829506871860143
2018,QC,MFN,-0.1484348705645762
2018,SK,MFN,0.13901412430458537
2018,YT,MFN,-0.0033857426403657576
2018,AB,MFN,-0.20391321264111806
2019,BC,MFN,-0.289489543240324
2019,MB,MFN,-0.03991602866951288
2019,NB,MFN,-0.09434566248412346
2019,NL,MFN,0.3382929573663874
2019,NS,MFN,0.03077658114664303
2019,NT,MFN,0.548731661769311
2019,ON,MFN,-0.3769934476324452
2019,PE,MFN,0.11225717698265084
2019,QC,MFN,-0.13437235004580472
2019,SK,MFN,0.11566393572971331
2019,YT,MFN,-0.0027526044687132545
2019,AB,MFN,-0.20785267645378216
2020,BC,MFN,-0.2719941929084227
2020,MB,MFN,-0.01694220319585965
2020,NB,MFN,-0.09307886779461239
2020,NL,MFN,0.32913965192648004
2020,NS,MFN,0.03928097088323895
2020,NT,MFN,0.4629016652897375
2020,ON,MFN,-0.38848425580026824
2020,PE,MFN,0.1222348166124605
2020,QC,MFN,-0.14694956454668145
2020,SK,MFN,0.09987153819352995
2020,YT,MFN,0.045959567430418735
2020,AB,MFN,-0.1819391260900213
2021,BC,MFN,-0.2590969733879274
2021,MB,MFN,0.0025648327830894435
2021,NB,MFN,-0.0913276891985999
2021,NL,MFN,0.33253451521913646
2021,NS,MFN,0.05848042631079467
2021,NT,MFN,0.36953044810579894
2021,ON,MFN,-0.361440543511603
2021,PE,MFN,0.07476658500932673
2021,QC,MFN,-0.12057545230171303
2021,SK,MFN,0.11230905802156096
2021,YT,MFN,0.057061750962807106
2021,AB,MFN,-0.17480695801267085
2022,BC,MFN,-0.263978609937215
2022,MB,MFN,-0.013135073530324587
2022,NB,MFN,-0.05203988372748253
2022,NL,MFN,0.2388770799833941
2022,NS,MFN,0.019835311170095293
2022,NT,MFN,0.3849190338372318
2022,ON,MFN,-0.3288708997410471
2022,PE,MFN,0.11349877158155394
2022,QC,MFN,-0.10645540522732554
2022,SK,MFN,0.10664464714496188
2022,YT,MFN,0.053195559385983665
2022,AB,MFN,-0.15249053093982584
2010,BC,MIE,0.015455309348077088
2010,MB,MIE,-0.0894125145482262
2010,NB,MIE,0.20859021628678548
2010,NL,MIE,-0.17330578970630112
2010,NS,MIE,0.13641198701693324
2010,NT,MIE,0.08432898512291848
2010,ON,MIE,0.024062911580770563
2010,QC,MIE,0.08724101969612694
2010,SK,MIE,0.14747674064061284
2010,YT,MIE,-0.3287730244651261
2010,AB,MIE,-0.11207584097257121
2011,BC,MIE,0.03479377044589577
2011,MB,MIE,-0.032761775660323955
2011,NB,MIE,0.24679516088850012
2011,NL,MIE,-0.1552437738421289
2011,NS,MIE,0.09427362878820174
2011,NT,MIE,0.11025201912502515
2011,ON,MIE,-0.0036292696933418987
2011,QC,MIE,0.0836465752637557
2011,SK,MIE,0.13997185954986388
2011,YT,MIE,-0.3512524771414088
2011,AB,MIE,-0.16684571772403883
2012,BC,MIE,0.005350098321590266
2012,MB,MIE,-0.22338948934544198
2012,NB,MIE,0.2207756304722513
2012,NL,MIE,-0.1935398559278916
2012,NS,MIE,0.19895982405195264
2012,NT,MIE,0.055789803767419224
2012,ON,MIE,0.05592258850202247
2012,QC,MIE,0.1250111592530646
2012,SK,MIE,0.04020665102762839
2012,YT,MIE,-0.29455803949773074
2012,AB,MIE,0.009471629375135474
2013,BC,MIE,0.043147558834267075
2013,MB,MIE,-0.17731585311204487
2013,NB,MIE,0.19633230663188259
2013,NL,MIE,-0.3135024406687021
2013,NS,MIE,0.1555903869322061
2013,NT,MIE,0.07572275227945681
2013,ON,MIE,0.009244586634668706
2013,QC,MIE,0.058602897057221215
2013,SK,MIE,0.11896575377392761
2013,AB,MIE,-0.16678794836288316
2014,BC,MIE,0.059419850732920734
2014,MB,MIE,-0.36824140071388606
2014,NB,MIE,0.13591196014739293
2014,NL,MIE,-0.1887992541805776
2014,NS,MIE,0.2358766398088229
2014,NT,MIE,0.13223876594662953
2014,ON,MIE,-0.03213432156710738
2014,QC,MIE,0.058701183850939365
2014,SK,MIE,0.14516587666336692
2014,AB,MIE,-0.17813930068850128
2015,BC,MIE,0.10768881889169031
2015,MB,MIE,-0.1634252465142916
2015,NB,MIE,0.06987020199298771
2015,NL,MIE,-0.31883993391689047
2015,NS,MIE,0.21936025378561544
2015,NT,MIE,0.12532912491739254
2015,ON,MIE,-0.06962200721633076
2015,QC,MIE,0.05710713052426693
2015,SK,MIE,0.19638392809073416
2015,AB,MIE,-0.2238522705551742
2016,BC,MIE,0.05169038091466147
2016,MB,MIE,-0.2070903496602069
2016,NB,MIE,0.09468921305093214
2016,NL,MIE,-0.22234046517329548
2016,NS,MIE,0.2186981582952405
2016,NT,MIE,0.14729789410066602
2016,ON,MIE,-0.04315612810075867
2016,QC,MIE,0.04073071347344008
2016,SK,MIE,0.1144471064990984
2016,AB,MIE,-0.19496652339977752
2017,BC,MIE,0.03169145740879028
2017,MB,MIE,-0.3357569274117705
2017,NB,MIE,0.09645570652852206
2017,NL,MIE,-0.04939871468606438
2017,NS,MIE,0.20018419156465225
2017,NT,MIE,0.14529353395980116
2017,ON,MIE,0.014285794348605524
2017,QC,MIE,-0.017454354466760042
2017,SK,MIE,0.0844050946186472
2017,AB,MIE,-0.1697057818644236
2018,BC,MIE,0.051438102894526376
2018,MB,MIE,-0.30058571768697423
2018,NB,MIE,0.0057795150233099345
2018,NL,MIE,-0.09818455199901881
2018,NS,MIE,0.18959458927229017
2018,NT,MIE,0.09544153971562036
2018,ON,MIE,0.00785522254842739
2018,QC,MIE,0.14150668058583077
2018,SK,MIE,0.06819897290282873
2018,AB,MIE,-0.1610443532568407
2019,BC,MIE,0.00202238002532191
2019,MB,MIE,-0.41423639128222134
2019,NB,MIE,0.03082254929270516
2019,NL,MIE,0.0487079507721305
2019,NS,MIE,0.18576406005476798
2019,NT,MIE,0.12218658148779575
2019,ON,MIE,-0.02329684761951896
2019,QC,MIE,0.12804377337176825
2019,SK,MIE,0.054218707380540146
2019,AB,MIE,-0.13423276348328939
2020,BC,MIE,-0.055109850466948496
2020,MB,MIE,-0.2805107534731768
2020,NB,MIE,0.03436021300465331
2020,NL,MIE,0.004733552904686307
2020,NT,MIE,0.11734193621122778
2020,ON,MIE,-0.05467665885960832
2020,QC,MIE,0.1985659131091131
2020,SK,MIE,0.06691068970225539
2020,AB,MIE,-0.03161504213220227
2021,BC,MIE,0.10000481545897999
2021,MB,MIE,-0.47905227092435676
2021,NB,MIE,0.16487617667322302
2021,NL,MIE,-0.3947559214247188
2021,NT,MIE,0.19956838593773682
2021,ON,MIE,0.06289947464700608
2021,QC,MIE,0.28318856961586736
2021,SK,MIE,0.07248917822997426
2021,AB,MIE,-0.009218408213711948
2022,BC,MIE,-0.002051155864211563
2022,NB,MIE,0.06187539821383632
2022,NT,MIE,0.1370881072150223
2022,ON,MIE,-0.10827809344092532
2022,QC,MIE,0.12616978728971567
2022,SK,MIE,0.004608407129441969
2022,AB,MIE,-0.2194124505428794
2010,BC,MIN,-0.03195142040278357
2010,MB,MIN,0.05192812227697739
2010,NU,MIN,0.004784483925610462
2010,ON,MIN,-0.027825669324725494
2010,QC,MIN,-0.028278670869545858
2010,SK,MIN,0.002498067229813515
2010,YT,MIN,-0.0573258272151896
2010,AB,MIN,0.029148877766858372
2010,NL,MIN,-0.010083472691285317
2010,NS,MIN,0.04388460573515049
2010,PE,MIN,-0.15197475045315006
2010,NB,MIN,0.10455632130025701
2010,NT,MIN,0.07063933272201264
2011,BC,MIN,-0.02429472968590716
2011,MB,MIN,0.04224106872955404
2011,ON,MIN,-0.0358943659045058
2011,QC,MIN,-0.022022048755534186
2011,SK,MIN,0.03576469764494384
2011,AB,MIN,0.03839314508385539
2011,NU,MIN,-0.0839448205165547
2011,YT,MIN,0.008471106857670392
2011,NL,MIN,-0.038088793039137606
2011,NS,MIN,0.0449292982757653
2011,PE,MIN,-0.1446567777475851
2011,NB,MIN,0.09838997579632783
2011,NT,MIN,0.08071224326110782
2012,BC,MIN,-0.03143069021646494
2012,MB,MIN,0.01896055377141314
2012,ON,MIN,-0.04006136750209999
2012,QC,MIN,-0.022431244263696262
2012,SK,MIN,0.012834009694794736
2012,YT,MIN,0.006207111607524553
2012,AB,MIN,0.063055924525759
2012,NL,MIN,-0.034261788966652426
2012,NS,MIN,0.05540169905589241
2012,PE,MIN,-0.12464571727323215
2012,NB,MIN,0.07850363852078468
2012,NU,MIN,-0.06470952985317657
2012,NT,MIN,0.0825774008991538
2013,BC,MIN,0.002675010873835461
2013,MB,MIN,0.015244374552321
2013,ON,MIN,-4.145689905980521e-4
2013,QC,MIN,-0.013390668547854197
2013,SK,MIN,0.0227329462838866
2013,YT,MIN,0.007275300891584818
2013,AB,MIN,0.032316292708808564
2013,NL,MIN,-0.029116957928499
2013,NS,MIN,0.010729508524879867
2013,PE,MIN,-0.0911878784100297
2013,NB,MIN,0.10762563768969981
2013,NU,MIN,-0.1561642337473983
2013,NT,MIN,0.09167523609936316
2014,BC,MIN,-0.04046539855501595
2014,MB,MIN,0.003946784796236891
2014,ON,MIN,-0.0011618595779380528
2014,QC,MIN,-0.010192031003557839
2014,SK,MIN,0.0279245702983449
2014,YT,MIN,0.0036162240386332298
2014,AB,MIN,0.025895349135670917
2014,NL,MIN,-0.07733997397470041
2014,NS,MIN,0.0405903823352214
2014,PE,MIN,-0.11848841487881163
2014,NB,MIN,0.1264773221057861
2014,NU,MIN,-0.032805376300732506
2014,NT,MIN,0.05200242158086295
2015,BC,MIN,0.01820231831766217
2015,MB,MIN,0.02781058664268546
2015,ON,MIN,-0.017796832953681924
2015,QC,MIN,-0.004168542287569972
2015,SK,MIN,0.03358256337280459
2015,AB,MIN,-0.0014435181405431097
2015,YT,MIN,-0.011590514389276274
2015,NL,MIN,-0.032358517153051186
2015,NS,MIN,0.03224099530068013
2015,PE,MIN,-0.07016586975566333
2015,NB,MIN,0.10646153838644531
2015,NU,MIN,-0.1566832990625669
2015,NT,MIN,0.07590909172207508
2016,BC,MIN,-0.005824737935700514
2016,MB,MIN,0.04045977483506935
2016,NT,MIN,0.0859386090140733
2016,ON,MIN,-0.021571168960259506
2016,QC,MIN,-0.01217437502893813
2016,SK,MIN,-0.010072262897370024
2016,AB,MIN,0.006222027690855267
2016,YT,MIN,-0.012957676781380822
2016,NL,MIN,-0.03200316510947758
2016,NS,MIN,0.014990547423530079
2016,PE,MIN,-0.07033598836420671
2016,NB,MIN,0.039243798047387465
2016,NU,MIN,-0.021915381933582244
2017,BC,MIN,-0.03548393172204988
2017,MB,MIN,0.05189746687278371
2017,NT,MIN,0.09646334466358887
2017,ON,MIN,-0.031530693931787104
2017,QC,MIN,-0.004967105442086457
2017,SK,MIN,-0.01158686528998263
2017,AB,MIN,0.03166266354292287
2017,YT,MIN,-0.024144896659928083
2017,NL,MIN,-0.01685423877441758
2017,NS,MIN,0.016055301375274847
2017,PE,MIN,-0.08275743453916948
2017,NB,MIN,0.020875915228965203
2017,NU,MIN,-0.009629525324114353
2018,BC,MIN,-0.02940156028033951
2018,MB,MIN,0.06389153565134577
2018,NT,MIN,0.0694281944906217
2018,ON,MIN,-0.048196317998822596
2018,QC,MIN,-0.020297185976230675
2018,SK,MIN,-0.0012225902053459997
2018,AB,MIN,0.03685377464767406
2018,YT,MIN,-0.04290697520949683
2018,NL,MIN,0.050060523657141615
2018,NS,MIN,0.002806541406861693
2018,PE,MIN,-0.09846050795879895
2018,NB,MIN,0.03304752347031928
2018,NU,MIN,-0.01560295569492956
2019,BC,MIN,-0.03428893458966021
2019,MB,MIN,0.05231901924283879
2019,NT,MIN,0.0697590303740114
2019,ON,MIN,-0.044110675716463384
2019,QC,MIN,-0.01170410977802417
2019,SK,MIN,-0.0025642010314974456
2019,AB,MIN,0.05402541481329561
2019,YT,MIN,-0.04055678560010164
2019,NL,MIN,0.05407031759740422
2019,NS,MIN,-0.0019170812385298774
2019,PE,MIN,-0.09481883663535338
2019,NB,MIN,0.023312009405520896
2019,NU,MIN,-0.023525166843440866
2020,BC,MIN,-0.046889418469981826
2020,MB,MIN,0.052191288466710006
2020,NT,MIN,0.0678071262714782
2020,ON,MIN,-0.05061209354120187
2020,QC,MIN,-0.015152677416278182
2020,SK,MIN,-0.010247338961463529
2020,AB,MIN,0.0540078572874383
2020,YT,MIN,-0.016442792533838395
2020,NL,MIN,0.06321931060135005
2020,NS,MIN,-0.009718017497549296
2020,PE,MIN,-0.10831073835408468
2020,NB,MIN,0.01854637039166794
2020,NU,MIN,0.001601123755753206
2021,BC,MIN,-0.038965628764305385
2021,MB,MIN,0.03926806577029554
2021,NT,MIN,0.07443897254319934
2021,ON,MIN,-0.05296556574961506
2021,QC,MIN,-0.019996917027512683
2021,SK,MIN,0.030304647512646082
2021,AB,MIN,0.0375985819353766
2021,YT,MIN,-0.03999022409303879
2021,NL,MIN,0.07661771009727786
2021,NS,MIN,-0.004177457990897304
2021,PE,MIN,-0.10592704627684785
2021,NB,MIN,0.011839897418391476
2021,NU,MIN,-0.008045035374969839
2022,BC,MIN,-0.047185277030027076
2022,MB,MIN,0.013094117773758268
2022,NT,MIN,0.07252807713537225
2022,ON,MIN,-0.02819569006242298
2022,QC,MIN,0.0029424433102563513
2022,SK,MIN,0.024267091478078318
2022,AB,MIN,0.037294545440415314
2022,YT,MIN,-0.02735332474291869
2022,NL,MIN,0.063013114374792
2022,NS,MIN,-0.005304824530219562
2022,PE,MIN,-0.10602720701965862
2022,NB,MIN,0.018989465727919874
2022,NU,MIN,-0.01806253185534553
2010,BC,MIS,-0.1982963787339435
2010,NB,MIS,0.22561394957943004
2010,NL,MIS,-0.6510885302683022
2010,NS,MIS,1.0610988906868557
2010,NT,MIS,-0.031575713934291705
2010,NU,MIS,0.08450610959234628
2010,ON,MIS,-0.08608587740207219
2010,QC,MIS,-0.1786472716173464
2010,SK,MIS,-0.057706039365220785
2010,YT,MIS,-0.18482800907558233
2010,AB,MIS,0.017008870538126497
2011,BC,MIS,-0.10441823149934126
2011,NB,MIS,0.374474239915468
2011,NL,MIS,-0.7123248296423585
2011,NS,MIS,1.1093672467416968
2011,NT,MIS,0.0038529051740662235
2011,NU,MIS,-0.4028346149407622
2011,ON,MIS,-0.08740544807062633
2011,QC,MIS,-0.06830401661289803
2011,SK,MIS,0.043626694352628226
2011,YT,MIS,-0.2740144964311158
2011,AB,MIS,0.1179805510132429
2012,BC,MIS,-0.16045639728597633
2012,NB,MIS,0.13050919979074282
2012,NL,MIS,-0.6636352355446042
2012,NS,MIS,0.9458136890899157
2012,NT,MIS,-0.12126626702478266
2012,NU,MIS,0.26476483630239545
2012,ON,MIS,-0.12253318304056071
2012,QC,MIS,-0.06676227429365522
2012,SK,MIS,-0.01758984030696953
2012,YT,MIS,-0.23263775704066836
2012,AB,MIS,0.04379322935416319
2013,BC,MIS,-0.04377017493769214
2013,MB,MIS,0.2676706903115631
2013,NL,MIS,0.044113082353722355
2013,NT,MIS,0.20869008729736882
2013,ON,MIS,-0.2547330289359969
2013,QC,MIS,-0.07651414210784785
2013,SK,MIS,0.1760879907521774
2013,YT,MIS,-0.2361819395358688
2013,AB,MIS,0.2612695519910526
2013,NS,MIS,-0.0021548684022914544
2013,NB,MIS,-0.344477248786187
2014,BC,MIS,-0.03676029873844855
2014,MB,MIS,0.052957725693979274
2014,NL,MIS,0.28125058238695366
2014,NT,MIS,-0.00403140978294847
2014,ON,MIS,-0.33785355509291937
2014,QC,MIS,0.0498881373987613
2014,SK,MIS,0.10750697675471399
2014,YT,MIS,-0.22988149434588584
2014,AB,MIS,0.3103698811323945
2014,NS,MIS,0.39793447443458574
2014,NB,MIS,-0.5913810198411867
2015,BC,MIS,-0.0514919557833059
2015,MB,MIS,0.3963922333405293
2015,NL,MIS,0.3931633429630125
2015,NT,MIS,0.10861157924448017
2015,ON,MIS,-0.39096240200699317
2015,QC,MIS,-0.006671573652301976
2015,SK,MIS,-0.09232561208303602
2015,YT,MIS,-0.36962934147248244
2015,AB,MIS,0.35019773923058095
2015,NS,MIS,0.1595170379885983
2015,NB,MIS,-0.4968010477690818
2016,BC,MIS,-0.1434602361867111
2016,MB,MIS,0.43848590771822105
2016,NS,MIS,-0.14139928535879726
2016,NT,MIS,0.1425244295637199
2016,ON,MIS,-0.3757145235116706
2016,QC,MIS,0.008099362108949792
2016,SK,MIS,-0.07053666915763668
2016,YT,MIS,-0.44334270485315175
2016,AB,MIS,0.22337426758925527
2016,NL,MIS,0.9345121120182289
2016,NB,MIS,-0.5725426599304074
2017,BC,MIS,-0.2281435589361931
2017,MB,MIS,0.3613116217296397
2017,NT,MIS,0.0236040076848536
2017,ON,MIS,-0.28065030395561247
2017,QC,MIS,0.12784627673442417
2017,SK,MIS,-0.08041032029043343
2017,YT,MIS,-0.45248804548071564
2017,AB,MIS,0.39239133960657646
2017,NL,MIS,0.9404118590264869
2017,NB,MIS,-0.4217656533754245
2017,NS,MIS,-0.3821072227436021
2018,BC,MIS,-0.1792496278283785
2018,MB,MIS,0.37355096638808727
2018,NL,MIS,0.9312273522204726
2018,NS,MIS,-0.2994905740338675
2018,NT,MIS,0.2554483403881048
2018,ON,MIS,-0.3332711355429363
2018,QC,MIS,-0.18757839608328475
2018,SK,MIS,-0.07334521067018585
2018,YT,MIS,-0.26678972211834556
2018,AB,MIS,0.06403526848027585
2018,NB,MIS,-0.28453726119994216
2019,BC,MIS,-0.14339779611131537
2019,MB,MIS,0.5939551151785368
2019,NL,MIS,0.6893493702187753
2019,NS,MIS,-0.2744861075918698
2019,NT,MIS,0.33824969125005167
2019,ON,MIS,-0.3616189015569841
2019,QC,MIS,-0.2288110964613323
2019,SK,MIS,-0.1952219726738092
2019,YT,MIS,-0.30526740187573265
2019,AB,MIS,0.14029110797298983
2019,NB,MIS,-0.2530420083493101
2020,BC,MIS,-0.14597401560596857
2020,MB,MIS,0.6765203306256519
2020,NL,MIS,0.6596679775470312
2020,NS,MIS,-0.255343442909085
2020,NT,MIS,0.29470573628399643
2020,ON,MIS,-0.3396156751302528
2020,QC,MIS,-0.15537655814064794
2020,SK,MIS,-0.1380640698213737
2020,YT,MIS,-0.2907633638535032
2020,AB,MIS,0.12173610701627635
2020,NB,MIS,-0.42749302601212447
2021,BC,MIS,-0.04062584525434665
2021,MB,MIS,0.6533472407575228
2021,NL,MIS,0.6336457084281105
2021,NS,MIS,-0.2529896464112024
2021,NT,MIS,0.06318146587847806
2021,ON,MIS,-0.3458747849861662
2021,QC,MIS,-0.14006797309301433
2021,SK,MIS,-0.16447063379918864
2021,YT,MIS,-0.2073246236780863
2021,AB,MIS,0.26022529020031915
2021,NB,MIS,-0.45904619804242547
2022,BC,MIS,-0.09269207790116474
2022,MB,MIS,0.847244177067084
2022,NL,MIS,0.45590018888110784
2022,NT,MIS,0.16796403883216027
2022,ON,MIS,-0.43879281581869145
2022,QC,MIS,-0.16206330564277754
2022,SK,MIS,-0.08235210630814571
2022,YT,MIS,-0.08466207063241793
2022,AB,MIS,0.3235862139335901
2022,NB,MIS,-0.24325287435827575
2022,NS,MIS,-0.690879368052469
2010,BC,MTV,-0.5065986720632354
2010,MB,MTV,-0.12341472852230706
2010,NB,MTV,0.2747578365556446
2010,NL,MTV,0.35570030826273785
2010,NS,MTV,0.7265801140372736
2010,ON,MTV,-0.46127227460075754
2010,PE,MTV,0.5301591067345205
2010,QC,MTV,-0.07279124399728176
2010,SK,MTV,-0.01982108305039454
2010,AB,MTV,-0.7032993633562001
2011,BC,MTV,-0.4418190182791937
2011,MB,MTV,-0.32653289418914055
2011,NB,MTV,0.26792748206061073
2011,NL,MTV,-0.18817745300781755
2011,NS,MTV,1.4460988253472027
2011,ON,MTV,-0.42528983398346
2011,PE,MTV,0.03455162331287431
2011,QC,MTV,-0.2811221618815758
2011,SK,MTV,0.3554446379751337
2011,AB,MTV,-0.4410812073546341
2012,BC,MTV,-0.6250688529523561
2012,MB,MTV,-0.13349904613217276
2012,NB,MTV,0.09692174934545073
2012,NL,MTV,0.4548461246654866
2012,NS,MTV,0.7296809473309815
2012,ON,MTV,0.14590056418055888
2012,PE,MTV,-0.018525306224572963
2012,QC,MTV,-0.04250192970893277
2012,SK,MTV,-0.10056576956729854
2012,AB,MTV,-0.5071884809371446
2013,BC,MTV,-0.8077258405619002
2013,MB,MTV,-0.012503365775359515
2013,NB,MTV,0.08720912250740154
2013,NL,MTV,0.9163968498740809
2013,NS,MTV,0.19868004830190877
2013,ON,MTV,-0.3304322025486023
2013,PE,MTV,-0.09706767067814114
2013,QC,MTV,0.3269668459070856
2013,SK,MTV,-0.07543463571051877
2013,AB,MTV,-0.20608915131595495
2014,BC,MTV,-0.8147287815746604
2014,MB,MTV,-0.0531783142792078
2014,NB,MTV,0.32091262213261224
2014,NL,MTV,0.4975308821462217
2014,NS,MTV,0.5168116588273195
2014,ON,MTV,-0.08231770492360735
2014,PE,MTV,-0.47993085718455336
2014,QC,MTV,0.37387728127486825
2014,SK,MTV,-0.1527027661274118
2014,AB,MTV,-0.12627402029158108
2015,BC,MTV,-0.8224582903359264
2015,MB,MTV,-0.040953685603125255
2015,NB,MTV,-0.07306049008246085
2015,NL,MTV,1.3720171280904503
2015,NS,MTV,0.3201852944708535
2015,ON,MTV,-0.08940079366317963
2015,PE,MTV,0.11171090764089019
2015,QC,MTV,-0.25122955988822154
2015,SK,MTV,-0.14139158717303565
2015,AB,MTV,-0.3854189234562446
2016,BC,MTV,-0.34965804762501346
2016,MB,MTV,-0.19826180300738738
2016,NB,MTV,0.003693145215281947
2016,NS,MTV,1.3027230324349885
2016,ON,MTV,-0.09945283390900422
2016,PE,MTV,0.04219959235377954
2016,QC,MTV,-0.4578671667105207
2016,SK,MTV,0.18767138277608186
2016,AB,MTV,-0.4310473015282062
2017,BC,MTV,-0.2763137095537233
2017,MB,MTV,-0.17034063547545797
2017,NB,MTV,-0.05514656711242487
2017,NS,MTV,1.0276153498968466
2017,ON,MTV,0.0029470657192825697
2017,PE,MTV,0.18269656575871768
2017,QC,MTV,-0.4042282352045272
2017,SK,MTV,0.14482923013226906
2017,AB,MTV,-0.45205906416098246
2018,BC,MTV,-0.3210535961367504
2018,MB,MTV,0.09923604343458318
2018,NB,MTV,-0.2803035416830988
2018,NS,MTV,0.8326619638713951
2018,ON,MTV,-0.006908927578412022
2018,PE,MTV,0.16570652398550473
2018,QC,MTV,-0.3549742386179474
2018,SK,MTV,0.32843946378711514
2018,AB,MTV,-0.46280369106238956
2019,BC,MTV,-0.0398574796442641
2019,MB,MTV,-0.10355538389027832
2019,NB,MTV,-0.15452667633258246
2019,NL,MTV,0.7792930456039379
2019,NS,MTV,0.6404699807111441
2019,ON,MTV,0.03185752367344794
2019,PE,MTV,-0.14509866135033628
2019,QC,MTV,-0.45739180384406963
2019,SK,MTV,0.0716261733235698
2019,AB,MTV,-0.6228167182505691
2020,BC,MTV,0.10245935342407653
2020,MB,MTV,-0.2741026648642919
2020,NB,MTV,-0.11433763380434125
2020,NL,MTV,0.7683432309037763
2020,NS,MTV,1.1378844016536902
2020,ON,MTV,-0.2833577140049686
2020,PE,MTV,-0.37007594639680236
2020,QC,MTV,-0.587428764660427
2020,SK,MTV,0.17291290049453717
2020,AB,MTV,-0.5522971627452491
2021,BC,MTV,0.06847849176290371
2021,MB,MTV,-0.1627974281553421
2021,NB,MTV,-0.27061290644506547
2021,NS,MTV,1.3218297590256456
2021,ON,MTV,-0.2603782761417664
2021,PE,MTV,-0.1509086709374784
2021,QC,MTV,-0.3740109467754013
2021,SK,MTV,0.19453208535874766
2021,AB,MTV,-0.36613210769224325
2022,BC,MTV,0.09522116592310315
2022,MB,MTV,-0.13191852651021532
2022,NB,MTV,-0.3389309546387405
2022,NS,MTV,1.0394938059729815
2022,ON,MTV,0.037968156904637056
2022,PE,MTV,-0.08292624450443947
2022,QC,MTV,-0.29978409094312736
2022,SK,MTV,0.16229519801227443
2022,AB,MTV,-0.4814185102164733
2010,BC,NMM,-0.3910599754480558
2010,MB,NMM,-0.2663309107981458
2010,NB,NMM,-0.029374884472767926
2010,NL,NMM,0.723251074034946
2010,NS,NMM,0.4153652502223117
2010,ON,NMM,-0.4110121853658412
2010,PE,NMM,0.32809598338238904
2010,QC,NMM,-0.4052161022892211
2010,SK,NMM,0.43099942532266017
2010,AB,NMM,-0.3947176745882752
2011,BC,NMM,-0.36675778404025505
2011,MB,NMM,-0.2616841816638038
2011,NB,NMM,0.03118456588618887
2011,NL,NMM,0.6431451897480367
2011,NS,NMM,0.405855915159659
2011,ON,NMM,-0.530448478363705
2011,PE,NMM,0.39529170401455527
2011,QC,NMM,-0.3069524752148916
2011,SK,NMM,0.3867037025675265
2011,AB,NMM,-0.3963381580933111
2012,BC,NMM,-0.44090519103141596
2012,MB,NMM,-0.17778873946266482
2012,NB,NMM,-0.027256776941109728
2012,NL,NMM,0.5179908449428585
2012,NS,NMM,0.23093728597248142
2012,ON,NMM,-0.596719064753841
2012,PE,NMM,0.8452726405307507
2012,QC,NMM,-0.33290038583132586
2012,SK,NMM,0.4068329828671939
2012,AB,NMM,-0.4254635962929272
2013,BC,NMM,-0.2547810937851161
2013,MB,NMM,-0.3122395449097042
2013,NB,NMM,-0.3726509810721724
2013,NS,NMM,0.1810316294732558
2013,ON,NMM,-0.29661343520704114
2013,PE,NMM,0.4347171135368094
2013,QC,NMM,-0.11323149312710754
2013,SK,NMM,0.04018826580145668
2013,AB,NMM,-0.4615334371498282
2013,NL,NMM,1.1551129764394477
2014,BC,NMM,-0.27104045410671374
2014,MB,NMM,-0.2916925195071157
2014,NB,NMM,-0.33585651925807447
2014,NS,NMM,0.19426904640783918
2014,ON,NMM,-0.3221201548136341
2014,PE,NMM,0.5891054493867871
2014,QC,NMM,-0.1351118151377421
2014,SK,NMM,0.05598353444063567
2014,AB,NMM,-0.4313292823371847
2014,NL,NMM,1.2417793861647926
2014,NT,NMM,-0.29398667123958966
2015,BC,NMM,-0.5844900154420156
2015,MB,NMM,-0.18051997603464687
2015,NB,NMM,-0.45813149442094864
2015,NS,NMM,0.012265846442469919
2015,NT,NMM,0.30054940721151363
2015,ON,NMM,-0.25276311426835524
2015,PE,NMM,0.6618912673031832
2015,QC,NMM,-0.26607620708683394
2015,SK,NMM,-0.04408833917271096
2015,AB,NMM,-0.5488355237314555
2015,NL,NMM,1.3601981491997999
2016,BC,NMM,-0.3616836514643914
2016,MB,NMM,-0.24175473765743977
2016,NB,NMM,-0.33567098011405017
2016,NL,NMM,0.9220198150123033
2016,NS,NMM,0.19864830811392106
2016,NT,NMM,-0.10104902660874474
2016,ON,NMM,-0.4811957246253561
2016,PE,NMM,0.7594193844476199
2016,QC,NMM,-0.17353412596854928
2016,SK,NMM,0.002106940027143789
2016,AB,NMM,-0.3822687541068597
2016,YT,NMM,0.19496255294440315
2017,BC,NMM,-0.3152793633448335
2017,MB,NMM,-0.23819510571428523
2017,NB,NMM,-0.29366653857385955
2017,NL,NMM,0.9023989363874606
2017,NS,NMM,0.5083824271447771
2017,NT,NMM,-0.5106543597680111
2017,ON,NMM,-0.4631591462800758
2017,PE,NMM,0.42653751829761666
2017,QC,NMM,-0.16535676040294373
2017,SK,NMM,0.09085696093530185
2017,AB,NMM,-0.3377706120640731
2017,YT,NMM,0.3959060433829258
2018,BC,NMM,-0.38575517839466683
2018,MB,NMM,-0.23335735859647977
2018,NB,NMM,-0.3340360394300177
2018,NL,NMM,0.717837093057392
2018,NS,NMM,0.16805619110342515
2018,ON,NMM,-0.6169421508110593
2018,PE,NMM,0.6723854318624571
2018,QC,NMM,-0.22010993752750138
2018,SK,NMM,0.19992508139869739
2018,AB,NMM,-0.47302226972853945
2018,YT,NMM,0.505019137066293
2019,BC,NMM,-0.4152316657066195
2019,MB,NMM,-0.240690241086964
2019,NB,NMM,-0.3082851689918912
2019,NL,NMM,0.772606733204917
2019,NS,NMM,0.172083485260081
2019,ON,NMM,-0.6813943658067891
2019,PE,NMM,0.6401071983887209
2019,QC,NMM,-0.23272142871129453
2019,SK,NMM,0.20089655990996685
2019,AB,NMM,-0.4855186023954052
2019,YT,NMM,0.5781474959352777
2020,BC,NMM,-0.4024136652854945
2020,MB,NMM,-0.16829924029433202
2020,NB,NMM,-0.31310174192088264
2020,NL,NMM,0.9455624425569207
2020,NS,NMM,0.21600142933940175
2020,ON,NMM,-0.5925528380171208
2020,PE,NMM,0.6857570603600389
2020,QC,NMM,-0.1754073040921283
2020,SK,NMM,0.20880356077623397
2020,AB,NMM,-0.4616524254403164
2020,YT,NMM,0.05730272201767961
2021,BC,NMM,-0.35937598823242056
2021,MB,NMM,-0.15405128422805214
2021,NB,NMM,-0.2877323386725448
2021,NL,NMM,0.8915444052960706
2021,NS,NMM,0.19918678918631558
2021,ON,NMM,-0.5580996748421433
2021,PE,NMM,0.7241693784335961
2021,QC,NMM,-0.14400927366081845
2021,SK,NMM,0.15395054045876547
2021,AB,NMM,-0.4991179434571994
2021,YT,NMM,0.03353538971843101
2022,BC,NMM,-0.34105241273578485
2022,MB,NMM,-0.14879137205274212
2022,NB,NMM,-0.2734757797816282
2022,NL,NMM,0.8761756542109097
2022,NS,NMM,0.24332751627206056
2022,ON,NMM,-0.5814007606720787
2022,PE,NMM,0.6449905490380691
2022,QC,NMM,-0.13485254954183523
2022,SK,NMM,0.16803160076429513
2022,AB,NMM,-0.49124784170879626
2022,YT,NMM,0.03829539620753086
2010,BC,OSV,-0.40216745973011203
2010,MB,OSV,0.012517308086409606
2010,NB,OSV,0.13104405407533126
2010,NL,OSV,0.06134147670211121
2010,NS,OSV,-0.001034483936673103
2010,NT,OSV,0.17065587541749627
2010,NU,OSV,0.6780397435538733
2010,ON,OSV,-0.4501913604950927
2010,PE,OSV,-0.02494972316477667
2010,QC,OSV,-0.2146489871842694
2010,SK,OSV,0.3015141746685863
2010,YT,OSV,0.016326680995990994
2010,AB,OSV,-0.27844729898887544
2011,BC,OSV,-0.36717825203888527
2011,MB,OSV,-0.02213043548056476
2011,NB,OSV,0.12613597764008172
2011,NL,OSV,-0.021978328702174144
2011,NS,OSV,0.014676609783725869
2011,NT,OSV,0.15269837612266562
2011,NU,OSV,0.6787664532093804
2011,ON,OSV,-0.42409606202253225
2011,PE,OSV,-0.006437680406968516
2011,QC,OSV,-0.19436285443087714
2011,SK,OSV,0.3184718090895508
2011,YT,OSV,-0.0019558647885883906
2011,AB,OSV,-0.2526097479748143
2012,BC,OSV,-0.38586568340439215
2012,MB,OSV,-0.03931281093558803
2012,NB,OSV,0.12097612578198208
2012,NL,OSV,-0.010980564119714264
2012,NS,OSV,0.014614657002552489
2012,NT,OSV,0.1535053867632365
2012,NU,OSV,0.7264069832204185
2012,ON,OSV,-0.43008078576240494
2012,PE,OSV,-0.005844052903827557
2012,QC,OSV,-0.19782615403200043
2012,SK,OSV,0.30322084273423594
2012,YT,OSV,0.02026535439180882
2012,AB,OSV,-0.2690792987363073
2013,BC,OSV,-0.35807846712962826
2013,MB,OSV,-0.05902607249205338
2013,NB,OSV,0.16644570767128009
2013,NL,OSV,0.01598412758180162
2013,NS,OSV,0.08199760558151059
2013,NT,OSV,0.19883301971547795
2013,NU,OSV,0.5757603808384812
2013,ON,OSV,-0.38444576974743094
2013,PE,OSV,-0.11661029147866936
2013,QC,OSV,-0.12169594050311427
2013,SK,OSV,0.2141208077153115
2013,YT,OSV,-0.005508539120532785
2013,AB,OSV,-0.2077765686324338
2014,BC,OSV,-0.36409834972105704
2014,MB,OSV,-0.05262216479502391
2014,NB,OSV,0.1563741700588268
2014,NL,OSV,0.04044385736453854
2014,NS,OSV,0.08852637248494377
2014,NT,OSV,0.2257914095061585
2014,NU,OSV,0.5638057178581903
2014,ON,OSV,-0.4046152376073299
2014,PE,OSV,-0.12557056916099751
2014,QC,OSV,-0.12800672881435343
2014,SK,OSV,0.23131893501555778
2014,YT,OSV,-0.020973921397961004
2014,AB,OSV,-0.2103734907914927
2015,BC,OSV,-0.3938809246250201
2015,MB,OSV,-0.07761189155409265
2015,NB,OSV,0.16231572046179593
2015,NL,OSV,0.06139560065716526
2015,NS,OSV,0.06941768586209301
2015,NT,OSV,0.23082531990133576
2015,NU,OSV,0.6074187413030636
2015,ON,OSV,-0.3965928754305571
2015,PE,OSV,-0.14557311322367866
2015,QC,OSV,-0.16528046141342312
2015,SK,OSV,0.24801267072511907
2015,YT,OSV,0.027276896993754907
2015,AB,OSV,-0.22772336965755577
2016,BC,OSV,-0.370231884760547
2016,MB,OSV,-0.07365387394117706
2016,NB,OSV,0.17312966144362707
2016,NL,OSV,0.06845698460573602
2016,NS,OSV,0.09179471617660495
2016,NT,OSV,0.19663357590275243
2016,NU,OSV,0.49353379413304654
2016,ON,OSV,-0.38423127191452316
2016,PE,OSV,-0.1492345141906452
2016,QC,OSV,-0.15673609687281176
2016,SK,OSV,0.25347124906907015
2016,YT,OSV,0.05978350635781127
2016,AB,OSV,-0.2027158460089445
2017,BC,OSV,-0.38465669774721445
2017,MB,OSV,-0.07528634808937323
2017,NB,OSV,0.1648820532969017
2017,NL,OSV,0.06708760425867871
2017,NS,OSV,0.09138100943666455
2017,NT,OSV,0.2301925387972213
2017,NU,OSV,0.515758703963354
2017,ON,OSV,-0.4013238382351746
2017,PE,OSV,-0.15330411634604113
2017,QC,OSV,-0.17664668838854325
2017,SK,OSV,0.2570780954133189
2017,YT,OSV,0.08450823992105799
2017,AB,OSV,-0.21967055628085042
2018,BC,OSV,-0.3952531522344075
2018,MB,OSV,-0.13498474492286217
2018,NB,OSV,0.20948571996599974
2018,NL,OSV,0.20935080041296472
2018,NS,OSV,-0.04848091964690393
2018,NT,OSV,0.28877963194268397
2018,NU,OSV,0.5799196568619449
2018,ON,OSV,-0.5159839340864896
2018,PE,OSV,-0.036699421635331686
2018,QC,OSV,-0.27258803228873824
2018,SK,OSV,0.33359556530920387
2018,YT,OSV,0.09031044301949309
2018,AB,OSV,-0.3074516126975569
2019,BC,OSV,-0.3903810215559226
2019,MB,OSV,-0.1384124631908612
2019,NB,OSV,0.20546244325250207
2019,NL,OSV,0.207023083089934
2019,NS,OSV,-0.052401605128875484
2019,NT,OSV,0.30363386183758356
2019,NU,OSV,0.6003504019851524
2019,ON,OSV,-0.520686741568698
2019,PE,OSV,-0.05595772286562373
2019,QC,OSV,-0.27348175596689067
2019,SK,OSV,0.3348879487610813
2019,YT,OSV,0.08775589372524928
2019,AB,OSV,-0.307792322374631
2020,BC,OSV,-0.3825269235353579
2020,MB,OSV,-0.12584347343876123
2020,NB,OSV,0.20004426402483755
2020,NL,OSV,0.21026932629741857
2020,NS,OSV,-0.05468695684721481
2020,NT,OSV,0.3241880102128115
2020,NU,OSV,0.5469118559512485
2020,ON,OSV,-0.5116689888304753
2020,PE,OSV,-0.0501104269107846
2020,QC,OSV,-0.259133548966814
2020,SK,OSV,0.32920357741112705
2020,YT,OSV,0.07794147051726286
2020,AB,OSV,-0.30458818588529823
2021,BC,OSV,-0.37809161087880416
2021,MB,OSV,-0.14471299061222703
2021,NB,OSV,0.2081955926943303
2021,NL,OSV,0.21762085805725861
2021,NS,OSV,-0.05083655545923327
2021,NT,OSV,0.3306210114960353
2021,NU,OSV,0.554992971953212
2021,ON,OSV,-0.5153903789204944
2021,PE,OSV,-0.0401076284367613
2021,QC,OSV,-0.27729575907454584
2021,SK,OSV,0.33239147249291046
2021,YT,OSV,0.07160852872044754
2021,AB,OSV,-0.3089955120321276
2022,BC,OSV,-0.3562624913902328
2022,MB,OSV,-0.10432986994125726
2022,NB,OSV,0.2250903457703487
2022,NL,OSV,0.2067405257416871
2022,NS,OSV,-0.09473512838939147
2022,NT,OSV,0.28695973601643365
2022,NU,OSV,0.574938115130224
2022,ON,OSV,-0.5283094102009793
2022,PE,OSV,-0.008105735153684623
2022,QC,OSV,-0.250513643496357
2022,SK,OSV,0.3118677619197854
2022,YT,OSV,0.03132484410433656
2022,AB,OSV,-0.2946650501109129
2010,BC,OTE,-0.1465077352839536
2010,MB,OTE,-0.1436296299988177
2010,NB,OTE,0.17769863328681235
2010,NL,OTE,0.2811039170975549
2010,NS,OTE,0.047050695816816895
2010,ON,OTE,-0.1801385353679648
2010,PE,OTE,0.18016410168356028
2010,QC,OTE,-0.2713546966605045
2010,SK,OTE,0.2769501754557299
2010,AB,OTE,-0.22133692602923366
2011,BC,OTE,-0.14649315517377565
2011,MB,OTE,-0.08785794811449217
2011,NB,OTE,0.21571077048228862
2011,NL,OTE,0.22134009498815924
2011,NS,OTE,-0.049409759476621136
2011,ON,OTE,-0.13027534941762112
2011,PE,OTE,0.16218403797791384
2011,QC,OTE,-0.26809780080656187
2011,SK,OTE,0.2992058505524233
2011,AB,OTE,-0.21630674101171307
2012,BC,OTE,-0.046599216535568165
2012,MB,OTE,0.07898334376167113
2012,NB,OTE,0.1143429924558928
2012,NL,OTE,0.2809818183189673
2012,NS,OTE,-0.05192834599817242
2012,ON,OTE,-0.1891180318873566
2012,PE,OTE,-0.06081653612640064
2012,QC,OTE,-0.26703914760141984
2012,SK,OTE,0.23500251397016894
2012,AB,OTE,-0.09380939035778252
2013,BC,OTE,-0.2069041890467412
2013,MB,OTE,0.07566301483659907
2013,NS,OTE,-0.14986883423777003
2013,ON,OTE,-0.21533833558785953
2013,PE,OTE,0.035056730032270625
2013,QC,OTE,-0.16562298058073943
2013,SK,OTE,0.18863031488189888
2013,AB,OTE,-0.25051126058039436
2013,NB,OTE,0.30167839347416237
2013,NL,OTE,0.38721714680857355
2014,BC,OTE,-0.20127643652884777
2014,MB,OTE,0.03654052118748974
2014,NS,OTE,-0.17288100642333548
2014,ON,OTE,-0.24314538509458233
2014,PE,OTE,-0.0307301162387751
2014,QC,OTE,-0.17523125012755295
2014,SK,OTE,0.1918220663105464
2014,AB,OTE,-0.08702446574589942
2014,NB,OTE,0.2793673955667447
2014,NL,OTE,0.4025586770942121
2015,BC,OTE,-0.15893885507198022
2015,MB,OTE,0.004014578317445797
2015,NS,OTE,0.07368397024834553
2015,ON,OTE,-0.09916388150174367
2015,PE,OTE,-0.06562653068580068
2015,QC,OTE,-0.20369402877298856
2015,SK,OTE,0.2659557589530619
2015,AB,OTE,-0.16345296210433533
2015,NB,OTE,0.031201164528502884
2015,NL,OTE,0.3160207860894924
2016,BC,OTE,-0.034793668221760346
2016,MB,OTE,0.08137526228025879
2016,NS,OTE,-0.0681675634422503
2016,ON,OTE,-0.15344942436315687
2016,PE,OTE,0.010526567862594038
2016,QC,OTE,-0.20330805316903516
2016,SK,OTE,0.1249171456001266
2016,AB,OTE,-0.16716745196167182
2016,NB,OTE,0.13456319806709535
2016,NL,OTE,0.2755039873477998
2017,BC,OTE,-0.03458572839315961
2017,MB,OTE,-0.08896262966608848
2017,NS,OTE,0.04622192906460135
2017,ON,OTE,-0.09661690133244108
2017,PE,OTE,-0.08780662954213722
2017,QC,OTE,-0.1411111874616571
2017,SK,OTE,0.07904195742160774
2017,AB,OTE,-0.1095747092770887
2017,NB,OTE,0.12260840100363421
2017,NL,OTE,0.31078549818272894
2018,BC,OTE,-0.08558664167266929
2018,MB,OTE,-0.1411422640232192
2018,NS,OTE,0.19336586950364207
2018,ON,OTE,-0.12196692399181117
2018,PE,OTE,0.13757131711588086
2018,QC,OTE,-0.2654199511885837
2018,SK,OTE,0.03431127740771378
2018,AB,OTE,-0.0845690468604921
2018,NB,OTE,0.07139114819383491
2018,NL,OTE,0.2620452155157038
2019,BC,OTE,-0.15181620165954196
2019,MB,OTE,-0.11530445117882514
2019,NS,OTE,0.16287782147607982
2019,ON,OTE,-0.10499722728627468
2019,PE,OTE,0.17684536831941056
2019,QC,OTE,-0.2115451375768368
2019,AB,OTE,-0.11269487401316497
2019,NB,OTE,0.14102672994082244
2019,NL,OTE,0.21560797197833065
2020,BC,OTE,-0.15612092111338152
2020,MB,OTE,-0.1550058294181673
2020,NS,OTE,0.18486554075694026
2020,ON,OTE,-0.1108379028694089
2020,PE,OTE,0.19289279477011226
2020,QC,OTE,-0.218245846039939
2020,AB,OTE,-0.06484385768157051
2020,NB,OTE,0.0736626053615562
2020,NL,OTE,0.2536334162338586
2021,BC,OTE,-0.08842430736567958
2021,MB,OTE,-0.13702495755735924
2021,NS,OTE,0.16104115814893236
2021,ON,OTE,-0.13222261953384049
2021,PE,OTE,0.18156878157570402
2021,QC,OTE,-0.2428332528233653
2021,AB,OTE,-0.06566909616156742
2021,NB,OTE,0.07471214282919764
2021,NL,OTE,0.248852150887978
2022,BC,OTE,-0.10199730684846803
2022,MB,OTE,-0.12695542023811357
2022,NS,OTE,-0.04085048025841079
2022,ON,OTE,-0.07766050741166068
2022,PE,OTE,0.2311404606579208
2022,QC,OTE,-0.23844260870320044
2022,AB,OTE,-0.058325390718268005
2022,NB,OTE,0.11609367825806996
2022,NL,OTE,0.2969975752621309
2010,BC,PAP,-0.1469739033533932
2010,MB,PAP,-0.19690464918336778
2010,NB,PAP,0.06197158067031899
2010,NL,PAP,0.06692265528486424
2010,NS,PAP,-0.059233665376368
2010,NT,PAP,0.2992079374815527
2010,NU,PAP,0.44589351229904683
2010,ON,PAP,-0.2633744099957361
2010,PE,PAP,-0.10161899506517406
2010,QC,PAP,-0.16059567309594666
2010,SK,PAP,0.044347553386509614
2010,YT,PAP,0.22941934888358648
2010,AB,PAP,-0.21906129193589305
2011,BC,PAP,-0.17589411727028298
2011,MB,PAP,-0.22243848396739502
2011,NB,PAP,0.10012182048858485
2011,NL,PAP,0.13544701751297042
2011,NS,PAP,-0.07664814543714071
2011,NT,PAP,0.25268328239910776
2011,NU,PAP,0.4205366776726092
2011,ON,PAP,-0.15721409517457913
2011,PE,PAP,-0.13760311538072925
2011,QC,PAP,-0.15393979213296094
2011,SK,PAP,0.07160851946738603
2011,YT,PAP,0.16213393041105034
2011,AB,PAP,-0.2187934985886206
2012,BC,PAP,-0.14650450566999493
2012,MB,PAP,-0.1668943680917055
2012,NB,PAP,0.13497387525288448
2012,NL,PAP,0.08077477149177018
2012,NS,PAP,-0.05840497869216376
2012,NT,PAP,0.2788234519379569
2012,NU,PAP,0.14118998611533135
2012,ON,PAP,-0.16472634083099463
2012,PE,PAP,-0.05507328259866891
2012,QC,PAP,-0.16879946433123144
2012,SK,PAP,0.09124036714414206
2012,YT,PAP,0.21377812271745283
2012,AB,PAP,-0.18037763444477856
2013,BC,PAP,-0.1965523580899186
2013,MB,PAP,-0.09980924470972331
2013,NB,PAP,0.07750335785588956
2013,NL,PAP,0.09327840888027845
2013,NS,PAP,-0.15653930849497835
2013,NT,PAP,-0.2099506910727893
2013,ON,PAP,-0.2649483763213345
2013,PE,PAP,-0.001139241299554318
2013,QC,PAP,-0.10084286293899784
2013,SK,PAP,0.13299746814150304
2013,YT,PAP,0.5648971825403666
2013,AB,PAP,-0.1956340364676376
2013,NU,PAP,0.3567397019768962
2014,BC,PAP,-0.16604908916069555
2014,MB,PAP,-0.09823495946862347
2014,NB,PAP,0.07335786451474023
2014,NL,PAP,0.009470300592129652
2014,NS,PAP,-0.12926094013405437
2014,NT,PAP,-0.1977579512297447
2014,ON,PAP,-0.27877833715343675
2014,PE,PAP,-0.027051637586064894
2014,QC,PAP,-0.13538923413553183
2014,SK,PAP,0.04271239939517002
2014,YT,PAP,0.621340190262814
2014,AB,PAP,-0.20451373136034617
2014,NU,PAP,0.49015512546364387
2015,BC,PAP,-0.14076200808371736
2015,MB,PAP,-0.022494858355975294
2015,NB,PAP,0.18254230119796996
2015,NL,PAP,0.20199307819876644
2015,NS,PAP,-0.07491106416474276
2015,NT,PAP,0.10604226297797181
2015,ON,PAP,-0.22242462112059821
2015,PE,PAP,-0.04088440993335675
2015,QC,PAP,-0.09085752888585594
2015,SK,PAP,0.20346390456025015
2015,YT,PAP,0.006102827624591748
2015,AB,PAP,-0.10780988401530382
2016,BC,PAP,-0.11837547888175262
2016,MB,PAP,-0.07410462629125644
2016,NB,PAP,0.20760932102255875
2016,NL,PAP,0.12029618814471728
2016,NS,PAP,-0.08992315394111729
2016,NT,PAP,-0.0636404981599564
2016,ON,PAP,-0.164931556703247
2016,PE,PAP,-0.03415444281736564
2016,QC,PAP,-0.05140184711703928
2016,SK,PAP,0.1575956143505408
2016,YT,PAP,0.23297181360337818
2016,AB,PAP,-0.1219413332094604
2017,BC,PAP,-0.10217968489857747
2017,MB,PAP,-0.08599341043189476
2017,NB,PAP,0.21216936427950958
2017,NL,PAP,0.12333374397640176
2017,NS,PAP,-0.08901775620612147
2017,NT,PAP,-0.08046621215078177
2017,ON,PAP,-0.154276130104237
2017,PE,PAP,-0.03878831279588711
2017,QC,PAP,-0.07346330953466579
2017,SK,PAP,0.16459281812598114
2017,YT,PAP,0.24382885472378474
2017,AB,PAP,-0.11973996498351185
2018,BC,PAP,-0.08883169420935512
2018,MB,PAP,-0.08414777502156398
2018,NB,PAP,0.21284329558768134
2018,NL,PAP,0.09177658400125269
2018,NS,PAP,-0.08008029395076154
2018,NT,PAP,-0.14895137473565986
2018,ON,PAP,-0.17317301699701806
2018,PE,PAP,-0.014850686184256747
2018,QC,PAP,-0.07933859932801082
2018,SK,PAP,0.1713692027247196
2018,YT,PAP,0.3115713068901069
2018,AB,PAP,-0.11818694877713441
2019,BC,PAP,-0.10134388480005882
2019,MB,PAP,-0.08809153109018991
2019,NB,PAP,0.20330531521130954
2019,NL,PAP,0.11802263175746484
2019,NS,PAP,-0.08580074403571875
2019,NT,PAP,-0.15405460285406627
2019,ON,PAP,-0.16147176637860075
2019,PE,PAP,-2.265719508767923e-4
2019,QC,PAP,-0.04695397599665388
2019,SK,PAP,0.15694415507057244
2019,YT,PAP,0.29056002947402376
2019,AB,PAP,-0.13088905440720539
2020,BC,PAP,-0.11050417376332584
2020,MB,PAP,-0.10043544682734946
2020,NB,PAP,0.20070482865307665
2020,NL,PAP,0.12315276576112108
2020,NS,PAP,-0.08260622010634101
2020,NT,PAP,-0.16572629915794707
2020,ON,PAP,-0.15374060033201098
2020,PE,PAP,-0.030978453328027802
2020,QC,PAP,-0.04474742504320242
2020,SK,PAP,0.16571915937482107
2020,YT,PAP,0.29327069276052986
2020,AB,PAP,-0.09410882799134414
2021,BC,PAP,-0.10481004645456893
2021,MB,PAP,-0.08427098210495709
2021,NB,PAP,0.2483994120241487
2021,NL,PAP,0.11642746153139663
2021,NS,PAP,-0.08402387135255696
2021,NT,PAP,-0.17675456949440213
2021,ON,PAP,-0.15389688973707005
2021,PE,PAP,-0.028794236302015434
2021,QC,PAP,-0.07134177564393146
2021,SK,PAP,0.15974891430740795
2021,YT,PAP,0.27890545574769
2021,AB,PAP,-0.09958887252114126
2022,BC,PAP,-0.009358369083686712
2022,MB,PAP,-0.08018007367216153
2022,NB,PAP,0.23812686324836518
2022,NL,PAP,0.15887929558339556
2022,NS,PAP,-0.07837817505719966
2022,NT,PAP,-0.031715768849185394
2022,ON,PAP,-0.21181095780301334
2022,PE,PAP,-0.09719786420910244
2022,QC,PAP,-0.08117789977838363
2022,SK,PAP,0.09447036761037703
2022,YT,PAP,0.2082166401326817
2022,AB,PAP,-0.10987405812208681
2010,BC,PET,-0.007582362914708157
2010,NB,PET,0.0058192289605983015
2010,NL,PET,0.04293348162465038
2010,NS,PET,0.0014890896412358672
2010,ON,PET,-0.02220841014085361
2010,QC,PET,-0.003138580477728463
2010,SK,PET,0.022028395856740247
2010,AB,PET,-0.039340842549934564
2011,BC,PET,-4.6396746825704514e-4
2011,NB,PET,0.008760202233914606
2011,NL,PET,0.03638065806856695
2011,NS,PET,0.0012045727746573913
2011,ON,PET,-0.030719310318619977
2011,QC,PET,-0.003998152849900174
2011,SK,PET,0.029523222419727636
2011,AB,PET,-0.04068722486008939
2012,BC,PET,-0.005048237386860074
2012,NB,PET,0.01036030611087041
2012,NL,PET,0.03987170017836711
2012,NS,PET,-6.016967480519143e-4
2012,ON,PET,-0.027361966952753707
2012,QC,PET,-0.004746744578602713
2012,SK,PET,0.027618654990745967
2012,AB,PET,-0.040092015613715073
2013,BC,PET,-0.02232616936128885
2013,NB,PET,-0.009017674039979062
2013,NL,PET,0.022058726942159605
2013,NS,PET,-0.0013660409031653695
2013,ON,PET,-0.032312116310881475
2013,PE,PET,0.07450291241444074
2013,QC,PET,-0.0100282663068387
2013,SK,PET,0.01582228834845348
2013,AB,PET,-0.03733366078290036
2014,BC,PET,-0.028921984574131067
2014,NB,PET,-0.016348680754038586
2014,NL,PET,0.025866669444736135
2014,NS,PET,0.03547533182977308
2014,ON,PET,-0.034014018276470215
2014,PE,PET,0.0628876910278667
2014,QC,PET,-0.012644737313785345
2014,SK,PET,0.008239531620370687
2014,AB,PET,-0.040539803004321404
2015,BC,PET,-0.033331855809656544
2015,MB,PET,0.07451685134726227
2015,NB,PET,-0.016379207173605647
2015,NL,PET,-0.006867557554656253
2015,NS,PET,0.02128001015650875
2015,ON,PET,-0.04605114135749693
2015,QC,PET,-0.016344977612588997
2015,SK,PET,0.0055980213510622365
2015,AB,PET,-0.03545545321599229
2015,PE,PET,0.0530353098691634
2016,BC,PET,-0.033627877770965486
2016,MB,PET,0.0579024759746413
2016,NB,PET,-0.009433464779068472
2016,NL,PET,0.010344693560850177
2016,NS,PET,0.01800369495107789
2016,ON,PET,-0.0421568206872699
2016,QC,PET,-0.01877230550751467
2016,SK,PET,0.008595870181951518
2016,AB,PET,-0.04428175999407745
2016,PE,PET,0.053425494070375106
2017,BC,PET,-0.03095174621545975
2017,MB,PET,0.013684454798003357
2017,NB,PET,-0.008107747154466861
2017,NL,PET,0.01870507743362419
2017,NS,PET,0.029766581874245645
2017,ON,PET,-0.03626162741773435
2017,QC,PET,-0.011099604823908302
2017,SK,PET,0.002107420777545707
2017,AB,PET,-0.038333271672347444
2017,PE,PET,0.06049046240049781
2018,BC,PET,-0.028259751188819668
2018,MB,PET,0.0021347615711755988
2018,NB,PET,1.2631893709054778e-4
2018,NL,PET,0.035966848043469515
2018,NS,PET,0.017755450438819025
2018,ON,PET,-0.0403041559871235
2018,QC,PET,-0.013903455743935644
2018,SK,PET,-0.0023739536346560376
2018,AB,PET,-0.0399053617993898
2018,PE,PET,0.06876329936336995
2019,BC,PET,-0.035000882709467426
2019,MB,PET,0.0214605075675224
2019,NB,PET,-0.012280266920496224
2019,NL,PET,0.013948951697950213
2019,NS,PET,0.05822616338105846
2019,ON,PET,-0.04471741507220398
2019,QC,PET,-0.0138806142318256
2019,SK,PET,-0.0030190096686642624
2019,AB,PET,-0.04855975016593624
2019,PE,PET,0.06382231612206268
2020,BC,PET,-0.03453659068907958
2020,MB,PET,0.04330344431258422
2020,NB,PET,1.2917778774556785e-4
2020,NL,PET,0.02171939882235225
2020,NS,PET,0.023278356276100275
2020,ON,PET,-0.0441659874367265
2020,QC,PET,-0.02657561310055675
2020,SK,PET,0.004047297803936818
2020,AB,PET,-0.05332601476118136
2020,PE,PET,0.06612653098482504
2021,BC,PET,-0.017118468365168657
2021,MB,PET,0.021885929425309824
2021,ON,PET,-0.02463529039963142
2021,QC,PET,-0.005682420281266783
2021,SK,PET,3.902620967563518e-4
2021,AB,PET,-0.026694480028753895
2021,NB,PET,-0.045312759929890103
2021,NS,PET,0.015084823143436867
2021,PE,PET,0.09569929690105022
2021,NL,PET,-0.013616892561842406
2022,BC,PET,-0.026406360394901286
2022,MB,PET,0.023403055881950373
2022,ON,PET,-0.02700501806222283
2022,QC,PET,-0.008647040975589573
2022,SK,PET,0.009503716702978247
2022,AB,PET,-0.03270940780170283
2022,NB,PET,-0.05370925755836391
2022,NS,PET,0.005728509832637306
2022,PE,PET,0.08856130841318102
2022,NL,PET,0.021280493962033506
2010,BC,PRF,-0.37717443105102244
2010,MB,PRF,-0.1298872911544547
2010,NB,PRF,-0.044143168691736456
2010,NL,PRF,0.048567095564863466
2010,NS,PRF,0.03508413002434388
2010,NT,PRF,0.13072477924617895
2010,NU,PRF,0.20420427047781572
2010,ON,PRF,-0.29450219198671906
2010,PE,PRF,0.3679806865016786
2010,QC,PRF,0.031234042996999473
2010,SK,PRF,0.17059361241889512
2010,YT,PRF,0.13255083797682296
2010,AB,PRF,-0.2752323723236654
2011,BC,PRF,-0.33731080362293875
2011,MB,PRF,-0.12793238179586536
2011,NB,PRF,-0.10614331174270039
2011,NL,PRF,0.06437896067809126
2011,NS,PRF,-0.006229160384656318
2011,NT,PRF,0.14256029584942978
2011,NU,PRF,0.17843591576493792
2011,ON,PRF,-0.2579437442926939
2011,PE,PRF,0.40542564810211645
2011,QC,PRF,0.036585192454048815
2011,SK,PRF,0.17713704451879028
2011,YT,PRF,0.06277923321495513
2011,AB,PRF,-0.23174288874351487
2012,BC,PRF,-0.2967612841379718
2012,MB,PRF,-0.07797180242018688
2012,NB,PRF,-0.04192432567642082
2012,NL,PRF,0.06616287382942765
2012,NS,PRF,0.07649164134140307
2012,NT,PRF,0.16537614421760088
2012,NU,PRF,0.16693126911437545
2012,ON,PRF,-0.25256893809757974
2012,PE,PRF,0.1695430681678114
2012,QC,PRF,0.07582628713362527
2012,SK,PRF,0.14414721516800444
2012,YT,PRF,0.0820268838440783
2012,AB,PRF,-0.27727903248416697
2013,BC,PRF,-0.3914056026157964
2013,MB,PRF,-0.05350631233667699
2013,NB,PRF,-0.08845459506576542
2013,NL,PRF,0.09108182607841869
2013,NS,PRF,0.011246263457863753
2013,NT,PRF,0.167407957313794
2013,NU,PRF,0.1803652340191207
2013,ON,PRF,-0.281067289166786
2013,PE,PRF,0.38398332064111373
2013,QC,PRF,0.06254276364863681
2013,SK,PRF,0.17633180326143516
2013,YT,PRF,0.02164238568445989
2013,AB,PRF,-0.28016775491981805
2014,BC,PRF,-0.34342823360724806
2014,MB,PRF,-0.15057903322352748
2014,NB,PRF,-0.05772030836746711
2014,NL,PRF,0.04230639387017873
2014,NS,PRF,0.05862612568813966
2014,NT,PRF,0.1776420114029085
2014,NU,PRF,0.2411246864290343
2014,ON,PRF,-0.262765464127899
2014,PE,PRF,0.297176307263769
2014,QC,PRF,0.031102199092114174
2014,SK,PRF,0.17114919307430246
2014,YT,PRF,0.059936770873691675
2014,AB,PRF,-0.26457064836799676
2015,BC,PRF,-0.35187192550565144
2015,MB,PRF,-0.15819444381471467
2015,NB,PRF,-0.041531530339184136
2015,NL,PRF,0.00666215548541646
2015,NS,PRF,0.05599303055807989
2015,NT,PRF,0.24303930430187556
2015,NU,PRF,0.32582920204388754
2015,ON,PRF,-0.2663531461546094
2015,PE,PRF,0.22325325619575306
2015,QC,PRF,0.011266858585888134
2015,SK,PRF,0.16888183385932756
2015,YT,PRF,0.023568568545829338
2015,AB,PRF,-0.24054316376189797
2016,BC,PRF,-0.37717142830927075
2016,MB,PRF,-0.13302365751270945
2016,NB,PRF,-0.037776201272825466
2016,NL,PRF,0.01391828929854902
2016,NS,PRF,0.12012171106705646
2016,NT,PRF,0.22756563832401563
2016,NU,PRF,0.2945555467633828
2016,ON,PRF,-0.2743051951979478
2016,PE,PRF,0.15456208959803322
2016,QC,PRF,-0.015103042828509217
2016,SK,PRF,0.1683244120662066
2016,YT,PRF,0.11357451470489263
2016,AB,PRF,-0.2552426767008737
2017,BC,PRF,-0.3771392088247451
2017,MB,PRF,-0.12531181721783224
2017,NB,PRF,-0.037075621150517074
2017,NL,PRF,0.033765200259689016
2017,NS,PRF,0.13082135395887814
2017,NT,PRF,0.23332232034549108
2017,NU,PRF,0.2659001749997394
2017,ON,PRF,-0.26821304268068263
2017,PE,PRF,0.1652730888257465
2017,QC,PRF,-0.023903500405919043
2017,SK,PRF,0.17673245187977635
2017,YT,PRF,0.07989072712723358
2017,AB,PRF,-0.254062127116858
2018,BC,PRF,-0.37636919729407126
2018,MB,PRF,-0.11696147121468374
2018,NB,PRF,-0.05059319572813556
2018,NL,PRF,-0.00297954156708255
2018,NS,PRF,0.1205906101400831
2018,NT,PRF,0.23359718858269024
2018,NU,PRF,0.22779951353448807
2018,ON,PRF,-0.2524810258068536
2018,PE,PRF,0.2365367243544047
2018,QC,PRF,-0.013476152772184835
2018,SK,PRF,0.17133010485238243
2018,YT,PRF,0.07707381930142676
2018,AB,PRF,-0.2540673763824639
2019,BC,PRF,-0.3705032339734691
2019,MB,PRF,-0.11888003407138072
2019,NB,PRF,-0.03706308460344143
2019,NL,PRF,0.025892602086495492
2019,NS,PRF,0.1543452127145308
2019,NT,PRF,0.2018513750849014
2019,NU,PRF,0.20716345004429818
2019,ON,PRF,-0.2443424856682243
2019,PE,PRF,0.19951612657087844
2019,QC,PRF,-0.045935864372718044
2019,SK,PRF,0.1912101789218629
2019,YT,PRF,0.07976762354712466
2019,AB,PRF,-0.24302186628085815
2020,BC,PRF,-0.3626843048649607
2020,MB,PRF,-0.12875753236216242
2020,NB,PRF,-0.03348075571168832
2020,NL,PRF,0.02421649272821491
2020,NS,PRF,0.158730352676071
2020,NT,PRF,0.18475904388642878
2020,NU,PRF,0.20163434959660675
2020,ON,PRF,-0.25126938139567717
2020,PE,PRF,0.1938934502039032
2020,QC,PRF,-0.056723713564960976
2020,SK,PRF,0.21257204639030713
2020,YT,PRF,0.09584766965095709
2020,AB,PRF,-0.23873771723303933
2021,BC,PRF,-0.3541676548149091
2021,MB,PRF,-0.1292561406057106
2021,NB,PRF,-0.030827112535642465
2021,NL,PRF,0.008971520530258875
2021,NS,PRF,0.16337025605028402
2021,NT,PRF,0.1827688141197494
2021,NU,PRF,0.17588478618096684
2021,ON,PRF,-0.238578423130152
2021,PE,PRF,0.21923815601681254
2021,QC,PRF,-0.05689405248024976
2021,SK,PRF,0.20059669347462197
2021,YT,PRF,0.09484512663764852
2021,AB,PRF,-0.2359519694436781
2022,BC,PRF,-0.35744850595201905
2022,MB,PRF,-0.09343047665705767
2022,NB,PRF,-0.04424917377623322
2022,NL,PRF,0.03291240141157262
2022,NS,PRF,0.16265563006736386
2022,NT,PRF,0.20178159485919764
2022,NU,PRF,0.14390213927572412
2022,ON,PRF,-0.23335965104447898
2022,PE,PRF,0.22849435298484874
2022,QC,PRF,-0.02826828791126701
2022,SK,PRF,0.15689348380062348
2022,YT,PRF,0.07510907609470549
2022,AB,PRF,-0.24499258315297986
2010,BC,PUB,-0.38898969571737435
2010,MB,PUB,-0.2103975240518314
2010,NB,PUB,-0.0030870168514320895
2010,NL,PUB,0.16453970051789762
2010,NS,PUB,-0.15620872772333053
2010,NT,PUB,0.5417265627246797
2010,NU,PUB,0.38971105392667754
2010,ON,PUB,-0.43681417874178674
2010,PE,PUB,0.19653905276754496
2010,QC,PUB,-0.32303632496819307
2010,SK,PUB,0.1058059647765141
2010,YT,PUB,0.3522331904728107
2010,AB,PUB,-0.23202205713217613
2011,BC,PUB,-0.39252801669525644
2011,MB,PUB,-0.21261847443164306
2011,NB,PUB,0.025975242386345077
2011,NL,PUB,0.1498111405834741
2011,NS,PUB,-0.14297659302361257
2011,NT,PUB,0.5634204629928974
2011,NU,PUB,0.5028033061690551
2011,ON,PUB,-0.4542796075851978
2011,PE,PUB,0.18504511953169672
2011,QC,PUB,-0.3052075864875932
2011,SK,PUB,0.017737992036831796
2011,YT,PUB,0.27926853487555353
2011,AB,PUB,-0.21645152035255058
2012,BC,PUB,-0.3656745930957814
2012,MB,PUB,-0.20296959851613341
2012,NB,PUB,-0.004242523916602292
2012,NL,PUB,0.16644822307117368
2012,NS,PUB,-0.10943847868758463
2012,NT,PUB,0.5736861902793001
2012,NU,PUB,0.45167285837877647
2012,ON,PUB,-0.4622634913058598
2012,PE,PUB,0.21096785234921867
2012,QC,PUB,-0.30566590684585965
2012,SK,PUB,0.028365065325352046
2012,YT,PUB,0.24507966166325967
2012,AB,PUB,-0.22596525869925949
2013,BC,PUB,-0.31822610365369286
2013,MB,PUB,-0.13416553103288995
2013,NB,PUB,8.713063811239818e-4
2013,NL,PUB,0.04625578392159513
2013,NS,PUB,-0.010119335387926753
2013,NT,PUB,0.6238381777720088
2013,NU,PUB,0.1826010908929574
2013,ON,PUB,-0.4300757205690585
2013,PE,PUB,0.20207866732732005
2013,QC,PUB,-0.27327632792091183
2013,SK,PUB,0.12437077731018042
2013,YT,PUB,0.17684051370561782
2013,AB,PUB,-0.19099329874632343
2014,BC,PUB,-0.3227948989909032
2014,MB,PUB,-0.08829940308204198
2014,NB,PUB,0.011880202757489744
2014,NL,PUB,0.1680232428974125
2014,NS,PUB,-0.027361697251541528
2014,NT,PUB,0.518528344812657
2014,NU,PUB,0.29595722306744815
2014,ON,PUB,-0.46266813472271817
2014,PE,PUB,0.1696653777569348
2014,QC,PUB,-0.3146160573443554
2014,SK,PUB,0.11119667978445846
2014,YT,PUB,0.13809534966132953
2014,AB,PUB,-0.19760622934617023
2015,BC,PUB,-0.38005536619326613
2015,MB,PUB,-0.0934503707785404
2015,NB,PUB,0.012661510783713859
2015,NL,PUB,0.13914495445685854
2015,NS,PUB,-0.0010964664892956777
2015,NT,PUB,0.6145815585043333
2015,NU,PUB,0.16234673053268678
2015,ON,PUB,-0.4658796066658801
2015,PE,PUB,0.20813928461085585
2015,QC,PUB,-0.29950654248579356
2015,SK,PUB,0.1059761226276773
2015,YT,PUB,0.18270082495537843
2015,AB,PUB,-0.1855626338587279
2016,BC,PUB,-0.4723727279035083
2016,MB,PUB,-0.12249951434104303
2016,NB,PUB,-0.040454709339454054
2016,NL,PUB,0.17186867942942546
2016,NS,PUB,-0.015485741605410275
2016,NT,PUB,0.7078090869320417
2016,NU,PUB,0.5654856566367576
2016,ON,PUB,-0.5519601824657102
2016,PE,PUB,0.07359401675171795
2016,QC,PUB,-0.3867025173751565
2016,SK,PUB,0.14258754920083672
2016,YT,PUB,0.24020959554095844
2016,AB,PUB,-0.31207919146145563
2017,BC,PUB,-0.4911661460773886
2017,MB,PUB,-0.09516226692267679
2017,NB,PUB,-0.06372744146820372
2017,NL,PUB,0.11840541163331264
2017,NS,PUB,0.022874079603003694
2017,NT,PUB,0.7101670262634967
2017,NU,PUB,0.47936052019439696
2017,ON,PUB,-0.5372260510670621
2017,PE,PUB,0.1752309004389952
2017,QC,PUB,-0.3629309359062783
2017,SK,PUB,0.14038999961385634
2017,YT,PUB,0.1959289816902891
2017,AB,PUB,-0.2921440779957411
2018,BC,PUB,-0.5482454937741464
2018,MB,PUB,-0.09182866796590158
2018,NB,PUB,-0.10628390685314104
2018,NL,PUB,0.08622983963671194
2018,NS,PUB,-0.003276596309456703
2018,NT,PUB,0.6881840501682299
2018,NU,PUB,0.8185564649989487
2018,ON,PUB,-0.5723287270459079
2018,PE,PUB,0.1562946036566577
2018,QC,PUB,-0.4032012835518591
2018,SK,PUB,0.1023685113598169
2018,YT,PUB,0.21611229449604202
2018,AB,PUB,-0.34258108881599447
2019,BC,PUB,-0.5408254098417695
2019,MB,PUB,-0.07246033402059443
2019,NB,PUB,-0.09126730287391979
2019,NL,PUB,0.11038267645758765
2019,NS,PUB,-0.014511318768351822
2019,NT,PUB,0.8066132088407375
2019,NU,PUB,0.5398675433027353
2019,ON,PUB,-0.5451010830894771
2019,PE,PUB,0.15036037328197555
2019,QC,PUB,-0.3892127639830805
2019,SK,PUB,0.1434386766522479
2019,YT,PUB,0.21737683801525987
2019,AB,PUB,-0.3146611039733509
2020,BC,PUB,-0.5299819442072145
2020,MB,PUB,-0.024496291155144345
2020,NB,PUB,-0.0672305000274617
2020,NL,PUB,0.07424176449009007
2020,NS,PUB,0.09157249014600233
2020,NT,PUB,0.7549370037669684
2020,NU,PUB,0.5243600036836946
2020,ON,PUB,-0.512410679276021
2020,PE,PUB,0.0794126340592452
2020,QC,PUB,-0.3114561410838798
2020,SK,PUB,0.07153447619128411
2020,YT,PUB,0.14169924012085394
2020,AB,PUB,-0.292182056708417
2021,BC,PUB,-0.5445508670078161
2021,MB,PUB,-0.029392564096296758
2021,NB,PUB,-0.09373583420332443
2021,NL,PUB,0.0456446244944822
2021,NS,PUB,0.07502075981946615
2021,NT,PUB,0.6453257403646304
2021,NU,PUB,0.8360269568999199
2021,ON,PUB,-0.5833179809118479
2021,PE,PUB,0.06717148349961177
2021,QC,PUB,-0.33397070674795554
2021,SK,PUB,0.0420751068373762
2021,YT,PUB,0.15761468392845923
2021,AB,PUB,-0.283911402876705
2022,BC,PUB,-0.5181659552444752
2022,MB,PUB,-0.005526259148686319
2022,NB,PUB,-0.062489390482435875
2022,NL,PUB,0.04544460354065105
2022,NS,PUB,0.03285014685154175
2022,NT,PUB,0.5883691773836166
2022,NU,PUB,0.7093521066826473
2022,ON,PUB,-0.5622094785350866
2022,PE,PUB,0.08789759601129432
2022,QC,PUB,-0.30776788689755213
2022,SK,PUB,0.06525236542178536
2022,YT,PUB,0.19897738622963207
2022,AB,PUB,-0.27198441181293226
2010,BC,REA,-0.19693141878770803
2010,MB,REA,0.08742419031294224
2010,NB,REA,0.06236502115189224
2010,NL,REA,0.02140375560382124
2010,NS,REA,-0.1545560923088145
2010,NT,REA,0.21946269453318612
2010,NU,REA,0.532721440927093
2010,ON,REA,-0.6002596205427979
2010,PE,REA,-0.1354622258424859
2010,QC,REA,0.10639060991325722
2010,SK,REA,0.3167626719587143
2010,YT,REA,0.012549030714306797
2010,AB,REA,-0.2718700576334068
2011,BC,REA,-0.23878029751289398
2011,MB,REA,0.05166929557191946
2011,NB,REA,0.07176408051763083
2011,NL,REA,-0.00405183208672133
2011,NS,REA,-0.18665001967938888
2011,NT,REA,0.39728602024031523
2011,NU,REA,0.5144848190067142
2011,ON,REA,-0.5943877220728856
2011,PE,REA,-0.1385797249098839
2011,QC,REA,0.08653571214518219
2011,SK,REA,0.25819092814624334
2011,YT,REA,0.08599822866531925
2011,AB,REA,-0.3034794880315501
2012,BC,REA,-0.2511910645981049
2012,MB,REA,0.04540308474375998
2012,NB,REA,0.06465447269924118
2012,NL,REA,-0.022126565671941822
2012,NS,REA,-0.18865693440253273
2012,NT,REA,0.5078193975936633
2012,NU,REA,0.512740475180808
2012,ON,REA,-0.5961857259847181
2012,PE,REA,-0.14529584439776655
2012,QC,REA,0.06904230967372904
2012,SK,REA,0.25466979497665854
2012,YT,REA,0.04787293560755723
2012,AB,REA,-0.2987463354203529
2013,BC,REA,-0.23599548367920142
2013,MB,REA,0.06054923408612434
2013,NB,REA,0.07121144940646096
2013,NL,REA,-0.007852796192929556
2013,NS,REA,-0.1841500453149315
2013,NT,REA,0.4268015196426671
2013,NU,REA,0.6141636228085823
2013,ON,REA,-0.5850380897832129
2013,PE,REA,-0.13626462989079868
2013,QC,REA,0.06417655610216388
2013,SK,REA,0.22048149661660044
2013,YT,REA,0.017229270469401148
2013,AB,REA,-0.325312104270926
2014,BC,REA,-0.23243926995738418
2014,MB,REA,0.06656596701901452
2014,NB,REA,0.04411638430803544
2014,NL,REA,0.014238463676052193
2014,NS,REA,-0.18354128709851314
2014,NT,REA,0.4459882427078268
2014,NU,REA,0.6335931203725116
2014,ON,REA,-0.6339141411424608
2014,PE,REA,-0.14748472627997045
2014,QC,REA,0.06997692092683727
2014,SK,REA,0.21520666350768458
2014,YT,REA,0.006106093747178298
2014,AB,REA,-0.298412431786812
2015,BC,REA,-0.23590284263608086
2015,MB,REA,0.06008271207660587
2015,NB,REA,0.04312694994846056
2015,NL,REA,0.03277712001728961
2015,NS,REA,-0.18552244859326927
2015,NT,REA,0.4618509843729488
2015,NU,REA,0.6152067489880031
2015,ON,REA,-0.6434212536471693
2015,PE,REA,-0.15046083846285374
2015,QC,REA,0.06403913514573367
2015,SK,REA,0.20622810619803067
2015,YT,REA,0.036486247599866406
2015,AB,REA,-0.304490621007565
2016,BC,REA,-0.2347461779319232
2016,MB,REA,0.06791222988455314
2016,NB,REA,0.04721293805844218
2016,NL,REA,0.032514306174426855
2016,NS,REA,-0.18105825726549385
2016,NT,REA,0.3951878473551409
2016,NU,REA,0.6427381704835728
2016,ON,REA,-0.6361537823272692
2016,PE,REA,-0.1530724548607988
2016,QC,REA,0.06940572474403761
2016,SK,REA,0.20249315211621477
2016,YT,REA,0.03685577542628904
2016,AB,REA,-0.28928947185719245
2017,BC,REA,-0.2301711550837815
2017,MB,REA,0.06759340664854396
2017,NB,REA,0.04918501544542164
2017,NL,REA,0.03894549951589621
2017,NS,REA,-0.17911612256296872
2017,NT,REA,0.35547151126785514
2017,NU,REA,0.6891604395199625
2017,ON,REA,-0.6300922372942128
2017,PE,REA,-0.15114160352769712
2017,QC,REA,0.04682488780946581
2017,SK,REA,0.21486323889307835
2017,YT,REA,0.021713365251080363
2017,AB,REA,-0.29323624588264363
2018,BC,REA,-0.19898610187599675
2018,MB,REA,0.08188875599598289
2018,NB,REA,0.04015813214670805
2018,NL,REA,0.04210726012554322
2018,NS,REA,-0.17519568745740477
2018,NT,REA,0.26329760020266435
2018,NU,REA,0.6960528295125135
2018,ON,REA,-0.6690260927860404
2018,PE,REA,-0.13531168616447375
2018,QC,REA,0.05236580809156033
2018,SK,REA,0.2246363042830879
2018,YT,REA,0.05606801035290043
2018,AB,REA,-0.2780551324270447
2019,BC,REA,-0.19234110654039582
2019,MB,REA,0.08646915224514795
2019,NB,REA,0.044137951807084685
2019,NL,REA,0.04161816014631914
2019,NS,REA,-0.17427281824466156
2019,NT,REA,0.25543947649123855
2019,NU,REA,0.6998017897037646
2019,ON,REA,-0.675084416885801
2019,PE,REA,-0.1367759530424727
2019,QC,REA,0.05381402636619248
2019,SK,REA,0.2291964305991726
2019,YT,REA,0.038470755966369286
2019,AB,REA,-0.2704734486119581
2020,BC,REA,-0.18620038420653706
2020,MB,REA,0.0774916935338088
2020,NB,REA,0.04341793833790586
2020,NL,REA,0.041998199039917306
2020,NS,REA,-0.1737793348114398
2020,NT,REA,0.2624105037276717
2020,NU,REA,0.6910723592051881
2020,ON,REA,-0.6666232623475876
2020,PE,REA,-0.1506813394728177
2020,QC,REA,0.05096670599638142
2020,SK,REA,0.22232999640018958
2020,YT,REA,0.05312855078176126
2020,AB,REA,-0.26553162618444215
2021,BC,REA,-0.1890596495543363
2021,MB,REA,0.0792120118198345
2021,NB,REA,0.04969008033201261
2021,NL,REA,0.0429135531998599
2021,NS,REA,-0.16372054306868566
2021,NT,REA,0.25861369803993395
2021,NU,REA,0.6979693921299516
2021,ON,REA,-0.685999343044029
2021,PE,REA,-0.14080979585141518
2021,QC,REA,0.05761578273824941
2021,SK,REA,0.22714025117557324
2021,YT,REA,0.028432571054979205
2021,AB,REA,-0.2619980089719287
2022,BC,REA,-0.22788423687405712
2022,MB,REA,0.06854332144150987
2022,NB,REA,0.050906461925603885
2022,NL,REA,0.03523627824137354
2022,NS,REA,-0.27912233708747136
2022,NT,REA,0.4059586310090958
2022,NU,REA,0.6649799534876296
2022,ON,REA,-0.6074225480265244
2022,PE,REA,-0.10681029119662899
2022,QC,REA,0.06750633838039954
2022,SK,REA,0.16966496633173767
2022,YT,REA,0.009481719126490096
2022,AB,REA,-0.2510382567591587
2010,BC,RUB,-0.2630848709239392
2010,MB,RUB,-0.05989140273737281
2010,NB,RUB,-0.04597536230341848
2010,NL,RUB,0.049558478314806254
2010,NS,RUB,-0.24964478124651537
2010,NT,RUB,0.9133066572839381
2010,ON,RUB,-0.2117336003654616
2010,PE,RUB,-0.15712764096151974
2010,QC,RUB,-0.18931235227065854
2010,SK,RUB,-0.008613498680951487
2010,YT,RUB,0.48551625433962475
2010,AB,RUB,-0.2629978804485319
2011,BC,RUB,-0.24041551547290366
2011,MB,RUB,-0.043243237016483194
2011,NB,RUB,-0.039656262026681044
2011,NL,RUB,7.950803984834165e-4
2011,NS,RUB,-0.2142578511033608
2011,NT,RUB,0.6192093346745585
2011,ON,RUB,-0.2493885488473312
2011,PE,RUB,0.3292609836185957
2011,QC,RUB,-0.20018478410661517
2011,SK,RUB,-0.06587700045282702
2011,YT,RUB,0.36082959814640525
2011,AB,RUB,-0.25707179781184064
2012,BC,RUB,-0.17996980026005202
2012,MB,RUB,0.040663021637985644
2012,NB,RUB,0.13126987110778116
2012,NL,RUB,0.17097287724966187
2012,NS,RUB,-0.18759537028528733
2012,ON,RUB,-0.1557305219269315
2012,QC,RUB,-0.08196421201903213
2012,SK,RUB,9.592458571163753e-4
2012,YT,RUB,0.4705312168960625
2012,AB,RUB,-0.20913632825730455
2013,BC,RUB,-0.056488341615707066
2013,MB,RUB,-0.04947660346867981
2013,NB,RUB,0.15807125353364013
2013,NL,RUB,0.3404274461123785
2013,NS,RUB,-0.08088484837339133
2013,NT,RUB,-0.7101303667244396
2013,ON,RUB,0.08117005198656446
2013,QC,RUB,-0.008772540350640214
2013,SK,RUB,0.102294374523067
2013,YT,RUB,0.32985753234113085
2013,AB,RUB,-0.10606795796392299
2014,BC,RUB,-0.10249462260549501
2014,MB,RUB,-0.08209273538619935
2014,NB,RUB,0.06618688596116032
2014,NL,RUB,0.27391061056613997
2014,NS,RUB,-0.1323245061875879
2014,ON,RUB,-0.027121908937133246
2014,QC,RUB,-0.09238439810971197
2014,SK,RUB,0.027590292590428195
2014,YT,RUB,0.24059960377690298
2014,AB,RUB,-0.17186922166850394
2015,BC,RUB,0.04481702157816526
2015,MB,RUB,-0.08355267782690452
2015,NB,RUB,0.1963049954689627
2015,NL,RUB,0.2221114296992204
2015,NS,RUB,-0.13748731678047793
2015,NT,RUB,-0.7196902807651223
2015,ON,RUB,-0.016067528390822018
2015,QC,RUB,0.11206358865370757
2015,SK,RUB,0.2377184278846154
2015,YT,RUB,0.2312676718724283
2015,AB,RUB,-0.08748533139377285
2016,BC,RUB,-0.013058318813669686
2016,MB,RUB,-0.16551892994926648
2016,NB,RUB,0.18022139382008517
2016,NL,RUB,0.4203044528785234
2016,NS,RUB,-0.20353807911488472
2016,NT,RUB,-0.39325064787044894
2016,ON,RUB,-0.10928605532632345
2016,QC,RUB,-0.07877756909913736
2016,SK,RUB,0.2891801546230094
2016,YT,RUB,0.2635152622636386
2016,AB,RUB,-0.189791663411526
2017,BC,RUB,-0.25402467729968525
2017,MB,RUB,-0.15040164150452148
2017,NB,RUB,0.19076942144426517
2017,NL,RUB,0.3934479920456799
2017,NS,RUB,-0.17540835547138856
2017,NT,RUB,-0.16485212023628773
2017,ON,RUB,-0.15350498845658023
2017,QC,RUB,-0.10436094579054514
2017,SK,RUB,0.26905037148980104
2017,YT,RUB,0.30700871391403844
2017,AB,RUB,-0.1577237701347761
2018,BC,RUB,-0.2481924184092003
2018,MB,RUB,-0.1915642967645067
2018,NB,RUB,0.1345677849268577
2018,NL,RUB,0.33600194303493014
2018,NS,RUB,-0.1529954257660251
2018,NT,RUB,0.03297874661726291
2018,ON,RUB,-0.14020779797774918
2018,QC,RUB,-0.11170614676040683
2018,SK,RUB,0.24119165796188988
2018,YT,RUB,0.2885275384313718
2018,AB,RUB,-0.18860158529442436
2019,BC,RUB,-0.22760526311568957
2019,MB,RUB,-0.1909455435829912
2019,NB,RUB,0.08216204489505932
2019,NL,RUB,0.3628339583243666
2019,NS,RUB,-0.16148749050866815
2019,ON,RUB,-0.09614987046751126
2019,QC,RUB,-0.099569458948468
2019,SK,RUB,0.24084043281623138
2019,YT,RUB,0.27451948286562566
2019,AB,RUB,-0.18459829227795474
2020,BC,RUB,-0.2305843751493511
2020,MB,RUB,-0.18107761010758772
2020,NB,RUB,0.07054299780849041
2020,NL,RUB,0.34719104213019353
2020,NS,RUB,-0.16447348095949302
2020,ON,RUB,-0.0936236140867393
2020,QC,RUB,-0.0982568800058872
2020,SK,RUB,0.24414135745073473
2020,YT,RUB,0.28161499411031216
2020,AB,RUB,-0.17547443119067252
2021,BC,RUB,-0.19739787145223728
2021,MB,RUB,-0.1442065345983556
2021,NB,RUB,0.03967361339892886
2021,NL,RUB,0.35277250223642254
2021,NS,RUB,-0.21648760056168642
2021,ON,RUB,-0.08917653229655574
2021,QC,RUB,-0.104517167279908
2021,SK,RUB,0.19406307016290628
2021,YT,RUB,0.35302844762112273
2021,AB,RUB,-0.18775192723063755
2022,BC,RUB,-0.20776704616372807
2022,MB,RUB,-0.16688782828588358
2022,NB,RUB,0.06540763449659526
2022,NL,RUB,0.34252925624707586
2022,NS,RUB,-0.1578645976310752
2022,ON,RUB,-0.12787788525943572
2022,QC,RUB,-0.0836306189536446
2022,SK,RUB,0.2185738481636136
2022,YT,RUB,0.3132459996708429
2022,AB,RUB,-0.19572876228436062
2010,BC,TEL,-0.11234051407206169
2010,MB,TEL,0.017285303717506917
2010,NB,TEL,0.08048977283418002
2010,NL,TEL,0.12030192799916639
2010,NS,TEL,-0.09047846079389466
2010,NT,TEL,0.19783246829645407
2010,NU,TEL,0.256015516149382
2010,ON,TEL,-0.42387956555263906
2010,PE,TEL,0.27797315124653044
2010,QC,TEL,-0.3447422536515467
2010,SK,TEL,0.010047878926412901
2010,YT,TEL,0.16755204890791964
2010,AB,TEL,-0.15605727400741032
2011,BC,TEL,-0.1170620271032552
2011,MB,TEL,0.023281646661450495
2011,NB,TEL,0.09652702845595407
2011,NL,TEL,0.09037185167318862
2011,NS,TEL,-0.07186623604626352
2011,NT,TEL,0.1848286166848312
2011,NU,TEL,0.27383806447929315
2011,ON,TEL,-0.42854703329219734
2011,PE,TEL,0.30137410310316637
2011,QC,TEL,-0.35021118732547335
2011,SK,TEL,0.020967770606745706
2011,YT,TEL,0.13954848254904695
2011,AB,TEL,-0.16305108044648686
2012,BC,TEL,-0.13442229445325482
2012,MB,TEL,0.02880136244974174
2012,NB,TEL,0.10461257899215193
2012,NL,TEL,0.11884939434808062
2012,NS,TEL,-0.052917269622465235
2012,NT,TEL,0.17524558987878347
2012,NU,TEL,0.2124775177629349
2012,ON,TEL,-0.41339725872794886
2012,PE,TEL,0.303544838168025
2012,QC,TEL,-0.3287516498540424
2012,SK,TEL,0.015699892771334212
2012,YT,TEL,0.14414167659879507
2012,AB,TEL,-0.1738843783121351
2013,BC,TEL,-0.13383493279270764
2013,MB,TEL,0.029344394441280452
2013,NB,TEL,0.10319402184337967
2013,NL,TEL,0.11210006207506729
2013,NS,TEL,-0.05411439475301161
2013,NT,TEL,0.1986137715595847
2013,NU,TEL,0.25318804954113017
2013,ON,TEL,-0.4372636507331161
2013,PE,TEL,0.30795594208911437
2013,QC,TEL,-0.3324726539325372
2013,SK,TEL,0.01088836367742696
2013,YT,TEL,0.14678672107049595
2013,AB,TEL,-0.20438569408610707
2014,BC,TEL,-0.1353795297037056
2014,MB,TEL,0.02688882760668143
2014,NB,TEL,0.10660711289772429
2014,NL,TEL,0.10662368403617073
2014,NS,TEL,-0.05596843754260261
2014,NT,TEL,0.20723968973266005
2014,NU,TEL,0.22170427524266834
2014,ON,TEL,-0.44335292640900875
2014,PE,TEL,0.31695666461675087
2014,QC,TEL,-0.30456461845188454
2014,SK,TEL,0.011253730179589527
2014,YT,TEL,0.15300837156918223
2014,AB,TEL,-0.21101684377422614
2015,BC,TEL,-0.13069599832421863
2015,MB,TEL,0.025697906163800965
2015,NB,TEL,0.11855148016379569
2015,NL,TEL,0.11499567644529118
2015,NS,TEL,-0.053565155067516024
2015,NT,TEL,0.20669836950253895
2015,NU,TEL,0.1948350389877742
2015,ON,TEL,-0.4422897676122361
2015,PE,TEL,0.32306956847558876
2015,QC,TEL,-0.2997556121531449
2015,SK,TEL,0.005018329968885404
2015,YT,TEL,0.15905720334501106
2015,AB,TEL,-0.22161703989557102
2016,BC,TEL,-0.14611335232309164
2016,MB,TEL,0.006035850245565633
2016,NB,TEL,0.11486110264863014
2016,NL,TEL,0.0730864512092847
2016,NS,TEL,-0.06585513069804028
2016,NT,TEL,0.1865745105658636
2016,NU,TEL,0.3330113407604407
2016,ON,TEL,-0.4042132095030525
2016,PE,TEL,0.31833736061693485
2016,QC,TEL,-0.2545590104271198
2016,SK,TEL,-0.01841403782878781
2016,YT,TEL,0.10645732339211644
2016,AB,TEL,-0.24920919865874402
2017,BC,TEL,-0.13590756558763284
2017,MB,TEL,0.020800257178913983
2017,NB,TEL,0.11994060509755589
2017,NL,TEL,0.10760672713978991
2017,NS,TEL,-0.06478232123148475
2017,NT,TEL,0.2192688578106362
2017,NU,TEL,0.17934111640546668
2017,ON,TEL,-0.3939736889698276
2017,PE,TEL,0.3033272293870186
2017,QC,TEL,-0.25060617349516245
2017,SK,TEL,-0.01875399748448492
2017,YT,TEL,0.13910382968244006
2017,AB,TEL,-0.2253648759332284
2018,BC,TEL,-0.14910719293423003
2018,MB,TEL,0.029606789693697122
2018,NB,TEL,0.11119447744463906
2018,NL,TEL,0.0914584604301718
2018,NS,TEL,-0.06323500019166817
2018,NT,TEL,0.21556465640793454
2018,NU,TEL,0.15938108078119084
2018,ON,TEL,-0.3916097303030648
2018,PE,TEL,0.31240831742008457
2018,QC,TEL,-0.24394566890796365
2018,SK,TEL,0.003401179157932477
2018,YT,TEL,0.14176758234332654
2018,AB,TEL,-0.2168849513420501
2019,BC,TEL,-0.17088821414144573
2019,MB,TEL,-0.016808991942230844
2019,NB,TEL,0.11614892005860145
2019,NL,TEL,0.12152507240327992
2019,NS,TEL,-0.0710343884658704
2019,NT,TEL,0.21618381357733885
2019,NU,TEL,0.2051964521134536
2019,ON,TEL,-0.3985989499333522
2019,PE,TEL,0.3201015409638004
2019,QC,TEL,-0.24352114857112905
2019,SK,TEL,3.9227300761246475e-4
2019,YT,TEL,0.1403596965587134
2019,AB,TEL,-0.2190560756287715
2020,BC,TEL,-0.20655058594311182
2020,MB,TEL,-0.03710070871383386
2020,NB,TEL,0.11694399516866627
2020,NL,TEL,0.13475522684003893
2020,NS,TEL,-0.04104581856479661
2020,NT,TEL,0.19964395236254495
2020,NU,TEL,0.14642417402493513
2020,ON,TEL,-0.376597964130122
2020,PE,TEL,0.3412808077157432
2020,QC,TEL,-0.22208923769070632
2020,SK,TEL,-0.006536246486013364
2020,YT,TEL,0.13144306205614475
2020,AB,TEL,-0.18057065663948946
2021,BC,TEL,-0.20775311241732697
2021,MB,TEL,0.01874094727180975
2021,NB,TEL,0.10862078413815446
2021,NL,TEL,0.12696234816148033
2021,NS,TEL,-0.04853983573922949
2021,NT,TEL,0.20260235419060957
2021,NU,TEL,0.2200022672012275
2021,ON,TEL,-0.41389803620215515
2021,PE,TEL,0.3483085208412151
2021,QC,TEL,-0.25505159311428405
2021,SK,TEL,-0.048805759042748864
2021,YT,TEL,0.09616726296976819
2021,AB,TEL,-0.1473561482585205
2022,BC,TEL,-0.19597459505444625
2022,MB,TEL,0.021485587470350453
2022,NB,TEL,0.09069100557196441
2022,NL,TEL,0.12068876953602525
2022,NS,TEL,-0.08255097787451315
2022,NT,TEL,0.14851681816753803
2022,NU,TEL,0.16567857222672178
2022,ON,TEL,-0.36731392111090405
2022,PE,TEL,0.35021464299051297
2022,QC,TEL,-0.22992485687932485
2022,SK,TEL,-0.006869643459662678
2022,YT,TEL,0.11065000624410137
2022,AB,TEL,-0.12529140782836334
2010,BC,TEX,-0.40272916039882223
2010,MB,TEX,-0.19425136007886395
2010,NB,TEX,0.04665174445037881
2010,NL,TEX,0.030046711295461298
2010,NS,TEX,-0.20707313034152283
2010,NT,TEX,0.4031382834155984
2010,NU,TEX,0.9233512784212161
2010,ON,TEX,-0.41876559099689364
2010,PE,TEX,0.18781427611097817
2010,QC,TEX,-0.31822910591113485
2010,SK,TEX,0.10701690305396405
2010,AB,TEX,-0.15697084902035915
2011,BC,TEX,-0.2781967438498941
2011,MB,TEX,-0.10983425308304966
2011,NB,TEX,0.09732600319927612
2011,NL,TEX,0.07192530811830805
2011,NS,TEX,-0.022896396529100804
2011,NU,TEX,0.4556973842451294
2011,ON,TEX,-0.31590327200341434
2011,PE,TEX,0.2704346094587107
2011,QC,TEX,-0.2178052069218519
2011,SK,TEX,0.13159967470701495
2011,AB,TEX,-0.08234710734112831
2012,BC,TEX,-0.3465808196948895
2012,MB,TEX,-0.19549822830515162
2012,NB,TEX,-0.05545114655369478
2012,NL,TEX,0.2013291133937721
2012,NS,TEX,-0.20176073819307586
2012,NT,TEX,0.5550893671022331
2012,NU,TEX,0.25966001532233973
2012,ON,TEX,-0.30561203330740294
2012,PE,TEX,0.23180050531867838
2012,QC,TEX,-0.21257523234392792
2012,SK,TEX,0.1280002652652504
2012,AB,TEX,-0.058401068004130974
2013,BC,TEX,-0.2698081866568098
2013,MB,TEX,-0.17555307124018643
2013,NB,TEX,-0.04668529293154874
2013,NL,TEX,0.3579661396129369
2013,NS,TEX,-0.11747276131661201
2013,NT,TEX,0.41750250084136886
2013,NU,TEX,0.5907292188465884
2013,ON,TEX,-0.2195401683724965
2013,PE,TEX,0.031015724740916198
2013,QC,TEX,-0.16114412755974877
2013,SK,TEX,0.14927777075637533
2013,YT,TEX,-0.42928763593868247
2013,AB,TEX,-0.1270001107821008
2014,BC,TEX,-0.19549616507587853
2014,MB,TEX,-0.15717575364728564
2014,NB,TEX,0.14259036732736963
2014,NL,TEX,0.2822682865158013
2014,NS,TEX,-0.13242880067108773
2014,NT,TEX,0.3411738397438802
2014,NU,TEX,0.4043692178360847
2014,ON,TEX,-0.283399015654214
2014,PE,TEX,0.11633268989787886
2014,QC,TEX,-0.1459012872187887
2014,SK,TEX,0.15372687790376754
2014,YT,TEX,-0.38695100782948366
2014,AB,TEX,-0.13910924912804407
2015,BC,TEX,-0.13457096686948034
2015,MB,TEX,-0.1267493020192419
2015,NB,TEX,0.16025264227104025
2015,NL,TEX,0.20423208456537845
2015,NS,TEX,-0.21673438365281406
2015,NT,TEX,0.6588254980253624
2015,NU,TEX,0.19390243905190419
2015,ON,TEX,-0.2984366376224996
2015,PE,TEX,-0.01982037633594331
2015,QC,TEX,-0.14491083821091444
2015,SK,TEX,0.08311694690985462
2015,YT,TEX,-0.14120415998574443
2015,AB,TEX,-0.21790294612690186
2016,BC,TEX,-0.17406218288057984
2016,MB,TEX,-0.13345162708118247
2016,NB,TEX,0.1172426733077499
2016,NL,TEX,0.19799195257556695
2016,NS,TEX,-0.21821942728177018
2016,NT,TEX,0.38836496297038203
2016,ON,TEX,-0.2754454166917428
2016,PE,TEX,0.06585339638081747
2016,QC,TEX,-0.1923236704507269
2016,SK,TEX,0.2546863262093855
2016,AB,TEX,-0.030636987057899696
2017,BC,TEX,-0.20658663966160606
2017,MB,TEX,-0.11278516636844868
2017,NB,TEX,0.11356336141071818
2017,NL,TEX,-0.12074858742561487
2017,NS,TEX,-0.10365550130231739
2017,NT,TEX,0.43684946070303965
2017,ON,TEX,-0.237505399437603
2017,PE,TEX,0.10818863352865271
2017,QC,TEX,-0.16651719120632794
2017,SK,TEX,0.3928354463707787
2017,AB,TEX,-0.10363841661127143
2018,BC,TEX,-0.24465065342898767
2018,MB,TEX,-0.07357898810779179
2018,NB,TEX,0.09358541493926328
2018,NL,TEX,-0.1319253352553305
2018,NS,TEX,-0.10697438314949101
2018,NT,TEX,0.43759671611139417
2018,ON,TEX,-0.2211686811765871
2018,PE,TEX,0.07178652781289935
2018,QC,TEX,-0.14435761177762202
2018,SK,TEX,0.4160782714855422
2018,AB,TEX,-0.09639127745328893
2019,BC,TEX,-0.2537185941854406
2019,MB,TEX,-0.08427963257579071
2019,NB,TEX,0.10645260275286539
2019,NL,TEX,-0.11706887421517442
2019,NS,TEX,-0.11175114330968422
2019,NT,TEX,0.3797940431879154
2019,ON,TEX,-0.21288464037595106
2019,PE,TEX,0.12031810712638094
2019,QC,TEX,-0.11640880650265145
2019,SK,TEX,0.3305819553697649
2019,AB,TEX,-0.04103501727223409
2020,BC,TEX,-0.2754990527059092
2020,MB,TEX,-0.0838891656938107
2020,NB,TEX,0.12838589098798842
2020,NL,TEX,-0.1555257112753495
2020,NS,TEX,-0.08843470658036989
2020,NT,TEX,0.39464406796887785
2020,ON,TEX,-0.20074700563360004
2020,PE,TEX,0.10094255640703939
2020,QC,TEX,-0.12036994599441579
2020,SK,TEX,0.339270158226761
2020,AB,TEX,-0.038777085707211556
2021,BC,TEX,-0.253882541319061
2021,MB,TEX,-0.08918435616929131
2021,NB,TEX,0.09022754894809543
2021,NL,TEX,-0.12193321861536481
2021,NS,TEX,-0.16114946737307298
2021,NT,TEX,0.40788957069862053
2021,ON,TEX,-0.099748580654407
2021,PE,TEX,0.1397944847789462
2021,QC,TEX,-0.12731802781390675
2021,SK,TEX,0.32634410618162824
2021,AB,TEX,-0.11103951866218652
2022,BC,TEX,-0.2905187683811084
2022,MB,TEX,0.04195716061250568
2022,NB,TEX,0.04312844772832597
2022,NL,TEX,-0.043384241263639114
2022,NS,TEX,-0.030559995634998685
2022,NT,TEX,0.3849863703208492
2022,ON,TEX,-0.2343029157360379
2022,PE,TEX,0.154994614937351
2022,QC,TEX,-0.19651352180867704
2022,SK,TEX,0.30090727298493614
2022,AB,TEX,-0.130694423759507
2010,BC,TRD,-0.3210490119113736
2010,MB,TRD,-0.09959786044696042
2010,NB,TRD,0.14068291540637523
2010,NL,TRD,0.21561459223445223
2010,NS,TRD,0.02725506546570139
2010,NT,TRD,0.33669051412323453
2010,NU,TRD,0.38895571645048194
2010,ON,TRD,-0.4639715711001402
2010,PE,TRD,0.20948227211623766
2010,QC,TRD,-0.26372262010041686
2010,SK,TRD,0.09267388787310121
2010,YT,TRD,0.0011198003488921415
2010,AB,TRD,-0.2641337004595853
2011,BC,TRD,-0.3218766410612207
2011,MB,TRD,-0.0870952211221521
2011,NB,TRD,0.16105455136156743
2011,NL,TRD,0.208731409637472
2011,NS,TRD,0.011035429824890752
2011,NT,TRD,0.3352292999133601
2011,NU,TRD,0.38041271255903913
2011,ON,TRD,-0.4692769830071203
2011,PE,TRD,0.19623275106039306
2011,QC,TRD,-0.2405383430081041
2011,SK,TRD,0.0944989641632254
2011,YT,TRD,-0.00524579946100856
2011,AB,TRD,-0.26316213086034224
2012,BC,TRD,-0.3285844531459961
2012,MB,TRD,-0.08343765992461963
2012,NB,TRD,0.14045372252361063
2012,NL,TRD,0.208231609737583
2012,NS,TRD,0.024573121760253586
2012,NT,TRD,0.3350013592415093
2012,NU,TRD,0.39377505868440776
2012,ON,TRD,-0.4672773816494146
2012,PE,TRD,0.19230990877783036
2012,QC,TRD,-0.22902662303667798
2012,SK,TRD,0.09257961326966521
2012,YT,TRD,-0.012916238416114861
2012,AB,TRD,-0.2656820378220366
2013,BC,TRD,-0.2895435645857822
2013,MB,TRD,-0.03657647526033436
2013,NB,TRD,0.12201431295568099
2013,NL,TRD,0.19991157678601412
2013,NS,TRD,0.059050013643926424
2013,NT,TRD,0.3761547090770759
2013,NU,TRD,0.3908650976993118
2013,ON,TRD,-0.538695169900844
2013,PE,TRD,0.1803715920641054
2013,QC,TRD,-0.22388974274785392
2013,SK,TRD,0.04315343162338822
2013,YT,TRD,-0.003263571004897242
2013,AB,TRD,-0.2795522103497911
2014,BC,TRD,-0.3516636627496599
2014,MB,TRD,-0.12210001127352188
2014,NB,TRD,0.13621587357337683
2014,NL,TRD,0.1167880557453439
2014,NS,TRD,0.014580509850931123
2014,NT,TRD,0.4333076960484446
2014,NU,TRD,0.7695899247040956
2014,ON,TRD,-0.5641352368930461
2014,PE,TRD,0.0612214512556411
2014,QC,TRD,-0.28464439483656634
2014,SK,TRD,0.002780190489741763
2014,YT,TRD,0.12515825866924774
2014,AB,TRD,-0.3370986545840282
2015,BC,TRD,-0.31655185101570654
2015,MB,TRD,-0.11361365588336461
2015,NB,TRD,0.11537976684514945
2015,NL,TRD,0.08092056854860846
2015,NS,TRD,-0.011918011692418906
2015,NT,TRD,0.47673822380768194
2015,NU,TRD,0.610466370533232
2015,ON,TRD,-0.5419103756040946
2015,PE,TRD,0.11855278334708036
2015,QC,TRD,-0.24463993748237176
2015,SK,TRD,-0.011626475585474694
2015,YT,TRD,0.11836819825861256
2015,AB,TRD,-0.28016560407693375
2016,BC,TRD,-0.3184830566298209
2016,MB,TRD,-0.12405262688721994
2016,NB,TRD,0.12458558941799674
2016,NL,TRD,0.08733826755838897
2016,NS,TRD,-9.082545312209533e-4
2016,NT,TRD,0.416010640687561
2016,NU,TRD,0.6640458050146648
2016,ON,TRD,-0.5279432122310717
2016,PE,TRD,0.08155891171016327
2016,QC,TRD,-0.2406784388274606
2016,SK,TRD,-0.002248035477753485
2016,YT,TRD,0.10988303070381189
2016,AB,TRD,-0.2691086205080389
2017,BC,TRD,-0.3212797971566125
2017,MB,TRD,-0.1120141402117032
2017,NB,TRD,0.13083231281349117
2017,NL,TRD,0.10075308456065302
2017,NS,TRD,0.0023020549386901235
2017,NT,TRD,0.4346863676015921
2017,NU,TRD,0.6664857100231814
2017,ON,TRD,-0.5492843301209568
2017,PE,TRD,0.08330904213898532
2017,QC,TRD,-0.23686559428423462
2017,SK,TRD,8.846855715730628e-4
2017,YT,TRD,0.07849222797584571
2017,AB,TRD,-0.2783016238505051
2018,BC,TRD,-0.32244012740558753
2018,MB,TRD,-0.0990757482318165
2018,NB,TRD,0.1264141221198714
2018,NL,TRD,0.15235461600704037
2018,NS,TRD,0.006648228637100462
2018,NT,TRD,0.44033108964445367
2018,NU,TRD,0.6522983883391166
2018,ON,TRD,-0.555120928969875
2018,PE,TRD,0.08262607601253441
2018,QC,TRD,-0.2433726020640261
2018,SK,TRD,6.189546937926949e-4
2018,YT,TRD,0.04285686331195748
2018,AB,TRD,-0.2841389320945621
2019,BC,TRD,-0.33401290248169563
2019,MB,TRD,-0.08259657945687346
2019,NB,TRD,0.1564699015355996
2019,NL,TRD,0.139016924816464
2019,NS,TRD,0.010291312571929945
2019,NT,TRD,0.43443799444156433
2019,NU,TRD,0.6327322084984937
2019,ON,TRD,-0.5497679581153242
2019,PE,TRD,0.0807945474038132
2019,QC,TRD,-0.25438585703101346
2019,SK,TRD,-0.008783601846697464
2019,YT,TRD,0.060422046102077576
2019,AB,TRD,-0.2846180364383377
2020,BC,TRD,-0.3378152627064085
2020,MB,TRD,-0.09815387029505523
2020,NB,TRD,0.1283305336091513
2020,NL,TRD,0.169383335684947
2020,NS,TRD,-9.474628682484831e-4
2020,NT,TRD,0.4549889267018098
2020,NU,TRD,0.6569054466146594
2020,ON,TRD,-0.5602854314531037
2020,PE,TRD,0.07564874327399901
2020,QC,TRD,-0.2576189366689657
2020,SK,TRD,-0.017279287612945005
2020,YT,TRD,0.0688449038083262
2020,AB,TRD,-0.28200163808816636
2021,BC,TRD,-0.3305384677968936
2021,MB,TRD,-0.10337101407013372
2021,NB,TRD,0.11993571674307052
2021,NL,TRD,0.15798693951837178
2021,NS,TRD,7.016620068193702e-4
2021,NT,TRD,0.45828972829261455
2021,NU,TRD,0.6641873980266908
2021,ON,TRD,-0.5530449164336622
2021,PE,TRD,0.0743845366869118
2021,QC,TRD,-0.2594600614158615
2021,SK,TRD,-0.007636268163684401
2021,YT,TRD,0.06025484153969507
2021,AB,TRD,-0.2816900949339382
2022,BC,TRD,-0.33440769963400624
2022,MB,TRD,-0.082741323498458
2022,NB,TRD,0.11643541250549727
2022,NL,TRD,0.17088860166303393
2022,NS,TRD,4.3488532044910766e-4
2022,NT,TRD,0.42583670505477417
2022,NU,TRD,0.6520974937661874
2022,ON,TRD,-0.5456220673000161
2022,PE,TRD,0.0927288883529443
2022,QC,TRD,-0.2967630136640009
2022,SK,TRD,0.01629755571265734
2022,YT,TRD,0.050591849376729336
2022,AB,TRD,-0.2657772876557921
2010,BC,TRN,-0.2296301548690958
2010,MB,TRN,-0.060565370059575074
2010,NB,TRN,0.12685903023111744
2010,NL,TRN,-0.01798595726596028
2010,NS,TRN,-0.0725821358451964
2010,NT,TRN,0.1945424925005656
2010,NU,TRN,0.3781444274958306
2010,ON,TRN,-0.3668377595748189
2010,PE,TRN,0.1557712777545418
2010,QC,TRN,-0.16369688559054807
2010,SK,TRN,0.13525079255344774
2010,YT,TRN,0.15320123196098567
2010,AB,TRN,-0.23247098929129445
2011,BC,TRN,-0.24166910422748517
2011,MB,TRN,-0.05217978095559006
2011,NB,TRN,0.11929310642359905
2011,NL,TRN,-0.02467595213000423
2011,NS,TRN,-0.06871135615571067
2011,NT,TRN,0.1998086098864986
2011,NU,TRN,0.3845754410133181
2011,ON,TRN,-0.37722645508440994
2011,PE,TRN,0.15607241358700488
2011,QC,TRN,-0.15364917781125564
2011,SK,TRN,0.14267397157431974
2011,YT,TRN,0.1381631608117567
2011,AB,TRN,-0.2224748769320414
2012,BC,TRN,-0.23161464115340014
2012,MB,TRN,-0.059539935943178524
2012,NB,TRN,0.12422925135191157
2012,NL,TRN,-0.009981930359628965
2012,NS,TRN,-0.07641781453854574
2012,NT,TRN,0.1825403626204337
2012,NU,TRN,0.40224045366209715
2012,ON,TRN,-0.3702653256122277
2012,PE,TRN,0.15049635148374127
2012,QC,TRN,-0.15577858318867938
2012,SK,TRN,0.13635449920319934
2012,YT,TRN,0.13318454408195454
2012,AB,TRN,-0.22544723160767713
2013,BC,TRN,-0.2411815714755537
2013,MB,TRN,-0.05709912250454499
2013,NB,TRN,0.11057743042751586
2013,NL,TRN,-0.046883150935712214
2013,NS,TRN,-0.06070257743670704
2013,NT,TRN,0.11021725277288144
2013,NU,TRN,0.4324763957679859
2013,ON,TRN,-0.3595082339422253
2013,PE,TRN,0.13610070523751652
2013,QC,TRN,-0.10601490206112837
2013,SK,TRN,0.14999632007638278
2013,YT,TRN,0.1421463424704225
2013,AB,TRN,-0.21012488839683321
2014,BC,TRN,-0.24239539690010573
2014,MB,TRN,-0.048807449227548344
2014,NB,TRN,0.0980234992587832
2014,NL,TRN,-0.02890364275808227
2014,NS,TRN,-0.05911250506870064
2014,NT,TRN,0.1026577055895668
2014,NU,TRN,0.4216630747646747
2014,ON,TRN,-0.35842143655758024
2014,PE,TRN,0.12905907011414777
2014,QC,TRN,-0.10643167869159756
2014,SK,TRN,0.15319457507792114
2014,YT,TRN,0.14052076961667878
2014,AB,TRN,-0.20104658521815763
2015,BC,TRN,-0.24820139575131922
2015,MB,TRN,-0.05754023508076178
2015,NB,TRN,0.08932152557988995
2015,NL,TRN,-0.02255527738595159
2015,NS,TRN,-0.05610808036369261
2015,NT,TRN,0.13312851297828662
2015,NU,TRN,0.46023090892632723
2015,ON,TRN,-0.3668130752266099
2015,PE,TRN,0.14697433870504753
2015,QC,TRN,-0.1181900452116138
2015,SK,TRN,0.15217641560719145
2015,YT,TRN,0.10218830446778557
2015,AB,TRN,-0.21461189724457952
2016,BC,TRN,-0.2334579063489066
2016,MB,TRN,-0.046535839655914485
2016,NB,TRN,0.0749451113538091
2016,NL,TRN,-0.053926086691773345
2016,NS,TRN,-0.038084849764592865
2016,NT,TRN,0.13019253921045
2016,NU,TRN,0.474051602895187
2016,ON,TRN,-0.3729154956541717
2016,PE,TRN,0.17004933519398507
2016,QC,TRN,-0.13664537163316245
2016,SK,TRN,0.15141729820935995
2016,YT,TRN,0.10108771961090723
2016,AB,TRN,-0.22017805672517687
2017,BC,TRN,-0.22198253476960406
2017,MB,TRN,-0.040691829365161525
2017,NB,TRN,0.06106447427179337
2017,NL,TRN,-0.038616608563435045
2017,NS,TRN,-0.03730325240916127
2017,NT,TRN,0.121524613165338
2017,NU,TRN,0.4327863006605004
2017,ON,TRN,-0.36671548774070184
2017,PE,TRN,0.16567022251327387
2017,QC,TRN,-0.13434671865651698
2017,SK,TRN,0.15925743029889297
2017,YT,TRN,0.10723731487135327
2017,AB,TRN,-0.20788392427657124
2018,BC,TRN,-0.21723737386037104
2018,MB,TRN,-0.0461370087958414
2018,NB,TRN,0.06635960399552243
2018,NL,TRN,-0.043029228197487085
2018,NS,TRN,-0.03179204498057933
2018,NT,TRN,0.11320899326715261
2018,NU,TRN,0.42418160494367724
2018,ON,TRN,-0.36242953023946606
2018,PE,TRN,0.17867681529477558
2018,QC,TRN,-0.1342797785779879
2018,SK,TRN,0.16803389111851047
2018,YT,TRN,0.09704049608247811
2018,AB,TRN,-0.21259644005038367
2019,BC,TRN,-0.20840556666201643
2019,MB,TRN,-0.05520791169013867
2019,NB,TRN,0.08330968916041556
2019,NL,TRN,-0.042579986906174705
2019,NS,TRN,-0.05469608530447878
2019,NT,TRN,0.12854526988472362
2019,NU,TRN,0.40761388010235133
2019,ON,TRN,-0.3534245795725903
2019,PE,TRN,0.18254411324567174
2019,QC,TRN,-0.14524414532909768
2019,SK,TRN,0.1672605828982985
2019,YT,TRN,0.10301660573571855
2019,AB,TRN,-0.21273186556268284
2020,BC,TRN,-0.20821094705543747
2020,MB,TRN,-0.06167433834932318
2020,NB,TRN,0.07800811358569004
2020,NL,TRN,-0.06483839409347109
2020,NS,TRN,-0.05401909585822365
2020,NT,TRN,0.11718052000231083
2020,NU,TRN,0.4268316410158613
2020,ON,TRN,-0.3584648150442356
2020,PE,TRN,0.20742659238357963
2020,QC,TRN,-0.15941130118684965
2020,SK,TRN,0.16388297781567246
2020,YT,TRN,0.11660086797222868
2020,AB,TRN,-0.2033118211878022
2021,BC,TRN,-0.18367758661779324
2021,MB,TRN,-0.07114293624881315
2021,NB,TRN,0.08834284589333513
2021,NL,TRN,-0.05651255660586338
2021,NS,TRN,-0.03547436491030179
2021,NT,TRN,0.12261006028201998
2021,NU,TRN,0.4536803861508433
2021,ON,TRN,-0.35930392860520877
2021,PE,TRN,0.20311673152227644
2021,QC,TRN,-0.176218766402762
2021,SK,TRN,0.14376498903448964
2021,YT,TRN,0.08554492132796004
2021,AB,TRN,-0.2147297948201819
2022,BC,TRN,-0.1912805050826899
2022,MB,TRN,-0.06172452773689868
2022,NB,TRN,0.05948491471281625
2022,NL,TRN,-0.07522210468588533
2022,NS,TRN,-0.05354814317920348
2022,NT,TRN,0.09233923429917035
2022,NU,TRN,0.41154581706651977
2022,ON,TRN,-0.34521796178887615
2022,PE,TRN,0.23438969330340842
2022,QC,TRN,-0.18653311870544345
2022,SK,TRN,0.18996193178292498
2022,YT,TRN,0.1416275738678371
2022,AB,TRN,-0.21582280385367986
2010,BC,WOD,-0.09603846523428383
2010,MB,WOD,0.0035291982573040434
2010,NB,WOD,7.771917442342333e-4
2010,NL,WOD,0.2488543515674187
2010,NS,WOD,0.026524024259501632
2010,ON,WOD,-0.019932302774219285
2010,PE,WOD,-0.011282658943899827
2010,QC,WOD,-0.0036237934516486145
2010,SK,WOD,-0.025364081256848248
2010,YT,WOD,-0.09669111769464686
2010,AB,WOD,-0.02675234647291197
2011,BC,WOD,-0.061225925734698955
2011,MB,WOD,0.012047557672405639
2011,NB,WOD,0.01164815760062178
2011,NL,WOD,0.24868381042591675
2011,NS,WOD,0.027034527416840287
2011,NT,WOD,-0.1488767456279686
2011,ON,WOD,-0.01712713045436376
2011,PE,WOD,0.047024216000451105
2011,QC,WOD,0.00578667813946071
2011,SK,WOD,-0.012067501102994302
2011,YT,WOD,-0.10033266331952634
2011,AB,WOD,-0.0125949810161443
2012,BC,WOD,-0.07186494819297251
2012,MB,WOD,0.018649895739881815
2012,NB,WOD,0.0018376906992107547
2012,NL,WOD,0.20474734891918797
2012,NS,WOD,0.02951288489433529
2012,NT,WOD,-0.05150112173360897
2012,ON,WOD,-0.02100608838560406
2012,PE,WOD,-0.008918273902638031
2012,QC,WOD,0.006544763235445596
2012,SK,WOD,-0.04717139535236258
2012,YT,WOD,-0.061478441628129925
2012,AB,WOD,6.476857072546388e-4
2013,BC,WOD,-0.12513766585397273
2013,MB,WOD,-0.09231451999213611
2013,NB,WOD,-0.04992909852192711
2013,NL,WOD,0.21608082275423995
2013,NS,WOD,-0.08093359657046964
2013,NT,WOD,0.2005427454224089
2013,ON,WOD,-0.024409878928301987
2013,PE,WOD,0.029099904059822435
2013,QC,WOD,-0.036757386089751015
2013,SK,WOD,0.030872282108452748
2013,YT,WOD,0.0102705936554746
2013,AB,WOD,-0.07738420204384003
2014,BC,WOD,-0.10469655995184865
2014,MB,WOD,-0.06888879093034968
2014,NB,WOD,-0.044379975059115145
2014,NL,WOD,0.25079945306060225
2014,NS,WOD,-0.04687034555291447
2014,NT,WOD,0.12471929922362406
2014,ON,WOD,-0.05402508838485971
2014,PE,WOD,0.057944998115524324
2014,QC,WOD,-0.009379776174189874
2014,SK,WOD,0.06938589010783786
2014,YT,WOD,-0.13343664638889904
2014,AB,WOD,-0.04117245806541189
2015,BC,WOD,-0.12668834613369392
2015,MB,WOD,-0.0644147319505324
2015,NB,WOD,-0.009082049993208746
2015,NL,WOD,0.10464964143380319
2015,NS,WOD,-0.05224911849785259
2015,NT,WOD,0.26416616802627424
2015,ON,WOD,-0.04241933520880678
2015,PE,WOD,0.06207157929832245
2015,QC,WOD,-0.03418277993766111
2015,SK,WOD,0.020068022474635246
2015,YT,WOD,-0.06253358293394042
2015,AB,WOD,-0.05938546657733916
2016,BC,WOD,-0.14273758351775265
2016,MB,WOD,-0.07733957024495564
2016,NB,WOD,-0.018582686413105072
2016,NL,WOD,0.08220100515157783
2016,NS,WOD,-0.04560199905810683
2016,NT,WOD,0.2658978229027466
2016,ON,WOD,-0.04617764782060571
2016,PE,WOD,0.07003222608429507
2016,QC,WOD,-0.03699647926481566
2016,SK,WOD,0.02931950323054846
2016,AB,WOD,-0.08001459104982642
2017,BC,WOD,-0.13334624319114544
2017,MB,WOD,-0.10237365884364219
2017,NB,WOD,-0.030016277164425526
2017,NL,WOD,0.08684622946517905
2017,NS,WOD,-0.043987533627869856
2017,NT,WOD,0.23529271341436522
2017,ON,WOD,-0.02965342686185916
2017,PE,WOD,0.06692157832764042
2017,QC,WOD,-0.016011516398918752
2017,SK,WOD,0.034084712821240565
2017,AB,WOD,-0.0677565779405643
2018,BC,WOD,-0.12969785780663867
2018,MB,WOD,-0.09496505355111017
2018,NB,WOD,-0.03153250016560663
2018,NL,WOD,0.07175662766726885
2018,NS,WOD,-0.04810658961176674
2018,NT,WOD,0.24475429326784415
2018,ON,WOD,-0.03706514753248883
2018,PE,WOD,0.0767626181245276
2018,QC,WOD,-0.01164243657637894
2018,SK,WOD,0.02093649539405599
2018,AB,WOD,-0.06120044920970659
2019,BC,WOD,-0.11533859349812252
2019,MB,WOD,-0.09619601212710065
2019,NB,WOD,-0.023756627626141325
2019,NL,WOD,0.06257297562956413
2019,NS,WOD,-0.061618985721306516
2019,NT,WOD,0.22142053095704659
2019,ON,WOD,-0.03028966067535076
2019,PE,WOD,0.08405912286681688
2019,QC,WOD,-0.005651318485509208
2019,SK,WOD,0.016985874467156017
2019,AB,WOD,-0.05218730578705265
2020,BC,WOD,-0.11522180247151827
2020,MB,WOD,-0.10322177266134373
2020,NB,WOD,-0.0263531665209962
2020,NL,WOD,0.04865947130230265
2020,NS,WOD,-0.0581938571518916
2020,NT,WOD,0.2536845971936911
2020,ON,WOD,-0.03705788038292139
2020,PE,WOD,0.06864154522099353
2020,QC,WOD,-0.0026666175026703216
2020,SK,WOD,0.023710718782475663
2020,AB,WOD,-0.05198123580812136
2021,BC,WOD,-0.13285399733140085
2021,MB,WOD,-0.1141637081685345
2021,NB,WOD,-0.0594192111667429
2021,NL,WOD,0.06066972413461219
2021,NS,WOD,-0.06578510043322246
2021,NT,WOD,0.2722114042095585
2021,ON,WOD,-0.04770940343036744
2021,PE,WOD,0.12744942069565668
2021,QC,WOD,0.009265418473122566
2021,SK,WOD,0.010481953602985861
2021,AB,WOD,-0.06014650058566767
2022,BC,WOD,-0.1328192730641958
2022,MB,WOD,-0.07377881159514198
2022,NB,WOD,-0.04305155279126457
2022,NL,WOD,0.041973691584920717
2022,NS,WOD,-0.06341482429665336
2022,NT,WOD,0.2755561003390892
2022,ON,WOD,-0.04923476897019366
2022,PE,WOD,0.08995117640110238
2022,QC,WOD,0.01727674007971444
2022,SK,WOD,-0.0011167806195357382
2022,AB,WOD,-0.061341697067841636
