year,origin,dest,sector,theta,tau_bar,tau_geo,tau_nongeo,tau_hat_measured_10,tau_hat_nongeo,tau_hat_all,distance_normalized,adjacent
2022,AB,BC,ACC,7,1.5172094893474108,1.262639811138009,1.2016170217062614,0.9659104762408338,0.8322119127274253,0.6591047624083373,4.452194923515309,1
2022,AB,BC,ADM,7,1.5011314284008388,1.259220024127731,1.192112100854401,0.9666164188611589,0.8388472856565151,0.6661641886115888,4.452194923515309,1
2022,AB,BC,AGR,3.1,2.599448353323955,2.5221748719921764,1.0306376382501754,0.9384697006471117,0.9702731230520629,0.384697006471117,4.452194923515309,1
2022,AB,BC,ART,7,1.715097201484877,1.3100618017012355,1.3091727422764834,0.9583057332922141,0.7638411400630969,0.5830573329221408,4.452194923515309,1
2022,AB,BC,BMT,8.2,1.2233414774114306,1.1238319380047697,1.0885448580357382,0.9817433250212347,0.9186575937756796,0.8174332502123468,4.452194923515309,1
2022,AB,BC,CHM,6.8,1.3930784898754136,1.1028882132190465,1.2631184857886697,0.9717834642676474,0.7916913664481895,0.7178346426764743,4.452194923515309,1
2022,AB,BC,EDU,7,2.10644105906789,1.2632555417555875,1.6674702698240293,0.9474734384660403,0.5997108422841815,0.4747343846604019,4.452194923515309,1
2022,AB,BC,ELC,11.8,1.304162669816502,1.0047947039996812,1.2979394344189497,0.9766775512858915,0.7704519744772771,0.7667755128589149,4.452194923515309,1
2022,AB,BC,ELQ,14.3,1.1121641564827225,1.0548534871167732,1.054330454481026,0.9899147840874996,0.948469235380506,0.899147840874995,4.452194923515309,1
2022,AB,BC,FIN,7,1.7338552688088997,1.3027441860811315,1.330925355364372,0.9576749408090426,0.7513569382155368,0.5767494080904264,4.452194923515309,1
2022,AB,BC,FMT,11.6,1.1691971017808496,1.1608361317901552,1.0072025411354149,0.9855287785504139,0.9928489644919924,0.8552877855041388,4.452194923515309,1
2022,AB,BC,FOD,3.5,1.440942609488949,1.591484846431872,0.9054076843518551,0.9693990165475544,1,0.6939901654755455,4.452194923515309,1
2022,AB,BC,HTH,7,2.313709358855405,1.402869414670789,1.6492692296655158,0.943220640318225,0.6063291438492474,0.4322064031822481,4.452194923515309,1
2022,AB,BC,ITS,7,1.346425657121215,1.1902740590122272,1.1311896171530222,0.9742707177860896,0.8840250872500048,0.742707177860896,4.452194923515309,1
2022,AB,BC,MAC,15,1.1492706255004415,1.1256932936477733,1.0209447208984133,0.9870117079312418,0.9794849608703767,0.8701170793124181,4.452194923515309,1
2022,AB,BC,MFN,7,1.4996524525716948,1.3380882887655934,1.1207425288469917,0.9666821167988049,0.892265595585803,0.6668211679880491,4.452194923515309,1
2022,AB,BC,MIE,20.2,1.0501263349409589,1.7725488258490054,0.5924385944279844,0.995226637665098,1,0.9522663766509797,4.452194923515309,1
2022,AB,BC,MIN,45,1.0460681124899034,1.0056340658082052,1.0402075148967853,0.9955960695159468,0.9613466406260535,0.9559606951594675,4.452194923515309,1
2022,AB,BC,MIS,7,1.8564130351991621,0.7169436184310993,2.589343133092647,0.9538673226829997,0.3861983323954538,0.5386732268299962,4.452194923515309,1
2022,AB,BC,MTV,3,1.6121333562116251,1.8706558333470673,0.8618011541583888,0.9620296079196522,1,0.6202960791965214,4.452194923515309,1
2022,AB,BC,NMM,5,1.6589078798945833,1.6105842777959085,1.0300037711561458,0.9602806226988051,0.970870231744426,0.6028062269880506,4.452194923515309,1
2022,AB,BC,OSV,7,1.9049310145919263,1.4435966016081099,1.3195729419630857,0.9524953393240972,0.7578209344853135,0.5249533932409725,4.452194923515309,1
2022,AB,BC,OTE,10.7,1.3886125977497776,1.211320202406839,1.1463629476257942,0.9720143257824739,0.8723240768301844,0.72014325782474,4.452194923515309,1
2022,AB,BC,PAP,10.7,1.2198549185237857,1.3262216645408151,0.9197971584532535,0.9819769617529728,1,0.8197696175297269,4.452194923515309,1
2022,AB,BC,PET,71.1,1.037319659913219,1.029040539390516,1.0080454755724266,0.9964022989869543,0.9920187374802135,0.964022989869544,4.452194923515309,1
2022,AB,BC,PRF,7,1.5322001159228122,1.2783696700073939,1.1985579381854001,0.9652656261808021,0.8343359700357799,0.6526562618080216,4.452194923515309,1
2022,AB,BC,PUB,7,1.3354961185905943,1.2392197619766478,1.0776911082021308,0.9748785403476381,0.9279096694675901,0.7487854034763818,4.452194923515309,1
2022,AB,BC,REA,7,2.5276573936549807,1.2948832383304605,1.952034993451595,0.9395623236958554,0.5122858982316687,0.39562323695855184,4.452194923515309,1
2022,AB,BC,RUB,7,1.293000761365556,1.327712288480269,0.9738561377974105,0.9773394749546694,1,0.7733947495466948,4.452194923515309,1
2022,AB,BC,TEL,7,1.7460647424138593,0.9923235770050788,1.7595719610770901,0.957271644957308,0.5683200358500076,0.57271644957308,4.452194923515309,1
2022,AB,BC,TEX,7.6,1.2465911225213426,1.2500533527588498,0.9972303340254509,0.9802187647524242,1,0.802187647524242,4.452194923515309,1
2022,AB,BC,TRD,7,1.6105650333122754,1.3637707380743014,1.1809646506908174,0.9620900106059925,0.8467653959117573,0.620900106059926,4.452194923515309,1
2022,AB,BC,TRN,7,1.4304353952464388,1.2460778173739657,1.1479502927521779,0.9699087846485872,0.8711178579017813,0.699087846485872,4.452194923515309,1
2022,AB,BC,UTL,7,1.8523869905150043,,,0.9539843998646297,1,0.539843998646297,4.452194923515309,1
2022,AB,BC,WOD,17.8,1.1051395160425832,1.155328047351844,0.956559064393616,0.9904863128576672,1,0.9048631285766711,4.452194923515309,1
2022,AB,MB,ACC,7,1.9438038647487945,1.4043305170695504,1.384149843019132,0.951445519691321,0.7224651326902458,0.5144551969132102,8.685701609673586,0
2022,AB,MB,ADM,7,1.580613332103726,1.4620316311669206,1.0811074797623628,0.9632665801109652,0.9249774131798709,0.6326658011096519,8.685701609673586,0
2022,AB,MB,AGR,3.1,4.039840997890627,4.446632357602902,0.9085169793682766,0.92475344946799,1,0.24753449467990019,8.685701609673586,0
2022,AB,MB,ART,7,2.06145987438435,1.634537262691157,1.26118866876751,0.9485093118923136,0.7929027787549382,0.4850931189231358,8.685701609673586,0
2022,AB,MB,BMT,8.2,1.5832912511382264,1.352355884616604,1.170765232102416,0.9631595734064153,0.8541422076604015,0.6315957340641534,8.685701609673586,0
2022,AB,MB,CHM,6.8,1.422968141577733,1.2952057788603244,1.0986425205960935,0.9702756422143954,0.9102141790920557,0.7027564221439546,8.685701609673586,0
2022,AB,MB,EDU,7,2.6735719261578645,1.4141677042795675,1.8905621434198194,0.9374031455902172,0.5289432053215187,0.37403145590217185,8.685701609673586,0
2022,AB,MB,ELC,11.8,1.3963808223006746,1.0607471600564076,1.3164125013791401,0.9716137019378712,0.7596403095172293,0.716137019378712,8.685701609673586,0
2022,AB,MB,ELQ,14.3,1.1957566436955696,1.1051847876152854,1.0819517759339736,0.9836290565703595,0.9242556112417946,0.8362905657035951,8.685701609673586,0
2022,AB,MB,FIN,7,1.7829066738830255,1.4371150699242847,1.2406151123145337,0.9560881853575702,0.8060517642207066,0.5608818535757014,8.685701609673586,0
2022,AB,MB,FMT,11.6,1.2709867826840404,1.2502045336403094,1.016623079251855,0.9786790243316476,0.9836487292182192,0.7867902433164751,8.685701609673586,0
2022,AB,MB,FOD,3.5,1.6197448700914823,1.7188805149663926,0.9423254589183305,0.9617381180496358,1,0.6173811804963584,8.685701609673586,0
2022,AB,MB,HTH,7,2.7432793203787105,1.7031215957659533,1.61073603153095,0.9364527225708081,0.620834190348082,0.36452722570808055,8.685701609673586,0
2022,AB,MB,ITS,7,1.6674526823663827,1.2378291220812345,1.3470782457943766,0.9599717167734463,0.7423473752337947,0.5997171677344629,8.685701609673586,0
2022,AB,MB,MAC,15,1.1688410488227716,1.199110825644818,0.9747564810735748,0.9855548323706782,1,0.8555483237067827,8.685701609673586,0
2022,AB,MB,MFN,7,1.453448120057723,1.5101896219205226,0.9624275646983714,0.9688019053587056,1,0.6880190535870558,8.685701609673586,0
2022,AB,MB,MIN,45,1.13084368389001,1.0560780416823203,1.070795565532817,0.988429551691891,0.9338850777761768,0.8842955169189093,8.685701609673586,0
2022,AB,MB,MIS,7,3.2011629865963616,0.9229824429262962,3.4682815595572354,0.9312386468351382,0.2883272256960767,0.31238646835138206,8.685701609673586,0
2022,AB,MB,MTV,3,2.4002630220369867,2.371439797535347,1.012154314240486,0.9416621008122413,0.9879916391507882,0.4166210081224134,8.685701609673586,0
2022,AB,MB,NMM,5,1.6920964818850412,1.9150446283377272,0.8835807045153791,0.959098284920844,1,0.5909828492084405,8.685701609673586,0
2022,AB,MB,OSV,7,2.1828186142503356,1.6621013428112321,1.3132885209985914,0.9458123269369058,0.7614473011913828,0.4581232693690578,8.685701609673586,0
2022,AB,MB,OTE,10.7,1.2558442594147303,1.2445938506492171,1.0090394217837768,0.9796277080142116,0.9910415573577919,0.7962770801421164,8.685701609673586,0
2022,AB,MB,PAP,10.7,1.222330889905214,1.4540848889842293,0.8406186593129992,0.9818109080166947,1,0.8181090801669466,8.685701609673586,0
2022,AB,MB,PRF,7,1.750071989005624,1.5063978569599765,1.1617594786927008,0.9571405065781432,0.8607633665492235,0.5714050657814319,8.685701609673586,0
2022,AB,MB,PUB,7,1.5259135612573094,1.349960375642683,1.1303395186920648,0.9655345116125731,0.8846899391406903,0.6553451161257315,8.685701609673586,0
2022,AB,MB,REA,7,3.130826567206021,1.617157105955383,1.936006437269676,0.9319404469884901,0.516527208148278,0.31940446988489984,8.685701609673586,0
2022,AB,MB,RUB,7,1.4184527163447456,1.4337039648604712,0.9893623447451302,0.970499353871797,1,0.7049935387179707,8.685701609673586,0
2022,AB,MB,TEL,7,1.818267240267949,1.0270863016652827,1.7703159289729329,0.9549974161032916,0.5648709270667639,0.5499741610329156,8.685701609673586,0
2022,AB,MB,TEX,7.6,1.5849986881602625,1.3840651125382084,1.1451763893199838,0.9630915348681277,0.8732279230746358,0.6309153486812779,8.685701609673586,0
2022,AB,MB,TRD,7,1.7584601403487277,1.585141467226198,1.109339561613902,0.9568679367279651,0.9014372466309313,0.5686793672796506,8.685701609673586,0
2022,AB,MB,TRN,7,1.5928159067414287,1.4111657977658811,1.1287234350939706,0.9627818943650427,0.8859566204689868,0.6278189436504265,8.685701609673586,0
2022,AB,MB,WOD,17.8,1.1099765764394693,1.2079990212463263,0.9188555263018968,0.990091991238928,1,0.9009199123892803,8.685701609673586,0
2022,AB,NB,ACC,7,2.1748891251419726,1.659255263863122,1.3107622271924202,0.9459793553813793,0.7629148744558686,0.45979355381379355,25.118286959457247,0
2022,AB,NB,ADM,7,1.777770465617772,1.7619407085672016,1.0089842734057963,0.9562502313622644,0.9910957250349699,0.562502313622643,25.118286959457247,0
2022,AB,NB,AGR,3.1,11.441629242963337,9.254961823660116,1.2362697395156241,0.9087400140204246,0.808884960972841,0.08740014020424629,25.118286959457247,0
2022,AB,NB,ART,7,2.341014397310435,2.0807715341276163,1.1250703688100616,0.9427165249880091,0.8888332923190011,0.42716524988008986,25.118286959457247,0
2022,AB,NB,CHM,6.8,1.7244854246019672,1.470702603241289,1.172558898584503,0.9579883126719273,0.8528356240417315,0.5798831267192719,25.118286959457247,0
2022,AB,NB,EDU,7,2.730764566037338,1.6766176776667112,1.6287342084079928,0.9366197808641965,0.6139737194919302,0.3661978086419651,25.118286959457247,0
2022,AB,NB,ELC,11.8,1.987792239419595,1.0919270789690407,1.8204441282804331,0.9503070683227933,0.5493165016520372,0.5030706832279337,25.118286959457247,0
2022,AB,NB,ELQ,14.3,1.3726118783739363,1.1608394608715995,1.1824304088898998,0.9728538063640138,0.8457157330204568,0.7285380636401378,25.118286959457247,0
2022,AB,NB,FIN,7,2.2941473115195907,1.7173499230268348,1.3358648000380426,0.9435891799527739,0.7485787483669919,0.4358917995277395,25.118286959457247,0
2022,AB,NB,FMT,11.6,1.4823094127961438,1.395155870455987,1.0624686776479477,0.9674622984491245,0.9412042171574992,0.6746229844912454,25.118286959457247,0
2022,AB,NB,FOD,3.5,2.001349997201567,2.242897526316923,0.8923055885161179,0.9499662728357495,1,0.49966272835749503,25.118286959457247,0
2022,AB,NB,HTH,7,4.860034370723374,2.212301914814438,2.1968223858500893,0.9205759861704672,0.4552029360412025,0.2057598617046732,25.118286959457247,0
2022,AB,NB,ITS,7,1.768351420972396,1.374611544008334,1.2864371965158434,0.9565498457003592,0.7773407071160385,0.5654984570035924,25.118286959457247,0
2022,AB,NB,MAC,15,1.3397756578675752,1.3109880459884193,1.0219587142439972,0.9746393617564024,0.9785131102284877,0.7463936175640243,25.118286959457247,0
2022,AB,NB,MFN,7,1.847563182340999,1.8491841539221703,0.9991234125721156,0.9541253478938093,1,0.541253478938093,25.118286959457247,0
2022,AB,NB,MTV,3,3.126260010531313,3.6243963341012724,0.8625601955053626,0.9319871026923973,1,0.31987102692397246,25.118286959457247,0
2022,AB,NB,NMM,5,2.150948320611162,2.6351081404192334,0.8162656733582692,0.9464911216330788,1,0.46491121633078747,25.118286959457247,0
2022,AB,NB,OSV,7,3.3114465383636085,2.133314277127308,1.55225443052055,0.9301982830891229,0.6442242845875783,0.301982830891228,25.118286959457247,0
2022,AB,NB,PAP,10.7,2.039112814836906,1.7476783123105464,1.1667552320547276,0.9490409354854642,0.8570777936336644,0.4904093548546419,25.118286959457247,0
2022,AB,NB,PRF,7,2.056328054600238,1.8422647027399068,1.1161957624992573,0.9486303728513983,0.8959001938521205,0.48630372851398257,25.118286959457247,0
2022,AB,NB,PUB,7,1.7440435866478536,1.5643748829806285,1.1148501587579183,0.9573380165298537,0.8969815289923125,0.5733801652985372,25.118286959457247,0
2022,AB,NB,REA,7,3.7423910573771146,2.0478640223286178,1.8274607183740925,0.9267208847142997,0.5472073845120504,0.2672088471429969,25.118286959457247,0
2022,AB,NB,RUB,7,1.763829148076804,1.7112747512262096,1.0307106715697971,0.9566948335721944,0.9702043721706849,0.5669483357219449,25.118286959457247,0
2022,AB,NB,TEL,7,2.2560747240974823,1.0406598764171706,2.167927077062676,0.9443247729926162,0.46127012784715055,0.4432477299261614,25.118286959457247,0
2022,AB,NB,TEX,7.6,2.1479484193122276,1.6236755180578573,1.322892656459755,0.946556052790141,0.7559192313276115,0.46556052790141006,25.118286959457247,0
2022,AB,NB,TRD,7,2.201340258623772,1.9877000536226974,1.1074811084357032,0.9454268710201658,0.9029499396269446,0.4542687102016557,25.118286959457247,0
2022,AB,NB,TRN,7,2.0666663668289518,1.671313069632855,1.2365525073545591,0.9483871037943284,0.8086999897314252,0.4838710379432837,25.118286959457247,0
2022,AB,NB,WOD,17.8,1.2824668649994182,1.3255055376769567,0.9675303712778396,0.9779747241267286,1,0.779747241267285,25.118286959457247,0
2022,AB,NL,ACC,7,2.2235917605563893,1.62567258714602,1.367798029036128,0.9449722839299324,0.7311020916623844,0.4497228392993231,22.052521428999658,0
2022,AB,NL,ADM,7,1.8584988791395796,1.722099069163515,1.079205553512272,0.9538068659187443,0.9266075371327569,0.5380686591874434,22.052521428999658,0
2022,AB,NL,AGR,3.1,7.7924370443339175,8.459648298902179,0.9211301426496836,0.9128329557789258,1,0.12832955778925745,22.052521428999658,0
2022,AB,NL,ART,7,2.493993043234578,2.0201073952600384,1.234584383526569,0.9400963427990582,0.8099891861125905,0.40096342799058193,22.052521428999658,0
2022,AB,NL,BMT,8.2,2.009505208526545,1.5402640687954658,1.3046497994970694,0.9497634938071767,0.7664892144891993,0.49763493807176684,22.052521428999658,0
2022,AB,NL,CHM,6.8,1.871846291853074,1.4479720778085763,1.292736455723654,0.9534231899463299,0.7735528734974951,0.5342318994632987,22.052521428999658,0
2022,AB,NL,EDU,7,3.070206462693533,1.6419932497396565,1.8698045580761824,0.932571099440742,0.5348152541829757,0.32571099440742063,22.052521428999658,0
2022,AB,NL,ELC,11.8,1.7107902458897737,1.0880563119263338,1.5723361255640615,0.9584525193782542,0.6359963265750566,0.5845251937825404,22.052521428999658,0
2022,AB,NL,FIN,7,2.5273684237513874,1.680254892519445,1.5041577530905117,0.939566847104772,0.6648238842936215,0.39566847104772096,22.052521428999658,0
2022,AB,NL,FMT,11.6,1.5705507392580833,1.3765210199627356,1.1409565974521771,0.9636719320811241,0.8764575289130704,0.6367193208112415,22.052521428999658,0
2022,AB,NL,FOD,3.5,3.531099188427322,2.170919426764588,1.6265454833991082,0.9283197935440999,0.6147998996684855,0.2831979354409977,22.052521428999658,0
2022,AB,NL,HTH,7,4.5486461880109825,2.142493619207389,2.1230617198728203,0.9219845632890887,0.4710178656793378,0.2198456328908881,22.052521428999658,0
2022,AB,NL,ITS,7,1.7010983970096476,1.357063789415046,1.253513954375642,0.9587855471357739,0.7977573735891008,0.5878554713577386,22.052521428999658,0
2022,AB,NL,MFN,7,2.0691482351555077,1.8038460601699406,1.1470758402524508,0.9483290652167725,0.8717819388297097,0.48329065216772377,22.052521428999658,0
2022,AB,NL,OSV,7,3.1599606346973466,2.0690337072954366,1.5272639704009119,0.9316459638458686,0.6547656589695472,0.3164596384586853,22.052521428999658,0
2022,AB,NL,PAP,10.7,1.884204816907702,1.7087198813824391,1.1026996510295688,0.9530727865159144,0.9068652548010873,0.5307278651591437,22.052521428999658,0
2022,AB,NL,PRF,7,1.88365152456062,1.7973683271127607,1.0480052953789734,0.9530883757935672,0.9541936518921749,0.5308837579356721,22.052521428999658,0
2022,AB,NL,PUB,7,1.8155362367214882,1.5363611911613837,1.181711857319871,0.9550801454564085,0.8462299788274998,0.5508014545640846,22.052521428999658,0
2022,AB,NL,REA,7,4.239429521850475,1.989439514897396,2.130966782405104,0.9235880793594019,0.46927057158129676,0.2358807935940184,22.052521428999658,0
2022,AB,NL,RUB,7,1.839775550537264,1.6745505547988735,1.098668263711056,0.9543544564285559,0.9101928516822934,0.5435445642855582,22.052521428999658,0
2022,AB,NL,TEL,7,2.1507642215682425,1.0389864373546815,2.070059958669153,0.9464951011352999,0.48307779483010854,0.464951011352999,22.052521428999658,0
2022,AB,NL,TRD,7,2.301551370395034,1.9333184981958693,1.190466740241089,0.9434489541647018,0.8400066681388206,0.43448954164701603,22.052521428999658,0
2022,AB,NL,TRN,7,1.812705960521216,1.6370076474226751,1.1073289507078128,0.9551661450769691,0.9030740136982716,0.5516614507696909,22.052521428999658,0
2022,AB,NL,WOD,17.8,1.3468963172422892,1.3105082670217685,1.0277663644985737,0.9742447645894122,0.9729837777750973,0.7424476458941219,22.052521428999658,0
2022,AB,NS,ACC,7,2.1053185867067414,1.6907316850128322,1.2452115290491894,0.9474987494203553,0.8030764064347955,0.47498749420355263,28.31045728774418,0
2022,AB,NS,ADM,7,1.9667076676503379,1.7993704968989213,1.0929976183558692,0.9508463975835676,0.9149150768546414,0.5084639758356759,28.31045728774418,0
2022,AB,NS,AGR,3.1,7.495606812368091,10.051688670271597,0.7457062249188782,0.9133411480221981,1,0.13341148022198213,28.31045728774418,0
2022,AB,NS,ART,7,2.3338043290791375,2.1381316443648135,1.0915157330139293,0.9428484936607593,0.9161572020943454,0.42848493660759285,28.31045728774418,0
2022,AB,NS,BMT,8.2,2.5290329821814392,1.5949391067461747,1.585661152506884,0.9395408050051385,0.6306517621492015,0.3954080500513842,28.31045728774418,0
2022,AB,NS,CHM,6.8,2.0335621933474,1.491908183299092,1.3630612232788588,0.9491747930440192,0.7336427615441139,0.4917479304401912,28.31045728774418,0
2022,AB,NS,EDU,7,2.5179381435147494,1.7090836012317718,1.4732679792258374,0.9397150344052582,0.6787631402438224,0.3971503440525811,28.31045728774418,0
2022,AB,NS,ELC,11.8,1.592397151163696,1.095496742375592,1.4535845608363676,0.9627984042340955,0.687954472648373,0.6279840423409558,28.31045728774418,0
2022,AB,NS,FIN,7,2.404062588034002,1.7521647860869638,1.372052792707297,0.9415962548137228,0.7288349291770526,0.41596254813722694,28.31045728774418,0
2022,AB,NS,FMT,11.6,1.407741584681816,1.4125050682103726,0.9966276343810986,0.971035764722829,1,0.7103576472282904,28.31045728774418,0
2022,AB,NS,FOD,3.5,1.961182949294308,2.3111534476209106,0.8485732313936747,0.9509896335963878,1,0.5098963359638782,28.31045728774418,0
2022,AB,NS,HTH,7,4.024978723699088,2.2784650338272994,1.7665308284051415,0.9248448518277128,0.5660812616006364,0.24844851827712694,28.31045728774418,0
2022,AB,NS,ITS,7,1.7567014585871652,1.3909392604312296,1.262960582507779,0.9569248687710578,0.7917903486855977,0.5692486877105768,28.31045728774418,0
2022,AB,NS,MAC,15,1.3979840157922439,1.324228993995112,1.0556965767488733,0.9715315760912543,0.9472418704620634,0.715315760912542,28.31045728774418,0
2022,AB,NS,MFN,7,2.2314913974602484,1.8918574711987626,1.179524055819215,0.9448130788735346,0.8477995807431581,0.44813078873534573,28.31045728774418,0
2022,AB,NS,MTV,3,9.176069376384586,3.801808276159382,2.413606555050779,0.9108979123738273,0.4143177345567664,0.10897912373827373,28.31045728774418,0
2022,AB,NS,NMM,5,2.665415302305154,2.731588312462311,0.9757748962919279,0.9375176055729537,1,0.37517605572953727,28.31045728774418,0
2022,AB,NS,OSV,7,3.207272107170613,2.1941525850337804,1.4617361294958595,0.9311791443502491,0.6841180017524036,0.31179144350249055,28.31045728774418,0
2022,AB,NS,OTE,10.7,1.7422528391502425,1.4027131741749117,1.2420592258107586,0.9573969505188313,0.8051145865023034,0.573969505188314,28.31045728774418,0
2022,AB,NS,PAP,10.7,1.6359891008637872,1.7842668374389303,0.9168971067197688,0.9611251015958486,1,0.611251015958486,28.31045728774418,0
2022,AB,NS,PRF,7,2.125597076074401,1.884516128489345,1.1279272402822627,0.9470456047976327,0.8865820101567464,0.47045604797632756,28.31045728774418,0
2022,AB,NS,PUB,7,1.755801251349426,1.5905717774232624,1.103880551806242,0.9569540544085754,0.9058951155210898,0.569540544085754,28.31045728774418,0
2022,AB,NS,REA,7,3.087885226543673,2.1030723833915848,1.4682733941681547,0.932384623346876,0.6810720700735345,0.3238462334687609,28.31045728774418,0
2022,AB,NS,RUB,7,1.4863651064874408,1.7457368438525143,0.8514256382464331,0.9672782209186266,1,0.6727822091862661,28.31045728774418,0
2022,AB,NS,TEL,7,2.0495517841962063,1.0422002673554183,1.9665623281760818,0.9487911555936694,0.5085015540430214,0.48791155593669483,28.31045728774418,0
2022,AB,NS,TEX,7.6,1.8008232840030973,1.6531465534761172,1.0893306949807058,0.9555301571721727,0.9179948794316422,0.5553015717217259,28.31045728774418,0
2022,AB,NS,TRD,7,2.1361423186947914,2.0390287031784817,1.0476273901220354,0.9468133602919779,0.954537853275784,0.46813360291977735,28.31045728774418,0
2022,AB,NS,TRN,7,1.964800528039522,1.7034759262885395,1.1534066890633115,0.9508957517940918,0.8669968793159211,0.5089575179409179,28.31045728774418,0
2022,AB,NS,WOD,17.8,1.2332077319818877,1.339440445373982,0.9206887370326992,0.9810893391329051,1,0.8108933913290507,28.31045728774418,0
2022,AB,NT,ACC,7,2.422417954198467,1.286050865077049,1.8836097544659223,0.9412810678795882,0.5308955305784874,0.41281067879588157,5.004574800782324,1
2022,AB,NT,ADM,7,1.9882719702257161,1.2853648729761795,1.5468541361504617,0.9502949302195552,0.6464733659300443,0.5029493021955523,5.004574800782324,1
2022,AB,NT,AGR,3.1,5.444146522762858,2.734237382047825,1.9911023667906362,0.9183683520606736,0.5022343485090888,0.1836835206067357,5.004574800782324,1
2022,AB,NT,ART,7,2.905898208672007,1.345356179709349,2.1599471221812783,0.9344127676948808,0.4629742967921012,0.3441276769488079,5.004574800782324,1
2022,AB,NT,CHM,6.8,1.7394456229749915,1.1184316850080591,1.555254242428278,0.957489580978662,0.6429816892437225,0.5748958097866204,5.004574800782324,1
2022,AB,NT,EDU,7,2.8904346744619516,1.2871640448451243,2.245583759146829,0.9345968725339261,0.4453185038975936,0.3459687253392599,5.004574800782324,1
2022,AB,NT,FIN,7,2.4276369201601695,1.3285565709240958,1.8272740305454913,0.9411923212938293,0.5472632912653351,0.41192321293829326,5.004574800782324,1
2022,AB,NT,HTH,7,2.677597091324129,1.4438714884732557,1.854456655387946,0.9373469183709593,0.5392415061816602,0.37346918370959187,5.004574800782324,1
2022,AB,NT,MFN,7,2.1293189604504064,1.3682676926127648,1.5562151850449542,0.9469633727296767,0.6425846564214788,0.4696337272967663,5.004574800782324,1
2022,AB,NT,MIE,20.2,1.170024460924766,1.8277773908771628,0.6401350989264963,0.9854682986037417,1,0.8546829860374185,5.004574800782324,1
2022,AB,NT,MIN,45,1.1476503630414658,1.0086071058653345,1.137856709879948,0.9871345517941399,0.8788452810596048,0.8713455179413985,5.004574800782324,1
2022,AB,NT,OSV,7,2.631401544842808,1.4838304675291498,1.7733842257765302,0.9380025618651728,0.5638935913970474,0.3800256186517276,5.004574800782324,1
2022,AB,NT,PRF,7,1.9827350274987106,1.3070243869535418,1.5169839578281616,0.9504353827481191,0.6592027521712767,0.5043538274811914,5.004574800782324,1
2022,AB,NT,PUB,7,2.3817625264727535,1.2595030025360974,1.8910336233235714,0.9419857138940271,0.5288113271314858,0.41985713894027027,5.004574800782324,1
2022,AB,NT,TEL,7,2.326422680423197,0.9937594938665865,2.3410319043810035,0.9429844502641322,0.42716205538617463,0.4298445026413219,5.004574800782324,1
2022,AB,NT,TEX,7.6,1.9762304612203276,1.2722301068935977,1.5533592944484598,0.9506013858010517,0.6437660646663609,0.5060138580105163,5.004574800782324,1
2022,AB,NT,TRD,7,2.4269921998320045,1.3981888354100005,1.735811457198713,0.941203263861714,0.5760994351390097,0.41203263861714085,5.004574800782324,1
2022,AB,NT,TRN,7,1.4598915825475074,1.2695152479677794,1.149959864510867,0.968498237263277,0.869595566646448,0.6849823726327693,5.004574800782324,1
2022,AB,NT,WOD,17.8,1.2626769103194722,1.1672004316541627,1.081799557364796,0.9791968231799684,0.9243856620129746,0.7919682317996836,5.004574800782324,1
2022,AB,NU,ACC,7,2.6512888963158248,1.3432262921955622,1.9738214712743427,0.9377175041689942,0.5066314327578866,0.3771750416899414,6.543511232762109,0
2022,AB,NU,ADM,7,1.8719539305174273,1.3910590551257211,1.3457041407550048,0.9534201180754266,0.7431053897470746,0.5342011807542666,6.543511232762109,0
2022,AB,NU,AGR,3.1,3.631629834001321,3.6570576737892035,0.9930469131044533,0.9275358460445899,1,0.2753584604458991,6.543511232762109,0
2022,AB,NU,ART,7,3.647837760148153,1.5326313036710792,2.380114350666442,0.9274134998799779,0.420147880592374,0.2741349987997783,6.543511232762109,0
2022,AB,NU,CHM,6.8,1.9212189660006274,1.2520484198560953,1.5344605971560137,0.9520502877442275,0.651694805232152,0.5205028774422756,6.543511232762109,0
2022,AB,NU,EDU,7,3.2202572395962834,1.3513990026604419,2.382906331332715,0.9310534198232364,0.4196556057831777,0.3105341982323648,6.543511232762109,0
2022,AB,NU,FIN,7,2.4292663162983206,1.3704347779386963,1.7726245388724287,0.9411646921249781,0.5641352571120914,0.41164692124978086,6.543511232762109,0
2022,AB,NU,FOD,3.5,3.2686518418584685,1.601127233616209,2.041469143258584,0.9305936529303601,0.4898433088260176,0.30593652930360016,6.543511232762109,0
2022,AB,NU,OSV,7,3.133216816341472,1.5550661713417804,2.014844688980658,0.931916080457134,0.4963161704071175,0.31916080457134105,6.543511232762109,0
2022,AB,NU,PRF,7,2.1132229978153787,1.4276691620852178,1.480190967162769,0.9473210825849325,0.6755885032299586,0.4732108258493242,6.543511232762109,0
2022,AB,NU,PUB,7,2.1331105083324218,1.297918714422486,1.64348543913365,0.9468798965685918,0.6084629508656565,0.468798965685917,6.543511232762109,0
2022,AB,NU,REA,7,4.947930466983395,1.518459853514844,3.258519120890953,0.9202104699464314,0.3068878723432432,0.20210469946431364,6.543511232762109,0
2022,AB,NU,TEL,7,2.2372889462604473,1.0234963473694767,2.1859276313106353,0.9446969535013109,0.45747168647135017,0.44696953501310865,6.543511232762109,0
2022,AB,NU,TRD,7,2.7118091439010183,1.4923024584976943,1.8171980676296717,0.9368757514609407,0.5502977456411157,0.3687575146094058,6.543511232762109,0
2022,AB,NU,TRN,7,1.967055178913502,1.348905818243881,1.4582598372022593,0.9508374147669993,0.6857488456368294,0.5083741476699944,6.543511232762109,0
2022,AB,ON,ACC,7,1.8228319484799134,1.5658370088802165,1.1641262392843064,0.9548596924052114,0.8590133666386478,0.5485969240521129,17.36906890953001,0
2022,AB,ON,ADM,7,1.4723284307167646,1.6513544029980338,0.8915884004328521,0.9679196284699316,1,0.6791962846993155,17.36906890953001,0
2022,AB,ON,AGR,3.1,3.272468372049243,7.174368340410223,0.45613330913284644,0.9305579729521968,1,0.3055797295219672,17.36906890953001,0
2022,AB,ON,ART,7,1.9523227233426586,1.9134059100204506,1.0203390264022922,0.9512210398436513,0.9800664035423525,0.5122103984365124,17.36906890953001,0
2022,AB,ON,BMT,8.2,1.421376970054098,1.4897640184231102,0.9540953818703456,0.9703543128296177,1,0.7035431282961759,17.36906890953001,0
2022,AB,ON,CHM,6.8,1.5073227466510917,1.407192400144276,1.0711561166024985,0.9663427923596164,0.9335707321280189,0.6634279235961636,17.36906890953001,0
2022,AB,ON,EDU,7,2.196025274863902,1.5803381715138276,1.3895919964777534,0.9455368165132788,0.7196356934515559,0.45536816513278733,17.36906890953001,0
2022,AB,ON,ELC,11.8,1.3365891587496121,1.0809927821638194,1.236445960419982,0.9748173059353188,0.8087696769702182,0.7481730593531871,17.36906890953001,0
2022,AB,ON,ELQ,14.3,1.084519790358747,1.1411945797994807,0.9503373128089233,0.9922067083413213,1,0.922067083413214,17.36906890953001,0
2022,AB,ON,FIN,7,1.4913487755841786,1.6142908519371937,0.9238414340231927,0.9670533959843356,1,0.6705339598433562,17.36906890953001,0
2022,AB,ON,FMT,11.6,1.2748005427939817,1.3429883579334543,0.9492268010093566,0.9784436440392705,1,0.7844364403927057,17.36906890953001,0
2022,AB,ON,FOD,3.5,1.5312476002186268,2.044857957580088,0.7488283450410049,0.9653062247971669,1,0.653062247971669,17.36906890953001,0
2022,AB,ON,HTH,7,2.8552137727513642,2.0201366233742357,1.4133765705322934,0.9350236472499351,0.7075255249373413,0.3502364724993505,17.36906890953001,0
2022,AB,ON,ITS,7,1.321644749242252,1.3254605465930933,0.9971211535789207,0.9756632976125648,1,0.7566329761256473,17.36906890953001,0
2022,AB,ON,MAC,15,1.1868877489788594,1.2709862393518627,0.933832100010863,0.9842539659593211,1,0.8425396595932104,17.36906890953001,0
2022,AB,ON,MFN,7,1.4218919656519475,1.7235632131259466,0.8249723333750714,0.9703288311739979,1,0.7032883117399802,17.36906890953001,0
2022,AB,ON,MIE,20.2,1.1269452204633468,2.114678297331951,0.5329156788931876,0.9887354577526712,1,0.8873545775267117,17.36906890953001,0
2022,AB,ON,MIN,45,1.1358425718643175,1.0747135430340269,1.0568793696017984,0.9880403697458396,0.9461817769957712,0.8804036974583969,17.36906890953001,0
2022,AB,ON,MIS,7,1.6152261351134007,0.8995696581715225,1.7955542635759096,0.9619108357808854,0.5569310938052436,0.6191083578088542,17.36906890953001,0
2022,AB,ON,MTV,3,3.1773220795832033,3.1277879450072468,1.0158367943885154,0.931473044751295,0.9844100996577425,0.3147304475129505,17.36906890953001,0
2022,AB,ON,NMM,5,1.8732427334381763,2.35853694230633,0.7942393014231943,0.9533833646942587,1,0.533833646942586,17.36906890953001,0
2022,AB,ON,OSV,7,1.8789863367140607,1.9561318659381495,0.9605622041297864,0.9532201847592348,1,0.5322018475923476,17.36906890953001,0
2022,AB,ON,OTE,10.7,1.2967198988296904,1.3350347876728468,0.9713004565896409,0.9771176567046217,1,0.7711765670462182,17.36906890953001,0
2022,AB,ON,PAP,10.7,1.297475355878711,1.6395114041563343,0.791379280796385,0.9770727548287615,1,0.7707275482876151,17.36906890953001,0
2022,AB,ON,PET,71.1,1.070680460549259,1.0649956465293844,1.005337875359773,0.9933985476382935,0.994690466269499,0.933985476382935,17.36906890953001,0
2022,AB,ON,PRF,7,1.6545281598264023,1.7178506595919592,0.9631385304584056,0.9604401922119551,1,0.6044019221195502,17.36906890953001,0
2022,AB,ON,PUB,7,1.2238275289509901,1.4862800920352208,0.8234164848936083,0.9817108600962061,1,0.8171086009620612,17.36906890953001,0
2022,AB,ON,REA,7,2.522173779397459,1.8865838958459213,1.3368998775782228,0.939648338594611,0.747999170896393,0.3964833859461093,17.36906890953001,0
2022,AB,ON,RUB,7,1.4039624448642407,1.6092327445701187,0.8724421309481167,0.9712269764521156,1,0.7122697645211565,17.36906890953001,0
2022,AB,ON,TEL,7,1.8346336427528083,1.035924267773687,1.77101135654987,0.9545067950732404,0.5646491177493705,0.5450679507324048,17.36906890953001,0
2022,AB,ON,TEX,7.6,1.2617577589295816,1.5360661412084693,0.8214215033324795,0.9792545156091098,1,0.7925451560910985,17.36906890953001,0
2022,AB,ON,TRD,7,1.5616579919337052,1.8374175995883202,0.8499200139824502,0.9640345072458382,1,0.6403450724583821,17.36906890953001,0
2022,AB,ON,TRN,7,1.4812528069085673,1.5759095713637326,0.9399351547987281,0.9675104205937026,1,0.6751042059370265,17.36906890953001,0
2022,AB,ON,UTL,7,1.953840612236914,,,0.9511812475253608,1,0.5118124752536081,17.36906890953001,0
2022,AB,ON,WOD,17.8,1.1640482758155664,1.2834422231155687,0.9069736485603751,0.985907090004439,1,0.8590709000443909,17.36906890953001,0
2022,AB,PE,ACC,7,2.280392371680171,1.839899700446704,1.2394112413445804,0.943852102489854,0.8068347023504046,0.43852102489853956,48.49608892055134,0
2022,AB,PE,ADM,7,2.3753431486683168,1.9778546632014384,1.2009695114925618,0.9420991805146396,0.8326606049783917,0.4209918051463965,48.49608892055134,0
2022,AB,PE,AGR,3.1,12.175943150244448,14.574612450217556,0.8354214008663192,0.9082129161384918,1,0.08212916138491692,48.49608892055134,0
2022,AB,PE,ART,7,2.4231891237684726,2.416401874063297,1.0028088248805083,0.9412679303563739,0.9971990425185548,0.4126793035637389,48.49608892055134,0
2022,AB,PE,EDU,7,3.143716896077799,1.863106236732866,1.6873524623000595,0.9318094800854249,0.5926444073438472,0.3180948008542473,48.49608892055134,0
2022,AB,PE,FIN,7,2.7881073805415184,1.9177407986082902,1.4538499585370743,0.935866624326563,0.6878288877940627,0.358666243265629,48.49608892055134,0
2022,AB,PE,FMT,11.6,1.6121632247501814,1.493268945531552,1.0796201378019732,0.962028458697472,0.9262517111212154,0.6202845869747207,48.49608892055134,0
2022,AB,PE,FOD,3.5,2.899683108038298,2.6448698653668914,1.0963424499662706,0.9344865270700744,0.9121237620879913,0.3448652707007432,48.49608892055134,0
2022,AB,PE,HTH,7,4.491774574088332,2.601488427656431,1.7266171651337225,0.9222629159924607,0.5791671832027411,0.22262915992460816,48.49608892055134,0
2022,AB,PE,ITS,7,2.5932204601590274,1.466832160104223,1.7679053750599327,0.938562089701339,0.5656411333474789,0.38562089701339,48.49608892055134,0
2022,AB,PE,MFN,7,2.6876690499487834,2.096364319262948,1.2820620086177243,0.9372069619218577,0.7799934740115776,0.37206961921857756,48.49608892055134,0
2022,AB,PE,MTV,3,8.81756144028479,4.713757005293111,1.8706016093709301,0.9113410040493882,0.5345873728486168,0.11341004049388308,48.49608892055134,0
2022,AB,PE,OSV,7,3.4792399270784604,2.4900607033033952,1.3972510479213571,0.9287419097549765,0.7156910001875941,0.28741909754976463,48.49608892055134,0
2022,AB,PE,OTE,10.7,1.7514315399252143,1.4812572831089454,1.1823952259321298,0.95709615118857,0.8457408978555878,0.5709615118857,48.49608892055134,0
2022,AB,PE,PRF,7,3.043693150434888,2.086922638776554,1.4584599802028289,0.9328548230907283,0.6856547410103975,0.3285482309072839,48.49608892055134,0
2022,AB,PE,PUB,7,2.0870396274020937,1.7139685428157367,1.2176650710131875,0.9479147586308546,0.8212438902989357,0.4791475863085458,48.49608892055134,0
2022,AB,PE,REA,7,4.176577137225462,2.3704617155061674,1.7619255817990012,0.9239430511431739,0.5675608608729986,0.23943051143173882,48.49608892055134,0
2022,AB,PE,TEL,7,2.5706958790397016,1.0491589155524919,2.4502445158043207,0.9388999728888022,0.40812253371037077,0.38899972888802226,48.49608892055134,0
2022,AB,PE,TRD,7,2.5697245657534045,2.286860778490412,1.1236908647537847,0.9389146764336908,0.8899244724385234,0.3891467643369067,48.49608892055134,0
2022,AB,PE,TRN,7,2.2882589752370546,1.8560108903298185,1.2328909206079197,0.9437013472173275,0.8111017635744412,0.4370134721732727,48.49608892055134,0
2022,AB,QC,ACC,7,2.001941739684995,1.59559389304157,1.2546687151508409,0.9499515035915755,0.7970231407896198,0.49951503591575536,19.580536886000935,0
2022,AB,QC,ADM,7,1.717268383536729,1.686497172379487,1.0182456345976714,0.9582320160079167,0.982081303393085,0.5823201600791668,19.580536886000935,0
2022,AB,QC,AGR,3.1,4.150678132817823,7.793113720791927,0.5326084388764746,0.9240924487035836,1,0.24092448703583708,19.580536886000935,0
2022,AB,QC,ART,7,1.9949640148033743,1.9662461369810125,1.0146054338173833,0.9501262174445066,0.9856048141173152,0.5012621744450669,19.580536886000935,0
2022,AB,QC,BMT,8.2,1.796302199522892,1.5149045331649402,1.1857527389993714,0.9556699201429251,0.8433461438544736,0.5566992014292503,19.580536886000935,0
2022,AB,QC,CHM,6.8,1.60582551492428,1.427518114514373,1.1249072769003463,0.9622732663484398,0.8889621576237597,0.6227326634843969,19.580536886000935,0
2022,AB,QC,EDU,7,2.840946272465189,1.6109939717069184,1.7634741795185505,0.9351995393116769,0.5670624563797196,0.3519953931167677,19.580536886000935,0
2022,AB,QC,ELC,11.8,1.3953983585679615,1.0845329124251426,1.286635327136073,0.9716641232849276,0.7772210034259701,0.71664123284927606,19.580536886000935,0
2022,AB,QC,ELQ,14.3,1.14843759868109,1.1475398184812382,1.0007823521113541,0.9870748224499475,0.9992182594849883,0.8707482244994753,19.580536886000935,0
2022,AB,QC,FIN,7,1.7395654399394167,1.6470744736159406,1.0561546959807009,0.9574856212385333,0.9468309934194271,0.5748562123853338,19.580536886000935,0
2022,AB,QC,FMT,11.6,1.3261680752891742,1.3597183296609978,0.9753255849833338,0.9754052234127222,1,0.7540522341272221,19.580536886000935,0
2022,AB,QC,FOD,3.5,1.5379543721090914,2.1071980012571525,0.7298575507339837,0.9650214348445617,1,0.6502143484456164,19.580536886000935,0
2022,AB,QC,HTH,7,4.175524834738245,2.0806602824299976,2.0068268087770966,0.9239490851947642,0.49829910365278185,0.23949085194764216,19.580536886000935,0
2022,AB,QC,ITS,7,1.4491076599893993,1.3412322408454973,1.0804300820236012,0.9690079852319128,0.9255573466883122,0.6900798523191267,19.580536886000935,0
2022,AB,QC,MAC,15,1.2871764677776252,1.2838458140752869,1.0025942785853434,0.9776894252678927,0.9974124342809896,0.7768942526789278,19.580536886000935,0
2022,AB,QC,MFN,7,1.7052850694173516,1.7634082064748804,0.9670393180409889,0.9586412218070772,1,0.5864122180707723,19.580536886000935,0
2022,AB,QC,MIN,45,1.1907349445221773,1.0779694342693238,1.104609190824867,0.9839817462820228,0.9052975552858201,0.8398174628202281,19.580536886000935,0
2022,AB,QC,MIS,7,2.243065309342048,0.8955814641910241,2.5045910383688006,0.9445818494822751,0.39926678035679775,0.4458184948227509,19.580536886000935,0
2022,AB,QC,MTV,3,2.9567633004494382,3.281166414701828,0.9011317704585644,0.9338207661008237,1,0.3382076610082371,19.580536886000935,0
2022,AB,QC,NMM,5,2.0924030656569763,2.445045220745969,0.8557727472290252,0.9477919391542289,1,0.4779193915422879,19.580536886000935,0
2022,AB,QC,OSV,7,2.4711668716258415,2.0120165441314035,1.2282040517180017,0.9404667127696672,0.8141969557918395,0.40466712769667207,19.580536886000935,0
2022,AB,QC,OTE,10.7,1.2132048979293897,1.3513286598850955,0.8977866998192352,0.9824263075187653,1,0.8242630751876519,19.580536886000935,0
2022,AB,QC,PAP,10.7,1.4799857727401027,1.673896270869164,0.8841562039992036,0.967568217101747,1,0.6756821710174696,19.580536886000935,0
2022,AB,QC,PET,71.1,1.085740392115109,1.0678148195258594,1.016787154721461,0.9921030485060908,0.983490001183129,0.9210304850609087,19.580536886000935,0
2022,AB,QC,PRF,7,1.856620946428921,1.7573186479002414,1.0565078499834577,0.9538612904224435,0.9465145005933061,0.5386129042244349,19.580536886000935,0
2022,AB,QC,PUB,7,1.3525009557910714,1.5112132653602661,0.8949768949180323,0.9739371011693745,1,0.7393710116937439,19.580536886000935,0
2022,AB,QC,REA,7,3.498786180274578,1.9375347674485508,1.8057927212743472,0.9285813407414774,0.5537734138690626,0.28581340741477435,19.580536886000935,0
2022,AB,QC,RUB,7,1.540726717477083,1.6416973374224866,0.9384962028969782,0.964904436890501,1,0.6490443689050094,19.580536886000935,0
2022,AB,QC,TEL,7,1.9530950484982552,1.0374603423053932,1.882573211577595,0.951200785172688,0.5311878411156189,0.5120078517268809,19.580536886000935,0
2022,AB,QC,TEX,7.6,1.4015354186663467,1.5639963715447793,0.8961244694461996,0.9713503195624957,1,0.7135031956249568,19.580536886000935,0
2022,AB,QC,TRD,7,1.8184327046100959,1.8849498297759022,0.9647114612203157,0.9549924117326309,1,0.5499241173263091,19.580536886000935,0
2022,AB,QC,TRN,7,1.6920839261688883,1.6062902142370665,1.053411090456385,0.9590987234459546,0.9492970114513938,0.5909872344595449,19.580536886000935,0
2022,AB,QC,UTL,7,3.5141921100642053,,,0.928456042489428,1,0.28456042489428096,19.580536886000935,0
2022,AB,QC,WOD,17.8,1.2001035437639782,1.2969587290110023,0.9253213050804777,0.9833261434145608,1,0.8332614341456089,19.580536886000935,0
2022,AB,SK,ACC,7,1.7386686939234737,1.200884116412277,1.4478238742284848,0.9575152703614512,0.6906917462822466,0.575152703614513,3.235420866539349,1
2022,AB,SK,ADM,7,1.4243367861917662,1.19053093918939,1.1963878798156815,0.9702081143795837,0.8358493235104175,0.7020811437958357,3.235420866539349,1
2022,AB,SK,AGR,3.1,2.55564301298939,2.0233614638044624,1.2630679484149587,0.9391290956881447,0.7917230432890913,0.39129095688144594,3.235420866539349,1
2022,AB,SK,ART,7,1.8981972861138785,1.218365187908065,1.5579871330475932,0.952681563044865,0.6418538245844756,0.5268156304486503,3.235420866539349,1
2022,AB,SK,BMT,8.2,1.0430339786714673,1.07483489368543,0.9704132093209938,0.9958741537139297,1,0.9587415371392977,3.235420866539349,1
2022,AB,SK,CHM,6.8,1.2956903967646378,1.0615518804421007,1.220562480870013,0.9771789312089537,0.819294395553764,0.7717893120895377,3.235420866539349,1
2022,AB,SK,EDU,7,2.2822260245388657,1.2002317969353071,1.901487721260461,0.9438168695496342,0.5259040007563753,0.43816869549634313,3.235420866539349,1
2022,AB,SK,ELC,11.8,1.4493473979854685,0.9960816894330988,1.455048730802729,0.9689965705523712,0.687262205608959,0.6899657055237121,3.235420866539349,1
2022,AB,SK,ELQ,14.3,1.1459886378482833,1.039387873598653,1.1025611005837008,0.9872609000624656,0.9069792136423057,0.8726090006246549,3.235420866539349,1
2022,AB,SK,FIN,7,1.846166809115779,1.2348115370420645,1.4951000648553938,0.9541662863324334,0.6688515528201252,0.5416628633243329,3.235420866539349,1
2022,AB,SK,FMT,11.6,1.1910345605669,1.1231782446048657,1.0604145568951133,0.9839606198768931,0.9430274164926529,0.8396061987689318,3.235420866539349,1
2022,AB,SK,FOD,3.5,1.6148370773858205,1.4691334740680109,1.0991765594410958,0.9619257517680267,0.909771948292343,0.6192575176802667,3.235420866539349,1
2022,AB,SK,HTH,7,2.8612679437818787,1.2967812455750274,2.2064384055100335,0.934949540541046,0.45321908715092507,0.34949540541045965,3.235420866539349,1
2022,AB,SK,ITS,7,1.6891620507467824,1.1533543819172947,1.4645646448568397,0.9592009511199886,0.6827967638791045,0.5920095111998862,3.235420866539349,1
2022,AB,SK,MAC,15,1.121000065048904,1.095907948280479,1.0228961901479001,0.9892060608360781,0.9776163110504991,0.8920606083607806,3.235420866539349,1
2022,AB,SK,MFN,7,1.647220809078401,1.2590566491499102,1.3082976132889426,0.9607083151505041,0.7643520784893049,0.6070831515050416,3.235420866539349,1
2022,AB,SK,MIE,20.2,1.1002616480842162,1.6301454331035432,0.6749469254344315,0.9908874722427349,1,0.9088747224273493,3.235420866539349,1
2022,AB,SK,MIN,45,1.0590378568267793,0.9975634587129296,1.0616245488714722,0.9944253308372114,0.941952596200813,0.9442533083721144,3.235420866539349,1
2022,AB,SK,MIS,7,1.851020874743781,0.7254796944267564,2.5514440844638386,0.9540242421706033,0.39193490701566375,0.5402424217060331,3.235420866539349,1
2022,AB,SK,MTV,3,1.6915488183704654,1.6466899448823498,1.027241845757017,0.9591174188495097,0.973480591868859,0.591174188495097,3.235420866539349,1
2022,AB,SK,NMM,5,1.7288061239848265,1.4632248601340603,1.1815040675473718,0.9578433860296053,0.8463788043284968,0.578433860296053,3.235420866539349,1
2022,AB,SK,OSV,7,2.3106850352991333,1.3392417867482833,1.7253680837644272,0.943277209343702,0.5795864716693895,0.43277209343701983,3.235420866539349,1
2022,AB,SK,PAP,10.7,1.224297013244401,1.2548873588273874,0.9756230347147882,0.9816795262246036,1,0.8167952622460366,3.235420866539349,1
2022,AB,SK,PET,71.1,1.038762367694037,1.0218195187650971,1.0165810582180068,0.9962684085504478,0.9836893889730031,0.9626840855044777,3.235420866539349,1
2022,AB,SK,PRF,7,1.5477059663638546,1.2033118570602177,1.2862051988293524,0.9646117558330138,0.7774809189934515,0.6461175583301377,3.235420866539349,1
2022,AB,SK,PUB,7,1.401043542783395,1.185502373470928,1.1818142031056444,0.9713753691061836,0.8461566948274425,0.7137536910618364,3.235420866539349,1
2022,AB,SK,REA,7,2.6463957507049694,1.206151694133887,2.194082024322233,0.9377872432622222,0.455771474773787,0.3778724326222227,3.235420866539349,1
2022,AB,SK,RUB,7,1.2931327598151303,1.2589193958058866,1.027176770906244,0.9773315804127461,0.9735422648992862,0.7733158041274607,3.235420866539349,1
2022,AB,SK,TEL,7,1.707250123539649,0.9884146850963293,1.7272609859830876,0.9585737254437385,0.5789513038939162,0.5857372544373848,3.235420866539349,1
2022,AB,SK,TEX,7.6,1.3324908008843275,1.1914681899287398,1.1183603659313994,0.9750474224164501,0.8941661654534531,0.7504742241645008,3.235420866539349,1
2022,AB,SK,TRD,7,1.5460252589876788,1.2740755356629907,1.2134486658855541,0.9646819962472534,0.8240974901647092,0.6468199624725339,3.235420866539349,1
2022,AB,SK,TRN,7,1.5337726442382793,1.1842826621721279,1.295106897389802,0.9651987114098408,0.7721370351863855,0.651987114098408,3.235420866539349,1
2022,AB,SK,WOD,17.8,1.104372430822346,1.123532563969268,0.9829465261965953,0.990549163677997,1,0.9054916367799698,3.235420866539349,1
2022,AB,YT,ACC,7,2.338563895334532,1.507824585806348,1.550952224382205,0.9427612861891442,0.6447651863669319,0.42761286189144293,13.65839346153378,0
2022,AB,YT,ADM,7,2.372026875314442,1.583070629754796,1.498370843808686,0.9421580383598073,0.6673915233548694,0.42158038359807265,13.65839346153378,0
2022,AB,YT,ART,7,3.268946943918627,1.8116810445405436,1.8043722175984114,0.9305908911082312,0.554209375563864,0.3059089110823124,13.65839346153378,0
2022,AB,YT,CHM,6.8,1.8619963499242973,1.3672992815334124,1.361805988690411,0.9537057980828296,0.734318991328314,0.5370579808282958,13.65839346153378,0
2022,AB,YT,EDU,7,2.9057554918867274,1.5206079053925767,1.9109169968023716,0.9344144578851228,0.523308967199176,0.3441445788512278,13.65839346153378,0
2022,AB,YT,FIN,7,2.504957461993281,1.5505000228693293,1.615580409575002,0.9399208375859709,0.6189725959001088,0.3992083758597104,13.65839346153378,0
2022,AB,YT,FOD,3.5,3.2706468963283584,1.9253442068843274,1.6987336002745483,0.9305749911775131,0.5886738213916417,0.3057499117751305,13.65839346153378,0
2022,AB,YT,HTH,7,3.006975130812442,1.904016488151225,1.5792799849817347,0.9332560116561328,0.6331999452342616,0.33256011656132795,13.65839346153378,0
2022,AB,YT,ITS,7,2.684997296898988,1.2943887532968428,2.0743360833908886,0.93724398535354,0.4820819576957432,0.3724398535353985,13.65839346153378,0
2022,AB,YT,MFN,7,2.1757946080668242,1.6463508174811636,1.3215862530415503,0.9459602205232271,0.756666466300297,0.4596022052322723,13.65839346153378,0
2022,AB,YT,OSV,7,2.8120695870635046,1.8486950931076902,1.5211105376692293,0.9355609976581073,0.6574144187655699,0.3556099765810728,13.65839346153378,0
2022,AB,YT,PRF,7,2.0590350743577424,1.6413528728298608,1.2544743476201767,0.9485664383503482,0.7971466310945841,0.4856643835034824,13.65839346153378,0
2022,AB,YT,PUB,7,1.9037444388242364,1.437512029687518,1.3243328747920577,0.9525280588931152,0.7550971655498748,0.5252805889311518,13.65839346153378,0
2022,AB,YT,REA,7,3.3591094602743214,1.7884093048440377,1.878266597683163,0.9297697949955562,0.5324057837335219,0.29769794995556204,13.65839346153378,0
2022,AB,YT,TEL,7,2.3947826067730267,1.032850681749119,2.3186145384708405,0.9417574437517526,0.4312920424709811,0.4175744375175255,13.65839346153378,0
2022,AB,YT,TRD,7,2.5481669980250503,1.7456781781610642,1.4597003215732154,0.9392438957405479,0.685072124203024,0.392438957405479,13.65839346153378,0
2022,AB,YT,TRN,7,1.708534405851946,1.5167049795914294,1.126477745403191,0.9585296963628519,0.8877228192751186,0.5852969636285191,13.65839346153378,0
2022,BC,AB,ACC,7,1.5172094893474108,1.262639811138009,1.2016170217062614,0.9659104762408338,0.8322119127274253,0.6591047624083373,4.452194923515309,1
2022,BC,AB,ADM,7,1.5011314284008388,1.259220024127731,1.192112100854401,0.9666164188611589,0.8388472856565151,0.6661641886115888,4.452194923515309,1
2022,BC,AB,AGR,3.1,2.599448353323955,2.5221748719921764,1.0306376382501754,0.9384697006471117,0.9702731230520629,0.384697006471117,4.452194923515309,1
2022,BC,AB,ART,7,1.715097201484877,1.3100618017012355,1.3091727422764834,0.9583057332922141,0.7638411400630969,0.5830573329221408,4.452194923515309,1
2022,BC,AB,BMT,8.2,1.2233414774114306,1.1238319380047697,1.0885448580357382,0.9817433250212347,0.9186575937756796,0.8174332502123468,4.452194923515309,1
2022,BC,AB,CHM,6.8,1.3930784898754136,1.1028882132190465,1.2631184857886697,0.9717834642676474,0.7916913664481895,0.7178346426764743,4.452194923515309,1
2022,BC,AB,EDU,7,2.10644105906789,1.2632555417555875,1.6674702698240293,0.9474734384660403,0.5997108422841815,0.4747343846604019,4.452194923515309,1
2022,BC,AB,ELC,11.8,1.304162669816502,1.0047947039996812,1.2979394344189497,0.9766775512858915,0.7704519744772771,0.7667755128589149,4.452194923515309,1
2022,BC,AB,ELQ,14.3,1.1121641564827225,1.0548534871167732,1.054330454481026,0.9899147840874996,0.948469235380506,0.899147840874995,4.452194923515309,1
2022,BC,AB,FIN,7,1.7338552688088997,1.3027441860811315,1.330925355364372,0.9576749408090426,0.7513569382155368,0.5767494080904264,4.452194923515309,1
2022,BC,AB,FMT,11.6,1.1691971017808496,1.1608361317901552,1.0072025411354149,0.9855287785504139,0.9928489644919924,0.8552877855041388,4.452194923515309,1
2022,BC,AB,FOD,3.5,1.440942609488949,1.591484846431872,0.9054076843518551,0.9693990165475544,1,0.6939901654755455,4.452194923515309,1
2022,BC,AB,HTH,7,2.313709358855405,1.402869414670789,1.6492692296655158,0.943220640318225,0.6063291438492474,0.4322064031822481,4.452194923515309,1
2022,BC,AB,ITS,7,1.346425657121215,1.1902740590122272,1.1311896171530222,0.9742707177860896,0.8840250872500048,0.742707177860896,4.452194923515309,1
2022,BC,AB,MAC,15,1.1492706255004415,1.1256932936477733,1.0209447208984133,0.9870117079312418,0.9794849608703767,0.8701170793124181,4.452194923515309,1
2022,BC,AB,MFN,7,1.4996524525716948,1.3380882887655934,1.1207425288469917,0.9666821167988049,0.892265595585803,0.6668211679880491,4.452194923515309,1
2022,BC,AB,MIE,20.2,1.0501263349409589,1.7725488258490054,0.5924385944279844,0.995226637665098,1,0.9522663766509797,4.452194923515309,1
2022,BC,AB,MIN,45,1.0460681124899034,1.0056340658082052,1.0402075148967853,0.9955960695159468,0.9613466406260535,0.9559606951594675,4.452194923515309,1
2022,BC,AB,MIS,7,1.8564130351991621,0.7169436184310993,2.589343133092647,0.9538673226829997,0.3861983323954538,0.5386732268299962,4.452194923515309,1
2022,BC,AB,MTV,3,1.6121333562116251,1.8706558333470673,0.8618011541583888,0.9620296079196522,1,0.6202960791965214,4.452194923515309,1
2022,BC,AB,NMM,5,1.6589078798945833,1.6105842777959085,1.0300037711561458,0.9602806226988051,0.970870231744426,0.6028062269880506,4.452194923515309,1
2022,BC,AB,OSV,7,1.9049310145919263,1.4435966016081099,1.3195729419630857,0.9524953393240972,0.7578209344853135,0.5249533932409725,4.452194923515309,1
2022,BC,AB,OTE,10.7,1.3886125977497776,1.211320202406839,1.1463629476257942,0.9720143257824739,0.8723240768301844,0.72014325782474,4.452194923515309,1
2022,BC,AB,PAP,10.7,1.2198549185237857,1.3262216645408151,0.9197971584532535,0.9819769617529728,1,0.8197696175297269,4.452194923515309,1
2022,BC,AB,PET,71.1,1.037319659913219,1.029040539390516,1.0080454755724266,0.9964022989869543,0.9920187374802135,0.964022989869544,4.452194923515309,1
2022,BC,AB,PRF,7,1.5322001159228122,1.2783696700073939,1.1985579381854001,0.9652656261808021,0.8343359700357799,0.6526562618080216,4.452194923515309,1
2022,BC,AB,PUB,7,1.3354961185905943,1.2392197619766478,1.0776911082021308,0.9748785403476381,0.9279096694675901,0.7487854034763818,4.452194923515309,1
2022,BC,AB,REA,7,2.5276573936549807,1.2948832383304605,1.952034993451595,0.9395623236958554,0.5122858982316687,0.39562323695855184,4.452194923515309,1
2022,BC,AB,RUB,7,1.293000761365556,1.327712288480269,0.9738561377974105,0.9773394749546694,1,0.7733947495466948,4.452194923515309,1
2022,BC,AB,TEL,7,1.7460647424138593,0.9923235770050788,1.7595719610770901,0.957271644957308,0.5683200358500076,0.57271644957308,4.452194923515309,1
2022,BC,AB,TEX,7.6,1.2465911225213426,1.2500533527588498,0.9972303340254509,0.9802187647524242,1,0.802187647524242,4.452194923515309,1
2022,BC,AB,TRD,7,1.6105650333122754,1.3637707380743014,1.1809646506908174,0.9620900106059925,0.8467653959117573,0.620900106059926,4.452194923515309,1
2022,BC,AB,TRN,7,1.4304353952464388,1.2460778173739657,1.1479502927521779,0.9699087846485872,0.8711178579017813,0.699087846485872,4.452194923515309,1
2022,BC,AB,UTL,7,1.8523869905150043,,,0.9539843998646297,1,0.539843998646297,4.452194923515309,1
2022,BC,AB,WOD,17.8,1.1051395160425832,1.155328047351844,0.956559064393616,0.9904863128576672,1,0.9048631285766711,4.452194923515309,1
2022,BC,MB,ACC,7,1.97612909671489,1.531744765143222,1.2901164356387513,0.9506039813725934,0.7751238356287498,0.5060398137259334,15.09786892633204,0
2022,BC,MB,ADM,7,1.6447980560804225,1.6111889094212744,1.0208598423577906,0.9607977372239249,0.9795663993309676,0.6079773722392489,15.09786892633204,0
2022,BC,MB,AGR,3.1,5.571428268633657,6.512879937126814,0.8554477162819489,0.9179487189241915,1,0.17948718924191429,15.09786892633204,0
2022,BC,MB,ART,7,2.4100529847591434,1.8534169971841734,1.300329601174828,0.9414928636973489,0.7690357883851258,0.4149286369734889,15.09786892633204,0
2022,BC,MB,BMT,8.2,1.4059186286843182,1.4608953532669988,0.9623677873574338,0.9711278718125967,1,0.7112787181259675,15.09786892633204,0
2022,BC,MB,CHM,6.8,1.5475351558514423,1.3837918797674287,1.1183294095579848,0.9646188874106584,0.8941909167847477,0.6461888741065837,15.09786892633204,0
2022,BC,MB,EDU,7,2.9019324714836077,1.5452307783718309,1.877992926429603,0.9344597956646714,0.5324833687745444,0.34459795664671405,15.09786892633204,0
2022,BC,MB,ELC,11.8,1.6065158848769427,1.0768678870150854,1.491841203780309,0.9622465055847612,0.6703126294313437,0.6224650558476108,15.09786892633204,0
2022,BC,MB,ELQ,14.3,1.2181214385490915,1.1338194445193028,1.0743522211030079,0.9820936212395295,0.9307934403238145,0.8209362123952956,15.09786892633204,0
2022,BC,MB,FIN,7,1.7851235290211542,1.5767829552470813,1.1321301534119044,0.9560185322608086,0.8832906684680173,0.5601853226080858,15.09786892633204,0
2022,BC,MB,FMT,11.6,1.3439709974140683,1.3236865458930795,1.0153242106931766,0.9744063675424616,0.9849070764473207,0.7440636754246169,15.09786892633204,0
2022,BC,MB,FOD,3.5,2.0077622176207317,1.9742976455734418,1.0169501149547133,0.9498066947980043,0.983332402734948,0.49806694798004264,15.09786892633204,0
2022,BC,MB,HTH,7,2.6554725392681977,1.9515942870138532,1.3606683299587605,0.9376580810086472,0.7349329575638085,0.3765808100864725,15.09786892633204,0
2022,BC,MB,ITS,7,1.6682283612637727,1.3072534398320077,1.2761323171413135,0.9599438316252127,0.7836178008876992,0.5994383162521264,15.09786892633204,0
2022,BC,MB,MAC,15,1.2546429812349913,1.2561125441773209,0.9988300706420442,0.9797039488489118,1,0.7970394884891183,15.09786892633204,0
2022,BC,MB,MFN,7,1.644572004590933,1.6781120465776889,0.9800132285235917,0.9608060940602438,1,0.6080609406024382,15.09786892633204,0
2022,BC,MB,MIN,45,1.142248076265558,1.0709188315730651,1.066605649830359,0.9875466565257329,0.9375536311466637,0.8754665652573292,15.09786892633204,0
2022,BC,MB,MTV,3,7.225564529698078,2.9575084871117565,2.4431255434044146,0.9138397490727522,0.4093117534216163,0.13839749072752178,15.09786892633204,0
2022,BC,MB,NMM,5,2.192878764163668,2.2612551889722594,0.9697617389041046,0.9456021562314405,1,0.45602156231440616,15.09786892633204,0
2022,BC,MB,OSV,7,2.318386273326313,1.892750342112927,1.2248769537868567,0.9431334506896146,0.816408535492792,0.43133450689614655,15.09786892633204,0
2022,BC,MB,OTE,10.7,1.3241377956466671,1.3162310316279298,1.0060071247590616,0.9755208410550378,0.9940287453128125,0.7552084105503775,15.09786892633204,0
2022,BC,MB,PAP,10.7,1.3100436769139143,1.6001992605618869,0.8186753420032898,0.9763333328210638,1,0.763333328210638,15.09786892633204,0
2022,BC,MB,PRF,7,1.7860804374614778,1.6728227403440614,1.0677045417819475,0.9559885198351583,0.9365886917845719,0.5598851983515821,15.09786892633204,0
2022,BC,MB,PUB,7,1.5884407294849068,1.4576464643290372,1.0897297584542043,0.9629548198706964,0.9176587059699212,0.6295481987069647,15.09786892633204,0
2022,BC,MB,REA,7,3.205425760797887,1.8287027788937669,1.75284130247614,0.93119710374297,0.5705023030820625,0.31197103742969934,15.09786892633204,0
2022,BC,MB,RUB,7,1.5648964841109916,1.572084545047672,0.9954276880595742,0.9639019903331237,1,0.6390199033312379,15.09786892633204,0
2022,BC,MB,TEL,7,2.0524933991736445,1.034130987868279,1.9847518576003431,0.9487212285507282,0.5038413221132068,0.4872122855072813,15.09786892633204,0
2022,BC,MB,TEX,7.6,1.661634972168067,1.5040387129209982,1.1047820497525629,0.9601816895256617,0.9051559085558722,0.6018168952566162,15.09786892633204,0
2022,BC,MB,TRD,7,1.9799734686009438,1.7833552009003695,1.1102518822954097,0.9505057272664671,0.9006965139590959,0.5050572726646704,15.09786892633204,0
2022,BC,MB,TRN,7,1.554477714990484,1.5411128478925447,1.0086722183363896,0.9643302885822407,0.9914023424272627,0.6433028858224074,15.09786892633204,0
2022,BC,MB,WOD,17.8,1.1863552206289678,1.267815644620189,0.935747421687934,0.9842917856820178,1,0.8429178568201788,15.09786892633204,0
2022,BC,NB,ACC,7,2.355976090718672,1.7368138414733996,1.3564931568716747,0.9424452524768603,0.7371950200664379,0.42445252476860146,33.59649121975922,0
2022,BC,NB,ADM,7,1.7387908697242687,1.854317353502979,0.9376986449700909,0.9575112290622148,1,0.5751122906221474,33.59649121975922,0
2022,BC,NB,AGR,3.1,7.852857169213736,11.312504001240724,0.6941749738477402,0.9127342186219863,1,0.1273421862198628,33.59649121975922,0
2022,BC,NB,ART,7,2.486127326898149,2.222971408638547,1.1183802532218674,0.9402232013292604,0.8941502651885764,0.40223201329260305,33.59649121975922,0
2022,BC,NB,CHM,6.8,1.776088520880562,1.5227849357016308,1.1663423240145334,0.9563034999800692,0.8573812159692658,0.5630349998006928,33.59649121975922,0
2022,BC,NB,EDU,7,2.947457415001458,1.756636765002444,1.6778980570848734,0.9339275470074775,0.5959837641968357,0.3392754700747747,33.59649121975922,0
2022,BC,NB,ELC,11.8,1.660089261531417,1.100625014458135,1.508315038931511,0.9602377247520721,0.6629914667617444,0.6023772475207202,33.59649121975922,0
2022,BC,NB,ELQ,14.3,1.4444897807344452,1.1765645517340175,1.227718257026833,0.9692285963761927,0.814519124625304,0.692285963761927,33.59649121975922,0
2022,BC,NB,FIN,7,2.470449353845097,1.8032137882324502,1.3700257673088703,0.9404784659294296,0.7299132789044481,0.40478465929429547,33.59649121975922,0
2022,BC,NB,FMT,11.6,1.504366708753859,1.4377065906377124,1.046365592639162,0.9664731540641677,0.9556889169852978,0.6647315406416758,33.59649121975922,0
2022,BC,NB,FOD,3.5,2.217592396862309,2.4124518743401726,0.9192276208489508,0.9450939497003557,1,0.4509394970035561,33.59649121975922,0
2022,BC,NB,HTH,7,5.549477257204594,2.3765965902566086,2.335052267581264,0.9180197152569957,0.4282559383717085,0.1801971525699565,33.59649121975922,0
2022,BC,NB,ITS,7,1.6476199935524434,1.4146410944225765,1.164691171526417,0.9606936067729971,0.858596703098061,0.6069360677299709,33.59649121975922,0
2022,BC,NB,MAC,15,1.2437434931277795,1.3434088992506583,0.9258115632712637,0.9804024306881147,1,0.8040243068811473,33.59649121975922,0
2022,BC,NB,MFN,7,1.9898597132846019,1.954638750407453,1.0180191674138288,0.9502547990355225,0.9822997758877129,0.5025479903552246,33.59649121975922,0
2022,BC,NB,MTV,3,3.9515620486887997,4.07088327211784,0.9706891071413688,0.9253064481255411,1,0.2530644812554109,33.59649121975922,0
2022,BC,NB,NMM,5,2.609355082230885,2.8758214451308293,0.9073425217858677,0.9383236458238194,1,0.3832364582381956,33.59649121975922,0
2022,BC,NB,OSV,7,3.6368761808563064,2.2842383398247197,1.5921614296761086,0.9274961244285349,0.6280770161625061,0.27496124428534957,33.59649121975922,0
2022,BC,NB,OTE,10.7,2.1607597248785138,1.4272315155975623,1.5139518019778544,0.9462800184808252,0.6605230091827109,0.4628001848082502,33.59649121975922,0
2022,BC,NB,PAP,10.7,2.1353388955843253,1.8379590030652144,1.1617989802945345,0.9468309738593674,0.8607341002713603,0.46830973859367403,33.59649121975922,0
2022,BC,NB,PRF,7,2.1251688364868375,1.9466661897628428,1.0916965875622164,0.9470550848869553,0.9160054280585624,0.47055084886955223,33.59649121975922,0
2022,BC,NB,PUB,7,1.7607183901833297,1.6288227295572306,1.0809760683177307,0.956794999448826,0.9250898602743817,0.5679499944882599,33.59649121975922,0
2022,BC,NB,REA,7,4.297961536986637,2.184670742585522,1.9673269079898374,0.9232668438606157,0.5083039305459272,0.2326684386061571,33.59649121975922,0
2022,BC,NB,RUB,7,2.0573890709894673,1.7962604902349317,1.145373447879145,0.9486052936753993,0.8730776864538558,0.486052936753993,33.59649121975922,0
2022,BC,NB,TEL,7,2.1940873082654235,1.0444084373058466,2.100794315608255,0.9455770377155396,0.47601042737516364,0.45577037715539614,33.59649121975922,0
2022,BC,NB,TEX,7.6,1.7290615924032813,1.6962505587391135,1.019343270659588,0.9578348396837655,0.9810237912817422,0.5783483968376546,33.59649121975922,0
2022,BC,NB,TRD,7,2.6245736711060745,2.114790653276975,1.241056019913444,0.9381014261862411,0.8057653997518531,0.3810142618624113,33.59649121975922,0
2022,BC,NB,TRN,7,2.195905127386276,1.7505784421195087,1.254388306488905,0.9455393080296812,0.7972013090579979,0.4553930802968122,33.59649121975922,0
2022,BC,NB,WOD,17.8,1.2792064483134478,1.3596356091664432,0.9408450614923918,0.9781734645974023,1,0.7817346459740226,33.59649121975922,0
2022,BC,NL,ACC,7,2.2544145842876935,1.6960179821118675,1.3292397887671659,0.9443574135374023,0.752309709994066,0.4435741353740225,28.878710553194527,0
2022,BC,NL,ADM,7,1.977747908610461,1.8056647807546884,1.0953018133209917,0.9505625613682274,0.9129903628735596,0.5056256136822749,28.878710553194527,0
2022,BC,NL,AGR,3.1,9.153395558189551,10.19052857564792,0.8982257878225491,0.9109249075235835,1,0.1092490752358341,28.878710553194527,0
2022,BC,NL,ART,7,2.543546299136036,2.147812120545191,1.1842499047311426,0.9393151876315233,0.8444163651649418,0.3931518763152332,28.878710553194527,0
2022,BC,NL,BMT,8.2,2.307626677106664,1.5993712807438245,1.4428336339973848,0.9433345657649364,0.6930805994794356,0.43334565764936234,28.878710553194527,0
2022,BC,NL,CHM,6.8,1.8512515970895602,1.4954602848391458,1.237914250119109,0.954017509104227,0.8078103955130839,0.5401750910422695,28.878710553194527,0
2022,BC,NL,EDU,7,3.3052123396168476,1.7145373050526869,1.9277576112671868,0.9302552422431027,0.5187374149920554,0.30255242243102715,28.878710553194527,0
2022,BC,NL,ELC,11.8,1.5782767750450997,1.0960908530405362,1.4399141920279586,0.9633602430075311,0.6944858280698043,0.6336024300753109,28.878710553194527,0
2022,BC,NL,FIN,7,2.659890241593106,1.7580161005726087,1.5130067584288591,0.9375955362504381,0.6609355803793123,0.3759553625043804,28.878710553194527,0
2022,BC,NL,FMT,11.6,1.6862354716794818,1.4154078872311933,1.1913424299041309,0.9593036984925958,0.8393892258840068,0.5930369849259577,28.878710553194527,0
2022,BC,NL,FOD,3.5,3.482554274433891,2.322691416713439,1.4993615808688157,0.9287145560757285,0.6669505293183136,0.28714556075728515,28.878710553194527,0
2022,BC,NL,HTH,7,5.153668240464009,2.2896459261824607,2.2508581704843547,0.9194036548986312,0.4442749939170149,0.19403654898631295,28.878710553194527,0
2022,BC,NL,ITS,7,1.8094774171840455,1.3936702927129463,1.298354012886133,0.9552645747608293,0.7702059608358148,0.552645747608293,28.878710553194527,0
2022,BC,NL,MFN,7,2.24719891191975,1.8990410050973605,1.1833335382900487,0.9444998435472594,0.8450702761666242,0.4449984354725921,28.878710553194527,0
2022,BC,NL,OSV,7,3.8812243502583694,2.204425585911875,1.7606511079632907,0.9257650656018747,0.5679716983547031,0.257650656018746,28.878710553194527,0
2022,BC,NL,PAP,10.7,2.0858932021102468,1.79041857356659,1.165031034030807,0.9479410930045855,0.858346233524932,0.479410930045855,28.878710553194527,0
2022,BC,NL,PRF,7,2.2776841733901825,1.8916280669512155,1.2040866876442489,0.9439042432521084,0.8305049879394175,0.43904243252108394,28.878710553194527,0
2022,BC,NL,PUB,7,1.7256238781282491,1.5949658177662658,1.0819190348197987,0.9579500557841539,0.9242835811337372,0.5795005578415389,28.878710553194527,0
2022,BC,NL,REA,7,4.2062203484431375,2.1123865145160337,1.9912171941728285,0.9237743132113878,0.5022053861961603,0.2377431321138783,28.878710553194527,0
2022,BC,NL,TEL,7,1.9947427896213128,1.042456373068125,1.913502417132765,0.9501317766482487,0.5226019006019457,0.501317766482486,28.878710553194527,0
2022,BC,NL,TRD,7,2.6014325509667526,2.0476827276590943,1.2704275500437041,0.9384403585489224,0.7871365824565115,0.3844035854892247,28.878710553194527,0
2022,BC,NL,TRN,7,2.2356923828944186,1.7088783507268996,1.308280593491883,0.9447288727040953,0.7643620221644786,0.4472887270409533,28.878710553194527,0
2022,BC,NS,ACC,7,2.243152547327335,1.766761772767389,1.2696406396736473,0.9445801156587177,0.7876244417137147,0.44580115658717784,37.459369798401944,0
2022,BC,NS,ADM,7,2.208453599780525,1.8901193788982613,1.1684201667028136,0.9452805528764281,0.8558565047896413,0.4528055287642808,37.459369798401944,0
2022,BC,NS,AGR,3.1,7.31798730269238,12.195104950632889,0.6000757953552994,0.9136649594845851,1,0.1366495948458516,37.459369798401944,0
2022,BC,NS,ART,7,2.3294419315868886,2.2786508642655963,1.022289973474134,0.9429287369837448,0.9781960362984057,0.42928736983744803,37.459369798401944,0
2022,BC,NS,BMT,8.2,2.09723148985682,1.6585392176503044,1.2645052149131706,0.9476819084987262,0.7908231521755067,0.4768190849872615,37.459369798401944,0
2022,BC,NS,CHM,6.8,1.9984117252370812,1.5427464507301625,1.295359794405139,0.9500397384268432,0.7719862885347808,0.500397384268432,37.459369798401944,0
2022,BC,NS,EDU,7,2.6960943686288275,1.7875546290619135,1.5082584469285307,0.9370906898377069,0.6630163431449261,0.3709068983770688,37.459369798401944,0
2022,BC,NS,ELC,11.8,1.3824174545281265,1.1038978176870846,1.2523056322591555,0.9723370496172837,0.7985271121044174,0.7233704961728361,37.459369798401944,0
2022,BC,NS,FIN,7,2.4119698708266633,1.8364391209318849,1.3133949518580994,0.9414598877081856,0.7613855973675473,0.4145988770818544,37.459369798401944,0
2022,BC,NS,FMT,11.6,1.3851970401815046,1.4539618944033315,0.9527051881575987,0.9721918955204357,1,0.7219189552043573,37.459369798401944,0
2022,BC,NS,FOD,3.5,2.1052534704257235,2.4791494430383105,0.8491837699971969,0.9475002185745254,1,0.47500218574525394,37.459369798401944,0
2022,BC,NS,HTH,7,4.386019491148592,2.441170573239966,1.7966870235238777,0.9227997162807438,0.5565799646277182,0.22799716280743756,37.459369798401944,0
2022,BC,NS,ITS,7,1.8539448143331558,1.4299192428740217,1.2965381251929144,0.953939038113154,0.7712846854011393,0.5393903811315384,37.459369798401944,0
2022,BC,NS,MAC,15,1.296850623734642,1.3557468251916491,0.9565581122060297,0.9771098831043642,1,0.7710988310436416,37.459369798401944,0
2022,BC,NS,MFN,7,1.7981416905160057,1.9956312870758373,0.9010390356982179,0.955612970060943,1,0.5561297006094297,37.459369798401944,0
2022,BC,NS,NMM,5,4.850276259534515,2.971453506533332,1.6322908128531093,0.9206173823199089,0.6126359299003115,0.2061738231990874,37.459369798401944,0
2022,BC,NS,OSV,7,3.011954580584154,2.343424603622481,1.2852790637805265,0.9332010318630387,0.7780411493349894,0.3320103186303875,37.459369798401944,0
2022,BC,NS,OTE,10.7,1.1389816584498778,1.4430415571507609,0.7892923476845396,0.9877977263796305,1,0.8779772637963039,37.459369798401944,0
2022,BC,NS,PAP,10.7,1.6301589204749032,1.872931177102831,0.87037844230696,0.9613437124098722,1,0.6134371240987209,37.459369798401944,0
2022,BC,NS,PRF,7,2.1553692000562257,1.9872399836200803,1.0846043848865554,0.9463957636572851,0.9219951661034409,0.46395763657284966,37.459369798401944,0
2022,BC,NS,PUB,7,1.5144686458476222,1.6536179108629185,0.9158516220094138,0.9660297591991625,1,0.6602975919916236,37.459369798401944,0
2022,BC,NS,REA,7,3.5646201228174115,2.238185917830816,1.5926380799822637,0.9280534801899065,0.6278890430719428,0.2805348018990641,37.459369798401944,0
2022,BC,NS,RUB,7,1.575385898337586,1.8291388419695636,0.8612719068615131,0.9634765108063518,1,0.6347651080635179,37.459369798401944,0
2022,BC,NS,TEL,7,2.1280864451228902,1.0458147257648713,2.0348598969731317,0.9469905723187035,0.4914343250301934,0.46990572318703583,37.459369798401944,0
2022,BC,NS,TEX,7.6,1.5498394614448527,1.7242367263453908,0.8988553820737932,0.9645228118703173,1,0.6452281187031722,37.459369798401944,0
2022,BC,NS,TRD,7,2.2395267904295797,2.164413933079411,1.0347035547139092,0.9446522901299245,0.9664603890111265,0.44652290129924405,37.459369798401944,0
2022,BC,NS,TRN,7,2.0127225084298694,1.7811990984731894,1.1299817691099987,0.9496839477777839,0.8849700299037784,0.49683947777783977,37.459369798401944,0
2022,BC,NS,WOD,17.8,1.28056501346084,1.3726328340047123,0.9329261123127438,0.9780905295309772,1,0.7809052953097725,37.459369798401944,0
2022,BC,NT,ACC,7,2.288476910346424,1.3554677450371588,1.6883300386345141,0.9436971854720887,0.5923012545632245,0.4369718547208861,6.9937795351730925,1
2022,BC,NT,ADM,7,1.9432305363688698,1.363216564051528,1.425474563332417,0.9514606981150372,0.701520760680738,0.5146069811503708,6.9937795351730925,1
2022,BC,NT,AGR,3.1,2.397954262863668,3.444797561185124,0.6961089063354692,0.9417022132359518,1,0.41702213235951674,6.9937795351730925,1
2022,BC,NT,ART,7,2.438218587999465,1.4516931664366703,1.679568826506446,0.9410135500123674,0.5953909028426244,0.41013550012367445,6.9937795351730925,1
2022,BC,NT,CHM,6.8,1.4062634536344332,1.1641303950068187,1.2079947913620073,0.9711104307955625,0.8278181389114315,0.7111043079556245,6.9937795351730925,1
2022,BC,NT,EDU,7,3.123680251849647,1.3581079379049756,2.300023558266107,0.9320135199307887,0.43477815538283393,0.3201351993078878,6.9937795351730925,1
2022,BC,NT,FIN,7,2.2865476955155026,1.405279532676253,1.6271123590343184,0.9437340538297648,0.614585707279302,0.4373405382976496,6.9937795351730925,1
2022,BC,NT,HTH,7,3.7460097076274974,1.567941089060871,2.389126564615508,0.9266950723049071,0.41856300742314756,0.26695072304907114,6.9937795351730925,1
2022,BC,NT,MFN,7,1.9411982539064394,1.458439880947618,1.3310101288817955,0.9515145734335797,0.7513090834553733,0.5151457343357971,6.9937795351730925,1
2022,BC,NT,MIS,7,2.1784995399134433,0.7050389636558991,3.0898994980604795,0.9459031540598688,0.3236351216690695,0.4590315405986876,6.9937795351730925,1
2022,BC,NT,OSV,7,2.7799684382411005,1.6052631569224525,1.7317836183138637,0.9359716314129345,0.5774393460157807,0.3597163141293449,6.9937795351730925,1
2022,BC,NT,PRF,7,1.856113753866935,1.3926183704617126,1.3328229709130965,0.9538760082951084,0.7502871887891573,0.5387600829510851,6.9937795351730925,1
2022,BC,NT,PUB,7,1.6000907714318082,1.3193966156017087,1.21274433518392,0.962496454442092,0.8245761047800269,0.624964544420921,6.9937795351730925,1
2022,BC,NT,REA,7,4.153229378064505,1.4316725896407085,2.9009631169280095,0.9240776491970695,0.3447131037842892,0.24077649197069434,6.9937795351730925,1
2022,BC,NT,TEL,7,2.000564740234326,0.9978798752169332,2.0048151986223943,0.9499858854796607,0.49879909165051645,0.4998588547966061,6.9937795351730925,1
2022,BC,NT,TEX,7.6,1.796955660154912,1.3378867965964867,1.3431298258763538,0.9556496758475271,0.7445296655128096,0.5564967584752715,6.9937795351730925,1
2022,BC,NT,TRD,7,2.5840592574268793,1.5015511953851988,1.7209265094447748,0.9386988029444714,0.5810823382124735,0.3869880294447144,6.9937795351730925,1
2022,BC,NT,TRN,7,1.7614812774822726,1.3390457982179162,1.3154750045342432,0.9567704018648058,0.7601816808021068,0.5677040186480574,6.9937795351730925,1
2022,BC,NU,ACC,7,2.6673593245396803,1.4208666897119138,1.8772762735964328,0.9374902620280668,0.532686645042516,0.37490262028066845,9.35772261622624,0
2022,BC,NU,ADM,7,2.4928076793021665,1.4813021283109853,1.6828489149236039,0.9401154091550272,0.5942304095940764,0.40115409155027104,9.35772261622624,0
2022,BC,NU,CHM,6.8,1.2951899864049574,1.3068075900980756,0.9911099355550527,0.9772087501058966,1,0.7720875010589662,9.35772261622624,0
2022,BC,NU,EDU,7,3.673597486650692,1.431164081520579,2.566859757091988,0.9272212729792486,0.3895810814116726,0.27221272979248584,9.35772261622624,0
2022,BC,NU,FIN,7,2.508394310500694,1.4551945457984765,1.7237518637924243,0.9398661404952873,0.5801299021077786,0.39866140495287306,9.35772261622624,0
2022,BC,NU,FOD,3.5,2.4894849557125145,1.7512807515830378,1.421522479169711,0.9401689513208482,0.7034711125947755,0.4016895132084823,9.35772261622624,0
2022,BC,NU,HTH,7,3.852971479930453,1.7346738865954516,2.2211503324653528,0.9259539943445948,0.45021716242414617,0.25953994344594794,9.35772261622624,0
2022,BC,NU,OSV,7,2.973583628986019,1.6914714000746298,1.7579863477767468,0.9336294560627844,0.56883263130266,0.33629456062784296,9.35772261622624,0
2022,BC,NU,PRF,7,2.005113629279099,1.5278269024390065,1.3123958126919726,0.9498724852994755,0.7619652473203267,0.4987248529947558,9.35772261622624,0
2022,BC,NU,REA,7,5.131956676343785,1.6441783973710618,3.1212894443507238,0.9194857451663533,0.3203804125919554,0.1948574516635321,9.35772261622624,0
2022,BC,NU,TEL,7,2.0249129635085072,1.0280330708688536,1.9696963267894965,0.949384838658316,0.5076924734027141,0.49384838658315927,9.35772261622624,0
2022,BC,NU,TRD,7,2.530476693109311,1.6105171897896067,1.5712199218686298,0.9395182458199706,0.6364481420339388,0.39518245819970577,9.35772261622624,0
2022,BC,NU,TRN,7,2.2181389765625443,1.4280214768104214,1.5532952498143808,0.9450828379360476,0.6437926080823979,0.4508283793604775,9.35772261622624,0
2022,BC,ON,ACC,7,1.707957720127325,1.646929929340233,1.03705548712175,0.9585494587023765,0.9642685588361388,0.5854945870237653,23.95389021263612,0
2022,BC,ON,ADM,7,1.505938529367965,1.7473070308697076,0.8618625706658987,0.9664037728299372,1,0.6640377282993716,23.95389021263612,0
2022,BC,ON,AGR,3.1,5.254776890233524,8.956645380886082,0.5866902915959444,0.9190303036815622,1,0.1903030368156239,23.95389021263612,0
2022,BC,ON,ART,7,1.783808312957238,2.0584425280483347,0.866581548258486,0.9560598351704156,1,0.5605983517041566,23.95389021263612,0
2022,BC,ON,BMT,8.2,1.187266455722936,1.558154806881592,0.7619695106541229,0.9842270911622018,1,0.8422709116220184,23.95389021263612,0
2022,BC,ON,CHM,6.8,1.369848426441055,1.462373013659893,0.9367298313394913,0.9730007773632341,1,0.7300077736323408,23.95389021263612,0
2022,BC,ON,EDU,7,2.2531224110540635,1.6639083161462846,1.354114520127188,0.9443828526623272,0.7384899763914156,0.4438285266232723,23.95389021263612,0
2022,BC,ON,ELC,11.8,1.2871709194064445,1.0905140348349633,1.180334116104469,0.9776897601494239,0.8472177380590871,0.7768976014942381,23.95389021263612,0
2022,BC,ON,ELQ,14.3,1.1142686460160576,1.1582930057610181,0.9619920352397917,0.9897449644280477,1,0.8974496442804774,23.95389021263612,0
2022,BC,ON,FIN,7,1.46867287844028,1.7037295206593048,0.8620340615286967,0.9680886816036253,1,0.6808868160362522,23.95389021263612,0
2022,BC,ON,FMT,11.6,1.2792838548529115,1.3883317415016125,0.9214540131951782,0.9781687344998954,1,0.7816873449989543,23.95389021263612,0
2022,BC,ON,FOD,3.5,1.684651690425373,2.2163787933291417,0.7600919551729328,0.959359451314681,1,0.5935945131468101,23.95389021263612,0
2022,BC,ON,HTH,7,2.9688995634034665,2.186587095711118,1.357777867264842,0.9336825136264841,0.7364974964678406,0.3368251362648412,23.95389021263612,0
2022,BC,ON,ITS,7,1.345012058684153,1.368186731405867,0.983061761826983,0.9743487758004427,1,0.7434877580044272,23.95389021263612,0
2022,BC,ON,MAC,15,1.1967937187562745,1.3057714390576438,0.9165415040935365,0.9835565882681282,1,0.8355658826812816,23.95389021263612,0
2022,BC,ON,MFN,7,1.5606464319320226,1.8325213791651538,0.8516388674510362,0.9640760123202305,1,0.6407601232023047,23.95389021263612,0
2022,BC,ON,MIN,45,1.0817696678356248,1.0834685244550302,0.9984320203300231,0.992441120298813,1,0.9244112029881303,23.95389021263612,0
2022,BC,ON,MIS,7,1.3531128040790164,0.8889126604629728,1.5222111960631475,0.9739036684144483,0.6569390650826062,0.7390366841444832,23.95389021263612,0
2022,BC,ON,MTV,3,3.1072967835438443,3.5563237703836044,0.8737384400770334,0.9321823137492361,1,0.32182313749236047,23.95389021263612,0
2022,BC,ON,NMM,5,2.0627601870639,2.5977805036776638,0.794047142991358,0.9484787328294999,1,0.4847873282949988,23.95389021263612,0
2022,BC,ON,OSV,7,1.9265200000725256,2.109646631741038,0.9131955897669068,0.951907065587814,1,0.5190706558781399,23.95389021263612,0
2022,BC,ON,OTE,10.7,1.4004671946071632,1.379186876214023,1.0154296120128088,0.9714047429208439,0.9848048433586412,0.7140474292084393,23.95389021263612,0
2022,BC,ON,PAP,10.7,1.4136935387558351,1.7333705177280692,0.8155749300552112,0.9707366888639868,1,0.7073668886398682,23.95389021263612,0
2022,BC,ON,PET,71.1,1.0732418646874007,1.0725738721873779,1.0006227939327486,0.9931756422203364,0.9993775936981201,0.9317564222033646,23.95389021263612,0
2022,BC,ON,PRF,7,1.7850874935800112,1.8257650584134983,0.977720263269342,0.9560196631031508,1,0.5601966310315075,23.95389021263612,0
2022,BC,ON,PUB,7,1.1850071538483105,1.554101176570087,0.7625032216136856,0.9843876762053714,1,0.8438767620537144,23.95389021263612,0
2022,BC,ON,REA,7,2.6572537645471694,2.026363738429955,1.3113409572784962,0.9376328378321223,0.7625781795722749,0.37632837832122257,23.95389021263612,0
2022,BC,ON,RUB,7,1.4721807072348123,1.697791120144852,0.8671153298935909,0.9679264437501217,1,0.6792644375012179,23.95389021263612,0
2022,BC,ON,TEL,7,1.725641530872093,1.040049355084612,1.6591919628003668,0.9579494629741917,0.6027030159380777,0.579494629741918,23.95389021263612,0
2022,BC,ON,TEX,7.6,1.2931479437935767,1.6121289423459892,0.8021367955293777,0.9773306723951787,1,0.7733067239517867,23.95389021263612,0
2022,BC,ON,TRD,7,1.625496056812916,1.9676951848648214,0.8260913932787745,0.9615196816878587,1,0.6151968168785865,23.95389021263612,0
2022,BC,ON,TRN,7,1.5337325335115883,1.6587213128923637,0.9246475110621033,0.9652004165100697,1,0.652004165100697,23.95389021263612,0
2022,BC,ON,UTL,7,2.595701153220194,,,0.9385252361875102,1,0.3852523618750998,23.95389021263612,0
2022,BC,ON,WOD,17.8,1.1494636584528692,1.3200170961739206,0.8707945236350334,0.9869970957886532,1,0.8699709578865319,23.95389021263612,0
2022,BC,PE,ACC,7,2.131013348923783,1.9239186412616227,1.1076421337267965,0.9469260317165553,0.9028186717991473,0.4692603171655522,64.44091570197733,0
2022,BC,PE,ADM,7,2.6105785235433534,2.0791535646551846,1.2555967812681996,0.9383056855398738,0.7964340263678938,0.38305685539873907,64.44091570197733,0
2022,BC,PE,AGR,3.1,23.306527736574917,17.734322438321648,1.314204578022808,0.9042906434253211,0.7609165397250998,0.04290643425321142,64.44091570197733,0
2022,BC,PE,ART,7,2.5646974046234368,2.5776922778512183,0.994958718176161,0.9389909545741061,1,0.38990954574106007,64.44091570197733,0
2022,BC,PE,CHM,6.8,2.228022570215616,1.6462164830443262,1.3534201565612825,0.9448828487362777,0.7388688539564545,0.44882848736277636,64.44091570197733,0
2022,BC,PE,EDU,7,3.447662458825366,1.949974057097109,1.7680555524712152,0.9290051596391111,0.5655930881822676,0.2900515963911109,64.44091570197733,0
2022,BC,PE,ELC,11.8,1.6358925260022583,1.1203569115877041,1.4601530182769769,0.9611287101142131,0.6848597287289994,0.6112871011421318,64.44091570197733,0
2022,BC,PE,FIN,7,2.852615207322793,2.0114090743434714,1.4182173301837633,0.9350555517418878,0.7051105487975009,0.35055551741887747,64.44091570197733,0
2022,BC,PE,FMT,11.6,1.5962342803590488,1.5377695798905486,1.0380191552967653,0.9626474454473605,0.9633733586680338,0.6264744544736034,64.44091570197733,0
2022,BC,PE,FOD,3.5,3.24728962320053,2.8401393787671125,1.1433557266510488,0.9307949125589359,0.8746184382432356,0.3079491255893583,64.44091570197733,0
2022,BC,PE,HTH,7,5.020734610566806,2.7901736300376374,1.7994344712157142,0.9199174040765941,0.5557301563331678,0.19917404076594022,64.44091570197733,0
2022,BC,PE,ITS,7,2.15896383866318,1.5085701713679052,1.4311325251151736,0.9463185154883925,0.6987473084783136,0.46318515488392575,64.44091570197733,0
2022,BC,PE,MFN,7,3.3772717194167567,2.213144688631062,1.5260058399099807,0.9296096992803616,0.6553054869429531,0.29609699280361623,64.44091570197733,0
2022,BC,PE,OSV,7,3.6951078638175123,2.662115533067325,1.3880343726329412,0.9270628094457539,0.7204432539398252,0.27062809445753877,64.44091570197733,0
2022,BC,PE,OTE,10.7,2.0790220667097516,1.5244979745388678,1.363742098338056,0.9480995375668424,0.733276475969074,0.4809953756684239,64.44091570197733,0
2022,BC,PE,PRF,7,2.6798592583852674,2.202448821820005,1.2167634643018637,0.9373153924733549,0.8218524218869153,0.3731539247335488,64.44091570197733,0
2022,BC,PE,PUB,7,2.0859539336978123,1.7829549032752303,1.1699420607139208,0.9479396972217541,0.8547431822305637,0.47939697221754074,64.44091570197733,0
2022,BC,PE,REA,7,5.008746860237177,2.525133468218145,1.9835572746067907,0.9199650736582173,0.5041447568980504,0.19965073658217325,64.44091570197733,0
2022,BC,PE,TEL,7,2.609650984769596,1.052852697685097,2.478647763839543,0.9383193003905957,0.4034457878964426,0.3831930039059569,64.44091570197733,0
2022,BC,PE,TRD,7,2.6481523889049554,2.429680276785187,1.0899180497974152,0.9377621772897109,0.9175001736927574,0.3776217728971076,64.44091570197733,0
2022,BC,PE,TRN,7,2.389044632179751,1.9420051356485017,1.2301948065559403,0.9418577362067786,0.8128793868018394,0.41857736206778423,64.44091570197733,0
2022,BC,QC,ACC,7,1.9506599465288557,1.6756309922916206,1.1641345591615615,0.9512647015580277,0.859007227412117,0.5126470155802767,26.738841894189218,0
2022,BC,QC,ADM,7,1.8074450675301397,1.7814032910078266,1.0146186866577416,0.9553267160349439,0.9855919402530452,0.5532671603494388,26.738841894189218,0
2022,BC,QC,AGR,3.1,6.210148583711829,9.663118565861401,0.6426650507685494,0.916102674300303,1,0.16102674300303074,26.738841894189218,0
2022,BC,QC,ART,7,2.182643339951691,2.1105532189039544,1.0341569785599503,0.945816005835481,0.9669711859339639,0.4581600583548081,26.738841894189218,0
2022,BC,QC,BMT,8.2,1.4999723302695054,1.5822697813652704,0.9479877249347742,0.9666678964551517,1,0.6666789645515171,26.738841894189218,0
2022,BC,QC,CHM,6.8,1.579827650782195,1.4817467324993283,1.0661927683939814,0.9632980439040225,0.9379166972838427,0.6329804390402244,26.738841894189218,0
2022,BC,QC,EDU,7,2.937495887665607,1.6935066335009372,1.7345641461073034,0.9340426008492114,0.5765137035976403,0.34042600849211335,26.738841894189218,0
2022,BC,QC,ELC,11.8,1.3208484252898274,1.0937911259693296,1.2075874396213235,0.9757089141231761,0.8280973842470413,0.7570891412317616,26.738841894189218,0
2022,BC,QC,ELQ,14.3,1.1889450219046616,1.1642021801802034,1.0212530453435744,0.9841081783914638,0.9791892465432752,0.8410817839146371,26.738841894189218,0
2022,BC,QC,FIN,7,1.7462425152695324,1.7354569404439788,1.0062148328628622,0.9572658145278092,0.9938235527246404,0.5726581452780916,26.738841894189218,0
2022,BC,QC,FMT,11.6,1.4280119379841305,1.404195784317102,1.0169607072838571,0.9700274257799036,0.9833221606671938,0.700274257799036,26.738841894189218,0
2022,BC,QC,FOD,3.5,1.8756273903319836,2.2783126580860826,0.8232528506019984,0.9533154935332332,1,0.5331549353323324,26.738841894189218,0
2022,BC,QC,HTH,7,3.8795138037442816,2.2466353881137215,1.7268106005405386,0.9257764258767389,0.5791023055377196,0.25776425876738934,26.738841894189218,0
2022,BC,QC,ITS,7,1.4334549152864207,1.3831203298595487,1.0363920508868403,0.9697615243657796,0.9648858259230186,0.6976152436577948,26.738841894189218,0
2022,BC,QC,MAC,15,1.2133821879583986,1.3178911442330097,0.9206998569404353,0.982414264023652,1,0.8241426402365201,26.738841894189218,0
2022,BC,QC,MFN,7,1.7576577721733655,1.871363693664208,0.9392390042214608,0.9568938968570365,1,0.5689389685703649,26.738841894189218,0
2022,BC,QC,MIS,7,1.8170528829137051,0.8852952388851328,2.0524823845228743,0.9550341715094426,0.4872149001329737,0.5503417150944262,26.738841894189218,0
2022,BC,QC,MTV,3,3.848549570918294,3.7160535722691734,1.0356550292056779,0.9259838149820528,0.9655724848523891,0.25983814982052894,26.738841894189218,0
2022,BC,QC,NMM,5,2.21167352642783,2.6850956380702207,0.8236851958157292,0.9452146299194143,1,0.4521462991941417,26.738841894189218,0
2022,BC,QC,OSV,7,2.532343692662768,2.1648948347656067,1.1697305809023029,0.939489110538092,0.8548977143340335,0.39489110538091954,26.738841894189218,0
2022,BC,QC,OTE,10.7,1.4156105524529272,1.3946272202299472,1.0150458358467436,0.9706408975453898,0.9851771857827559,0.7064089754538988,26.738841894189218,0
2022,BC,QC,PAP,10.7,1.486561224001065,1.7667048354106492,0.84143157034804394,0.9672693451069919,1,0.6726934510699194,26.738841894189218,0
2022,BC,QC,PET,71.1,1.0740976690620483,1.0751792643975293,0.9989940325568991,0.9931014030477552,1,0.9310140304775507,26.738841894189218,0
2022,BC,QC,PRF,7,1.8805677787602728,1.864225697075221,1.0087661497804108,0.9531754298512565,0.9913100278173302,0.5317542985125643,26.738841894189218,0
2022,BC,QC,PUB,7,1.3407809776290238,1.5780110605083448,0.849665133016939,0.9745833970413538,1,0.745833970413538,26.738841894189218,0
2022,BC,QC,REA,7,3.7137621718029727,2.0765325830469648,1.7884439676615365,0.9269268723665877,0.5591452782876619,0.2692687236658765,26.738841894189218,0
2022,BC,QC,RUB,7,1.6770507108509676,1.7291988602445325,0.9698425955553831,0.9596284890808447,1,0.5962848908084484,26.738841894189218,0
2022,BC,QC,TEL,7,1.7805126035272507,1.0414645980399986,1.7096237422550087,0.9561636013145298,0.5849240246751553,0.5616360131452981,26.738841894189218,0
2022,BC,QC,TEX,7.6,1.258779593134999,1.6390108951418318,0.7680117300416545,0.9794420250736265,1,0.7944202507362653,26.738841894189218,0
2022,BC,QC,TRD,7,1.8286525491475019,2.014361048718228,0.9078077389905371,0.954685074016176,1,0.5468507401617597,26.738841894189218,0
2022,BC,QC,TRN,7,1.6987214016982337,1.6880448403309525,1.0063248090999692,0.9588678048678427,0.9937149426877134,0.5886780486784279,26.738841894189218,0
2022,BC,QC,WOD,17.8,1.207299177592863,1.3327697175663484,0.905857299787246,0.9828295105769739,1,0.8282951057697395,26.738841894189218,0
2022,BC,SK,ACC,7,1.9501517802862907,1.3823464125910032,1.4107547590990746,0.9512780600007039,0.7088404228659929,0.5127806000070393,7.855639515755842,0
2022,BC,SK,ADM,7,1.7707009773066964,1.436454049716568,1.2326889103456389,0.9564748092882989,0.8112346850914768,0.5647480928829881,7.855639515755842,0
2022,BC,SK,AGR,3.1,4.674651200654286,4.148768652282389,1.1267562962525255,0.9213919703754591,0.8875033610425752,0.2139197037545893,7.855639515755842,0
2022,BC,SK,ART,7,2.0485888340448373,1.5976403787481945,1.2822590498432296,0.9488140901376266,0.7798736145572621,0.4881409013762657,7.855639515755842,0
2022,BC,SK,BMT,8.2,1.4074647598624839,1.3335202106589983,1.0554506400521246,0.9710497362717418,0.9474625928035951,0.7104973627174188,7.855639515755842,0
2022,BC,SK,CHM,6.8,1.7590050800129244,1.279731141038029,1.3745114294758365,0.9568503190447097,0.7275312365946243,0.5685031904470977,7.855639515755842,0
2022,BC,SK,EDU,7,2.6559066023448388,1.391578156513854,1.9085572663761465,0.9376519264313408,0.5239559837252039,0.3765192643134073,7.855639515755842,0
2022,BC,SK,ELC,11.8,1.7451609238675378,1.0578443553002328,1.6497331721094581,0.9573013059325125,0.6061586303204013,0.5730130593251254,7.855639515755842,0
2022,BC,SK,ELQ,14.3,1.1973609902903857,1.1000606073203933,1.0884500202284342,0.9835170018155911,0.9187376373883744,0.8351700181559102,7.855639515755842,0
2022,BC,SK,FIN,7,1.904230797805778,1.4131016345959455,1.3475540266785293,0.9525146427183243,0.7420852746548608,0.5251464271832427,7.855639515755842,0
2022,BC,SK,FMT,11.6,1.3712119791215853,1.2372989922781163,1.1082300944874353,0.9729281843526929,0.9023396900825974,0.72928184352693,7.855639515755842,0
2022,BC,SK,FOD,3.5,1.774301907513353,1.6761564368234128,1.0585538846695848,0.9563601941566686,0.9446850221631734,0.5636019415666859,7.855639515755842,0
2022,BC,SK,HTH,7,2.837090159595756,1.6615001533846354,1.7075473353501238,0.9352473817801578,0.5856353023413873,0.35247381780157644,7.855639515755842,0
2022,BC,SK,ITS,7,1.5899887259247982,1.2256177447786483,1.297295778148151,0.9628935277146926,0.7708342359885489,0.6289352771469255,7.855639515755842,0
2022,BC,SK,MAC,15,1.2431741065478406,1.189035921286677,1.0455311604064743,0.9804392558317427,0.9564516466551098,0.8043925583174277,7.855639515755842,0
2022,BC,SK,MFN,7,1.8222879409147776,1.4815367965814068,1.2299984348142023,0.9548760696675633,0.8130091646425999,0.548760696675634,7.855639515755842,0
2022,BC,SK,MIN,45,1.1217417243340784,1.053403925275348,1.0648733096764071,0.9891470806788122,0.939078847138989,0.891470806788122,7.855639515755842,0
2022,BC,SK,MIS,7,1.7874997003059945,0.9264261239483847,1.9294573567158864,0.9559440653236928,0.5182804359574403,0.5594406532369288,7.855639515755842,0
2022,BC,SK,MTV,3,3.4264432028839784,2.278171695118577,1.5040320315741764,0.9291847826095094,0.6648794566917318,0.2918478260950939,7.855639515755842,0
2022,BC,SK,NMM,5,2.3818383983213383,1.8580907394173343,1.2818741021594253,0.9419843764675545,0.7801078111457399,0.4198437646755446,7.855639515755842,0
2022,BC,SK,OSV,7,2.6510225704075507,1.6233203350534595,1.6330865283716456,0.9377212933289462,0.6123374252539469,0.3772129332894614,7.855639515755842,0
2022,BC,SK,PAP,10.7,1.1815049813375698,1.4290081907108187,0.8268007062645766,0.9846378149728924,1,0.8463781497289247,7.855639515755842,0
2022,BC,SK,PET,71.1,1.0722777742229384,1.0465175654380034,1.0246151709590783,0.9932594169197141,0.9759761794898688,0.9325941691971403,7.855639515755842,0
2022,BC,SK,PRF,7,1.951459632774413,1.4779896143835347,1.3203473243540762,0.9512436938589547,0.7573764732618423,0.5124369385895461,7.855639515755842,0
2022,BC,SK,PUB,7,1.421739133655612,1.3312677352222249,1.0679588305490517,0.9703363912779678,0.9363656832032436,0.7033639127796774,7.855639515755842,0
2022,BC,SK,REA,7,3.5396732615895816,1.58143790456768,2.238262565584089,0.9282511951272849,0.4467751082362598,0.28251195127284834,7.855639515755842,0
2022,BC,SK,RUB,7,1.474100246789536,1.4099032057701362,1.0455329420889807,0.9678379914919569,0.9564500167751714,0.6783799149195682,7.855639515755842,0
2022,BC,SK,TEL,7,2.102192098585808,1.0258115829278351,2.049296511729577,0.94756939200146,0.4879723330793231,0.4756939200145993,7.855639515755842,0
2022,BC,SK,TEX,7.6,1.7156187940717837,1.3633187726090787,1.2584135336070255,0.95828800683785,0.7946513394000717,0.5828800683784994,7.855639515755842,0
2022,BC,SK,TRD,7,1.8123074992952253,1.5515703972654276,1.168047226532122,0.9551782741278112,0.8561297670890874,0.5517827412781123,7.855639515755842,0
2022,BC,SK,TRN,7,1.7194405330174405,1.3887613237993848,1.2381109003765893,0.9581584521707827,0.8076820902681945,0.5815845217078275,7.855639515755842,0
2022,BC,SK,WOD,17.8,1.1060268918678033,1.1974384580244237,0.9236607396864183,0.9904137148339359,1,0.9041371483393588,7.855639515755842,0
2022,BC,YT,ACC,7,2.107164327902292,1.5153798868721031,1.3905188699921915,0.9474571435534652,0.7191560082932319,0.4745714355346516,14.224503846425735,1
2022,BC,YT,ADM,7,1.8459968508063014,1.5443312614495317,1.1953373585623217,0.9541712733455215,0.8365839090001659,0.5417127334552149,14.224503846425735,1
2022,BC,YT,AGR,3.1,3.1997088327593124,5.623311077190248,0.569007972142648,0.9312528436888313,1,0.3125284368883141,14.224503846425735,1
2022,BC,YT,ART,7,2.223892859899749,1.705919824773593,1.303632695748114,0.9449661950011872,0.7670872349716048,0.44966195001187204,14.224503846425735,1
2022,BC,YT,CHM,6.8,1.803747146076305,1.2673491371867578,1.4232440715430914,0.9554401431583857,0.7026201759729045,0.554401431583857,14.224503846425735,1
2022,BC,YT,EDU,7,2.725725703348322,1.521816400352941,1.79110022911842,0.9366874773485676,0.5583160471662718,0.3668747734856758,14.224503846425735,1
2022,BC,YT,FIN,7,2.1450846329207893,1.583020639302078,1.3550579061726662,0.9466182072563906,0.7379758425412829,0.4661820725639064,14.224503846425735,1
2022,BC,YT,FMT,11.6,1.6866789261396065,1.3088301668489484,1.2886919700210926,0.9592881066160442,0.7759806247443543,0.5928810661604424,14.224503846425735,1
2022,BC,YT,FOD,3.5,4.158255983216854,2.129172319737616,1.9529917539644175,0.9240485435248841,0.5120349320318838,0.24048543524884042,14.224503846425735,1
2022,BC,YT,HTH,7,2.563370491016987,1.8675668200996816,1.3725723028641978,0.9390111380116287,0.7285590696484715,0.3901113801162866,14.224503846425735,1
2022,BC,YT,MFN,7,1.8842442397094503,1.6698851411472282,1.1283675704874858,0.9530716761089423,0.8862360335010093,0.530716761089422,14.224503846425735,1
2022,BC,YT,MIS,7,1.7728412834523382,0.686723392493904,2.581594427727428,0.9564066286888725,0.3873575141236642,0.5640662868887238,14.224503846425735,1
2022,BC,YT,NMM,5,2.4704212406271497,2.2835531634665283,1.0818321553227812,0.9404789265714917,0.9243578082605934,0.40478926571491775,14.224503846425735,1
2022,BC,YT,OSV,7,2.755744884239437,1.8967725320022886,1.4528599701569869,0.9362878293168271,0.6882975789414492,0.36287829316827047,14.224503846425735,1
2022,BC,YT,PAP,10.7,2.2912438273679494,1.6217468308732366,1.4128246060047605,0.9436444165415928,0.7078019421163949,0.43644416541592745,14.224503846425735,1
2022,BC,YT,PRF,7,1.8557284255882047,1.5932048461978754,1.1647770404520374,0.9538871952496515,0.8585334061975594,0.5388719524965152,14.224503846425735,1
2022,BC,YT,PUB,7,1.616531552681616,1.4560483468031762,1.110218322235514,0.9618608401636906,0.9007237405219719,0.6186084016369058,14.224503846425735,1
2022,BC,YT,REA,7,3.053506605333083,1.6764968932464908,1.8213613264859978,0.9327492332341268,0.5490398777321835,0.32749233234126834,14.224503846425735,1
2022,BC,YT,RUB,7,1.9917216206307833,1.611301593701308,1.2360948617047014,0.9502078196893448,0.808999398817092,0.5020781968934481,14.224503846425735,1
2022,BC,YT,TEL,7,1.9324562634876148,1.0066772404939823,1.919638376387001,0.9517476135886895,0.5209314484961094,0.5174761358868959,14.224503846425735,1
2022,BC,YT,TRD,7,2.0971480698350726,1.7468157528936712,1.2005548188817634,0.9476838051820845,0.8329482204997796,0.4768380518208443,14.224503846425735,1
2022,BC,YT,TRN,7,1.6866663836861666,1.4994096818478093,1.1248869499145757,0.9592885474965432,0.8889782213901053,0.5928854749654318,14.224503846425735,1
2022,MB,AB,ACC,7,1.9438038647487945,1.4043305170695504,1.384149843019132,0.951445519691321,0.7224651326902458,0.5144551969132102,8.685701609673586,0
2022,MB,AB,ADM,7,1.580613332103726,1.4620316311669206,1.0811074797623628,0.9632665801109652,0.9249774131798709,0.6326658011096519,8.685701609673586,0
2022,MB,AB,AGR,3.1,4.039840997890627,4.446632357602902,0.9085169793682766,0.92475344946799,1,0.24753449467990019,8.685701609673586,0
2022,MB,AB,ART,7,2.06145987438435,1.634537262691157,1.26118866876751,0.9485093118923136,0.7929027787549382,0.4850931189231358,8.685701609673586,0
2022,MB,AB,BMT,8.2,1.5832912511382264,1.352355884616604,1.170765232102416,0.9631595734064153,0.8541422076604015,0.6315957340641534,8.685701609673586,0
2022,MB,AB,CHM,6.8,1.422968141577733,1.2952057788603244,1.0986425205960935,0.9702756422143954,0.9102141790920557,0.7027564221439546,8.685701609673586,0
2022,MB,AB,EDU,7,2.6735719261578645,1.4141677042795675,1.8905621434198194,0.9374031455902172,0.5289432053215187,0.37403145590217185,8.685701609673586,0
2022,MB,AB,ELC,11.8,1.3963808223006746,1.0607471600564076,1.3164125013791401,0.9716137019378712,0.7596403095172293,0.716137019378712,8.685701609673586,0
2022,MB,AB,ELQ,14.3,1.1957566436955696,1.1051847876152854,1.0819517759339736,0.9836290565703595,0.9242556112417946,0.8362905657035951,8.685701609673586,0
2022,MB,AB,FIN,7,1.7829066738830255,1.4371150699242847,1.2406151123145337,0.9560881853575702,0.8060517642207066,0.5608818535757014,8.685701609673586,0
2022,MB,AB,FMT,11.6,1.2709867826840404,1.2502045336403094,1.016623079251855,0.9786790243316476,0.9836487292182192,0.7867902433164751,8.685701609673586,0
2022,MB,AB,FOD,3.5,1.6197448700914823,1.7188805149663926,0.9423254589183305,0.9617381180496358,1,0.6173811804963584,8.685701609673586,0
2022,MB,AB,HTH,7,2.7432793203787105,1.7031215957659533,1.61073603153095,0.9364527225708081,0.620834190348082,0.36452722570808055,8.685701609673586,0
2022,MB,AB,ITS,7,1.6674526823663827,1.2378291220812345,1.3470782457943766,0.9599717167734463,0.7423473752337947,0.5997171677344629,8.685701609673586,0
2022,MB,AB,MAC,15,1.1688410488227716,1.199110825644818,0.9747564810735748,0.9855548323706782,1,0.8555483237067827,8.685701609673586,0
2022,MB,AB,MFN,7,1.453448120057723,1.5101896219205226,0.9624275646983714,0.9688019053587056,1,0.6880190535870558,8.685701609673586,0
2022,MB,AB,MIN,45,1.13084368389001,1.0560780416823203,1.070795565532817,0.988429551691891,0.9338850777761768,0.8842955169189093,8.685701609673586,0
2022,MB,AB,MIS,7,3.2011629865963616,0.9229824429262962,3.4682815595572354,0.9312386468351382,0.2883272256960767,0.31238646835138206,8.685701609673586,0
2022,MB,AB,MTV,3,2.4002630220369867,2.371439797535347,1.012154314240486,0.9416621008122413,0.9879916391507882,0.4166210081224134,8.685701609673586,0
2022,MB,AB,NMM,5,1.6920964818850412,1.9150446283377272,0.8835807045153791,0.959098284920844,1,0.5909828492084405,8.685701609673586,0
2022,MB,AB,OSV,7,2.1828186142503356,1.6621013428112321,1.3132885209985914,0.9458123269369058,0.7614473011913828,0.4581232693690578,8.685701609673586,0
2022,MB,AB,OTE,10.7,1.2558442594147303,1.2445938506492171,1.0090394217837768,0.9796277080142116,0.9910415573577919,0.7962770801421164,8.685701609673586,0
2022,MB,AB,PAP,10.7,1.222330889905214,1.4540848889842293,0.8406186593129992,0.9818109080166947,1,0.8181090801669466,8.685701609673586,0
2022,MB,AB,PRF,7,1.750071989005624,1.5063978569599765,1.1617594786927008,0.9571405065781432,0.8607633665492235,0.5714050657814319,8.685701609673586,0
2022,MB,AB,PUB,7,1.5259135612573094,1.349960375642683,1.1303395186920648,0.9655345116125731,0.8846899391406903,0.6553451161257315,8.685701609673586,0
2022,MB,AB,REA,7,3.130826567206021,1.617157105955383,1.936006437269676,0.9319404469884901,0.516527208148278,0.31940446988489984,8.685701609673586,0
2022,MB,AB,RUB,7,1.4184527163447456,1.4337039648604712,0.9893623447451302,0.970499353871797,1,0.7049935387179707,8.685701609673586,0
2022,MB,AB,TEL,7,1.818267240267949,1.0270863016652827,1.7703159289729329,0.9549974161032916,0.5648709270667639,0.5499741610329156,8.685701609673586,0
2022,MB,AB,TEX,7.6,1.5849986881602625,1.3840651125382084,1.1451763893199838,0.9630915348681277,0.8732279230746358,0.6309153486812779,8.685701609673586,0
2022,MB,AB,TRD,7,1.7584601403487277,1.585141467226198,1.109339561613902,0.9568679367279651,0.9014372466309313,0.5686793672796506,8.685701609673586,0
2022,MB,AB,TRN,7,1.5928159067414287,1.4111657977658811,1.1287234350939706,0.9627818943650427,0.8859566204689868,0.6278189436504265,8.685701609673586,0
2022,MB,AB,WOD,17.8,1.1099765764394693,1.2079990212463263,0.9188555263018968,0.990091991238928,1,0.9009199123892803,8.685701609673586,0
2022,MB,BC,ACC,7,1.97612909671489,1.531744765143222,1.2901164356387513,0.9506039813725934,0.7751238356287498,0.5060398137259334,15.09786892633204,0
2022,MB,BC,ADM,7,1.6447980560804225,1.6111889094212744,1.0208598423577906,0.9607977372239249,0.9795663993309676,0.6079773722392489,15.09786892633204,0
2022,MB,BC,AGR,3.1,5.571428268633657,6.512879937126814,0.8554477162819489,0.9179487189241915,1,0.17948718924191429,15.09786892633204,0
2022,MB,BC,ART,7,2.4100529847591434,1.8534169971841734,1.300329601174828,0.9414928636973489,0.7690357883851258,0.4149286369734889,15.09786892633204,0
2022,MB,BC,BMT,8.2,1.4059186286843182,1.4608953532669988,0.9623677873574338,0.9711278718125967,1,0.7112787181259675,15.09786892633204,0
2022,MB,BC,CHM,6.8,1.5475351558514423,1.3837918797674287,1.1183294095579848,0.9646188874106584,0.8941909167847477,0.6461888741065837,15.09786892633204,0
2022,MB,BC,EDU,7,2.9019324714836077,1.5452307783718309,1.877992926429603,0.9344597956646714,0.5324833687745444,0.34459795664671405,15.09786892633204,0
2022,MB,BC,ELC,11.8,1.6065158848769427,1.0768678870150854,1.491841203780309,0.9622465055847612,0.6703126294313437,0.6224650558476108,15.09786892633204,0
2022,MB,BC,ELQ,14.3,1.2181214385490915,1.1338194445193028,1.0743522211030079,0.9820936212395295,0.9307934403238145,0.8209362123952956,15.09786892633204,0
2022,MB,BC,FIN,7,1.7851235290211542,1.5767829552470813,1.1321301534119044,0.9560185322608086,0.8832906684680173,0.5601853226080858,15.09786892633204,0
2022,MB,BC,FMT,11.6,1.3439709974140683,1.3236865458930795,1.0153242106931766,0.9744063675424616,0.9849070764473207,0.7440636754246169,15.09786892633204,0
2022,MB,BC,FOD,3.5,2.0077622176207317,1.9742976455734418,1.0169501149547133,0.9498066947980043,0.983332402734948,0.49806694798004264,15.09786892633204,0
2022,MB,BC,HTH,7,2.6554725392681977,1.9515942870138532,1.3606683299587605,0.9376580810086472,0.7349329575638085,0.3765808100864725,15.09786892633204,0
2022,MB,BC,ITS,7,1.6682283612637727,1.3072534398320077,1.2761323171413135,0.9599438316252127,0.7836178008876992,0.5994383162521264,15.09786892633204,0
2022,MB,BC,MAC,15,1.2546429812349913,1.2561125441773209,0.9988300706420442,0.9797039488489118,1,0.7970394884891183,15.09786892633204,0
2022,MB,BC,MFN,7,1.644572004590933,1.6781120465776889,0.9800132285235917,0.9608060940602438,1,0.6080609406024382,15.09786892633204,0
2022,MB,BC,MIN,45,1.142248076265558,1.0709188315730651,1.066605649830359,0.9875466565257329,0.9375536311466637,0.8754665652573292,15.09786892633204,0
2022,MB,BC,MTV,3,7.225564529698078,2.9575084871117565,2.4431255434044146,0.9138397490727522,0.4093117534216163,0.13839749072752178,15.09786892633204,0
2022,MB,BC,NMM,5,2.192878764163668,2.2612551889722594,0.9697617389041046,0.9456021562314405,1,0.45602156231440616,15.09786892633204,0
2022,MB,BC,OSV,7,2.318386273326313,1.892750342112927,1.2248769537868567,0.9431334506896146,0.816408535492792,0.43133450689614655,15.09786892633204,0
2022,MB,BC,OTE,10.7,1.3241377956466671,1.3162310316279298,1.0060071247590616,0.9755208410550378,0.9940287453128125,0.7552084105503775,15.09786892633204,0
2022,MB,BC,PAP,10.7,1.3100436769139143,1.6001992605618869,0.8186753420032898,0.9763333328210638,1,0.763333328210638,15.09786892633204,0
2022,MB,BC,PRF,7,1.7860804374614778,1.6728227403440614,1.0677045417819475,0.9559885198351583,0.9365886917845719,0.5598851983515821,15.09786892633204,0
2022,MB,BC,PUB,7,1.5884407294849068,1.4576464643290372,1.0897297584542043,0.9629548198706964,0.9176587059699212,0.6295481987069647,15.09786892633204,0
2022,MB,BC,REA,7,3.205425760797887,1.8287027788937669,1.75284130247614,0.93119710374297,0.5705023030820625,0.31197103742969934,15.09786892633204,0
2022,MB,BC,RUB,7,1.5648964841109916,1.572084545047672,0.9954276880595742,0.9639019903331237,1,0.6390199033312379,15.09786892633204,0
2022,MB,BC,TEL,7,2.0524933991736445,1.034130987868279,1.9847518576003431,0.9487212285507282,0.5038413221132068,0.4872122855072813,15.09786892633204,0
2022,MB,BC,TEX,7.6,1.661634972168067,1.5040387129209982,1.1047820497525629,0.9601816895256617,0.9051559085558722,0.6018168952566162,15.09786892633204,0
2022,MB,BC,TRD,7,1.9799734686009438,1.7833552009003695,1.1102518822954097,0.9505057272664671,0.9006965139590959,0.5050572726646704,15.09786892633204,0
2022,MB,BC,TRN,7,1.554477714990484,1.5411128478925447,1.0086722183363896,0.9643302885822407,0.9914023424272627,0.6433028858224074,15.09786892633204,0
2022,MB,BC,WOD,17.8,1.1863552206289678,1.267815644620189,0.935747421687934,0.9842917856820178,1,0.8429178568201788,15.09786892633204,0
2022,MB,NB,ACC,7,2.524343675062449,1.6301534182959496,1.5485313509333523,0.9396142573564299,0.6457731704283973,0.3961425735642993,22.44234680913881,0
2022,MB,NB,ADM,7,1.8833191376150478,1.7274094169306924,1.090256379961955,0.9530977453596291,0.917215453520112,0.5309774535962906,22.44234680913881,0
2022,MB,NB,AGR,3.1,9.119409151371734,8.562592840396647,1.0650289370701052,0.9109656226999047,0.9389416242069443,0.10965622699904641,22.44234680913881,0
2022,MB,NB,ART,7,3.211656956928424,2.028169519200012,1.5835249107753206,0.9311365757118838,0.63150253791106,0.31136575711883735,22.44234680913881,0
2022,MB,NB,CHM,6.8,1.421635689736076,1.4510113612295665,0.979755036880898,0.9703415092361426,1,0.703415092361425,22.44234680913881,0
2022,MB,NB,EDU,7,3.070781128486283,1.6466122350306562,1.8649084849227493,0.9325650040871829,0.5362193416377873,0.32565004087182925,22.44234680913881,0
2022,MB,NB,ELQ,14.3,1.684761316316311,1.1548052280770629,1.458913828370617,0.9593555888490172,0.6854414431843769,0.5935558884901722,22.44234680913881,0
2022,MB,NB,FIN,7,2.1951569080882023,1.6852013790022529,1.3026080653861534,0.9455548301041914,0.7676906251179657,0.4555483010419133,22.44234680913881,0
2022,MB,NB,FMT,11.6,1.5881000618132532,1.379014976537003,1.151619154855959,0.9629683244806517,0.8683426250626034,0.6296832448065173,22.44234680913881,0
2022,MB,NB,FOD,3.5,2.3194574757770443,2.180472544472001,1.063740738977614,0.9431135302303822,0.9400786896261238,0.4311353023038238,22.44234680913881,0
2022,MB,NB,HTH,7,5.216124685870618,2.151760992297432,2.4241189911623824,0.9191713208602698,0.41252100397946756,0.1917132086026987,22.44234680913881,0
2022,MB,NB,ITS,7,2.278734880078338,1.3594128670772179,1.6762640219653742,0.9438839993516763,0.5965647337747708,0.4388399935167632,22.44234680913881,0
2022,MB,NB,MAC,15,1.2677510749261482,1.298641627259154,0.9762131817703997,0.9788798384618411,1,0.7887983846184111,22.44234680913881,0
2022,MB,NB,MFN,7,2.2097168898343003,1.809883886875391,1.2209163835638024,0.9452546660886947,0.8190569095985453,0.45254666088694595,22.44234680913881,0
2022,MB,NB,MTV,3,3.690982451519697,3.4649227156423024,1.0652423601995087,0.9270930575567562,0.9387535056460865,0.2709305755675613,22.44234680913881,0
2022,MB,NB,NMM,5,2.347464885812897,2.547381042234746,0.9215209059393532,0.9425991462553321,1,0.42599146255332077,22.44234680913881,0
2022,MB,NB,OSV,7,3.814985298171687,2.0775727039426095,1.8362704183261505,0.926212420804852,0.5445820996841786,0.2621242080485199,22.44234680913881,0
2022,MB,NB,OTE,10.7,1.5199048421669679,1.3701172905969548,1.1093246195767308,0.9657935926155926,0.901449388531155,0.6579359261559257,22.44234680913881,0
2022,MB,NB,PAP,10.7,2.1364536572177224,1.7139132501043208,1.2465354691012995,0.9468065383314839,0.8022234623784581,0.46806538331483766,22.44234680913881,0
2022,MB,NB,PRF,7,2.239337588990842,1.803347722207464,1.2417669434543028,0.944656062798046,0.8053040912960977,0.4465606279804602,22.44234680913881,0
2022,MB,NB,PUB,7,1.9522568450282658,1.5401028315843304,1.2676146066298348,0.9512227682820865,0.7888833047282936,0.5122276828208644,22.44234680913881,0
2022,MB,NB,REA,7,5.481139072630796,1.9972061719203988,2.744403231720663,0.9182443829056144,0.3643779414197193,0.18244382905614315,22.44234680913881,0
2022,MB,NB,RUB,7,1.963849884797491,1.679447896386653,1.1693425494311145,0.9509203889635952,0.8551814012810022,0.5092038896359526,22.44234680913881,0
2022,MB,NB,TEL,7,2.467841664581848,1.0392115503127393,2.3747250151705668,0.9405212382282006,0.42110138799720104,0.40521238228200523,22.44234680913881,0
2022,MB,NB,TEX,7.6,2.240211578759781,1.5964064805855984,1.403283941780304,0.9446386408088122,0.7126141547172058,0.4463864080881222,22.44234680913881,0
2022,MB,NB,TRD,7,2.6435810058588882,1.9405514933589523,1.3622833585740326,0.9378274771147067,0.7340616720494537,0.3782747711470654,22.44234680913881,0
2022,MB,NB,TRN,7,2.2069541988972374,1.6415843309420404,1.3444050100251344,0.9453113164060982,0.7438234702660803,0.45311316406098334,22.44234680913881,0
2022,MB,NB,WOD,17.8,1.2065989774498165,1.3125171966211007,0.9193014617683056,0.9828775772803595,1,0.8287757728035957,22.44234680913881,0
2022,MB,NL,ACC,7,2.6318624789232192,1.6210712512852967,1.623532881010935,0.9379959062454181,0.6159407128097855,0.3799590624541798,21.65816792389851,0
2022,MB,NL,ADM,7,2.104141545532791,1.7166477142618026,1.2257270539853424,0.9475253198684782,0.8158423172178415,0.47525319868478205,21.65816792389851,0
2022,MB,NL,ART,7,3.1031809166847437,2.0118387857029023,1.5424600314585073,0.9322249983758067,0.6483150160166081,0.3222499837580663,21.65816792389851,0
2022,MB,NL,EDU,7,3.618694260244018,1.6372503166789178,2.2102266363181178,0.9276342771199623,0.45244228965851174,0.27634277119962253,21.65816792389851,0
2022,MB,NL,ELC,11.8,1.5947308552961459,1.0875208231417695,1.4663910992426639,0.9627065060338534,0.6819463105828061,0.6270650603385343,21.65816792389851,0
2022,MB,NL,FIN,7,2.7262733829079413,1.6751763425074857,1.627454563277274,0.9366801072214321,0.6144564785798122,0.3668010722143221,21.65816792389851,0
2022,MB,NL,FOD,3.5,3.2161674645538127,2.16112569090812,1.4881908433573603,0.9310929082835783,0.6719568289669078,0.3109290828357822,21.65816792389851,0
2022,MB,NL,HTH,7,5.025241420355502,2.1329921052304153,2.355958752980313,0.9198995414618162,0.42445564835759086,0.19899541461816111,21.65816792389851,0
2022,MB,NL,ITS,7,2.3261023250297144,1.354649031376204,1.7171254481071008,0.9429903701672807,0.5823686330561143,0.4299037016728083,21.65816792389851,0
2022,MB,NL,MFN,7,2.9005719984009235,1.7976495616417898,1.6135358416307997,0.9344759585540816,0.6197569178192538,0.3447595855408164,21.65816792389851,0
2022,MB,NL,OSV,7,3.0350435048813047,2.060277216186225,1.473123850051338,0.9329484568636885,0.6788295498475232,0.32948456863688624,21.65816792389851,0
2022,MB,NL,PRF,7,3.1397880792488757,1.791231668844327,1.752865435476928,0.93184928328791,0.5704944485529861,0.3184928328790992,21.65816792389851,0
2022,MB,NL,PUB,7,2.3873387242844673,1.5325176770769173,1.5577887028605193,0.9418876462660204,0.6419355835382109,0.4188764626602033,21.65816792389851,0
2022,MB,NL,RUB,7,2.05059840569976,1.6695223634760243,1.2282545298945966,0.9487662526811901,0.8141634943416945,0.4876625268119007,21.65816792389851,0
2022,MB,NL,TEL,7,2.417437848951623,1.0387546746540777,2.3272461803906386,0.9413661100091435,0.4296924014425262,0.41366110009143475,21.65816792389851,0
2022,MB,NL,TRD,7,2.8443961685178873,1.9258983800038163,1.4769191344936128,0.9351568466821929,0.6770851407127766,0.351568466821928,21.65816792389851,0
2022,MB,NL,TRN,7,2.1117553595963754,1.6323080691220906,1.2937235314484155,0.9473539700257292,0.7729626737796358,0.4735397002572932,21.65816792389851,0
2022,MB,NS,ACC,7,2.4933296202892805,1.6683978760836784,1.49444545334834,0.9401070115985699,0.6691445296711743,0.40107011598569875,26.012508735837123,0
2022,MB,NS,ADM,7,1.9990789552971944,1.7728039252309784,1.1276368056533577,0.9500230367264976,0.8868103586070833,0.5002303672649759,26.012508735837123,0
2022,MB,NS,AGR,3.1,9.288568442552208,9.481158448657817,0.9796870807350685,0.9107659216399684,1,0.10765921639968358,26.012508735837123,0
2022,MB,NS,ART,7,2.495758923889267,2.097382606812992,1.1899397447953544,0.9400679725284383,0.8403786867140738,0.4006797252843835,26.012508735837123,0
2022,MB,NS,CHM,6.8,2.208343946406052,1.4768717547701,1.495284840591875,0.9452828012424169,0.6687689013179404,0.45282801242416987,26.012508735837123,0
2022,MB,NS,EDU,7,2.9579263554222397,1.6860464057526436,1.7543564313117672,0.9338074677946893,0.5700095956283411,0.3380746779468928,26.012508735837123,0
2022,MB,NS,FIN,7,2.4935183521157693,1.727457628573874,1.443461368238784,0.9401039759403212,0.6927791917425083,0.4010397594032113,26.012508735837123,0
2022,MB,NS,FMT,11.6,1.4623762021098599,1.400206624900071,1.0444002878605332,0.9683818567723708,0.9574872887564138,0.683818567723708,26.012508735837123,0
2022,MB,NS,FOD,3.5,2.217320019328633,2.2626443636144216,0.9799684188047183,0.9450994890806417,1,0.45099489080641736,26.012508735837123,0
2022,MB,NS,HTH,7,4.550768181088995,2.2314467666364903,2.039380122855662,0.9219743120327589,0.49034507534561056,0.21974312032758847,26.012508735837123,0
2022,MB,NS,ITS,7,2.374220797136041,1.3793658499114434,1.7212408131522672,0.9421190818143903,0.5809762308439618,0.4211908181439036,26.012508735837123,0
2022,MB,NS,MAC,15,1.5390962478980819,1.3148459518649367,1.1705525242064103,0.9649731945851784,0.8542974188005461,0.6497319458517837,26.012508735837123,0
2022,MB,NS,MFN,7,2.4543832198202646,1.8615613019002413,1.318454147770951,0.9407434337036101,0.7584639948917855,0.4074343370361008,26.012508735837123,0
2022,MB,NS,NMM,5,4.288196888490588,2.6629609993595187,1.6103115627761586,0.9233198247656019,0.620997838626962,0.23319824765601943,26.012508735837123,0
2022,MB,NS,OSV,7,3.5606408841626656,2.1509268082461834,1.6553984405754516,0.9280848317067831,0.6040841742320228,0.2808483170678314,26.012508735837123,0
2022,MB,NS,OTE,10.7,1.6749225342551881,1.3907449360103525,1.204334807114279,0.9597042537519315,0.8303338856377588,0.5970425375193155,26.012508735837123,0
2022,MB,NS,PAP,10.7,1.548058725067597,1.7582985082541687,0.8804299826226204,0.9645970326452786,1,0.6459703264527864,26.012508735837123,0
2022,MB,NS,PRF,7,2.589512659298706,1.8545200897344516,1.3963249433817122,0.9386173049360886,0.7161656781537783,0.38617304936088664,26.012508735837123,0
2022,MB,NS,PUB,7,2.0484640632808717,1.5719899164435915,1.3031025465578283,0.9488170633756872,0.7673993137696801,0.48817063375687186,26.012508735837123,0
2022,MB,NS,REA,7,4.827259331741376,2.0638553303107035,2.338952377546083,0.9207156883705119,0.4275418386453649,0.20715688370511925,26.012508735837123,0
2022,MB,NS,RUB,7,1.813113264209088,1.7212805054572855,1.0533514197486398,0.9551537523738881,0.9493507876399209,0.5515375237388811,26.012508735837123,0
2022,MB,NS,TEL,7,2.096413687900251,1.0411100520427714,2.0136331253231674,0.9477005090060059,0.49661479413709503,0.47700509006005914,26.012508735837123,0
2022,MB,NS,TEX,7.6,2.1217504149005224,1.6322380941650192,1.2999025218719185,0.9471308968753936,0.7692884529218043,0.4713089687539355,26.012508735837123,0
2022,MB,NS,TRD,7,2.5535027935587,2.0025734436406157,1.2751106840388895,0.9391618917560042,0.7842456443330226,0.3916189175600414,26.012508735837123,0
2022,MB,NS,TRN,7,2.1199014726572445,1.6806541715267207,1.2613549584275912,0.9471720036472508,0.7927982470902584,0.4717200364725086,26.012508735837123,0
2022,MB,NT,ACC,7,2.519816351068817,1.4376388384116092,1.7527464365479049,0.9396854318202925,0.5705331810398855,0.3968543182029259,10.08358074017095,0
2022,MB,NT,ADM,7,2.6393144432422933,1.5008748060649022,1.7585173877108586,0.9378886268197563,0.5686608543016712,0.37888626819756255,10.08358074017095,0
2022,MB,NT,AGR,3.1,9.09814438028399,4.929100795802409,1.8458020554239656,0.9109912522620222,0.5417699027159812,0.10991252262022093,10.08358074017095,0
2022,MB,NT,ART,7,3.1880211051406993,1.690933073851424,1.8853620846621506,0.9313674209492371,0.5304020952448484,0.3136742094923698,10.08358074017095,0
2022,MB,NT,CHM,6.8,1.5679481111965305,1.3185421521836653,1.1891528144169063,0.9637776207553758,0.8409348133194671,0.6377762075537572,10.08358074017095,0
2022,MB,NT,FIN,7,2.655562290715875,1.4735466337960346,1.802156938783013,0.9376568082585035,0.5548906304882053,0.3765680825850349,10.08358074017095,0
2022,MB,NT,HTH,7,3.3648025758730085,1.76689023745155,1.9043642352827674,0.9297194256557697,0.5251096305384648,0.2971942565576962,10.08358074017095,0
2022,MB,NT,MFN,7,2.672414046836816,1.5537846268722024,1.7199385298440206,0.9374193512859147,0.58141612775585,0.37419351285914804,10.08358074017095,0
2022,MB,NT,OSV,7,3.586979295090426,1.7214343636899065,2.0837154008019865,0.9278786108793191,0.47991198779599037,0.27878610879319016,10.08358074017095,0
2022,MB,NT,PRF,7,2.06240167721558,1.5496144471063493,1.3309127835422396,0.948487159947915,0.7513640355444544,0.48487159947915004,10.08358074017095,0
2022,MB,NT,PUB,7,3.0197725306927112,1.378217183625986,2.191071600738511,0.9331150770409389,0.4563976821492029,0.33115077040938845,10.08358074017095,0
2022,MB,NT,TEL,7,2.3416523527883584,1.0289830372247464,2.2756957773609092,0.9427048873761826,0.4394260471668517,0.42704887376182665,10.08358074017095,0
2022,MB,NT,TRD,7,2.8132417674899273,1.6363628538333048,1.7192041245006837,0.9355461806218041,0.5816644956516926,0.3554618062180397,10.08358074017095,0
2022,MB,NT,TRN,7,1.9325094887298695,1.445120556903123,1.3372652402587197,0.951746188354151,0.7477948053196468,0.5174618835415107,10.08358074017095,0
2022,MB,NU,ACC,7,2.506991677503416,1.3649006637610008,1.8367576073964011,0.9398884451421813,0.5444376525095749,0.3988844514218127,7.309467368376863,1
2022,MB,NU,ADM,7,3.4049617006045656,1.3738327613190178,2.478439731874977,0.9293689059651521,0.40347965179023537,0.2936890596515214,7.309467368376863,1
2022,MB,NU,AGR,3.1,5.2633144111099455,3.551393928016704,1.4820418454815778,0.9189994349926954,0.6747447806880634,0.18999434992695347,7.309467368376863,1
2022,MB,NU,ART,7,3.442885592918446,1.4663347508394864,2.347953351680011,0.9290454031367429,0.4259028397154818,0.2904540313674279,7.309467368376863,1
2022,MB,NU,FIN,7,2.616126654915002,1.4157261964044054,1.8479043910886985,0.9382244490388593,0.5411535384743833,0.3822444903885932,7.309467368376863,1
2022,MB,NU,FOD,3.5,4.088078849562083,1.8020019997794374,2.268631694117131,0.9244613677181672,0.4407943354547745,0.24461367718167187,7.309467368376863,1
2022,MB,NU,TEL,7,2.353373241619945,0.9984247074767224,2.357086342111393,0.9424921972560396,0.4242525961540451,0.4249219725603958,7.309467368376863,1
2022,MB,NU,TRD,7,2.6171430865686687,1.5157453941001504,1.726637664053324,0.9382096036373426,0.5791603072369426,0.3820960363734251,7.309467368376863,1
2022,MB,NU,TRN,7,2.2723554786705966,1.3484981531620057,1.6851009201179088,0.9440071991106352,0.593436267265244,0.4400719911063533,7.309467368376863,1
2022,MB,ON,ACC,7,1.844040815528241,1.4931502852624303,1.235000142804875,0.9542287346125546,0.8097165055615674,0.5422873461255474,12.947308579877738,1
2022,MB,ON,ADM,7,1.5705646972820133,1.519012672063001,1.0339378506625612,0.9636713662118205,0.9671761212331926,0.6367136621182046,12.947308579877738,1
2022,MB,ON,AGR,3.1,2.460878471619765,5.269740277048895,0.46698287624108126,0.9406358953330107,1,0.4063589533301065,12.947308579877738,1
2022,MB,ON,ART,7,1.983896845046424,1.669827014445837,1.188085249480059,0.9504058465790141,0.8416904430364989,0.5040584657901402,12.947308579877738,1
2022,MB,ON,BMT,8.2,1.2162179866990839,1.304479865641333,0.9323394087812492,0.9822221025290115,1,0.8222210252901149,12.947308579877738,1
2022,MB,ON,CHM,6.8,1.4932355141020612,1.2531619207952287,1.1915742804844303,0.9669686724268233,0.8392259017150434,0.6696867242682328,12.947308579877738,1
2022,MB,ON,EDU,7,2.645686327016971,1.4990369081164925,1.764924074045127,0.9377973756672624,0.5665966115517053,0.3779737566726237,12.947308579877738,1
2022,MB,ON,ELC,11.8,1.3373189852605938,1.0344872032613506,1.2927361315292525,0.9747764752479856,0.7735530674903022,0.747764752479856,12.947308579877738,1
2022,MB,ON,ELQ,14.3,1.1422101207113748,1.1082592924785357,1.0306343727169756,0.9875495656943746,0.9702761973325063,0.8754956569437455,12.947308579877738,1
2022,MB,ON,FIN,7,1.6096146367153985,1.5582330251234378,1.0329742796895802,0.9621266716386608,0.9680783148836104,0.6212667163866089,12.947308579877738,1
2022,MB,ON,FMT,11.6,1.2982435894112672,1.2961718747451383,1.0015983332970686,0.9770271471514437,0.9984042172955628,0.770271471514436,12.947308579877738,1
2022,MB,ON,FOD,3.5,1.7636869326630291,2.0795660032929684,0.848103368621266,0.9566994051767498,1,0.5669940517674973,12.947308579877738,1
2022,MB,ON,HTH,7,3.191033349370654,1.8247868052353406,1.748715707618847,0.9313378110008541,0.5718482401931747,0.31337811000854104,12.947308579877738,1
2022,MB,ON,ITS,7,1.6357953378898147,1.3225287947263196,1.2368693554444095,0.9611323419768397,0.8084928255342684,0.6113234197683958,12.947308579877738,1
2022,MB,ON,MAC,15,1.1891971474454328,1.2312968943197962,0.9658086144222588,0.984090346344014,1,0.8409034634401406,12.947308579877738,1
2022,MB,ON,MFN,7,1.5981527445035648,1.6401931368068277,0.9743686329616595,0.9625722418235204,1,0.6257224182352048,12.947308579877738,1
2022,MB,ON,MIN,45,1.1293476942073954,1.0330983312226099,1.0931657327051145,0.988546689839556,0.9147743750853135,0.8854668983955601,12.947308579877738,1
2022,MB,ON,MIS,7,2.2699371573315528,0.6891228555214621,3.293951345749347,0.9440540830291339,0.30358675494416215,0.4405408302913372,12.947308579877738,1
2022,MB,ON,MTV,3,3.573574123894926,2.8653933148899324,1.2471495990881785,0.9279831889679702,0.801828425981233,0.27983188967970124,12.947308579877738,1
2022,MB,ON,NMM,5,1.9992277062003043,2.219884859295621,0.9005997305800212,0.9500193148033439,1,0.5001931480334383,12.947308579877738,1
2022,MB,ON,OSV,7,2.1733080274109065,1.8552910104398004,1.1714108542442188,0.9460128057039071,0.8536714478757231,0.4601280570390726,12.947308579877738,1
2022,MB,ON,OTE,10.7,1.1475010242195784,1.3495407094728908,0.8502900402817594,0.9871458917154436,1,0.8714589171544359,12.947308579877738,1
2022,MB,ON,PAP,10.7,1.3303396708163382,1.5955374646446987,0.8337877989675311,0.9751687724524045,1,0.7516877245240448,12.947308579877738,1
2022,MB,ON,PET,71.1,1.0936644887665796,1.0535593491412178,1.0380663316765708,0.9914357200285241,0.9633295768151054,0.9143572002852418,12.947308579877738,1
2022,MB,ON,PRF,7,1.7573221734333453,1.565047505023602,1.1228554838064444,0.9569047619792029,0.8905865575951339,0.5690476197920288,12.947308579877738,1
2022,MB,ON,PUB,7,1.3939008585941803,1.4371566484415035,0.9699018267116316,0.9717411137122443,1,0.7174111371224426,12.947308579877738,1
2022,MB,ON,REA,7,2.508771237540888,1.6417902421703832,1.528070500787232,0.9398601508593588,0.6544200673233465,0.39860150859358773,12.947308579877738,1
2022,MB,ON,RUB,7,1.4603841168256195,1.5862351890189899,0.9206605218037035,0.9684751353071178,1,0.6847513530711778,12.947308579877738,1
2022,MB,ON,TEL,7,1.846299798948682,1.0055070169782652,1.8361878811121128,0.9541623847096457,0.5446065788182504,0.5416238470964568,12.947308579877738,1
2022,MB,ON,TEX,7.6,1.274120173280337,1.4676928145907202,0.868110929353863,0.9784855322889529,1,0.7848553228895278,12.947308579877738,1
2022,MB,ON,TRD,7,1.6349448596727596,1.712142707848566,0.9549115574175407,0.9611641422696148,1,0.6116414226961475,12.947308579877738,1
2022,MB,ON,TRN,7,1.4745096638266733,1.4771021857572444,0.9982448594582222,0.9678191553797472,1,0.6781915537974722,12.947308579877738,1
2022,MB,ON,UTL,7,2.4972195495277565,,,0.9400445367404363,1,0.4004453674043629,12.947308579877738,1
2022,MB,ON,WOD,17.8,1.1703195065743093,1.2683287773961218,0.9227256587026075,0.9854467514539803,1,0.8544675145398041,12.947308579877738,1
2022,MB,PE,ACC,7,2.5451682911585647,1.815007937744311,1.402290446355676,0.9392901327379337,0.7131190279437736,0.3929013273793374,44.46796668786276,0
2022,MB,PE,ADM,7,3.057516912600298,1.9479475566248914,1.569609460070835,0.9327062786105584,0.6371011550573038,0.32706278610558503,44.46796668786276,0
2022,MB,PE,EDU,7,4.119925380858348,1.8373859455789359,2.242275440699648,0.9242722842662665,0.44597553977934756,0.24272284266266478,44.46796668786276,0
2022,MB,PE,FIN,7,2.742729428427143,1.8900454785530894,1.4511446732630051,0.936460031005445,0.6891111674974673,0.36460031005444976,44.46796668786276,0
2022,MB,PE,FMT,11.6,1.847207490538115,1.4799522787612853,1.248153414841336,0.9541357700811774,0.8011835629413545,0.5413577008117736,44.46796668786276,0
2022,MB,PE,FOD,3.5,2.496667307058617,2.5880198727594435,0.9647017526169833,0.9400533942657391,1,0.4005339426573914,44.46796668786276,0
2022,MB,PE,HTH,7,5.782585569710889,2.5465115774857403,2.2707870723369097,0.9172933022424776,0.44037594373429356,0.17293302242477612,44.46796668786276,0
2022,MB,PE,ITS,7,2.5599012861854096,1.4543314973490853,1.7601910505627678,0.939064006311358,0.5681201479125123,0.3906400631135788,44.46796668786276,0
2022,MB,PE,MFN,7,2.880033044762438,2.061982844935382,1.3967298766991882,0.9347218238283264,0.7159580507887772,0.34721823828326454,44.46796668786276,0
2022,MB,PE,OSV,7,5.445130702540331,2.4398235952970984,2.2317722941265656,0.9183650320741332,0.44807438582857917,0.18365032074133086,44.46796668786276,0
2022,MB,PE,PUB,7,2.03930524227365,1.6934606840607094,1.204223553264696,0.949036308016601,0.8304105971760491,0.4903630801660108,44.46796668786276,0
2022,MB,PE,REA,7,5.769183755345733,2.325193014454632,2.4811633784728535,0.9173334745850902,0.4030367402147843,0.17333474585090114,44.46796668786276,0
2022,MB,PE,TEL,7,2.7525671238119815,1.0480347238853178,2.6264083251054418,0.9363297225832996,0.3807481077641853,0.3632972258329954,44.46796668786276,0
2022,MB,PE,TRD,7,3.371307370798813,2.24498864924355,1.5017035261780842,0.9296620832814498,0.6659104027977171,0.29662083281449814,44.46796668786276,0
2022,MB,PE,TRN,7,2.3971251391684385,1.830544584387429,1.3095147529392785,0.9417166373027527,0.763641644934083,0.41716637302752557,44.46796668786276,0
2022,MB,QC,ACC,7,2.300649321312159,1.5455949354624112,1.4885202251415572,0.9434659898288914,0.6718081374439508,0.4346598982889131,15.988309106461005,0
2022,MB,QC,ADM,7,1.8051759827700917,1.6274937198239354,1.1091753908367636,0.9553962610595712,0.9015706697617936,0.553962610595712,15.988309106461005,0
2022,MB,QC,AGR,3.1,4.535162418465208,6.7756631198730926,0.6693311544907727,0.9220499269426038,1,0.22049926942603756,15.988309106461005,0
2022,MB,QC,ART,7,2.076585685891205,1.8777166145583593,1.105910055751208,0.9481559709668725,0.9042326677468658,0.4815597096687256,15.988309106461005,0
2022,MB,QC,BMT,8.2,1.897620422398889,1.4726319333044904,1.2885911132870467,0.9526975778820848,0.776041359969584,0.5269757788208475,15.988309106461005,0
2022,MB,QC,CHM,6.8,1.5163297021560056,1.3933132881357102,1.088290562551725,0.9659487180511035,0.9188722519611774,0.6594871805110339,15.988309106461005,0
2022,MB,QC,EDU,7,3.388323587998349,1.5594914416411578,2.1727106013692437,0.929513119807744,0.4602545775630677,0.29513119807743915,15.988309106461005,0
2022,MB,QC,ELC,11.8,1.5437312503927054,1.0785527098848553,1.4312988472835155,0.9647781146974652,0.6986661114818303,0.6477811469746517,15.988309106461005,0
2022,MB,QC,ELQ,14.3,1.3186441424137927,1.1368294648808877,1.159931355713018,0.9758354712871578,0.8621199824236953,0.7583547128715781,15.988309106461005,0
2022,MB,QC,FIN,7,1.8407097881333867,1.592013982458349,1.1562145863134994,0.9543268692569985,0.864891354803283,0.5432686925699854,15.988309106461005,0
2022,MB,QC,FMT,11.6,1.3730932561765228,1.3315455783791141,1.0312025952937973,0.972828265341902,0.9697415469703047,0.7282826534190199,15.988309106461005,0
2022,MB,QC,FOD,3.5,1.82265273505897,2.0028516481055587,0.9100288265398819,0.954865086517298,1,0.5486508651729788,15.988309106461005,0
2022,MB,QC,HTH,7,4.742287021777672,1.9793366001927357,2.395897201777554,0.9210868721232556,0.4173801777714354,0.21086872123255512,15.988309106461005,0
2022,MB,QC,ITS,7,1.7823560794614994,1.3146681638650324,1.355745980964122,0.9561055117730531,0.7376013014538774,0.5610551177305314,15.988309106461005,0
2022,MB,QC,MAC,15,1.2255095450346438,1.262173458592326,0.9709517631605304,0.9815987116584826,1,0.8159871165848253,15.988309106461005,0
2022,MB,QC,MFN,7,1.7882669435207443,1.696551005187964,1.05406023046305,0.9559200629203154,0.9487123895763516,0.5592006292031533,15.988309106461005,0
2022,MB,QC,MTV,3,2.950555495423149,3.0259882536031077,0.9750716949776196,0.9338919231158738,1,0.33891923115873696,15.988309106461005,0
2022,MB,QC,NMM,5,2.5473769355344196,2.3005405294227455,1.1072949608819154,0.9392560671352003,0.9031017347026855,0.39256067135200307,15.988309106461005,0
2022,MB,QC,OSV,7,2.6508471971300356,1.9184159120414912,1.3817896215785264,0.9377237888733332,0.7236991683709578,0.37723788873333,15.988309106461005,0
2022,MB,QC,OTE,10.7,1.0826035206944011,1.3238879349271704,0.8177455901914819,0.9923699194473875,1,0.9236991944738756,15.988309106461005,0
2022,MB,QC,PAP,10.7,1.3989426476229339,1.6161593375247438,0.86559698362756,0.9714825587524398,1,0.7148255875243976,15.988309106461005,0
2022,MB,QC,PRF,7,1.9275247307899352,1.691090878305964,1.139811440956276,0.9518800088022831,0.8773380965197389,0.51880008802283,15.988309106461005,0
2022,MB,QC,PUB,7,1.6127280376033335,1.4692878869395554,1.097625626630977,0.9620067349660577,0.9110574459429974,0.6200673496605755,15.988309106461005,0
2022,MB,QC,REA,7,4.596292482491861,1.8521534326844216,2.4815938039378396,0.9217566659173495,0.4029668346258688,0.21756665917349416,15.988309106461005,0
2022,MB,QC,RUB,7,1.5788509967530318,1.5871701987758051,0.9947584688591117,0.9633371991439684,1,0.6333719914396854,15.988309106461005,0
2022,MB,QC,TEL,7,1.9726818286571974,1.0348639101409367,1.9062234264102809,0.9506924119983757,0.524597476951145,0.5069241199837579,15.988309106461005,0
2022,MB,QC,TEX,7.6,1.364467397101631,1.5170536825416419,0.8994193236561209,0.9732886694195975,1,0.7328866941959743,15.988309106461005,0
2022,MB,QC,TRD,7,1.9809043564762303,1.8052671464114969,1.097291534061241,0.9504819930720365,0.9113348357832031,0.5048199307203651,15.988309106461005,0
2022,MB,QC,TRN,7,1.6744124648617573,1.5552478952914763,1.076620948937499,0.959722441213585,0.9288320099909675,0.5972244121358484,15.988309106461005,0
2022,MB,QC,WOD,17.8,1.340776746856428,1.2741824496387542,1.0522643340728435,0.9745836323865692,0.9503315541727508,0.7458363238656922,15.988309106461005,0
2022,MB,SK,ACC,7,1.804785752141799,1.2643758179684346,1.427412424765985,0.9554082388346243,0.7005683729871859,0.5540823883462438,4.491308009957171,1
2022,MB,SK,ADM,7,1.596389272396926,1.2611567911597261,1.265813484562002,0.9626413630616882,0.7900058043275001,0.6264136306168814,4.491308009957171,1
2022,MB,SK,AGR,3.1,2.5059111927754802,2.537448939051484,0.9875710814154184,0.9399056440181516,1,0.39905644018151604,4.491308009957171,1
2022,MB,SK,ART,7,2.0248545811761804,1.3126690315296095,1.5425476891282222,0.9493862625640568,0.6482781745082737,0.49386262564056743,4.491308009957171,1
2022,MB,SK,BMT,8.2,1.585931401125291,1.125205383158508,1.4094594861193268,0.9630544296739729,0.709491837011439,0.6305442967397292,4.491308009957171,1
2022,MB,SK,CHM,6.8,1.1950243170253594,1.1040431556007582,1.08240725098748,0.9836803055597386,0.9238666861180946,0.836803055597386,4.491308009957171,1
2022,MB,SK,EDU,7,2.6670001145693316,1.2650281253302462,2.1082536120476285,0.937495311475136,0.4743262358406473,0.3749531147513582,4.491308009957171,1
2022,MB,SK,ELQ,14.3,1.1983365116131806,1.0552804505472515,1.1355621256811328,0.9834490137210138,0.8806211279723511,0.834490137210137,4.491308009957171,1
2022,MB,SK,FIN,7,1.8927948209293632,1.3046571505251108,1.4507986409820643,0.9528319281594927,0.6892755284931112,0.5283192815949271,4.491308009957171,1
2022,MB,SK,FMT,11.6,1.1802732127876236,1.1618854952943356,1.0158257569853129,0.9847261455369435,0.9844207957157147,0.8472614553694343,4.491308009957171,1
2022,MB,SK,FOD,3.5,1.6770950213786073,1.594976828869237,1.0514855081422019,0.959626913636532,0.9510354562725567,0.59626913636532,4.491308009957171,1
2022,MB,SK,HTH,7,2.292826125013374,1.4058951476901471,1.630865665039412,0.9436142971806974,0.6131712877625844,0.43614297180697337,4.491308009957171,1
2022,MB,SK,ITS,7,1.7924311462437879,1.1913020796992089,1.5045983523308863,0.9557901485976517,0.6646292005111031,0.5579014859765165,4.491308009957171,1
2022,MB,SK,MAC,15,1.0689949873953366,1.126520672715657,0.9489350824058599,0.993545808146075,1,0.9354580814607498,4.491308009957171,1
2022,MB,SK,MFN,7,1.5322809169497442,1.3403221093040427,1.1432184146730038,0.9652621845601695,0.8747234886747615,0.6526218456016952,4.491308009957171,1
2022,MB,SK,MIN,45,1.0899032837966096,1.0058561077622274,1.083557852247242,0.9917512603977634,0.9228856566597275,0.9175126039776326,4.491308009957171,1
2022,MB,SK,MIS,7,2.410445338666606,0.716711158802587,3.363203305908826,0.9414861098054674,0.2973355783288794,0.4148610980546745,4.491308009957171,1
2022,MB,SK,MTV,3,2.2938615496604764,1.8772032495593982,1.2219569458975061,0.9435946101519516,0.8183594384051864,0.43594610151951585,4.491308009957171,1
2022,MB,SK,NMM,5,1.8184209931375348,1.6148241313030633,1.1260798980444895,0.9549927659092069,0.8880364543728777,0.5499276590920691,4.491308009957171,1
2022,MB,SK,OSV,7,2.3513959163447646,1.4465674664290697,1.6255003454137629,0.9425279296033864,0.6151951937884425,0.4252792960338623,4.491308009957171,1
2022,MB,SK,PAP,10.7,1.4217017839683772,1.3282321926214742,1.0703714244136984,0.9703382390932023,0.9342551353589762,0.7033823909320233,4.491308009957171,1
2022,MB,SK,PRF,7,1.67331520816451,1.280490770188041,1.3067764697115172,0.9597616034994937,0.7652418169273886,0.5976160349949358,4.491308009957171,1
2022,MB,SK,PUB,7,1.4937580340390508,1.2407253229121984,1.2039393461664347,0.9669452466338238,0.8306066274718777,0.6694524663382379,4.491308009957171,1
2022,MB,SK,REA,7,2.917702033689206,1.2974041402570216,2.2488767710508433,0.9342735477596243,0.4446664276463336,0.3427354775962432,4.491308009957171,1
2022,MB,SK,RUB,7,1.4171850635812782,1.3296491309574507,1.0658338584110492,0.9705624145849353,0.9382325323111853,0.7056241458493527,4.491308009957171,1
2022,MB,SK,TEL,7,2.349704857311841,0.9924308934480877,2.3676256682700196,0.9425585365280319,0.42236406430357787,0.4255853652803191,4.491308009957171,1
2022,MB,SK,TEX,7.6,1.8608460007807157,1.2516984325096638,1.4866568116169219,0.9537389982610303,0.6726501988797113,0.5373899826103026,4.491308009957171,1
2022,MB,SK,TRD,7,1.6289651822309918,1.3663151986988016,1.1922323514971676,0.961388666308412,0.8387626780503245,0.6138866630841205,4.491308009957171,1
2022,MB,SK,TRN,7,1.530181721019509,1.2478155682239187,1.2262883714437838,0.9653517151762689,0.8154688760708374,0.6535171517626895,4.491308009957171,1
2022,MB,SK,UTL,7,2.815403703070543,,,0.9355188848728648,1,0.35518884872864853,4.491308009957171,1
2022,MB,SK,WOD,17.8,1.0502501545726186,1.1562117569170016,0.9083545019236563,0.9952154108853175,1,0.9521541088531741,4.491308009957171,1
2022,MB,YT,ACC,7,3.045366903934182,1.6959050287526032,1.7957178334297144,0.9328367658658188,0.556880363598138,0.32836765865818723,28.866468830803527,0
2022,MB,YT,ADM,7,2.9110635547706436,1.8055302651913783,1.6123039369058063,0.9343517062127071,0.6202304522800541,0.3435170621270712,28.866468830803527,0
2022,MB,YT,ART,7,3.5670438214556692,2.1476051346796226,1.6609402556619408,0.9280344186966538,0.6020686154069197,0.28034418696653735,28.866468830803527,0
2022,MB,YT,CHM,6.8,1.769581269350646,1.4953844139823462,1.18336211933498,0.956510543896464,0.8450498656843732,0.565105438964639,28.866468830803527,0
2022,MB,YT,EDU,7,3.87992937120329,1.7144207710232804,2.263113838085087,0.9257736650419971,0.44186906693396427,0.2577366504199709,28.866468830803527,0
2022,MB,YT,FIN,7,2.70461954754084,1.7578910614014305,1.5385592468879477,0.9369737769923776,0.6499587208115031,0.36973776992377516,28.866468830803527,0
2022,MB,YT,ITS,7,2.3093685416769247,1.393611971310692,1.6571101491794475,0.9433018802305959,0.6034601866962017,0.4330188023059585,28.866468830803527,0
2022,MB,YT,MFN,7,2.5520641462618228,1.8988874629415353,1.3439786169889512,0.939183968062275,0.7440594570175524,0.39183968062274854,28.866468830803527,0
2022,MB,YT,OSV,7,3.4271150866342586,2.204205914297683,1.5548071368487486,0.9291790609512939,0.6431665872249465,0.2917906095129393,28.866468830803527,0
2022,MB,YT,PRF,7,2.211821807689686,1.8914760568072888,1.1693628368857725,0.9452115987157452,0.8551665646081102,0.452115987157451,28.866468830803527,0
2022,MB,YT,PUB,7,2.488176938923711,1.594871946101994,1.5601107944779091,0.9401900678507439,0.6409801172708698,0.40190067850743816,28.866468830803527,0
2022,MB,YT,REA,7,4.191396149067671,2.1121873713318227,1.9843865207965998,0.9238583985964304,0.5039340821558121,0.23858398596430422,28.866468830803527,0
2022,MB,YT,TEL,7,2.356169499006021,1.0424509085002733,2.2602210615325133,0.9424417683202274,0.4424345994377926,0.42441768320227485,28.866468830803527,0
2022,MB,YT,TRD,7,3.0319571812045054,2.0474977146868643,1.4808110209139844,0.9329819961244548,0.6753056169063228,0.3298199612445483,28.866468830803527,0
2022,MB,YT,TRN,7,2.5091096824008927,1.7087629135315783,1.4683778905378988,0.939854774265712,0.6810236019242146,0.39854774265712034,28.866468830803527,0
2022,NB,AB,ACC,7,2.1748891251419726,1.659255263863122,1.3107622271924202,0.9459793553813793,0.7629148744558686,0.45979355381379355,25.118286959457247,0
2022,NB,AB,ADM,7,1.777770465617772,1.7619407085672016,1.0089842734057963,0.9562502313622644,0.9910957250349699,0.562502313622643,25.118286959457247,0
2022,NB,AB,AGR,3.1,11.441629242963337,9.254961823660116,1.2362697395156241,0.9087400140204246,0.808884960972841,0.08740014020424629,25.118286959457247,0
2022,NB,AB,ART,7,2.341014397310435,2.0807715341276163,1.1250703688100616,0.9427165249880091,0.8888332923190011,0.42716524988008986,25.118286959457247,0
2022,NB,AB,CHM,6.8,1.7244854246019672,1.470702603241289,1.172558898584503,0.9579883126719273,0.8528356240417315,0.5798831267192719,25.118286959457247,0
2022,NB,AB,EDU,7,2.730764566037338,1.6766176776667112,1.6287342084079928,0.9366197808641965,0.6139737194919302,0.3661978086419651,25.118286959457247,0
2022,NB,AB,ELC,11.8,1.987792239419595,1.0919270789690407,1.8204441282804331,0.9503070683227933,0.5493165016520372,0.5030706832279337,25.118286959457247,0
2022,NB,AB,ELQ,14.3,1.3726118783739363,1.1608394608715995,1.1824304088898998,0.9728538063640138,0.8457157330204568,0.7285380636401378,25.118286959457247,0
2022,NB,AB,FIN,7,2.2941473115195907,1.7173499230268348,1.3358648000380426,0.9435891799527739,0.7485787483669919,0.4358917995277395,25.118286959457247,0
2022,NB,AB,FMT,11.6,1.4823094127961438,1.395155870455987,1.0624686776479477,0.9674622984491245,0.9412042171574992,0.6746229844912454,25.118286959457247,0
2022,NB,AB,FOD,3.5,2.001349997201567,2.242897526316923,0.8923055885161179,0.9499662728357495,1,0.49966272835749503,25.118286959457247,0
2022,NB,AB,HTH,7,4.860034370723374,2.212301914814438,2.1968223858500893,0.9205759861704672,0.4552029360412025,0.2057598617046732,25.118286959457247,0
2022,NB,AB,ITS,7,1.768351420972396,1.374611544008334,1.2864371965158434,0.9565498457003592,0.7773407071160385,0.5654984570035924,25.118286959457247,0
2022,NB,AB,MAC,15,1.3397756578675752,1.3109880459884193,1.0219587142439972,0.9746393617564024,0.9785131102284877,0.7463936175640243,25.118286959457247,0
2022,NB,AB,MFN,7,1.847563182340999,1.8491841539221703,0.9991234125721156,0.9541253478938093,1,0.541253478938093,25.118286959457247,0
2022,NB,AB,MTV,3,3.126260010531313,3.6243963341012724,0.8625601955053626,0.9319871026923973,1,0.31987102692397246,25.118286959457247,0
2022,NB,AB,NMM,5,2.150948320611162,2.6351081404192334,0.8162656733582692,0.9464911216330788,1,0.46491121633078747,25.118286959457247,0
2022,NB,AB,OSV,7,3.3114465383636085,2.133314277127308,1.55225443052055,0.9301982830891229,0.6442242845875783,0.301982830891228,25.118286959457247,0
2022,NB,AB,PAP,10.7,2.039112814836906,1.7476783123105464,1.1667552320547276,0.9490409354854642,0.8570777936336644,0.4904093548546419,25.118286959457247,0
2022,NB,AB,PRF,7,2.056328054600238,1.8422647027399068,1.1161957624992573,0.9486303728513983,0.8959001938521205,0.48630372851398257,25.118286959457247,0
2022,NB,AB,PUB,7,1.7440435866478536,1.5643748829806285,1.1148501587579183,0.9573380165298537,0.8969815289923125,0.5733801652985372,25.118286959457247,0
2022,NB,AB,REA,7,3.7423910573771146,2.0478640223286178,1.8274607183740925,0.9267208847142997,0.5472073845120504,0.2672088471429969,25.118286959457247,0
2022,NB,AB,RUB,7,1.763829148076804,1.7112747512262096,1.0307106715697971,0.9566948335721944,0.9702043721706849,0.5669483357219449,25.118286959457247,0
2022,NB,AB,TEL,7,2.2560747240974823,1.0406598764171706,2.167927077062676,0.9443247729926162,0.46127012784715055,0.4432477299261614,25.118286959457247,0
2022,NB,AB,TEX,7.6,2.1479484193122276,1.6236755180578573,1.322892656459755,0.946556052790141,0.7559192313276115,0.46556052790141006,25.118286959457247,0
2022,NB,AB,TRD,7,2.201340258623772,1.9877000536226974,1.1074811084357032,0.9454268710201658,0.9029499396269446,0.4542687102016557,25.118286959457247,0
2022,NB,AB,TRN,7,2.0666663668289518,1.671313069632855,1.2365525073545591,0.9483871037943284,0.8086999897314252,0.4838710379432837,25.118286959457247,0
2022,NB,AB,WOD,17.8,1.2824668649994182,1.3255055376769567,0.9675303712778396,0.9779747241267286,1,0.779747241267285,25.118286959457247,0
2022,NB,BC,ACC,7,2.355976090718672,1.7368138414733996,1.3564931568716747,0.9424452524768603,0.7371950200664379,0.42445252476860146,33.59649121975922,0
2022,NB,BC,ADM,7,1.7387908697242687,1.854317353502979,0.9376986449700909,0.9575112290622148,1,0.5751122906221474,33.59649121975922,0
2022,NB,BC,AGR,3.1,7.852857169213736,11.312504001240724,0.6941749738477402,0.9127342186219863,1,0.1273421862198628,33.59649121975922,0
2022,NB,BC,ART,7,2.486127326898149,2.222971408638547,1.1183802532218674,0.9402232013292604,0.8941502651885764,0.40223201329260305,33.59649121975922,0
2022,NB,BC,CHM,6.8,1.776088520880562,1.5227849357016308,1.1663423240145334,0.9563034999800692,0.8573812159692658,0.5630349998006928,33.59649121975922,0
2022,NB,BC,EDU,7,2.947457415001458,1.756636765002444,1.6778980570848734,0.9339275470074775,0.5959837641968357,0.3392754700747747,33.59649121975922,0
2022,NB,BC,ELC,11.8,1.660089261531417,1.100625014458135,1.508315038931511,0.9602377247520721,0.6629914667617444,0.6023772475207202,33.59649121975922,0
2022,NB,BC,ELQ,14.3,1.4444897807344452,1.1765645517340175,1.227718257026833,0.9692285963761927,0.814519124625304,0.692285963761927,33.59649121975922,0
2022,NB,BC,FIN,7,2.470449353845097,1.8032137882324502,1.3700257673088703,0.9404784659294296,0.7299132789044481,0.40478465929429547,33.59649121975922,0
2022,NB,BC,FMT,11.6,1.504366708753859,1.4377065906377124,1.046365592639162,0.9664731540641677,0.9556889169852978,0.6647315406416758,33.59649121975922,0
2022,NB,BC,FOD,3.5,2.217592396862309,2.4124518743401726,0.9192276208489508,0.9450939497003557,1,0.4509394970035561,33.59649121975922,0
2022,NB,BC,HTH,7,5.549477257204594,2.3765965902566086,2.335052267581264,0.9180197152569957,0.4282559383717085,0.1801971525699565,33.59649121975922,0
2022,NB,BC,ITS,7,1.6476199935524434,1.4146410944225765,1.164691171526417,0.9606936067729971,0.858596703098061,0.6069360677299709,33.59649121975922,0
2022,NB,BC,MAC,15,1.2437434931277795,1.3434088992506583,0.9258115632712637,0.9804024306881147,1,0.8040243068811473,33.59649121975922,0
2022,NB,BC,MFN,7,1.9898597132846019,1.954638750407453,1.0180191674138288,0.9502547990355225,0.9822997758877129,0.5025479903552246,33.59649121975922,0
2022,NB,BC,MTV,3,3.9515620486887997,4.07088327211784,0.9706891071413688,0.9253064481255411,1,0.2530644812554109,33.59649121975922,0
2022,NB,BC,NMM,5,2.609355082230885,2.8758214451308293,0.9073425217858677,0.9383236458238194,1,0.3832364582381956,33.59649121975922,0
2022,NB,BC,OSV,7,3.6368761808563064,2.2842383398247197,1.5921614296761086,0.9274961244285349,0.6280770161625061,0.27496124428534957,33.59649121975922,0
2022,NB,BC,OTE,10.7,2.1607597248785138,1.4272315155975623,1.5139518019778544,0.9462800184808252,0.6605230091827109,0.4628001848082502,33.59649121975922,0
2022,NB,BC,PAP,10.7,2.1353388955843253,1.8379590030652144,1.1617989802945345,0.9468309738593674,0.8607341002713603,0.46830973859367403,33.59649121975922,0
2022,NB,BC,PRF,7,2.1251688364868375,1.9466661897628428,1.0916965875622164,0.9470550848869553,0.9160054280585624,0.47055084886955223,33.59649121975922,0
2022,NB,BC,PUB,7,1.7607183901833297,1.6288227295572306,1.0809760683177307,0.956794999448826,0.9250898602743817,0.5679499944882599,33.59649121975922,0
2022,NB,BC,REA,7,4.297961536986637,2.184670742585522,1.9673269079898374,0.9232668438606157,0.5083039305459272,0.2326684386061571,33.59649121975922,0
2022,NB,BC,RUB,7,2.0573890709894673,1.7962604902349317,1.145373447879145,0.9486052936753993,0.8730776864538558,0.486052936753993,33.59649121975922,0
2022,NB,BC,TEL,7,2.1940873082654235,1.0444084373058466,2.100794315608255,0.9455770377155396,0.47601042737516364,0.45577037715539614,33.59649121975922,0
2022,NB,BC,TEX,7.6,1.7290615924032813,1.6962505587391135,1.019343270659588,0.9578348396837655,0.9810237912817422,0.5783483968376546,33.59649121975922,0
2022,NB,BC,TRD,7,2.6245736711060745,2.114790653276975,1.241056019913444,0.9381014261862411,0.8057653997518531,0.3810142618624113,33.59649121975922,0
2022,NB,BC,TRN,7,2.195905127386276,1.7505784421195087,1.254388306488905,0.9455393080296812,0.7972013090579979,0.4553930802968122,33.59649121975922,0
2022,NB,BC,WOD,17.8,1.2792064483134478,1.3596356091664432,0.9408450614923918,0.9781734645974023,1,0.7817346459740226,33.59649121975922,0
2022,NB,MB,ACC,7,2.524343675062449,1.6301534182959496,1.5485313509333523,0.9396142573564299,0.6457731704283973,0.3961425735642993,22.44234680913881,0
2022,NB,MB,ADM,7,1.8833191376150478,1.7274094169306924,1.090256379961955,0.9530977453596291,0.917215453520112,0.5309774535962906,22.44234680913881,0
2022,NB,MB,AGR,3.1,9.119409151371734,8.562592840396647,1.0650289370701052,0.9109656226999047,0.9389416242069443,0.10965622699904641,22.44234680913881,0
2022,NB,MB,ART,7,3.211656956928424,2.028169519200012,1.5835249107753206,0.9311365757118838,0.63150253791106,0.31136575711883735,22.44234680913881,0
2022,NB,MB,CHM,6.8,1.421635689736076,1.4510113612295665,0.979755036880898,0.9703415092361426,1,0.703415092361425,22.44234680913881,0
2022,NB,MB,EDU,7,3.070781128486283,1.6466122350306562,1.8649084849227493,0.9325650040871829,0.5362193416377873,0.32565004087182925,22.44234680913881,0
2022,NB,MB,ELQ,14.3,1.684761316316311,1.1548052280770629,1.458913828370617,0.9593555888490172,0.6854414431843769,0.5935558884901722,22.44234680913881,0
2022,NB,MB,FIN,7,2.1951569080882023,1.6852013790022529,1.3026080653861534,0.9455548301041914,0.7676906251179657,0.4555483010419133,22.44234680913881,0
2022,NB,MB,FMT,11.6,1.5881000618132532,1.379014976537003,1.151619154855959,0.9629683244806517,0.8683426250626034,0.6296832448065173,22.44234680913881,0
2022,NB,MB,FOD,3.5,2.3194574757770443,2.180472544472001,1.063740738977614,0.9431135302303822,0.9400786896261238,0.4311353023038238,22.44234680913881,0
2022,NB,MB,HTH,7,5.216124685870618,2.151760992297432,2.4241189911623824,0.9191713208602698,0.41252100397946756,0.1917132086026987,22.44234680913881,0
2022,NB,MB,ITS,7,2.278734880078338,1.3594128670772179,1.6762640219653742,0.9438839993516763,0.5965647337747708,0.4388399935167632,22.44234680913881,0
2022,NB,MB,MAC,15,1.2677510749261482,1.298641627259154,0.9762131817703997,0.9788798384618411,1,0.7887983846184111,22.44234680913881,0
2022,NB,MB,MFN,7,2.2097168898343003,1.809883886875391,1.2209163835638024,0.9452546660886947,0.8190569095985453,0.45254666088694595,22.44234680913881,0
2022,NB,MB,MTV,3,3.690982451519697,3.4649227156423024,1.0652423601995087,0.9270930575567562,0.9387535056460865,0.2709305755675613,22.44234680913881,0
2022,NB,MB,NMM,5,2.347464885812897,2.547381042234746,0.9215209059393532,0.9425991462553321,1,0.42599146255332077,22.44234680913881,0
2022,NB,MB,OSV,7,3.814985298171687,2.0775727039426095,1.8362704183261505,0.926212420804852,0.5445820996841786,0.2621242080485199,22.44234680913881,0
2022,NB,MB,OTE,10.7,1.5199048421669679,1.3701172905969548,1.1093246195767308,0.9657935926155926,0.901449388531155,0.6579359261559257,22.44234680913881,0
2022,NB,MB,PAP,10.7,2.1364536572177224,1.7139132501043208,1.2465354691012995,0.9468065383314839,0.8022234623784581,0.46806538331483766,22.44234680913881,0
2022,NB,MB,PRF,7,2.239337588990842,1.803347722207464,1.2417669434543028,0.944656062798046,0.8053040912960977,0.4465606279804602,22.44234680913881,0
2022,NB,MB,PUB,7,1.9522568450282658,1.5401028315843304,1.2676146066298348,0.9512227682820865,0.7888833047282936,0.5122276828208644,22.44234680913881,0
2022,NB,MB,REA,7,5.481139072630796,1.9972061719203988,2.744403231720663,0.9182443829056144,0.3643779414197193,0.18244382905614315,22.44234680913881,0
2022,NB,MB,RUB,7,1.963849884797491,1.679447896386653,1.1693425494311145,0.9509203889635952,0.8551814012810022,0.5092038896359526,22.44234680913881,0
2022,NB,MB,TEL,7,2.467841664581848,1.0392115503127393,2.3747250151705668,0.9405212382282006,0.42110138799720104,0.40521238228200523,22.44234680913881,0
2022,NB,MB,TEX,7.6,2.240211578759781,1.5964064805855984,1.403283941780304,0.9446386408088122,0.7126141547172058,0.4463864080881222,22.44234680913881,0
2022,NB,MB,TRD,7,2.6435810058588882,1.9405514933589523,1.3622833585740326,0.9378274771147067,0.7340616720494537,0.3782747711470654,22.44234680913881,0
2022,NB,MB,TRN,7,2.2069541988972374,1.6415843309420404,1.3444050100251344,0.9453113164060982,0.7438234702660803,0.45311316406098334,22.44234680913881,0
2022,NB,MB,WOD,17.8,1.2065989774498165,1.3125171966211007,0.9193014617683056,0.9828775772803595,1,0.8287757728035957,22.44234680913881,0
2022,NB,NL,ACC,7,2.061637286146966,1.3210242066710218,1.560635509732473,0.9485051374807505,0.6407646075997732,0.4850513748075053,5.884782317076082,0
2022,NB,NL,ADM,7,1.6509419666537228,1.3653651176398283,1.20915786211643,0.9605714810210374,0.8270218730990725,0.6057148102103732,5.884782317076082,0
2022,NB,NL,AGR,3.1,2.9201693484093356,3.3987853804150268,0.8591802722338275,0.9342445892922175,1,0.3424458929221747,5.884782317076082,0
2022,NB,NL,ART,7,1.5912367056073962,1.496109518591382,1.0635830370931523,0.9628442013985774,0.9402180790068547,0.6284420139857738,5.884782317076082,0
2022,NB,NL,BMT,8.2,2.085491818769796,1.2808023090148868,1.6282698774753352,0.9479503199676844,0.6141488053261293,0.4795031996768449,5.884782317076082,0
2022,NB,NL,CHM,6.8,1.5791143048063567,1.236252179278225,1.2773399564224095,0.9633266380373033,0.7828769427997956,0.6332663803730331,5.884782317076082,0
2022,NB,NL,EDU,7,2.3745565394094696,1.32860653162681,1.7872533988689245,0.9421131265313519,0.5595177497678039,0.42113126531351863,5.884782317076082,0
2022,NB,NL,FIN,7,2.0363105984429133,1.3462571761043554,1.5125717690399656,0.949108421906003,0.6611256539811684,0.4910842190600298,5.884782317076082,0
2022,NB,NL,FMT,11.6,1.3463041460478586,1.2009231562261908,1.1210576955469127,0.9742774211113848,0.8920147499742604,0.7427742111138472,5.884782317076082,0
2022,NB,NL,FOD,3.5,2.5443867151257877,1.5591180794250508,1.6319397156013162,0.9393022017468977,0.6127677330479899,0.39302201746897686,5.884782317076082,0
2022,NB,NL,HTH,7,3.536363426812039,1.5473884922052834,2.2853752917421137,0.9282776366370659,0.4375648951895827,0.2827763663706589,5.884782317076082,0
2022,NB,NL,ITS,7,1.8756309446966237,1.1911677458461631,1.574615289271657,0.9533153924991222,0.6350757590208291,0.5331539249912227,5.884782317076082,0
2022,NB,NL,MAC,15,1.2838631302138581,1.1605319933137292,1.106271208041387,0.9778899227235716,0.9039374727743875,0.7788992272357148,5.884782317076082,0
2022,NB,NL,MFN,7,1.7780644922917104,1.402131428835305,1.2681154246493698,0.9562409296364228,0.7885717503014342,0.5624092963642285,5.884782317076082,0
2022,NB,NL,MIS,7,1.9345990505863797,0.9364011608495066,2.0659938618949427,0.9516902972580752,0.48402854357117675,0.5169029725807519,5.884782317076082,0
2022,NB,NL,NMM,5,3.7086803995024553,1.7035691237075457,2.1770061149213045,0.9269637685720818,0.45934643598194413,0.2696376857208178,5.884782317076082,0
2022,NB,NL,OSV,7,2.5732674352284524,1.5167642574395948,1.6965506818919307,0.9388610987847528,0.589431256415421,0.38861098784752657,5.884782317076082,0
2022,NB,NL,PAP,10.7,1.3463550791898424,1.35927735913988,0.990493272132323,0.9742746111673409,1,0.7427461116734089,5.884782317076082,0
2022,NB,NL,PET,71.1,1.0417308943619636,1.039870446890845,1.0017891146696987,0.9959940811405499,0.9982140805449972,0.9599408114054995,5.884782317076082,0
2022,NB,NL,PRF,7,1.860378217311871,1.3992443395303737,1.3295592233278335,0.9537525106827436,0.7521289630837504,0.5375251068274368,5.884782317076082,0
2022,NB,NL,PUB,7,1.6383952783134852,1.2789418439692737,1.2810553396459576,0.9610353321470365,0.7806064024340804,0.6103533214703658,5.884782317076082,0
2022,NB,NL,REA,7,2.823221425400281,1.4830537357367186,1.9036541679980485,0.9354205302851234,0.5253054976112789,0.3542053028512343,5.884782317076082,0
2022,NB,NL,RUB,7,1.7246274569194242,1.3436366543153684,1.2835519568332887,0.9579835370234814,0.7790880569160183,0.5798353702348139,5.884782317076082,0
2022,NB,NL,TEL,7,2.3381068549966364,1.0221545833378045,2.2874298008444502,0.942769644931452,0.4371718859441413,0.4276964493145197,5.884782317076082,0
2022,NB,NL,TEX,7.6,1.1803437092027078,1.3053737429102785,0.9042189760697796,0.9847210852401183,1,0.8472108524011829,5.884782317076082,0
2022,NB,NL,TRD,7,1.7755228273710353,1.458937487001243,1.2169971936361126,0.9563214386536879,0.8216945817370589,0.5632143865368776,5.884782317076082,0
2022,NB,NL,TRN,7,1.5507235333625102,1.3262937267332113,1.1692157642802783,0.9644860272308922,0.8552741337827919,0.6448602723089207,5.884782317076082,0
2022,NB,NL,WOD,17.8,1.1614545323884535,1.1675803124123993,0.9947534401198587,0.986098936472663,1,0.8609893647266302,5.884782317076082,0
2022,NB,NS,ACC,7,1.580464909027504,1.1388818221303207,1.387733896806945,0.963272521540217,0.7205992462250241,0.632725215402171,2.308700359805438,1
2022,NB,NS,ADM,7,1.4780560186543161,1.1219878770105653,1.3173547138427752,0.96765643435561,0.7590969914875554,0.6765643435561,2.308700359805438,1
2022,NB,NS,AGR,3.1,2.130690969228698,1.6028944220932064,1.3292771750033583,0.9469331317606324,0.7522885511048315,0.4693313176063238,2.308700359805438,1
2022,NB,NS,ART,7,1.384675187588199,1.1283997092593254,1.227114094611998,0.9722191030043501,0.8149201483307797,0.7221910300435014,2.308700359805438,1
2022,NB,NS,BMT,8.2,1.6050667085963821,1.0253597164690318,1.5653693848278452,0.9623027064634897,0.6388268543465714,0.6230270646348973,2.308700359805438,1
2022,NB,NS,CHM,6.8,1.327406206869841,1.0195376186150538,1.3019688362975734,0.9753348895631656,0.7680675390385792,0.7533488956316559,2.308700359805438,1
2022,NB,NS,EDU,7,1.8405299050180641,1.1370234136881177,1.6187264772745624,0.9543321788618363,0.6177695948259847,0.5433217886183628,2.308700359805438,1
2022,NB,NS,ELC,11.8,1.5123616042107464,0.9869530931842292,1.5323540851687083,0.9661217527088615,0.6525906836277351,0.6612175270886147,2.308700359805438,1
2022,NB,NS,ELQ,14.3,1.3124604821972865,1.0232852841684044,1.282594895580744,0.9761927702635149,0.7796694057067892,0.7619277026351502,2.308700359805438,1
2022,NB,NS,FIN,7,1.8730512931381982,1.1668461665278256,1.605225561748059,0.953388820886189,0.6229654098649038,0.5338882088618903,2.308700359805438,1
2022,NB,NS,FMT,11.6,1.1737367105021432,1.0846966758297885,1.0820874965844618,0.9851979827377286,0.9241396866301795,0.8519798273772864,2.308700359805438,1
2022,NB,NS,FOD,3.5,1.312901834550218,1.3500052320998723,0.97251610833245306,0.9761671568798278,1,0.7616715687982767,2.308700359805438,1
2022,NB,NS,HTH,7,2.3007146691604152,1.193343276888907,1.9279571215739943,0.9434647552521115,0.51868373461729,0.4346475525211144,2.308700359805438,1
2022,NB,NS,ITS,7,1.6649587488184199,1.115570135022604,1.4924733968292223,0.9600615481140103,0.6700286933921314,0.6006154811401035,2.308700359805438,1
2022,NB,NS,MAC,15,1.1160724408992244,1.0652776415455987,1.0476822167035518,0.9895999187287786,0.9544879010607052,0.8959991872877854,2.308700359805438,1
2022,NB,NS,MFN,7,1.5142541247164178,1.1805800773558917,1.282635675258764,0.9660391134934022,0.7796446171655533,0.6603911349340225,2.308700359805438,1
2022,NB,NS,MIN,45,1.054481326846289,0.989102243178964,1.0660994190622775,0.9948333530941481,0.9379988227360472,0.9483335309414819,2.308700359805438,1
2022,NB,NS,NMM,5,1.4273568584291985,1.3220814333465019,1.0796285481569918,0.9700595645787206,0.9262444955786657,0.7005956457872047,2.308700359805438,1
2022,NB,NS,OSV,7,2.0331596975270463,1.2371166449994886,1.64346644735985,0.9491845279648378,0.6084699822174356,0.49184527964837715,2.308700359805438,1
2022,NB,NS,OTE,10.7,1.4544145809597724,1.1334171924714138,1.2832120340334916,0.9687561863784463,0.7792944373009988,0.687561863784463,2.308700359805438,1
2022,NB,NS,PAP,10.7,1.228339937201394,1.1836457750935716,1.0377597445521984,0.9814106885003157,0.9636141749085747,0.8141068850031568,2.308700359805438,1
2022,NB,NS,PET,71.1,1.0217839063692773,1.0142410954475896,1.007436901300434,0.9978680515289498,0.9926179979204314,0.9786805152894975,2.308700359805438,1
2022,NB,NS,PRF,7,1.6081133506934795,1.1287527526725512,1.4246816646833815,0.9621846712216375,0.70191118815461,0.6218467122163758,2.308700359805438,1
2022,NB,NS,PUB,7,1.389403867728537,1.1312461856814977,1.228206455247862,0.9719733133919403,0.8141953624549155,0.7197331339194033,2.308700359805438,1
2022,NB,NS,REA,7,2.4140733164452093,1.1189539275143823,2.1574376362463594,0.9414237626168094,0.46351281872502254,0.4142376261680934,2.308700359805438,1
2022,NB,NS,RUB,7,1.2193027205367217,1.1900685311629702,1.0245651310056767,0.9820140874909072,0.9760238463497539,0.8201408749090731,2.308700359805438,1
2022,NB,NS,TEL,7,2.0684055300396547,0.9842992436689271,2.101399085028019,0.948346418798292,0.4758734345725988,0.4834641879829186,2.308700359805438,1
2022,NB,NS,TEX,7.6,1.2898186495713468,1.1325191345786514,1.1388934722513258,0.9775302791855534,0.8780452468686417,0.7753027918555341,2.308700359805438,1
2022,NB,NS,TRD,7,1.6397974379832303,1.1856628098102977,1.383021736378484,0.9609831419928238,0.7230544348627181,0.609831419928238,2.308700359805438,1
2022,NB,NS,TRN,7,1.4930950439572157,1.1222864694733483,1.3304045665434028,0.9669749728289002,0.7516510579921978,0.6697497282890015,2.308700359805438,1
2022,NB,NS,UTL,7,2.7747951781755797,,,0.9360386960401703,1,0.3603869604017033,2.308700359805438,1
2022,NB,NS,WOD,17.8,1.0721560116451476,1.0908717438391486,0.9828433247999128,0.9932700082020312,1,0.9327000820203122,2.308700359805438,1
2022,NB,NT,ACC,7,3.3884929514043165,1.5852319782330406,2.137537595715965,0.929511644685156,0.46782802885160557,0.2951164468515607,18.785010774401552,0
2022,NB,NT,ADM,7,2.754461333912435,1.6742508942883063,1.6451903017100113,0.9363047390677872,0.6078324185114632,0.3630473906778719,18.785010774401552,0
2022,NB,NT,CHM,6.8,1.9342449574287726,1.4204506449225462,1.3617121892568413,0.9516997599584965,0.7343695737538731,0.5169975995849659,18.785010774401552,0
2022,NB,NT,FIN,7,3.6536597627563747,1.635653835538995,2.233761009432897,0.9273698172499124,0.4476754656282044,0.27369817249912326,18.785010774401552,0
2022,NB,NT,HTH,7,5.403003880503188,2.0595113673283763,2.623439698471794,0.9185082228722529,0.38117895394451795,0.1850822287225285,18.785010774401552,0
2022,NB,NT,TEL,7,2.3515669025013293,1.036928469578072,2.2678197884355376,0.9425248373302207,0.44095214491882223,0.42524837330220705,18.785010774401552,0
2022,NB,NT,TRD,7,3.389537700970624,1.868362004520615,1.8141761033297787,0.9295025483774274,0.5512144042491675,0.29502548377427434,18.785010774401552,0
2022,NB,NT,TRN,7,2.284378229211266,1.5957101675539727,1.43157465287881,0.9437755879132709,0.6985315072385925,0.43775587913270947,18.785010774401552,0
2022,NB,NU,ACC,7,3.7016483410293626,1.4085311624429706,2.628020195598077,0.9270149919136272,0.3805145796348886,0.2701499191362726,8.852430884426923,0
2022,NB,NU,ADM,7,4.729520872949661,1.466924333868788,3.2241069043256476,0.9211437908165172,0.3101634125898066,0.21143790816517316,8.852430884426923,0
2022,NB,NU,CHM,6.8,1.9467588026688312,1.2981560290658882,1.4996339107785501,0.9513674317860584,0.6668294127070252,0.5136743178605845,8.852430884426923,0
2022,NB,NU,FIN,7,3.5997827291933886,1.4417063929731524,2.496890314656754,0.9277794543512372,0.40049816931484605,0.27779454351237254,8.852430884426923,0
2022,NB,NU,TEL,7,2.4955774017594257,1.0273277764886624,2.429192959513995,0.9400708869736912,0.4116593521661073,0.4007088697369124,8.852430884426923,0
2022,NB,NU,TRD,7,4.833459789615601,1.5915775578064633,3.0368986832643894,0.9206891138754985,0.3292832933514565,0.2068911387549846,8.852430884426923,0
2022,NB,NU,TRN,7,2.299639649008151,1.4154473390186821,1.624673405795847,0.943485073864999,0.6155083208924378,0.43485073864999074,8.852430884426923,0
2022,NB,ON,ACC,7,1.8051248004973743,1.4112790513966782,1.2790700738531653,0.9553978317579186,0.781817994527482,0.5539783175791865,8.962951333835209,0
2022,NB,ON,ADM,7,1.628843186419481,1.470125874800792,1.1079617156185322,0.961393264148294,0.9025582616288674,0.6139326414829395,8.962951333835209,0
2022,NB,ON,AGR,3.1,4.076849450823835,4.544130283893996,0.8971682579774684,0.9245287448570838,1,0.24528744857083784,8.962951333835209,0
2022,NB,ON,ART,7,2.1111528278814324,1.646253292926711,1.2823985452009163,0.9473674850438712,0.7797887823112959,0.4736748504387113,8.962951333835209,0
2022,NB,ON,BMT,8.2,1.6754285448277888,1.3583024593974824,1.2334723634167442,0.9596862219571881,0.8107194207659255,0.5968622195718806,8.962951333835209,0
2022,NB,ON,CHM,6.8,1.491810482141145,1.300084826966676,1.1474716504628382,0.967032643353245,0.8714812253502257,0.670326433532451,8.962951333835209,0
2022,NB,ON,EDU,7,2.2853957233120266,1.4213091191393339,1.6079512138048728,0.9437560983334118,0.6219094157923571,0.4375609833341188,8.962951333835209,0
2022,NB,ON,ELC,11.8,1.625968082734248,1.061656841609223,1.5315382701906404,0.9615018222447754,0.6529383035760011,0.6150182224477542,8.962951333835209,0
2022,NB,ON,ELQ,14.3,1.2890036470422972,1.1067926147683669,1.1646297868657753,0.9775792995073804,0.8586419575367181,0.7757929950738038,8.962951333835209,0
2022,NB,ON,FIN,7,1.7237723104325624,1.4447103508390369,1.1931611823999573,0.9580123020858283,0.8381097329939718,0.5801230208582829,8.962951333835209,0
2022,NB,ON,FMT,11.6,1.271030291579209,1.2542691822359864,1.013363247363969,0.978676331054041,0.9868129741247963,0.786763310540409,8.962951333835209,0
2022,NB,ON,FOD,3.5,1.7196262314223967,1.7324676578178793,0.992587782901727,0.9581521717758891,1,0.5815217177588908,8.962951333835209,0
2022,NB,ON,HTH,7,3.2279415695714584,1.7163543702094606,1.8806964491706493,0.9309794950883439,0.5317179178176152,0.3097949508834387,8.962951333835209,0
2022,NB,ON,ITS,7,1.5259726602590225,1.24167397565061,1.2289640357964706,0.96553197354337,0.8136934612182667,0.6553197354336987,8.962951333835209,0
2022,NB,ON,MAC,15,1.1634783047386483,1.202279922914599,0.9677266355060752,0.9859491746367053,1,0.8594917463670537,8.962951333835209,0
2022,NB,ON,MFN,7,1.6127716995914418,1.519266001297607,1.0615466272620935,0.9620050562800257,0.9420217391478767,0.6200505628002567,8.962951333835209,0
2022,NB,ON,MIN,45,1.0938299007575802,1.0569159441159726,1.034926104433483,0.991421892865372,0.9662525621067396,0.9142189286537201,8.962951333835209,0
2022,NB,ON,MTV,3,3.5594406201864524,2.4013924781709752,1.482240263739606,0.9280943020745663,0.6746544568132686,0.2809430207456635,8.962951333835209,0
2022,NB,ON,NMM,5,2.103403253851779,1.9332167572541992,1.0880328064398221,0.9475420011911072,0.9190899337604751,0.47542001191107186,8.962951333835209,0
2022,NB,ON,OSV,7,2.305429915901972,1.6744219132423759,1.3768512569437787,0.9433758577132353,0.7262948666072454,0.4337585771323531,8.962951333835209,0
2022,NB,ON,OTE,10.7,1.3238602979098115,1.2485586243714668,1.0603108833405817,0.9755366711713357,0.9431196224728278,0.7553667117133573,8.962951333835209,0
2022,NB,ON,PAP,10.7,1.3908139391763659,1.4620193073949268,0.9512965609562045,0.9719003435205859,1,0.7190034352058592,8.962951333835209,0
2022,NB,ON,PET,71.1,1.055798005293735,1.0495661401231993,1.0059375630865952,0.9947150870702572,0.994097483477626,0.9471508707025722,8.962951333835209,0
2022,NB,ON,PRF,7,1.87727105089829,1.515396071164394,1.2387989428109312,0.9532688127013673,0.80723349483244,0.5326881270136732,8.962951333835209,0
2022,NB,ON,PUB,7,1.4005099521965458,1.355861474968612,1.0329299696556151,0.9714025629329952,0.9681198429487005,0.7140256293299523,8.962951333835209,0
2022,NB,ON,REA,7,2.6209550551507532,1.628495493436932,1.609433409987055,0.9381540308382923,0.6213366727661278,0.38154030838292324,8.962951333835209,0
2022,NB,ON,RUB,7,1.6495330100736756,1.4412314331897704,1.144530276045178,0.960623218443827,0.8737208800237338,0.6062321844382705,8.962951333835209,0
2022,NB,ON,TEL,7,1.8966867177729014,1.0274853806515982,1.845950077236217,0.9527235199482076,0.5417264596327623,0.5272351994820762,8.962951333835209,0
2022,NB,ON,TEX,7.6,1.6245217189625605,1.3906195241198298,1.168199993445925,0.9615565792889867,0.8560178099729541,0.6155657928898681,8.962951333835209,0
2022,NB,ON,TRD,7,1.90892129759358,1.5957914896478722,1.1962222570912464,0.9523856065339424,0.835965050869072,0.5238560653394237,8.962951333835209,0
2022,NB,ON,TRN,7,1.7013673257497055,1.4182482455418242,1.1996258984263501,0.958776255125233,0.8335932071088028,0.5877625512523295,8.962951333835209,0
2022,NB,ON,UTL,7,2.9098317688909754,,,0.9343662479285231,1,0.34366247928523036,8.962951333835209,0
2022,NB,ON,WOD,17.8,1.1595711270568534,1.2113216318529763,0.9572776515870857,0.9862387805858994,1,0.8623878058589936,8.962951333835209,0
2022,NB,PE,ACC,7,1.6103090241419744,1.2059093704528865,1.335348296976259,0.9620998817623115,0.7488682932118788,0.620998817623116,3.322585379506413,1
2022,NB,PE,ADM,7,1.5870974600386614,1.1961050248623084,1.3268880466590822,0.9630081028530939,0.7536430842962671,0.6300810285309386,3.322585379506413,1
2022,NB,PE,AGR,3.1,2.69755221255051,2.0608335893057275,1.308961687420519,0.9370706448367317,0.7639643005675982,0.370706448367318,3.322585379506413,1
2022,NB,PE,ART,7,1.524224886981923,1.2257497082079454,1.2435041809721092,0.96560711667555,0.8041790412142001,0.6560711667554997,3.322585379506413,1
2022,NB,PE,CHM,6.8,1.0588408931562519,1.064934163545663,0.9942782656449636,0.9944428956667083,1,0.9444289566670818,3.322585379506413,1
2022,NB,PE,EDU,7,2.094467936534779,1.2053577913170481,1.7376317236446734,0.9477448225659861,0.5754959387496134,0.4774482256598607,3.322585379506413,1
2022,NB,PE,ELC,11.8,1.881005949243815,0.9968043626767057,1.8870362326593098,0.9531630429133949,0.5299315310924093,0.5316304291339488,3.322585379506413,1
2022,NB,PE,FIN,7,2.41226578704478,1.240330720013739,1.944856922529549,0.9414548017623333,0.5141766411790154,0.4145480176233319,3.322585379506413,1
2022,NB,PE,FMT,11.6,1.2327035434600107,1.126266976589484,1.0945038512918435,0.9811225055128139,0.9136559901728071,0.8112250551281395,3.322585379506413,1
2022,NB,PE,FOD,3.5,1.662049785175835,1.4789527248491532,1.1238018343996472,0.9601666694294723,0.8898365969781639,0.6016666942947235,3.322585379506413,1
2022,NB,PE,HTH,7,2.797934882323192,1.3053006866987795,2.1435175135005986,0.9357406459427561,0.4665228969213741,0.35740645942756044,3.322585379506413,1
2022,NB,PE,ITS,7,1.8476755333360768,1.156384617012942,1.5978036253273664,0.9541220567116807,0.6258591382248959,0.5412205671168068,3.322585379506413,1
2022,NB,PE,MAC,15,1.0972321651702843,1.0983579152144884,0.9989750608352612,0.9911384146166372,1,0.9113841461663726,3.322585379506413,1
2022,NB,PE,MFN,7,1.5145299574679998,1.265455825872734,1.1968256232282857,0.9660270861641989,0.8355436085188639,0.6602708616419882,3.322585379506413,1
2022,NB,PE,MTV,3,1.9602468193952567,1.6642697153853478,1.1778420296143992,0.9510139840608697,0.8490102873365616,0.5101398406086962,3.322585379506413,1
2022,NB,PE,NMM,5,2.0953655081389657,1.474963559347925,1.4206218823909913,0.9477243705747628,0.703917074905914,0.47724370574762726,3.322585379506413,1
2022,NB,PE,OSV,7,2.0901522145843034,1.347636064053909,1.5509767587376557,0.9478434055195776,0.6447549870533861,0.478434055195776,3.322585379506413,1
2022,NB,PE,OTE,10.7,1.4111875602370252,1.175963528421786,1.2000266386925487,0.9708623026574893,0.8333148346519362,0.7086230265748931,3.322585379506413,1
2022,NB,PE,PAP,10.7,1.224027802832945,1.260678260412665,0.9709279847756532,0.9816974906685579,1,0.8169749066855794,3.322585379506413,1
2022,NB,PE,PET,71.1,1.0604060807543068,1.0224189018592735,1.0371542220375165,0.9943034954390927,0.9641767624832823,0.9430349543909277,3.322585379506413,1
2022,NB,PE,PRF,7,1.7430460490330821,1.209390319429506,1.4412601300259393,0.9573708308254237,0.6938372741789521,0.5737083082542362,3.322585379506413,1
2022,NB,PE,PUB,7,1.6724287774108906,1.1898853242352405,1.4055377802779347,0.9597932787038089,0.7114714481756993,0.5979327870380905,3.322585379506413,1
2022,NB,PE,REA,7,2.5103376251762892,1.2133026709020194,2.0690118676735465,0.9398352791262402,0.4833225055999449,0.3983527912624003,3.322585379506413,1
2022,NB,PE,TEL,7,2.8162880158270576,0.9887396049834977,2.848361693647401,0.9355077319642087,0.35107900876151515,0.3550773196420859,3.322585379506413,1
2022,NB,PE,TEX,7.6,1.2826554387213713,1.1962401825116984,1.0722390515491882,0.9779632604214318,0.9326278487574052,0.779632604214317,3.322585379506413,1
2022,NB,PE,TRD,7,1.7734154309788988,1.2813140887362535,1.384059885525804,0.9563883669066765,0.7225120895835373,0.5638836690667651,3.322585379506413,1
2022,NB,PE,TRN,7,1.527160438460582,1.1893094597149663,1.2840732292052786,0.9654810047992094,0.7787717843934077,0.6548100479920934,3.322585379506413,1
2022,NB,PE,UTL,7,1.630475839677901,,,0.9613317888965192,1,0.6133178889651926,3.322585379506413,1
2022,NB,PE,WOD,17.8,1.0675329090419923,1.12614655948594,0.947952022807135,0.9936739271951255,1,0.936739271951254,3.322585379506413,1
2022,NB,QC,ACC,7,1.8029953839575434,1.2631620437815712,1.427366657218305,0.9554632590242698,0.700590836238833,0.554632590242698,4.463930766964556,1
2022,NB,QC,ADM,7,1.6149864048202605,1.2598026170847396,1.2819360611882502,0.9619200258909484,0.7800701066737147,0.6192002589094827,4.463930766964556,1
2022,NB,QC,AGR,3.1,2.46349531356143,2.526762189446011,0.9749612859695149,0.940592729951425,1,0.4059272995142492,4.463930766964556,1
2022,NB,QC,ART,7,1.8266256976821624,1.310845950773868,1.3934709083121477,0.9547457534003227,0.7176324916687767,0.5474575340032266,4.463930766964556,1
2022,NB,QC,BMT,8.2,1.4769177736130699,1.1242451254112025,1.3136972891680312,0.9677085764601262,0.7612103703382865,0.6770857646012627,4.463930766964556,1
2022,NB,QC,CHM,6.8,1.2340682433968642,1.1032356874481026,1.1185898511417725,0.9810327958239511,0.8939827220667835,0.8103279582395103,4.463930766964556,1
2022,NB,QC,EDU,7,2.612227883264028,1.263788772298592,2.066981397937949,0.9382814993441722,0.48379729057920634,0.38281499344172115,4.463930766964556,1
2022,NB,QC,ELC,11.8,1.6205192547215435,1.0048668691255904,1.6126705979784945,0.9617086157468602,0.6200894350362152,0.6170861574686021,4.463930766964556,1
2022,NB,QC,ELQ,14.3,1.330448472474479,1.0549819715232334,1.2611101501132895,0.975162625286804,0.792952146099345,0.7516262528680397,4.463930766964556,1
2022,NB,QC,FIN,7,1.8183032271008133,1.3033196330479548,1.3951322308009073,0.954996327625423,0.7167779353975123,0.5499632762542286,4.463930766964556,1
2022,NB,QC,FMT,11.6,1.3207733687545262,1.1611518575094815,1.1374682477685667,0.975713216487927,0.8791454196297386,0.7571321648792694,4.463930766964556,1
2022,NB,QC,FOD,3.5,1.6032309725981213,1.5925350184722844,1.0067163070210523,0.9623740444821526,0.9933285008157599,0.623740444821526,4.463930766964556,1
2022,NB,QC,HTH,7,2.8153309450199,1.403779379621997,2.0055366148618017,0.9355198028057383,0.49861966746935127,0.35519802805738404,4.463930766964556,1
2022,NB,QC,ITS,7,1.516395614011366,1.1905833675948767,1.2736576499255736,0.9659458515152699,0.785140339759617,0.6594585151526986,4.463930766964556,1
2022,NB,QC,MAC,15,1.1137343222288119,1.1259422448156515,0.9891575943232874,0.9897880203600796,1,0.8978802036007959,4.463930766964556,1
2022,NB,QC,MFN,7,1.7202653908362682,1.3387602066703577,1.2849690200418755,0.9581305655119803,0.7782288789868345,0.5813056551198025,4.463930766964556,1
2022,NB,QC,MIE,20.2,1.2995288618720058,1.7737733936727205,0.7326352207714885,0.9769509650258537,1,0.7695096502585356,4.463930766964556,1
2022,NB,QC,MIN,45,1.073594889801368,1.0057008883053933,1.067509139432477,0.9931450037159749,0.9367601297836503,0.9314500371597482,4.463930766964556,1
2022,NB,QC,MIS,7,1.2351042046521403,0.7168736474544252,1.7229036233064507,0.9809648284115139,0.5804155185888371,0.8096482841151399,4.463930766964556,1
2022,NB,QC,MTV,3,2.246044379215949,1.872623994090499,1.1994102320080617,0.944522717772348,0.8337430958261814,0.44522717772347886,4.463930766964556,1
2022,NB,QC,NMM,5,2.08152186133399,1.6118591681717334,1.2913794842852033,0.9480417726364463,0.7743657167927784,0.4804177263644628,4.463930766964556,1
2022,NB,QC,OSV,7,2.2235601875485687,1.4444900962091032,1.5393391712300726,0.9449729225050786,0.6496294115616564,0.44972922505078683,4.463930766964556,1
2022,NB,QC,OTE,10.7,1.3266476345732459,1.2116430219654966,1.0949162505150996,0.9753779657792613,0.9133118624639588,0.7537796577926125,4.463930766964556,1
2022,NB,QC,PAP,10.7,1.3083694843426588,1.3268264499960551,0.9860893897212772,0.9764310091275488,1,0.7643100912754874,4.463930766964556,1
2022,NB,QC,PET,71.1,1.0360273462513914,1.0291002969652687,1.0067311702334067,0.9965225487163301,0.9933138354781981,0.9652254871632999,4.463930766964556,1
2022,NB,QC,PRF,7,1.7511886494918172,1.279007684670407,1.3691775823403973,0.9571040704432496,0.730365449228766,0.5710407044324968,4.463930766964556,1
2022,NB,QC,PUB,7,1.6087104561836136,1.239672696246848,1.2976896732936365,0.9621615901205942,0.7706002602778852,0.6216159012059426,4.463930766964556,1
2022,NB,QC,REA,7,2.699981979608873,1.2956414349361156,2.083895981407851,0.9370372842319807,0.47987040088460364,0.37037284231980794,4.463930766964556,1
2022,NB,QC,RUB,7,1.3321013354813445,1.3282949202584957,1.002865640126146,0.9750693639713721,0.9971425483020979,0.7506936397137217,4.463930766964556,1
2022,NB,QC,TEL,7,1.8943919124196933,0.9923558746628107,1.9089844286591062,0.952787387522295,0.5238387411585186,0.5278738752229506,4.463930766964556,1
2022,NB,QC,TEX,7.6,1.384612313483874,1.2505482425244265,1.107204237630064,0.9722223824143137,0.903175733991471,0.7222238241431373,4.463930766964556,1
2022,NB,QC,TRD,7,1.82728906963642,1.3645360419395705,1.3391284755213104,0.9547258787138135,0.746754339318122,0.5472587871381359,4.463930766964556,1
2022,NB,QC,TRN,7,1.597463791859612,1.2466005710698431,1.2814560083898046,0.9625992279196449,0.7803623327316057,0.6259922791964488,4.463930766964556,1
2022,NB,QC,UTL,7,2.4814303551993655,,,0.9402993377551254,1,0.4029933775512539,4.463930766964556,1
2022,NB,QC,WOD,17.8,1.1368252321836365,1.1555939450990484,0.9837583841668509,0.987964268533975,1,0.8796426853397511,4.463930766964556,1
2022,NB,SK,ACC,7,2.651449003527384,1.6168318011237364,1.6399040405344354,0.9377152266051371,0.6097917776177353,0.37715226605137003,21.3001074730136,0
2022,NB,SK,ADM,7,1.9772584906162984,1.7116267210504441,1.1551925815944455,0.9505750767917203,0.865656528558864,0.5057507679172016,21.3001074730136,0
2022,NB,SK,AGR,3.1,13.192887760269794,8.259341883268196,1.5973291754632404,0.9075798416402169,0.626045035275832,0.07579841640216835,21.3001074730136,0
2022,NB,SK,ART,7,3.230200312157403,2.0042297660460484,1.6116916168398965,0.9309578324364695,0.6204660926143781,0.3095783243646939,21.3001074730136,0
2022,NB,SK,CHM,6.8,2.18751798911355,1.4419696381488745,1.517034708110617,0.9457139097816165,0.6591806994616786,0.4571390978161652,21.3001074730136,0
2022,NB,SK,EDU,7,3.3490925602874384,1.632880650586298,2.051033282245657,0.9298588343558405,0.4875591286871315,0.29858834355840386,21.3001074730136,0
2022,NB,SK,FIN,7,2.627814307614697,1.6704980771069329,1.5730723331125893,0.9380544392768647,0.6356986763738518,0.38054439276864793,21.3001074730136,0
2022,NB,SK,FMT,11.6,1.5216848303274184,1.371593470513032,1.1094284589720642,0.9657166306760666,0.9013650153940934,0.6571663067606658,21.3001074730136,0
2022,NB,SK,FOD,3.5,2.335123967563111,2.152116845296711,1.0850358672050489,0.9428242788773044,0.9216285195953078,0.4282427887730433,21.3001074730136,0
2022,NB,SK,HTH,7,3.842253594930144,2.124251415793788,1.8087565183494887,0.9260263924619526,0.5528660103530748,0.2602639246195255,21.3001074730136,0
2022,NB,SK,ITS,7,2.1895591532456913,1.3524219333932297,1.6189911588849217,0.9456712940829961,0.6176685984429643,0.4567129408299615,21.3001074730136,0
2022,NB,SK,MAC,15,1.570757762276721,1.292955753130397,1.214858094311219,0.9636635402361825,0.8231414061302067,0.6366354023618249,21.3001074730136,0
2022,NB,SK,MFN,7,2.370127302215181,1.7919437358342984,1.322657210055588,0.9421918265346073,0.7560537926209713,0.4219182653460743,21.3001074730136,0
2022,NB,SK,MTV,3,4.426081857493821,3.393370525012139,1.3043320276609014,0.9225933462641885,0.7666759527428999,0.22593346264188385,21.3001074730136,0
2022,NB,SK,OSV,7,6.591840208905722,2.0522203154586496,3.212052896685469,0.9151702706423159,0.3113273760316663,0.15170270642315903,21.3001074730136,0
2022,NB,SK,PAP,10.7,2.055810952581569,1.6984775493562385,1.2103845313473633,0.9486426049410943,0.8261837243465351,0.486426049410943,21.3001074730136,0
2022,NB,SK,PRF,7,2.2597049240477354,1.7855808307452847,1.2655293365266225,0.9442535655588489,0.7901831835401023,0.4425356555884884,21.3001074730136,0
2022,NB,SK,PUB,7,2.073375600028433,1.5289753245801192,1.3560556319624157,0.948230528032947,0.7374328725384593,0.4823052803294717,21.3001074730136,0
2022,NB,SK,REA,7,5.277928540580217,1.974141806741852,2.6735306058337196,0.9189468271938761,0.374037236685442,0.1894682719387609,21.3001074730136,0
2022,NB,SK,RUB,7,2.4052335110554672,1.6648903991715889,1.4446797892835805,0.941576004799683,0.6921949122690378,0.4157600479968279,21.3001074730136,0
2022,NB,SK,TEL,7,2.473902374101952,1.0385406025466328,2.3820949975721994,0.940421966948595,0.4197985391091401,0.4042196694859508,21.3001074730136,0
2022,NB,SK,TEX,7.6,2.3824406950065105,1.5839169143238618,1.5041449923675576,0.9419737625409083,0.664829524463581,0.4197376254090838,21.3001074730136,0
2022,NB,SK,TRD,7,2.3426331103233653,1.9190684845130515,1.2207136583339755,0.9426870087165278,0.8191929312602232,0.42687008716527747,21.3001074730136,0
2022,NB,SK,TRN,7,2.2631383530244773,1.6279782719062825,1.3901526771450416,0.9441864280486251,0.7193454477631199,0.4418642804862511,21.3001074730136,0
2022,NB,YT,ACC,7,2.9586495567445357,1.8419658964503578,1.606245567546138,0.9337992040226731,0.6225698113693167,0.33799204022673135,48.84383835675702,0
2022,NB,YT,ADM,7,3.782704303395231,1.9803393352491219,1.910129358168496,0.9264361134202965,0.5235247527732036,0.26436113420296503,48.84383835675702,0
2022,NB,YT,ART,7,3.489144029572949,2.4203295683565234,1.441598729028536,0.9286603244670985,0.6936743074641025,0.2866032446709843,48.84383835675702,0
2022,NB,YT,FIN,7,3.584865172768753,1.9200408596652032,1.8670775440653093,0.927895051886363,0.5355963940429785,0.2789505188636299,48.84383835675702,0
2022,NB,YT,PUB,7,2.4459928532001434,1.7156693873820439,1.4256784385087775,0.9408831938609993,0.7014204416572182,0.4088319386099919,48.84383835675702,0
2022,NB,YT,TEL,7,2.313342436847093,1.0492516006682935,2.2047547369703033,0.9432274955956335,0.45356518946600155,0.4322749559563359,48.84383835675702,0
2022,NB,YT,TRN,7,2.4934114862818983,1.8581249999422995,1.3418965281449453,0.9401056947680615,0.7452139408858988,0.4010569476806135,48.84383835675702,0
2022,NL,AB,ACC,7,2.2235917605563893,1.62567258714602,1.367798029036128,0.9449722839299324,0.7311020916623844,0.4497228392993231,22.052521428999658,0
2022,NL,AB,ADM,7,1.8584988791395796,1.722099069163515,1.079205553512272,0.9538068659187443,0.9266075371327569,0.5380686591874434,22.052521428999658,0
2022,NL,AB,AGR,3.1,7.7924370443339175,8.459648298902179,0.9211301426496836,0.9128329557789258,1,0.12832955778925745,22.052521428999658,0
2022,NL,AB,ART,7,2.493993043234578,2.0201073952600384,1.234584383526569,0.9400963427990582,0.8099891861125905,0.40096342799058193,22.052521428999658,0
2022,NL,AB,BMT,8.2,2.009505208526545,1.5402640687954658,1.3046497994970694,0.9497634938071767,0.7664892144891993,0.49763493807176684,22.052521428999658,0
2022,NL,AB,CHM,6.8,1.871846291853074,1.4479720778085763,1.292736455723654,0.9534231899463299,0.7735528734974951,0.5342318994632987,22.052521428999658,0
2022,NL,AB,EDU,7,3.070206462693533,1.6419932497396565,1.8698045580761824,0.932571099440742,0.5348152541829757,0.32571099440742063,22.052521428999658,0
2022,NL,AB,ELC,11.8,1.7107902458897737,1.0880563119263338,1.5723361255640615,0.9584525193782542,0.6359963265750566,0.5845251937825404,22.052521428999658,0
2022,NL,AB,FIN,7,2.5273684237513874,1.680254892519445,1.5041577530905117,0.939566847104772,0.6648238842936215,0.39566847104772096,22.052521428999658,0
2022,NL,AB,FMT,11.6,1.5705507392580833,1.3765210199627356,1.1409565974521771,0.9636719320811241,0.8764575289130704,0.6367193208112415,22.052521428999658,0
2022,NL,AB,FOD,3.5,3.531099188427322,2.170919426764588,1.6265454833991082,0.9283197935440999,0.6147998996684855,0.2831979354409977,22.052521428999658,0
2022,NL,AB,HTH,7,4.5486461880109825,2.142493619207389,2.1230617198728203,0.9219845632890887,0.4710178656793378,0.2198456328908881,22.052521428999658,0
2022,NL,AB,ITS,7,1.7010983970096476,1.357063789415046,1.253513954375642,0.9587855471357739,0.7977573735891008,0.5878554713577386,22.052521428999658,0
2022,NL,AB,MFN,7,2.0691482351555077,1.8038460601699406,1.1470758402524508,0.9483290652167725,0.8717819388297097,0.48329065216772377,22.052521428999658,0
2022,NL,AB,OSV,7,3.1599606346973466,2.0690337072954366,1.5272639704009119,0.9316459638458686,0.6547656589695472,0.3164596384586853,22.052521428999658,0
2022,NL,AB,PAP,10.7,1.884204816907702,1.7087198813824391,1.1026996510295688,0.9530727865159144,0.9068652548010873,0.5307278651591437,22.052521428999658,0
2022,NL,AB,PRF,7,1.88365152456062,1.7973683271127607,1.0480052953789734,0.9530883757935672,0.9541936518921749,0.5308837579356721,22.052521428999658,0
2022,NL,AB,PUB,7,1.8155362367214882,1.5363611911613837,1.181711857319871,0.9550801454564085,0.8462299788274998,0.5508014545640846,22.052521428999658,0
2022,NL,AB,REA,7,4.239429521850475,1.989439514897396,2.130966782405104,0.9235880793594019,0.46927057158129676,0.2358807935940184,22.052521428999658,0
2022,NL,AB,RUB,7,1.839775550537264,1.6745505547988735,1.098668263711056,0.9543544564285559,0.9101928516822934,0.5435445642855582,22.052521428999658,0
2022,NL,AB,TEL,7,2.1507642215682425,1.0389864373546815,2.070059958669153,0.9464951011352999,0.48307779483010854,0.464951011352999,22.052521428999658,0
2022,NL,AB,TRD,7,2.301551370395034,1.9333184981958693,1.190466740241089,0.9434489541647018,0.8400066681388206,0.43448954164701603,22.052521428999658,0
2022,NL,AB,TRN,7,1.812705960521216,1.6370076474226751,1.1073289507078128,0.9551661450769691,0.9030740136982716,0.5516614507696909,22.052521428999658,0
2022,NL,AB,WOD,17.8,1.3468963172422892,1.3105082670217685,1.0277663644985737,0.9742447645894122,0.9729837777750973,0.7424476458941219,22.052521428999658,0
2022,NL,BC,ACC,7,2.2544145842876935,1.6960179821118675,1.3292397887671659,0.9443574135374023,0.752309709994066,0.4435741353740225,28.878710553194527,0
2022,NL,BC,ADM,7,1.977747908610461,1.8056647807546884,1.0953018133209917,0.9505625613682274,0.9129903628735596,0.5056256136822749,28.878710553194527,0
2022,NL,BC,AGR,3.1,9.153395558189551,10.19052857564792,0.8982257878225491,0.9109249075235835,1,0.1092490752358341,28.878710553194527,0
2022,NL,BC,ART,7,2.543546299136036,2.147812120545191,1.1842499047311426,0.9393151876315233,0.8444163651649418,0.3931518763152332,28.878710553194527,0
2022,NL,BC,BMT,8.2,2.307626677106664,1.5993712807438245,1.4428336339973848,0.9433345657649364,0.6930805994794356,0.43334565764936234,28.878710553194527,0
2022,NL,BC,CHM,6.8,1.8512515970895602,1.4954602848391458,1.237914250119109,0.954017509104227,0.8078103955130839,0.5401750910422695,28.878710553194527,0
2022,NL,BC,EDU,7,3.3052123396168476,1.7145373050526869,1.9277576112671868,0.9302552422431027,0.5187374149920554,0.30255242243102715,28.878710553194527,0
2022,NL,BC,ELC,11.8,1.5782767750450997,1.0960908530405362,1.4399141920279586,0.9633602430075311,0.6944858280698043,0.6336024300753109,28.878710553194527,0
2022,NL,BC,FIN,7,2.659890241593106,1.7580161005726087,1.5130067584288591,0.9375955362504381,0.6609355803793123,0.3759553625043804,28.878710553194527,0
2022,NL,BC,FMT,11.6,1.6862354716794818,1.4154078872311933,1.1913424299041309,0.9593036984925958,0.8393892258840068,0.5930369849259577,28.878710553194527,0
2022,NL,BC,FOD,3.5,3.482554274433891,2.322691416713439,1.4993615808688157,0.9287145560757285,0.6669505293183136,0.28714556075728515,28.878710553194527,0
2022,NL,BC,HTH,7,5.153668240464009,2.2896459261824607,2.2508581704843547,0.9194036548986312,0.4442749939170149,0.19403654898631295,28.878710553194527,0
2022,NL,BC,ITS,7,1.8094774171840455,1.3936702927129463,1.298354012886133,0.9552645747608293,0.7702059608358148,0.552645747608293,28.878710553194527,0
2022,NL,BC,MFN,7,2.24719891191975,1.8990410050973605,1.1833335382900487,0.9444998435472594,0.8450702761666242,0.4449984354725921,28.878710553194527,0
2022,NL,BC,OSV,7,3.8812243502583694,2.204425585911875,1.7606511079632907,0.9257650656018747,0.5679716983547031,0.257650656018746,28.878710553194527,0
2022,NL,BC,PAP,10.7,2.0858932021102468,1.79041857356659,1.165031034030807,0.9479410930045855,0.858346233524932,0.479410930045855,28.878710553194527,0
2022,NL,BC,PRF,7,2.2776841733901825,1.8916280669512155,1.2040866876442489,0.9439042432521084,0.8305049879394175,0.43904243252108394,28.878710553194527,0
2022,NL,BC,PUB,7,1.7256238781282491,1.5949658177662658,1.0819190348197987,0.9579500557841539,0.9242835811337372,0.5795005578415389,28.878710553194527,0
2022,NL,BC,REA,7,4.2062203484431375,2.1123865145160337,1.9912171941728285,0.9237743132113878,0.5022053861961603,0.2377431321138783,28.878710553194527,0
2022,NL,BC,TEL,7,1.9947427896213128,1.042456373068125,1.913502417132765,0.9501317766482487,0.5226019006019457,0.501317766482486,28.878710553194527,0
2022,NL,BC,TRD,7,2.6014325509667526,2.0476827276590943,1.2704275500437041,0.9384403585489224,0.7871365824565115,0.3844035854892247,28.878710553194527,0
2022,NL,BC,TRN,7,2.2356923828944186,1.7088783507268996,1.308280593491883,0.9447288727040953,0.7643620221644786,0.4472887270409533,28.878710553194527,0
2022,NL,MB,ACC,7,2.6318624789232192,1.6210712512852967,1.623532881010935,0.9379959062454181,0.6159407128097855,0.3799590624541798,21.65816792389851,0
2022,NL,MB,ADM,7,2.104141545532791,1.7166477142618026,1.2257270539853424,0.9475253198684782,0.8158423172178415,0.47525319868478205,21.65816792389851,0
2022,NL,MB,ART,7,3.1031809166847437,2.0118387857029023,1.5424600314585073,0.9322249983758067,0.6483150160166081,0.3222499837580663,21.65816792389851,0
2022,NL,MB,EDU,7,3.618694260244018,1.6372503166789178,2.2102266363181178,0.9276342771199623,0.45244228965851174,0.27634277119962253,21.65816792389851,0
2022,NL,MB,ELC,11.8,1.5947308552961459,1.0875208231417695,1.4663910992426639,0.9627065060338534,0.6819463105828061,0.6270650603385343,21.65816792389851,0
2022,NL,MB,FIN,7,2.7262733829079413,1.6751763425074857,1.627454563277274,0.9366801072214321,0.6144564785798122,0.3668010722143221,21.65816792389851,0
2022,NL,MB,FOD,3.5,3.2161674645538127,2.16112569090812,1.4881908433573603,0.9310929082835783,0.6719568289669078,0.3109290828357822,21.65816792389851,0
2022,NL,MB,HTH,7,5.025241420355502,2.1329921052304153,2.355958752980313,0.9198995414618162,0.42445564835759086,0.19899541461816111,21.65816792389851,0
2022,NL,MB,ITS,7,2.3261023250297144,1.354649031376204,1.7171254481071008,0.9429903701672807,0.5823686330561143,0.4299037016728083,21.65816792389851,0
2022,NL,MB,MFN,7,2.9005719984009235,1.7976495616417898,1.6135358416307997,0.9344759585540816,0.6197569178192538,0.3447595855408164,21.65816792389851,0
2022,NL,MB,OSV,7,3.0350435048813047,2.060277216186225,1.473123850051338,0.9329484568636885,0.6788295498475232,0.32948456863688624,21.65816792389851,0
2022,NL,MB,PRF,7,3.1397880792488757,1.791231668844327,1.752865435476928,0.93184928328791,0.5704944485529861,0.3184928328790992,21.65816792389851,0
2022,NL,MB,PUB,7,2.3873387242844673,1.5325176770769173,1.5577887028605193,0.9418876462660204,0.6419355835382109,0.4188764626602033,21.65816792389851,0
2022,NL,MB,RUB,7,2.05059840569976,1.6695223634760243,1.2282545298945966,0.9487662526811901,0.8141634943416945,0.4876625268119007,21.65816792389851,0
2022,NL,MB,TEL,7,2.417437848951623,1.0387546746540777,2.3272461803906386,0.9413661100091435,0.4296924014425262,0.41366110009143475,21.65816792389851,0
2022,NL,MB,TRD,7,2.8443961685178873,1.9258983800038163,1.4769191344936128,0.9351568466821929,0.6770851407127766,0.351568466821928,21.65816792389851,0
2022,NL,MB,TRN,7,2.1117553595963754,1.6323080691220906,1.2937235314484155,0.9473539700257292,0.7729626737796358,0.4735397002572932,21.65816792389851,0
2022,NL,NB,ACC,7,2.061637286146966,1.3210242066710218,1.560635509732473,0.9485051374807505,0.6407646075997732,0.4850513748075053,5.884782317076082,0
2022,NL,NB,ADM,7,1.6509419666537228,1.3653651176398283,1.20915786211643,0.9605714810210374,0.8270218730990725,0.6057148102103732,5.884782317076082,0
2022,NL,NB,AGR,3.1,2.9201693484093356,3.3987853804150268,0.8591802722338275,0.9342445892922175,1,0.3424458929221747,5.884782317076082,0
2022,NL,NB,ART,7,1.5912367056073962,1.496109518591382,1.0635830370931523,0.9628442013985774,0.9402180790068547,0.6284420139857738,5.884782317076082,0
2022,NL,NB,BMT,8.2,2.085491818769796,1.2808023090148868,1.6282698774753352,0.9479503199676844,0.6141488053261293,0.4795031996768449,5.884782317076082,0
2022,NL,NB,CHM,6.8,1.5791143048063567,1.236252179278225,1.2773399564224095,0.9633266380373033,0.7828769427997956,0.6332663803730331,5.884782317076082,0
2022,NL,NB,EDU,7,2.3745565394094696,1.32860653162681,1.7872533988689245,0.9421131265313519,0.5595177497678039,0.42113126531351863,5.884782317076082,0
2022,NL,NB,FIN,7,2.0363105984429133,1.3462571761043554,1.5125717690399656,0.949108421906003,0.6611256539811684,0.4910842190600298,5.884782317076082,0
2022,NL,NB,FMT,11.6,1.3463041460478586,1.2009231562261908,1.1210576955469127,0.9742774211113848,0.8920147499742604,0.7427742111138472,5.884782317076082,0
2022,NL,NB,FOD,3.5,2.5443867151257877,1.5591180794250508,1.6319397156013162,0.9393022017468977,0.6127677330479899,0.39302201746897686,5.884782317076082,0
2022,NL,NB,HTH,7,3.536363426812039,1.5473884922052834,2.2853752917421137,0.9282776366370659,0.4375648951895827,0.2827763663706589,5.884782317076082,0
2022,NL,NB,ITS,7,1.8756309446966237,1.1911677458461631,1.574615289271657,0.9533153924991222,0.6350757590208291,0.5331539249912227,5.884782317076082,0
2022,NL,NB,MAC,15,1.2838631302138581,1.1605319933137292,1.106271208041387,0.9778899227235716,0.9039374727743875,0.7788992272357148,5.884782317076082,0
2022,NL,NB,MFN,7,1.7780644922917104,1.402131428835305,1.2681154246493698,0.9562409296364228,0.7885717503014342,0.5624092963642285,5.884782317076082,0
2022,NL,NB,MIS,7,1.9345990505863797,0.9364011608495066,2.0659938618949427,0.9516902972580752,0.48402854357117675,0.5169029725807519,5.884782317076082,0
2022,NL,NB,NMM,5,3.7086803995024553,1.7035691237075457,2.1770061149213045,0.9269637685720818,0.45934643598194413,0.2696376857208178,5.884782317076082,0
2022,NL,NB,OSV,7,2.5732674352284524,1.5167642574395948,1.6965506818919307,0.9388610987847528,0.589431256415421,0.38861098784752657,5.884782317076082,0
2022,NL,NB,PAP,10.7,1.3463550791898424,1.35927735913988,0.990493272132323,0.9742746111673409,1,0.7427461116734089,5.884782317076082,0
2022,NL,NB,PET,71.1,1.0417308943619636,1.039870446890845,1.0017891146696987,0.9959940811405499,0.9982140805449972,0.9599408114054995,5.884782317076082,0
2022,NL,NB,PRF,7,1.860378217311871,1.3992443395303737,1.3295592233278335,0.9537525106827436,0.7521289630837504,0.5375251068274368,5.884782317076082,0
2022,NL,NB,PUB,7,1.6383952783134852,1.2789418439692737,1.2810553396459576,0.9610353321470365,0.7806064024340804,0.6103533214703658,5.884782317076082,0
2022,NL,NB,REA,7,2.823221425400281,1.4830537357367186,1.9036541679980485,0.9354205302851234,0.5253054976112789,0.3542053028512343,5.884782317076082,0
2022,NL,NB,RUB,7,1.7246274569194242,1.3436366543153684,1.2835519568332887,0.9579835370234814,0.7790880569160183,0.5798353702348139,5.884782317076082,0
2022,NL,NB,TEL,7,2.3381068549966364,1.0221545833378045,2.2874298008444502,0.942769644931452,0.4371718859441413,0.4276964493145197,5.884782317076082,0
2022,NL,NB,TEX,7.6,1.1803437092027078,1.3053737429102785,0.9042189760697796,0.9847210852401183,1,0.8472108524011829,5.884782317076082,0
2022,NL,NB,TRD,7,1.7755228273710353,1.458937487001243,1.2169971936361126,0.9563214386536879,0.8216945817370589,0.5632143865368776,5.884782317076082,0
2022,NL,NB,TRN,7,1.5507235333625102,1.3262937267332113,1.1692157642802783,0.9644860272308922,0.8552741337827919,0.6448602723089207,5.884782317076082,0
2022,NL,NB,WOD,17.8,1.1614545323884535,1.1675803124123993,0.9947534401198587,0.986098936472663,1,0.8609893647266302,5.884782317076082,0
2022,NL,NS,ACC,7,1.8604931371857378,1.302847818619175,1.4280203033671146,0.9537491904706857,0.7002701555727955,0.537491904706858,5.387968131084383,0
2022,NL,NS,ADM,7,1.5801151997659482,1.3443680742367718,1.175359062779749,0.9632865249412272,0.8508038366037515,0.6328652494122727,5.387968131084383,0
2022,NL,NS,AGR,3.1,2.3509758314752762,3.198030398186485,0.7351324217582328,0.9425355287201095,1,0.42535528720109533,5.387968131084383,0
2022,NL,NS,ART,7,1.9148536074340043,1.4664132961234055,1.3058075867806782,0.9522233133706783,0.7658096109438203,0.5222331337067839,5.387968131084383,0
2022,NL,NS,CHM,6.8,1.4853944036394333,1.223273004324152,1.2142787410403952,0.9673221871275302,0.8235341410516658,0.6732218712753016,5.387968131084383,0
2022,NL,NS,EDU,7,2.346863372656343,1.309952663048916,1.791563496038106,0.9426100646356813,0.5581716764219727,0.4261006463568139,5.387968131084383,0
2022,NL,NS,ELQ,14.3,1.3400078662236643,1.0810361754110915,1.2395587647324495,0.9746264275909174,0.8067386786747809,0.7462642759091739,5.387968131084383,0
2022,NL,NS,FIN,7,2.2253145341379477,1.326484002144344,1.6776037483607704,0.9449374676999261,0.5960883200083009,0.4493746769992605,5.387968131084383,0
2022,NL,NS,FMT,11.6,1.3412878476179662,1.1900307124277487,1.1271035559087732,0.9745552121251178,0.8872299220045573,0.7455521212511769,5.387968131084383,0
2022,NL,NS,FOD,3.5,2.095233424898229,1.5250372307566107,1.373890015694062,0.9477273791128342,0.7278603007350772,0.47727379112834295,5.387968131084383,0
2022,NL,NS,HTH,7,3.0415194629515465,1.51413295455784,2.0087532298903943,0.9328783034986592,0.49782122817274277,0.3287830349865924,5.387968131084383,0
2022,NL,NS,ITS,7,1.8432158121147024,1.1808429937512999,1.5609321661461342,0.9542530068062248,0.6406428297707206,0.5425300680622474,5.387968131084383,0
2022,NL,NS,MAC,15,1.2399662520045611,1.1519655114134164,1.0763918187821189,0.9806473561988783,0.9290297292778086,0.8064735619887835,5.387968131084383,0
2022,NL,NS,MFN,7,1.7666432995894576,1.378744620064511,1.281341935177812,0.9566045222729673,0.7804318055517553,0.5660452227296736,5.387968131084383,0
2022,NL,NS,MIS,7,1.7607137212481527,0.9394683001231211,1.8741597997690864,0.9567951500537584,0.533572430762419,0.567951500537583,5.387968131084383,0
2022,NL,NS,NMM,5,2.845937190229965,1.6589993526254554,1.7154540691809896,0.9351378099078566,0.582936038898104,0.3513780990785659,5.387968131084383,0
2022,NL,NS,OSV,7,2.3385421795102808,1.4856440090882872,1.5740932317597416,0.9427616832726707,0.6352863857257427,0.4276168327267085,5.387968131084383,0
2022,NL,NS,OTE,10.7,1.6747889663617253,1.1858677460648386,1.4122898374791908,0.9597090152899909,0.7080699538169227,0.5970901528999072,5.387968131084383,0
2022,NL,NS,PAP,10.7,1.1953939063957917,1.3386715988120577,0.8929702456200527,0.9836544334590998,1,0.8365443345909969,5.387968131084383,0
2022,NL,NS,PET,71.1,1.0922211805728412,1.037849235063132,1.0523890596753214,0.9915565471341187,0.9502189240816659,0.915565471341186,5.387968131084383,0
2022,NL,NS,PRF,7,1.6281368581475395,1.3760468262062469,1.183198730697489,0.9614198981489664,0.8451665591379612,0.6141989814896638,5.387968131084383,0
2022,NL,NS,PUB,7,1.4561625296046266,1.2633782659107753,1.1525942537525546,0.9686736528148076,0.8676080040693016,0.6867365281480752,5.387968131084383,0
2022,NL,NS,REA,7,2.423828839813462,1.4542508291953258,1.6667199297074693,0.9412570385983593,0.599980825918073,0.41257038598359114,5.387968131084383,0
2022,NL,NS,RUB,7,1.5734668247050478,1.3240303444234738,1.1883918154384798,0.9635539297237776,0.8414733146163842,0.6355392972377754,5.387968131084383,0
2022,NL,NS,TEL,7,2.196884452982572,1.0210405515125562,2.1516133220449825,0.9455190075491847,0.46476752572323665,0.4551900754918461,5.387968131084383,0
2022,NL,NS,TEX,7.6,1.2584186698497435,1.288176476803912,0.976899277785292,0.9794648096026263,1,0.7946480960262621,5.387968131084383,0
2022,NL,NS,TRD,7,1.8160039504704542,1.43177063526632,1.268362338030954,0.9550659595063623,0.788418238239738,0.550659595063623,5.387968131084383,0
2022,NL,NS,TRN,7,1.5114415146503406,1.307785716446876,1.155725663342445,0.9661620043056275,0.8652572420239637,0.6616200430562751,5.387968131084383,0
2022,NL,NS,WOD,17.8,1.1288767448524193,1.1586126325245945,0.9743349184728106,0.9885836301048732,1,0.8858363010487317,5.387968131084383,0
2022,NL,NT,ACC,7,3.1461583053096995,1.5368631260630454,2.047129800927137,0.9317847960260717,0.48848880981904713,0.3178479602607163,15.42193152659753,0
2022,NL,NT,ADM,7,2.552993862861889,1.617212359854543,1.5786386044511267,0.9391696985467489,0.6334572062157873,0.39169698546748827,15.42193152659753,0
2022,NL,NT,FIN,7,3.7734803786667483,1.5824105290559354,2.3846405906550707,0.9265007340611461,0.41935040606068685,0.26500734061146,15.42193152659753,0
2022,NL,NT,TEL,7,2.595734323017971,1.0344025494860953,2.5094044135018474,0.9385247438897112,0.3985009329781605,0.3852474388971112,15.42193152659753,0
2022,NL,NT,TRD,7,3.2952779712990514,1.7914446113120381,1.8394528920911595,0.9303464535832704,0.5436399074418059,0.30346453583270366,15.42193152659753,0
2022,NL,NT,TRN,7,1.8157480590472102,1.5463362737397122,1.174225871747769,0.9550737198928764,0.851624908001351,0.5507371989287637,15.42193152659753,0
2022,NL,NU,ACC,7,3.4647687419499333,1.3572937512398044,2.5527036713939633,0.9288619551398173,0.391741513598375,0.2886195513981724,6.992224081437719,0
2022,NL,NU,ADM,7,3.193554016404119,1.407365122609353,2.2691723456120947,0.9313130761171837,0.44068931208936285,0.3131307611718373,6.992224081437719,0
2022,NL,NU,FIN,7,3.2547131660641027,1.385768034267735,2.3486709792551625,0.9307246736955715,0.42577270670629713,0.3072467369557151,6.992224081437719,0
2022,NL,NU,TEL,7,2.74326478759343,1.024335966763046,2.6780908574969664,0.9364529156836248,0.3734003262811754,0.36452915683624726,6.992224081437719,0
2022,NL,NU,TRD,7,4.30350293179998,1.513545068309068,2.843326585978607,0.923236884367167,0.35170071736793584,0.23236884367166927,6.992224081437719,0
2022,NL,NU,TRN,7,2.1241061019023766,1.3632358329535614,1.5581354675077221,0.9470786275273344,0.6417927201153605,0.4707862752733431,6.992224081437719,0
2022,NL,ON,ACC,7,1.8834067989005823,1.475510948039232,1.2764437982675712,0.9530952739781835,0.7834265804395233,0.5309527397818352,11.89884700911547,0
2022,NL,ON,ADM,7,1.8167351996881764,1.5451698591038174,1.1757511246963257,0.9550437950545374,0.8505201304895891,0.5504379505453737,11.89884700911547,0
2022,NL,ON,AGR,3.1,3.0732390475209805,5.525752892766743,0.5561665726210588,0.9325389592067902,1,0.32538959206790213,11.89884700911547,0
2022,NL,ON,ART,7,2.1258444603340267,1.7557690169141458,1.2107768390117213,0.9470401301063612,0.8259160299235946,0.47040130106361283,11.89884700911547,0
2022,NL,ON,BMT,8.2,2.0050795991047274,1.4131206334886501,1.4189019334850945,0.9498733317343862,0.7047703413468531,0.49873331734386117,11.89884700911547,0
2022,NL,ON,CHM,6.8,1.704995924564432,1.3449201278041996,1.267730246069047,0.9586511665859533,0.7888113446064574,0.5865116658595332,11.89884700911547,0
2022,NL,ON,EDU,7,2.8418003369039235,1.487357775552074,1.9106366898503024,0.9351889605689004,0.5233857411574933,0.35188960568900385,11.89884700911547,0
2022,NL,ON,ELC,11.8,1.7402115623112069,1.0698952007177798,1.626525253261927,0.957464277427963,0.6148075463289259,0.5746427742796294,11.89884700911547,0
2022,NL,ON,ELQ,14.3,1.2346909606652114,1.1213972361963287,1.101029074097921,0.9809919268754695,0.9082412295236666,0.809919268754695,11.89884700911547,0
2022,NL,ON,FIN,7,1.718791740827928,1.5150396072635348,1.134486341206888,0.9581804052373621,0.8814561830124646,0.5818040523736215,11.89884700911547,0
2022,NL,ON,FMT,11.6,1.3991692103415962,1.291524188180923,1.0833472753710391,0.9714709838244552,0.923065043623714,0.7147098382445521,11.89884700911547,0
2022,NL,ON,FOD,3.5,2.8204225407170016,1.859944399435933,1.5164015341385224,0.9354556803302877,0.6594559405850947,0.35455680330287753,11.89884700911547,0
2022,NL,ON,HTH,7,3.1196499625793015,1.8404222787465725,1.6950729181043998,0.9320548783355554,0.5899451223126733,0.3205487833555557,11.89884700911547,0
2022,NL,ON,ITS,7,1.6868262563547873,1.2768888024150093,1.321043972791095,0.959282928294049,0.7569770731304312,0.5928292829404902,11.89884700911547,0
2022,NL,ON,MFN,7,2.2793736770100406,1.603615954850743,1.4213962327546148,0.9438717008135211,0.7035335939100077,0.4387170081352111,11.89884700911547,0
2022,NL,ON,MIN,45,1.1572823829635355,1.0645018097138599,1.08715868061757,0.986409334032998,0.9198289245429575,0.8640933403299795,11.89884700911547,0
2022,NL,ON,NMM,5,2.153538648907129,2.1050729321884227,1.023023295762167,0.9464352009891942,0.9774948470308152,0.4643520098919408,11.89884700911547,0
2022,NL,ON,OSV,7,2.456417041241336,1.7897302489127778,1.3725068583567586,0.9407096996646244,0.7285938091393259,0.40709699664624366,11.89884700911547,0
2022,NL,ON,OTE,10.7,1.878946579050544,1.2848862663078262,1.4623446668550475,0.953221310874379,0.6838333141738898,0.5322131087437904,11.89884700911547,0
2022,NL,ON,PAP,10.7,1.7522655760165808,1.5355521097427207,1.1411306492947153,0.9570689747996588,0.8763238465447035,0.5706897479965888,11.89884700911547,0
2022,NL,ON,PET,71.1,1.0992762766689246,1.0561466278866205,1.0408368001596593,0.9909689421325678,0.9607654147572461,0.9096894213256781,11.89884700911547,0
2022,NL,ON,PRF,7,1.948318054330878,1.5990041823133985,1.2184571346849769,0.9513263220949536,0.8207100369259543,0.5132632209495362,11.89884700911547,0
2022,NL,ON,PUB,7,1.512720417190616,1.4102533737294871,1.0726586054463032,0.9661060688172091,0.9322630657346267,0.6610606881720903,11.89884700911547,0
2022,NL,ON,REA,7,3.185050260784809,1.7343979640556106,1.8364010606522398,0.9313966788000889,0.5445433578898212,0.3139667880008889,11.89884700911547,0
2022,NL,ON,RUB,7,1.905895898308058,1.5109206293122164,1.2614136449878495,0.9524687628997859,0.7927613625977802,0.5246876289978593,11.89884700911547,0
2022,NL,ON,TEL,7,1.8884752850105173,1.0310910816375984,1.8315310050118996,0.9529527713673219,0.5459913030484039,0.529527713673219,11.89884700911547,0
2022,NL,ON,TEX,7.6,1.7355221141881503,1.4511436708426126,1.1959684964758948,0.9576195481362555,0.836142425947384,0.5761954813625547,11.89884700911547,0
2022,NL,ON,TRD,7,2.0428399195744156,1.695118481938287,1.205131052101164,0.9489514616597237,0.8297852737729106,0.4895146165972368,11.89884700911547,0
2022,NL,ON,TRN,7,1.627746212185835,1.483741333028287,1.0970552453800266,0.961434638429116,0.9115311231692748,0.6143463842911606,11.89884700911547,0
2022,NL,ON,WOD,17.8,1.2770805908407525,1.241699051275357,1.0284944564699916,0.9783035939291553,0.9722949829328292,0.7830359392915529,11.89884700911547,0
2022,NL,PE,ACC,7,2.179590585989158,1.3992991926695788,1.55763013185975,0.9458801761407944,0.6420009343335178,0.4588017614079447,8.489492786563845,0
2022,NL,PE,ADM,7,2.182025631576222,1.4561736790685635,1.4984652331938502,0.9458289758621046,0.6673494838906511,0.458289758621045,8.489492786563845,0
2022,NL,PE,AGR,3.1,5.8901025091615935,4.377050306710046,1.3456785041131532,0.9169776332151194,0.7431195467144904,0.169776332151194,8.489492786563845,0
2022,NL,PE,ART,7,1.9408003479276192,1.6260700236956545,1.193552749663671,0.9515251350334822,0.8378347754481635,0.5152513503348229,8.489492786563845,0
2022,NL,PE,EDU,7,2.4970678348101107,1.4089971713086828,1.7722305520960153,0.9400469697322437,0.5642606707221591,0.40046969732243776,8.489492786563845,0
2022,NL,PE,ELQ,14.3,1.1384601265889702,1.1040170787260446,1.0311979302916856,0.9878379467707998,0.9697459339519223,0.8783794677079982,8.489492786563845,0
2022,NL,PE,FIN,7,2.2525716987519933,1.4316170397708965,1.5734457163994606,0.9443937034525488,0.635547823212049,0.44393703452548766,8.489492786563845,0
2022,NL,PE,FOD,3.5,2.9831196701035467,1.7090672145895216,1.7454665589732368,0.93352195388009,0.572912723454436,0.3352195388008987,8.489492786563845,0
2022,NL,PE,HTH,7,3.4386773354797615,1.693563132172307,2.0304394150745497,0.9290809489358641,0.49250422966364843,0.2908094893586405,8.489492786563845,0
2022,NL,PE,ITS,7,2.5341874709319048,1.2350407094237768,2.0519060234980113,0.9394603797655217,0.48735175419741594,0.3946037976552172,8.489492786563845,0
2022,NL,PE,MFN,7,2.522950559221149,1.5036235526445552,1.6779137003964948,0.93963613144717,0.5959782077968001,0.3963613144716979,8.489492786563845,0
2022,NL,PE,OSV,7,3.048544339539136,1.6531990688944684,1.8440273751047818,0.9328025407743019,0.5422912986544887,0.32802540774301975,8.489492786563845,0
2022,NL,PE,OTE,10.7,1.8055348659531394,1.2417186647415464,1.4540611470384452,0.9553852500362601,0.6877289872140158,0.553852500362601,8.489492786563845,0
2022,NL,PE,PAP,10.7,1.6529477711162643,1.4483422123474068,1.1412687947810636,0.9604979792752123,0.8762177714600844,0.6049797927521222,8.489492786563845,0
2022,NL,PE,PRF,7,2.0641418120424255,1.4998881287531993,1.3761971792911443,0.948446283785634,0.7266400593228094,0.4844628378563393,8.489492786563845,0
2022,NL,PE,PUB,7,1.8272833280999017,1.3456853636020605,1.3578830367960046,0.9547260506688828,0.7364404539286032,0.547260506688828,8.489492786563845,0
2022,NL,PE,REA,7,3.2557995084374016,1.6089616914192575,2.0235407255504487,0.9307144219847845,0.4941832834760355,0.30714421984784407,8.489492786563845,0
2022,NL,PE,TEL,7,2.8807524040378563,1.02679619771984,2.8055736965475844,0.9347131533622373,0.3564333388321098,0.34713153362237337,8.489492786563845,0
2022,NL,PE,TRD,7,2.1551083618378457,1.5774416715970354,1.3662047862955011,0.9464013790539616,0.7319546893928877,0.4640137905396155,8.489492786563845,0
2022,NL,PE,TRN,7,1.8276769369494508,1.4060378213743658,1.2998775062558015,0.9547142648562982,0.769303257566495,0.5471426485629816,8.489492786563845,0
2022,NL,PE,WOD,17.8,1.178019761181573,1.2055886180651747,0.9771324509285378,0.9848882194469287,1,0.8488821944692878,8.489492786563845,0
2022,NL,QC,ACC,7,2.4239348550805144,1.3976846054336134,1.734250234750579,0.9412552341455886,0.5766180565884834,0.41255234145588604,8.501751128872916,1
2022,NL,QC,ADM,7,1.7525730521442024,1.4107965232349498,1.2422578474502906,0.9570589624653043,0.8049858586544493,0.5705896246530439,8.501751128872916,1
2022,NL,QC,AGR,3.1,3.1583728344411344,3.9418161431787135,0.8012481353060258,0.9316618731359164,1,0.31661873135916435,8.501751128872916,1
2022,NL,QC,ART,7,2.333735496656579,1.5175725742411121,1.5378081656645666,0.9428497574567748,0.6502761672928484,0.4284975745677468,8.501751128872916,1
2022,NL,QC,CHM,6.8,1.6633786535085702,1.1916493936448136,1.395862459528395,0.9601186024535482,0.7164029616054429,0.6011860245354819,8.501751128872916,1
2022,NL,QC,EDU,7,3.44983601124096,1.4012902681357617,2.461899643269861,0.9289868850792211,0.40619039965082154,0.28986885079221036,8.501751128872916,1
2022,NL,QC,ELC,11.8,1.401679898397338,1.0226843400107566,1.3705889916947345,0.9713429650481102,0.729613331246371,0.7134296504811024,8.501751128872916,1
2022,NL,QC,FIN,7,1.9444057641865586,1.4520713596419113,1.3390566181720296,0.9514295945022745,0.7467944121474999,0.5142959450227456,8.501751128872916,1
2022,NL,QC,FMT,11.6,1.4702473160314384,1.2410582815103455,1.184672257488322,0.9680157677620693,0.8441153185440046,0.6801576776206928,8.501751128872916,1
2022,NL,QC,FOD,3.5,2.5741055586234682,1.8715394700460304,1.3753947484528115,0.9388484456921324,0.727063994627655,0.3884844569213242,8.501751128872916,1
2022,NL,QC,HTH,7,3.770777911201076,1.6451925468831146,2.2919979295705972,0.9265197267924347,0.43630056864289957,0.26519726792434667,8.501751128872916,1
2022,NL,QC,ITS,7,2.1314995723706853,1.2687480009278462,1.6800023100031696,0.9469153272636027,0.5952372767857166,0.4691532726360274,8.501751128872916,1
2022,NL,QC,MAC,15,1.3566305488694994,1.1885527652786225,1.141413817291886,0.9737120361054317,0.8761064434742837,0.7371203610543158,8.501751128872916,1
2022,NL,QC,MFN,7,1.9634133014511637,1.5137680676793006,1.2970370715120163,0.950931711589246,0.7709879863605237,0.5093171158924601,8.501751128872916,1
2022,NL,QC,MIN,45,1.1338970411751668,1.022188354664804,1.1092838575205586,0.9881914286471375,0.901482513443559,0.8819142864713746,8.501751128872916,1
2022,NL,QC,OSV,7,2.733936440542543,1.6806484044936454,1.6267152803838454,0.9365772951108385,0.6147357266872396,0.36577295110838515,8.501751128872916,1
2022,NL,QC,OTE,10.7,1.3870344435123152,1.2932892452856997,1.07248587163957,0.9720962629787153,0.93241321535662125,0.7209626297871536,8.501751128872916,1
2022,NL,QC,PAP,10.7,1.2994706272082073,1.4834419579498161,0.8759834655102613,0.9769544135174805,1,0.769544135174804,8.501751128872916,1
2022,NL,QC,PET,71.1,1.0759483998591006,1.0438293931019873,1.0307703605295728,0.9929412600205506,0.9701481904138531,0.9294126002055059,8.501751128872916,1
2022,NL,QC,PRF,7,2.0544243400552116,1.445121336099293,1.421627574609454,0.948675435765774,0.7034191076905056,0.48675435765773956,8.501751128872916,1
2022,NL,QC,PUB,7,1.6812023518481318,1.3556465052206361,1.240148036655404,0.959481239655697,0.8063553466543663,0.594812396556969,8.501751128872916,1
2022,NL,QC,RUB,7,2.2635673018001943,1.4788494054671222,1.5306273197474116,0.9441780546663979,0.6533268987809671,0.44178054666398,8.501751128872916,1
2022,NL,QC,TEL,7,1.8683433085273737,1.0002916580415129,1.8677985500603225,0.9535233538416555,0.5353896435821218,0.5352335384165552,8.501751128872916,1
2022,NL,QC,TEX,7.6,1.7322730357577814,1.3777460187081978,1.2573239278034678,0.9577276202629658,0.7953399898679967,0.577276202629657,8.501751128872916,1
2022,NL,QC,TRD,7,1.9583570914314712,1.56534854354269,1.2510677570883517,0.9510632102988452,0.799317218699114,0.5106321029884519,8.501751128872916,1
2022,NL,QC,TRN,7,1.631472249758944,1.3813568699495913,1.1810649986621342,0.9612943309423592,0.8466934513619168,0.6129433094235919,8.501751128872916,1
2022,NL,QC,UTL,7,2.135259783481704,,,0.9468327089629076,1,0.4683270896290772,8.501751128872916,1
2022,NL,QC,WOD,17.8,1.279393853687163,1.2225410934066634,1.0465037621942646,0.9781620137628487,0.9555627376849966,0.7816201376284865,8.501751128872916,1
2022,NL,SK,ACC,7,3.0035060198475225,1.5933366859829226,1.8850416526966944,0.9332944230306809,0.5304922565341855,0.33294423030680875,19.40486626750615,0
2022,NL,SK,ADM,7,2.0546949673329475,1.6838286759191627,1.2202517968232947,0.9486690246434987,0.8195029932373953,0.4866902464349871,19.40486626750615,0
2022,NL,SK,ART,7,2.7875726979818922,1.9622223804029968,1.4206201732391752,0.9358735038811352,0.703917921790373,0.35873503881135227,19.40486626750615,0
2022,NL,SK,EDU,7,3.885960375059132,1.6086681626657673,2.4156382685038054,0.9257336643579333,0.4139692656133398,0.2573366435793322,19.40486626750615,0
2022,NL,SK,FIN,7,2.9671088818605043,1.6445862070372534,1.8041674368689953,0.933702841379146,0.5542722807010801,0.3370284137914606,19.40486626750615,0
2022,NL,SK,FOD,3.5,4.399000587988437,2.1024447429221844,2.092326375186571,0.9227324361522141,0.4779369088203702,0.22732436152214233,19.40486626750615,0
2022,NL,SK,ITS,7,2.3849179259892006,1.340039733430773,1.7797367245845226,0.9419301640992626,0.5618808592228431,0.4193016409926252,19.40486626750615,0
2022,NL,SK,MFN,7,2.68065088116817,1.7603801511574888,1.5227681812962859,0.9373043728679888,0.6566987754818535,0.37304372867988744,19.40486626750615,0
2022,NL,SK,OSV,7,6.577647119767243,2.0077591384023883,3.2761136502664363,0.9152030046883297,0.30523971594168386,0.15203004688329738,19.40486626750615,0
2022,NL,SK,PRF,7,2.735745066099194,1.7543194359200045,1.5594338237862069,0.9365531135335597,0.6412583751531458,0.36553113533559833,19.40486626750615,0
2022,NL,SK,PUB,7,2.3211915067841815,1.5093238680761567,1.5379015437838819,0.9430813225482381,0.6502366839034319,0.43081322548238044,19.40486626750615,0
2022,NL,SK,REA,7,4.559135287685733,1.9336559423199573,2.3577799896582348,0.9219339839004342,0.4241277830782473,0.21933983900434129,19.40486626750615,0
2022,NL,SK,TEL,7,2.386358100017067,1.03734475247573,2.3004484230741786,0.9419048591237354,0.43469785715241605,0.4190485912373537,19.40486626750615,0
2022,NL,SK,TRD,7,2.8547991798029044,1.8813331072679171,1.5174341900295691,0.935028733617229,0.6590071625976173,0.3502873361722908,19.40486626750615,0
2022,NL,SK,TRN,7,2.252454180828269,1.6039854060934098,1.4042859568867516,0.9443960196176903,0.7121056755541171,0.44396019617690136,19.40486626750615,0
2022,NL,YT,ACC,7,3.1336448428706287,1.7817985581160753,1.7586975972098005,0.9319117210195376,0.5686025849961441,0.3191172101953752,39.53589755996254,0
2022,NL,YT,ADM,7,4.035909094313896,1.908122724599756,2.115120291940583,0.92477756502020525,0.47278634875301534,0.2477756502020519,39.53589755996254,0
2022,NL,YT,FIN,7,4.429107330852292,1.8531359621171541,2.3900606439001733,0.9225779130036926,0.4183994253669521,0.22577913003692557,39.53589755996254,0
2022,NL,YT,ITS,7,2.281932746150803,1.4375540417539878,1.5873717995092362,0.9438225009780336,0.6299721340073999,0.4382250097803339,39.53589755996254,0
2022,NL,YT,TEL,7,2.7679752690832844,1.0465125578274133,2.644951795733509,0.9361274904140018,0.3780787240104222,0.3612749041400165,39.53589755996254,0
2022,NL,YT,TRN,7,2.170952309076435,1.7965764645000384,1.2083829171616027,0.9460627345805407,0.8275522483791166,0.46062734580540804,39.53589755996254,0
2022,NS,AB,ACC,7,2.1053185867067414,1.6907316850128322,1.2452115290491894,0.9474987494203553,0.8030764064347955,0.47498749420355263,28.31045728774418,0
2022,NS,AB,ADM,7,1.9667076676503379,1.7993704968989213,1.0929976183558692,0.9508463975835676,0.9149150768546414,0.5084639758356759,28.31045728774418,0
2022,NS,AB,AGR,3.1,7.495606812368091,10.051688670271597,0.7457062249188782,0.9133411480221981,1,0.13341148022198213,28.31045728774418,0
2022,NS,AB,ART,7,2.3338043290791375,2.1381316443648135,1.0915157330139293,0.9428484936607593,0.9161572020943454,0.42848493660759285,28.31045728774418,0
2022,NS,AB,BMT,8.2,2.5290329821814392,1.5949391067461747,1.585661152506884,0.9395408050051385,0.6306517621492015,0.3954080500513842,28.31045728774418,0
2022,NS,AB,CHM,6.8,2.0335621933474,1.491908183299092,1.3630612232788588,0.9491747930440192,0.7336427615441139,0.4917479304401912,28.31045728774418,0
2022,NS,AB,EDU,7,2.5179381435147494,1.7090836012317718,1.4732679792258374,0.9397150344052582,0.6787631402438224,0.3971503440525811,28.31045728774418,0
2022,NS,AB,ELC,11.8,1.592397151163696,1.095496742375592,1.4535845608363676,0.9627984042340955,0.687954472648373,0.6279840423409558,28.31045728774418,0
2022,NS,AB,FIN,7,2.404062588034002,1.7521647860869638,1.372052792707297,0.9415962548137228,0.7288349291770526,0.41596254813722694,28.31045728774418,0
2022,NS,AB,FMT,11.6,1.407741584681816,1.4125050682103726,0.9966276343810986,0.971035764722829,1,0.7103576472282904,28.31045728774418,0
2022,NS,AB,FOD,3.5,1.961182949294308,2.3111534476209106,0.8485732313936747,0.9509896335963878,1,0.5098963359638782,28.31045728774418,0
2022,NS,AB,HTH,7,4.024978723699088,2.2784650338272994,1.7665308284051415,0.9248448518277128,0.5660812616006364,0.24844851827712694,28.31045728774418,0
2022,NS,AB,ITS,7,1.7567014585871652,1.3909392604312296,1.262960582507779,0.9569248687710578,0.7917903486855977,0.5692486877105768,28.31045728774418,0
2022,NS,AB,MAC,15,1.3979840157922439,1.324228993995112,1.0556965767488733,0.9715315760912543,0.9472418704620634,0.715315760912542,28.31045728774418,0
2022,NS,AB,MFN,7,2.2314913974602484,1.8918574711987626,1.179524055819215,0.9448130788735346,0.8477995807431581,0.44813078873534573,28.31045728774418,0
2022,NS,AB,MTV,3,9.176069376384586,3.801808276159382,2.413606555050779,0.9108979123738273,0.4143177345567664,0.10897912373827373,28.31045728774418,0
2022,NS,AB,NMM,5,2.665415302305154,2.731588312462311,0.9757748962919279,0.9375176055729537,1,0.37517605572953727,28.31045728774418,0
2022,NS,AB,OSV,7,3.207272107170613,2.1941525850337804,1.4617361294958595,0.9311791443502491,0.6841180017524036,0.31179144350249055,28.31045728774418,0
2022,NS,AB,OTE,10.7,1.7422528391502425,1.4027131741749117,1.2420592258107586,0.9573969505188313,0.8051145865023034,0.573969505188314,28.31045728774418,0
2022,NS,AB,PAP,10.7,1.6359891008637872,1.7842668374389303,0.9168971067197688,0.9611251015958486,1,0.611251015958486,28.31045728774418,0
2022,NS,AB,PRF,7,2.125597076074401,1.884516128489345,1.1279272402822627,0.9470456047976327,0.8865820101567464,0.47045604797632756,28.31045728774418,0
2022,NS,AB,PUB,7,1.755801251349426,1.5905717774232624,1.103880551806242,0.9569540544085754,0.9058951155210898,0.569540544085754,28.31045728774418,0
2022,NS,AB,REA,7,3.087885226543673,2.1030723833915848,1.4682733941681547,0.932384623346876,0.6810720700735345,0.3238462334687609,28.31045728774418,0
2022,NS,AB,RUB,7,1.4863651064874408,1.7457368438525143,0.8514256382464331,0.9672782209186266,1,0.6727822091862661,28.31045728774418,0
2022,NS,AB,TEL,7,2.0495517841962063,1.0422002673554183,1.9665623281760818,0.9487911555936694,0.5085015540430214,0.48791155593669483,28.31045728774418,0
2022,NS,AB,TEX,7.6,1.8008232840030973,1.6531465534761172,1.0893306949807058,0.9555301571721727,0.9179948794316422,0.5553015717217259,28.31045728774418,0
2022,NS,AB,TRD,7,2.1361423186947914,2.0390287031784817,1.0476273901220354,0.9468133602919779,0.954537853275784,0.46813360291977735,28.31045728774418,0
2022,NS,AB,TRN,7,1.964800528039522,1.7034759262885395,1.1534066890633115,0.9508957517940918,0.8669968793159211,0.5089575179409179,28.31045728774418,0
2022,NS,AB,WOD,17.8,1.2332077319818877,1.339440445373982,0.9206887370326992,0.9810893391329051,1,0.8108933913290507,28.31045728774418,0
2022,NS,BC,ACC,7,2.243152547327335,1.766761772767389,1.2696406396736473,0.9445801156587177,0.7876244417137147,0.44580115658717784,37.459369798401944,0
2022,NS,BC,ADM,7,2.208453599780525,1.8901193788982613,1.1684201667028136,0.9452805528764281,0.8558565047896413,0.4528055287642808,37.459369798401944,0
2022,NS,BC,AGR,3.1,7.31798730269238,12.195104950632889,0.6000757953552994,0.9136649594845851,1,0.1366495948458516,37.459369798401944,0
2022,NS,BC,ART,7,2.3294419315868886,2.2786508642655963,1.022289973474134,0.9429287369837448,0.9781960362984057,0.42928736983744803,37.459369798401944,0
2022,NS,BC,BMT,8.2,2.09723148985682,1.6585392176503044,1.2645052149131706,0.9476819084987262,0.7908231521755067,0.4768190849872615,37.459369798401944,0
2022,NS,BC,CHM,6.8,1.9984117252370812,1.5427464507301625,1.295359794405139,0.9500397384268432,0.7719862885347808,0.500397384268432,37.459369798401944,0
2022,NS,BC,EDU,7,2.6960943686288275,1.7875546290619135,1.5082584469285307,0.9370906898377069,0.6630163431449261,0.3709068983770688,37.459369798401944,0
2022,NS,BC,ELC,11.8,1.3824174545281265,1.1038978176870846,1.2523056322591555,0.9723370496172837,0.7985271121044174,0.7233704961728361,37.459369798401944,0
2022,NS,BC,FIN,7,2.4119698708266633,1.8364391209318849,1.3133949518580994,0.9414598877081856,0.7613855973675473,0.4145988770818544,37.459369798401944,0
2022,NS,BC,FMT,11.6,1.3851970401815046,1.4539618944033315,0.9527051881575987,0.9721918955204357,1,0.7219189552043573,37.459369798401944,0
2022,NS,BC,FOD,3.5,2.1052534704257235,2.4791494430383105,0.8491837699971969,0.9475002185745254,1,0.47500218574525394,37.459369798401944,0
2022,NS,BC,HTH,7,4.386019491148592,2.441170573239966,1.7966870235238777,0.9227997162807438,0.5565799646277182,0.22799716280743756,37.459369798401944,0
2022,NS,BC,ITS,7,1.8539448143331558,1.4299192428740217,1.2965381251929144,0.953939038113154,0.7712846854011393,0.5393903811315384,37.459369798401944,0
2022,NS,BC,MAC,15,1.296850623734642,1.3557468251916491,0.9565581122060297,0.9771098831043642,1,0.7710988310436416,37.459369798401944,0
2022,NS,BC,MFN,7,1.7981416905160057,1.9956312870758373,0.9010390356982179,0.955612970060943,1,0.5561297006094297,37.459369798401944,0
2022,NS,BC,NMM,5,4.850276259534515,2.971453506533332,1.6322908128531093,0.9206173823199089,0.6126359299003115,0.2061738231990874,37.459369798401944,0
2022,NS,BC,OSV,7,3.011954580584154,2.343424603622481,1.2852790637805265,0.9332010318630387,0.7780411493349894,0.3320103186303875,37.459369798401944,0
2022,NS,BC,OTE,10.7,1.1389816584498778,1.4430415571507609,0.7892923476845396,0.9877977263796305,1,0.8779772637963039,37.459369798401944,0
2022,NS,BC,PAP,10.7,1.6301589204749032,1.872931177102831,0.87037844230696,0.9613437124098722,1,0.6134371240987209,37.459369798401944,0
2022,NS,BC,PRF,7,2.1553692000562257,1.9872399836200803,1.0846043848865554,0.9463957636572851,0.9219951661034409,0.46395763657284966,37.459369798401944,0
2022,NS,BC,PUB,7,1.5144686458476222,1.6536179108629185,0.9158516220094138,0.9660297591991625,1,0.6602975919916236,37.459369798401944,0
2022,NS,BC,REA,7,3.5646201228174115,2.238185917830816,1.5926380799822637,0.9280534801899065,0.6278890430719428,0.2805348018990641,37.459369798401944,0
2022,NS,BC,RUB,7,1.575385898337586,1.8291388419695636,0.8612719068615131,0.9634765108063518,1,0.6347651080635179,37.459369798401944,0
2022,NS,BC,TEL,7,2.1280864451228902,1.0458147257648713,2.0348598969731317,0.9469905723187035,0.4914343250301934,0.46990572318703583,37.459369798401944,0
2022,NS,BC,TEX,7.6,1.5498394614448527,1.7242367263453908,0.8988553820737932,0.9645228118703173,1,0.6452281187031722,37.459369798401944,0
2022,NS,BC,TRD,7,2.2395267904295797,2.164413933079411,1.0347035547139092,0.9446522901299245,0.9664603890111265,0.44652290129924405,37.459369798401944,0
2022,NS,BC,TRN,7,2.0127225084298694,1.7811990984731894,1.1299817691099987,0.9496839477777839,0.8849700299037784,0.49683947777783977,37.459369798401944,0
2022,NS,BC,WOD,17.8,1.28056501346084,1.3726328340047123,0.9329261123127438,0.9780905295309772,1,0.7809052953097725,37.459369798401944,0
2022,NS,MB,ACC,7,2.4933296202892805,1.6683978760836784,1.49444545334834,0.9401070115985699,0.6691445296711743,0.40107011598569875,26.012508735837123,0
2022,NS,MB,ADM,7,1.9990789552971944,1.7728039252309784,1.1276368056533577,0.9500230367264976,0.8868103586070833,0.5002303672649759,26.012508735837123,0
2022,NS,MB,AGR,3.1,9.288568442552208,9.481158448657817,0.9796870807350685,0.9107659216399684,1,0.10765921639968358,26.012508735837123,0
2022,NS,MB,ART,7,2.495758923889267,2.097382606812992,1.1899397447953544,0.9400679725284383,0.8403786867140738,0.4006797252843835,26.012508735837123,0
2022,NS,MB,CHM,6.8,2.208343946406052,1.4768717547701,1.495284840591875,0.9452828012424169,0.6687689013179404,0.45282801242416987,26.012508735837123,0
2022,NS,MB,EDU,7,2.9579263554222397,1.6860464057526436,1.7543564313117672,0.9338074677946893,0.5700095956283411,0.3380746779468928,26.012508735837123,0
2022,NS,MB,FIN,7,2.4935183521157693,1.727457628573874,1.443461368238784,0.9401039759403212,0.6927791917425083,0.4010397594032113,26.012508735837123,0
2022,NS,MB,FMT,11.6,1.4623762021098599,1.400206624900071,1.0444002878605332,0.9683818567723708,0.9574872887564138,0.683818567723708,26.012508735837123,0
2022,NS,MB,FOD,3.5,2.217320019328633,2.2626443636144216,0.9799684188047183,0.9450994890806417,1,0.45099489080641736,26.012508735837123,0
2022,NS,MB,HTH,7,4.550768181088995,2.2314467666364903,2.039380122855662,0.9219743120327589,0.49034507534561056,0.21974312032758847,26.012508735837123,0
2022,NS,MB,ITS,7,2.374220797136041,1.3793658499114434,1.7212408131522672,0.9421190818143903,0.5809762308439618,0.4211908181439036,26.012508735837123,0
2022,NS,MB,MAC,15,1.5390962478980819,1.3148459518649367,1.1705525242064103,0.9649731945851784,0.8542974188005461,0.6497319458517837,26.012508735837123,0
2022,NS,MB,MFN,7,2.4543832198202646,1.8615613019002413,1.318454147770951,0.9407434337036101,0.7584639948917855,0.4074343370361008,26.012508735837123,0
2022,NS,MB,NMM,5,4.288196888490588,2.6629609993595187,1.6103115627761586,0.9233198247656019,0.620997838626962,0.23319824765601943,26.012508735837123,0
2022,NS,MB,OSV,7,3.5606408841626656,2.1509268082461834,1.6553984405754516,0.9280848317067831,0.6040841742320228,0.2808483170678314,26.012508735837123,0
2022,NS,MB,OTE,10.7,1.6749225342551881,1.3907449360103525,1.204334807114279,0.9597042537519315,0.8303338856377588,0.5970425375193155,26.012508735837123,0
2022,NS,MB,PAP,10.7,1.548058725067597,1.7582985082541687,0.8804299826226204,0.9645970326452786,1,0.6459703264527864,26.012508735837123,0
2022,NS,MB,PRF,7,2.589512659298706,1.8545200897344516,1.3963249433817122,0.9386173049360886,0.7161656781537783,0.38617304936088664,26.012508735837123,0
2022,NS,MB,PUB,7,2.0484640632808717,1.5719899164435915,1.3031025465578283,0.9488170633756872,0.7673993137696801,0.48817063375687186,26.012508735837123,0
2022,NS,MB,REA,7,4.827259331741376,2.0638553303107035,2.338952377546083,0.9207156883705119,0.4275418386453649,0.20715688370511925,26.012508735837123,0
2022,NS,MB,RUB,7,1.813113264209088,1.7212805054572855,1.0533514197486398,0.9551537523738881,0.9493507876399209,0.5515375237388811,26.012508735837123,0
2022,NS,MB,TEL,7,2.096413687900251,1.0411100520427714,2.0136331253231674,0.9477005090060059,0.49661479413709503,0.47700509006005914,26.012508735837123,0
2022,NS,MB,TEX,7.6,2.1217504149005224,1.6322380941650192,1.2999025218719185,0.9471308968753936,0.7692884529218043,0.4713089687539355,26.012508735837123,0
2022,NS,MB,TRD,7,2.5535027935587,2.0025734436406157,1.2751106840388895,0.9391618917560042,0.7842456443330226,0.3916189175600414,26.012508735837123,0
2022,NS,MB,TRN,7,2.1199014726572445,1.6806541715267207,1.2613549584275912,0.9471720036472508,0.7927982470902584,0.4717200364725086,26.012508735837123,0
2022,NS,NB,ACC,7,1.580464909027504,1.1388818221303207,1.387733896806945,0.963272521540217,0.7205992462250241,0.632725215402171,2.308700359805438,1
2022,NS,NB,ADM,7,1.4780560186543161,1.1219878770105653,1.3173547138427752,0.96765643435561,0.7590969914875554,0.6765643435561,2.308700359805438,1
2022,NS,NB,AGR,3.1,2.130690969228698,1.6028944220932064,1.3292771750033583,0.9469331317606324,0.7522885511048315,0.4693313176063238,2.308700359805438,1
2022,NS,NB,ART,7,1.384675187588199,1.1283997092593254,1.227114094611998,0.9722191030043501,0.8149201483307797,0.7221910300435014,2.308700359805438,1
2022,NS,NB,BMT,8.2,1.6050667085963821,1.0253597164690318,1.5653693848278452,0.9623027064634897,0.6388268543465714,0.6230270646348973,2.308700359805438,1
2022,NS,NB,CHM,6.8,1.327406206869841,1.0195376186150538,1.3019688362975734,0.9753348895631656,0.7680675390385792,0.7533488956316559,2.308700359805438,1
2022,NS,NB,EDU,7,1.8405299050180641,1.1370234136881177,1.6187264772745624,0.9543321788618363,0.6177695948259847,0.5433217886183628,2.308700359805438,1
2022,NS,NB,ELC,11.8,1.5123616042107464,0.9869530931842292,1.5323540851687083,0.9661217527088615,0.6525906836277351,0.6612175270886147,2.308700359805438,1
2022,NS,NB,ELQ,14.3,1.3124604821972865,1.0232852841684044,1.282594895580744,0.9761927702635149,0.7796694057067892,0.7619277026351502,2.308700359805438,1
2022,NS,NB,FIN,7,1.8730512931381982,1.1668461665278256,1.605225561748059,0.953388820886189,0.6229654098649038,0.5338882088618903,2.308700359805438,1
2022,NS,NB,FMT,11.6,1.1737367105021432,1.0846966758297885,1.0820874965844618,0.9851979827377286,0.9241396866301795,0.8519798273772864,2.308700359805438,1
2022,NS,NB,FOD,3.5,1.312901834550218,1.3500052320998723,0.97251610833245306,0.9761671568798278,1,0.7616715687982767,2.308700359805438,1
2022,NS,NB,HTH,7,2.3007146691604152,1.193343276888907,1.9279571215739943,0.9434647552521115,0.51868373461729,0.4346475525211144,2.308700359805438,1
2022,NS,NB,ITS,7,1.6649587488184199,1.115570135022604,1.4924733968292223,0.9600615481140103,0.6700286933921314,0.6006154811401035,2.308700359805438,1
2022,NS,NB,MAC,15,1.1160724408992244,1.0652776415455987,1.0476822167035518,0.9895999187287786,0.9544879010607052,0.8959991872877854,2.308700359805438,1
2022,NS,NB,MFN,7,1.5142541247164178,1.1805800773558917,1.282635675258764,0.9660391134934022,0.7796446171655533,0.6603911349340225,2.308700359805438,1
2022,NS,NB,MIN,45,1.054481326846289,0.989102243178964,1.0660994190622775,0.9948333530941481,0.9379988227360472,0.9483335309414819,2.308700359805438,1
2022,NS,NB,NMM,5,1.4273568584291985,1.3220814333465019,1.0796285481569918,0.9700595645787206,0.9262444955786657,0.7005956457872047,2.308700359805438,1
2022,NS,NB,OSV,7,2.0331596975270463,1.2371166449994886,1.64346644735985,0.9491845279648378,0.6084699822174356,0.49184527964837715,2.308700359805438,1
2022,NS,NB,OTE,10.7,1.4544145809597724,1.1334171924714138,1.2832120340334916,0.9687561863784463,0.7792944373009988,0.687561863784463,2.308700359805438,1
2022,NS,NB,PAP,10.7,1.228339937201394,1.1836457750935716,1.0377597445521984,0.9814106885003157,0.9636141749085747,0.8141068850031568,2.308700359805438,1
2022,NS,NB,PET,71.1,1.0217839063692773,1.0142410954475896,1.007436901300434,0.9978680515289498,0.9926179979204314,0.9786805152894975,2.308700359805438,1
2022,NS,NB,PRF,7,1.6081133506934795,1.1287527526725512,1.4246816646833815,0.9621846712216375,0.70191118815461,0.6218467122163758,2.308700359805438,1
2022,NS,NB,PUB,7,1.389403867728537,1.1312461856814977,1.228206455247862,0.9719733133919403,0.8141953624549155,0.7197331339194033,2.308700359805438,1
2022,NS,NB,REA,7,2.4140733164452093,1.1189539275143823,2.1574376362463594,0.9414237626168094,0.46351281872502254,0.4142376261680934,2.308700359805438,1
2022,NS,NB,RUB,7,1.2193027205367217,1.1900685311629702,1.0245651310056767,0.9820140874909072,0.9760238463497539,0.8201408749090731,2.308700359805438,1
2022,NS,NB,TEL,7,2.0684055300396547,0.9842992436689271,2.101399085028019,0.948346418798292,0.4758734345725988,0.4834641879829186,2.308700359805438,1
2022,NS,NB,TEX,7.6,1.2898186495713468,1.1325191345786514,1.1388934722513258,0.9775302791855534,0.8780452468686417,0.7753027918555341,2.308700359805438,1
2022,NS,NB,TRD,7,1.6397974379832303,1.1856628098102977,1.383021736378484,0.9609831419928238,0.7230544348627181,0.609831419928238,2.308700359805438,1
2022,NS,NB,TRN,7,1.4930950439572157,1.1222864694733483,1.3304045665434028,0.9669749728289002,0.7516510579921978,0.6697497282890015,2.308700359805438,1
2022,NS,NB,UTL,7,2.7747951781755797,,,0.9360386960401703,1,0.3603869604017033,2.308700359805438,1
2022,NS,NB,WOD,17.8,1.0721560116451476,1.0908717438391486,0.9828433247999128,0.9932700082020312,1,0.9327000820203122,2.308700359805438,1
2022,NS,NL,ACC,7,1.8604931371857378,1.302847818619175,1.4280203033671146,0.9537491904706857,0.7002701555727955,0.537491904706858,5.387968131084383,0
2022,NS,NL,ADM,7,1.5801151997659482,1.3443680742367718,1.175359062779749,0.9632865249412272,0.8508038366037515,0.6328652494122727,5.387968131084383,0
2022,NS,NL,AGR,3.1,2.3509758314752762,3.198030398186485,0.7351324217582328,0.9425355287201095,1,0.42535528720109533,5.387968131084383,0
2022,NS,NL,ART,7,1.9148536074340043,1.4664132961234055,1.3058075867806782,0.9522233133706783,0.7658096109438203,0.5222331337067839,5.387968131084383,0
2022,NS,NL,CHM,6.8,1.4853944036394333,1.223273004324152,1.2142787410403952,0.9673221871275302,0.8235341410516658,0.6732218712753016,5.387968131084383,0
2022,NS,NL,EDU,7,2.346863372656343,1.309952663048916,1.791563496038106,0.9426100646356813,0.5581716764219727,0.4261006463568139,5.387968131084383,0
2022,NS,NL,ELQ,14.3,1.3400078662236643,1.0810361754110915,1.2395587647324495,0.9746264275909174,0.8067386786747809,0.7462642759091739,5.387968131084383,0
2022,NS,NL,FIN,7,2.2253145341379477,1.326484002144344,1.6776037483607704,0.9449374676999261,0.5960883200083009,0.4493746769992605,5.387968131084383,0
2022,NS,NL,FMT,11.6,1.3412878476179662,1.1900307124277487,1.1271035559087732,0.9745552121251178,0.8872299220045573,0.7455521212511769,5.387968131084383,0
2022,NS,NL,FOD,3.5,2.095233424898229,1.5250372307566107,1.373890015694062,0.9477273791128342,0.7278603007350772,0.47727379112834295,5.387968131084383,0
2022,NS,NL,HTH,7,3.0415194629515465,1.51413295455784,2.0087532298903943,0.9328783034986592,0.49782122817274277,0.3287830349865924,5.387968131084383,0
2022,NS,NL,ITS,7,1.8432158121147024,1.1808429937512999,1.5609321661461342,0.9542530068062248,0.6406428297707206,0.5425300680622474,5.387968131084383,0
2022,NS,NL,MAC,15,1.2399662520045611,1.1519655114134164,1.0763918187821189,0.9806473561988783,0.9290297292778086,0.8064735619887835,5.387968131084383,0
2022,NS,NL,MFN,7,1.7666432995894576,1.378744620064511,1.281341935177812,0.9566045222729673,0.7804318055517553,0.5660452227296736,5.387968131084383,0
2022,NS,NL,MIS,7,1.7607137212481527,0.9394683001231211,1.8741597997690864,0.9567951500537584,0.533572430762419,0.567951500537583,5.387968131084383,0
2022,NS,NL,NMM,5,2.845937190229965,1.6589993526254554,1.7154540691809896,0.9351378099078566,0.582936038898104,0.3513780990785659,5.387968131084383,0
2022,NS,NL,OSV,7,2.3385421795102808,1.4856440090882872,1.5740932317597416,0.9427616832726707,0.6352863857257427,0.4276168327267085,5.387968131084383,0
2022,NS,NL,OTE,10.7,1.6747889663617253,1.1858677460648386,1.4122898374791908,0.9597090152899909,0.7080699538169227,0.5970901528999072,5.387968131084383,0
2022,NS,NL,PAP,10.7,1.1953939063957917,1.3386715988120577,0.8929702456200527,0.9836544334590998,1,0.8365443345909969,5.387968131084383,0
2022,NS,NL,PET,71.1,1.0922211805728412,1.037849235063132,1.0523890596753214,0.9915565471341187,0.9502189240816659,0.915565471341186,5.387968131084383,0
2022,NS,NL,PRF,7,1.6281368581475395,1.3760468262062469,1.183198730697489,0.9614198981489664,0.8451665591379612,0.6141989814896638,5.387968131084383,0
2022,NS,NL,PUB,7,1.4561625296046266,1.2633782659107753,1.1525942537525546,0.9686736528148076,0.8676080040693016,0.6867365281480752,5.387968131084383,0
2022,NS,NL,REA,7,2.423828839813462,1.4542508291953258,1.6667199297074693,0.9412570385983593,0.599980825918073,0.41257038598359114,5.387968131084383,0
2022,NS,NL,RUB,7,1.5734668247050478,1.3240303444234738,1.1883918154384798,0.9635539297237776,0.8414733146163842,0.6355392972377754,5.387968131084383,0
2022,NS,NL,TEL,7,2.196884452982572,1.0210405515125562,2.1516133220449825,0.9455190075491847,0.46476752572323665,0.4551900754918461,5.387968131084383,0
2022,NS,NL,TEX,7.6,1.2584186698497435,1.288176476803912,0.976899277785292,0.9794648096026263,1,0.7946480960262621,5.387968131084383,0
2022,NS,NL,TRD,7,1.8160039504704542,1.43177063526632,1.268362338030954,0.9550659595063623,0.788418238239738,0.550659595063623,5.387968131084383,0
2022,NS,NL,TRN,7,1.5114415146503406,1.307785716446876,1.155725663342445,0.9661620043056275,0.8652572420239637,0.6616200430562751,5.387968131084383,0
2022,NS,NL,WOD,17.8,1.1288767448524193,1.1586126325245945,0.9743349184728106,0.9885836301048732,1,0.8858363010487317,5.387968131084383,0
2022,NS,NT,ACC,7,2.383179763152282,1.6138418962163334,1.4767120426974092,0.9419607457004114,0.6771800940780358,0.4196074570041158,21.05059421767535,0
2022,NS,NT,ADM,7,2.7929774242072534,1.7080865653101727,1.6351498108645768,0.9358040846063708,0.6115647589937068,0.3580408460637077,21.05059421767535,0
2022,NS,NT,ART,7,3.0388129648410036,1.9988688056857011,1.520266340740935,0.9329075863361772,0.6577794779779366,0.3290758633617722,21.05059421767535,0
2022,NS,NT,CHM,6.8,1.6172492081617575,1.4399378784929522,1.123138179998696,0.9618333893721084,0.8903623951250248,0.6183338937210844,21.05059421767535,0
2022,NS,NT,FIN,7,3.4767698983474307,1.6671991955066576,2.0853956190225063,0.9287623290938902,0.47952531926231484,0.28762329093890204,21.05059421767535,0
2022,NS,NT,HTH,7,4.049840065103782,2.118094799703614,1.912020210648965,0.9246923331273422,0.523007023895729,0.2469233312734225,21.05059421767535,0
2022,NS,NT,OSV,7,3.2855847795608,2.0465444238303463,1.6054304716295604,0.9304359822403875,0.622885897378645,0.30435982240387505,21.05059421767535,0
2022,NS,NT,PRF,7,3.980072008637155,1.781597373688488,2.2339907250744915,0.9251251735604256,0.44762943228721574,0.25125173560425534,21.05059421767535,0
2022,NS,NT,PUB,7,3.468191042469278,1.5264764037843899,2.272024011554357,0.9288334750812348,0.4401361935061026,0.28833475081234894,21.05059421767535,0
2022,NS,NT,TEL,7,2.220765168059971,1.0383893153564487,2.138663346413235,0.9450295247053784,0.4675817732964404,0.45029524705378277,21.05059421767535,0
2022,NS,NT,TRD,7,3.1221427211212442,1.9142554866000734,1.6309958325711844,0.9320292853121357,0.6131223514063487,0.3202928531213568,21.05059421767535,0
2022,NS,NT,TRN,7,2.100220106809881,1.6249247466350107,1.292502998159847,0.947614057057998,0.7736925960123209,0.4761405705799784,21.05059421767535,0
2022,NS,NU,ACC,7,3.2746435255290467,1.4381335110391549,2.2770094016951745,0.9305376750844488,0.439172538881713,0.3053767508444882,10.105689147278431,0
2022,NS,NU,CHM,6.8,1.6588921113320554,1.3188877510141284,1.257796283312578,0.9602811956949402,0.7950413061854211,0.602811956949401,10.105689147278431,0
2022,NS,NU,FIN,7,3.0628180869109083,1.4740881264468428,2.077771357058249,0.9326496700627943,0.48128490971972027,0.326496700627943,10.105689147278431,0
2022,NS,NU,OSV,7,4.085020359658027,1.7223207287044433,2.3718116443566486,0.9244796821547229,0.42161864007175365,0.2447968215472282,10.105689147278431,0
2022,NS,NU,TEL,7,2.1688954092311823,1.0290108999365202,2.1077477501598687,0.9461064187670752,0.47444007468358196,0.4610641876707528,10.105689147278431,0
2022,NS,NU,TRD,7,3.2827956707689205,1.6371267781150731,2.0052177477352178,0.9304618410735803,0.4986989573224377,0.3046184107358021,10.105689147278431,0
2022,NS,NU,TRN,7,2.0151653272213683,1.4456249154170657,1.3939752322544807,0.9496237200239477,0.7173728606229944,0.4962372002394763,10.105689147278431,0
2022,NS,ON,ACC,7,1.7644558982926537,1.4584716075547162,1.2097979070370475,0.9566746950698872,0.8265843362625169,0.5667469506988717,11.05073967854884,0
2022,NS,ON,ADM,7,1.6694932097833164,1.5252238269444425,1.094588990999371,0.9598984167255038,0.9135849238598589,0.5989841672550379,11.05073967854884,0
2022,NS,ON,AGR,3.1,3.114955974824261,5.250786633997133,0.5932360600325932,0.9321031824552968,1,0.32103182455296747,11.05073967854884,0
2022,NS,ON,ART,7,1.9954820888537432,1.72650492763114,1.1557928720143618,0.9501132035003345,0.8652069278270943,0.501132035003344,11.05073967854884,0
2022,NS,ON,BMT,8.2,1.7729208740026279,1.398604854775397,1.267635292376661,0.9564040964638402,0.7888704314354663,0.5640409646384015,11.05073967854884,0
2022,NS,ON,CHM,6.8,1.4552193378965563,1.333072412044475,1.0916281251854503,0.9687181632320423,0.9160628761100451,0.6871816323204225,11.05073967854884,0
2022,NS,ON,EDU,7,2.2086316800345913,1.469830618953915,1.5026436730556643,0.9452769019406775,0.6654937680378172,0.452769019406775,11.05073967854884,0
2022,NS,ON,ELC,11.8,1.5602453782331926,1.0677390798801552,1.4612609088058455,0.9640924827562951,0.6843404856544122,0.6409248275629509,11.05073967854884,0
2022,NS,ON,ELQ,14.3,1.2122788681850605,1.1175673661911518,1.0847479130646958,0.9824892709296443,0.9218731725187093,0.824892709296443,11.05073967854884,0
2022,NS,ON,FIN,7,1.693354617534924,1.4963621056423115,1.1316476213543603,0.9590543758315512,0.8836673016669235,0.5905437583155118,11.05073967854884,0
2022,NS,ON,FMT,11.6,1.3399155518190284,1.2816962984090148,1.04542359487367,0.9746315690300356,0.9565500577025343,0.7463156903003555,11.05073967854884,0
2022,NS,ON,FOD,3.5,1.7319323142900067,1.8257989559243577,0.9485887307965797,0.957738976965156,1,0.5773897696515599,11.05073967854884,0
2022,NS,ON,HTH,7,2.7965712968107113,1.80720451489719,1.5474570109569503,0.9357580727922234,0.6462215059412849,0.357580727922234,11.05073967854884,0
2022,NS,ON,ITS,7,1.5077609393579345,1.267603560968816,1.189457797204016,0.966323511499498,0.8407191935271999,0.6632351149949808,11.05073967854884,0
2022,NS,ON,MAC,15,1.2079953581485965,1.2236143257111165,0.9872353835401176,0.9827817750502473,1,0.8278177505024727,11.05073967854884,0
2022,NS,ON,MFN,7,1.6536707276610292,1.5811616436166998,1.0458581096607393,0.9604715305939056,0.9561526470587727,0.6047153059390556,11.05073967854884,0
2022,NS,ON,MIN,45,1.078252732425169,1.0625168811851882,1.0148099776282407,0.9927426353699874,0.985406156862141,0.9274263536998737,11.05073967854884,0
2022,NS,ON,MTV,3,13.120314610634843,2.6108978520536112,5.0252117677890045,0.9076217684535509,0.19899658884226099,0.0762176845355093,11.05073967854884,0
2022,NS,ON,NMM,5,2.4733729971026635,2.0588025790670494,1.2013648235390677,0.9404306184781435,0.8323866159607765,0.40430618478143454,11.05073967854884,0
2022,NS,ON,OSV,7,2.421757589698408,1.75889367233998,1.3768641207723338,0.9412923243950496,0.7262880809466247,0.4129232439504956,11.05073967854884,0
2022,NS,ON,OTE,10.7,1.491005036872146,1.2753050904346606,1.1691359566078174,0.9670688545826657,0.8553325165889553,0.6706885458266566,11.05073967854884,0
2022,NS,ON,PAP,10.7,1.3085606018998346,1.5160128414889533,0.8631593124334163,0.9764198462454203,1,0.764198462454203,11.05073967854884,0
2022,NS,ON,PET,71.1,1.06020270090735,1.0544253406977515,1.0054791553148519,0.9943215857820559,0.9945507022339651,0.9432158578205593,11.05073967854884,0
2022,NS,ON,PRF,7,1.8501668287818898,1.57675003180199,1.1734052902903227,0.954049180022235,0.8522204631893052,0.54049180022235,11.05073967854884,0
2022,NS,ON,PUB,7,1.4105575093592133,1.3958516986253768,1.0105353675811826,0.9708939545792982,0.9895744692178364,0.7089395457929816,11.05073967854884,0
2022,NS,ON,REA,7,2.381593318210887,1.706113837215944,1.3959170052200023,0.9419886969094801,0.7163749680393039,0.4198869690948013,11.05073967854884,0
2022,NS,ON,RUB,7,1.369784101690037,1.4924152188334299,0.9178304297652168,0.9730042054631969,1,0.7300420546319686,11.05073967854884,0
2022,NS,ON,TEL,7,1.7882330008340255,1.0301488784464696,1.735897634068966,0.9559211243464136,0.5760708352692361,0.5592112434641368,11.05073967854884,0
2022,NS,ON,TEX,7.6,1.4420681665681485,1.4350991129741375,1.0048561479350149,0.9693448495142787,0.9951673202726636,0.6934484951427866,11.05073967854884,0
2022,NS,ON,TRD,7,1.8155556322248239,1.6686158618204605,1.0880608735458455,0.9550795570375653,0.9190662253492613,0.5507955703756524,11.05073967854884,0
2022,NS,ON,TRN,7,1.6186500047186068,1.4663633779261789,1.1038532665810306,0.9617798781135423,0.9059175075844131,0.6177987811354217,11.05073967854884,0
2022,NS,ON,WOD,17.8,1.2005969572124604,1.2336987148561835,0.9731686859643184,0.9832918985836675,1,0.8329189858366747,11.05073967854884,0
2022,NS,PE,ACC,7,1.5684527014498242,1.163140548100366,1.3484636091583355,0.963757102721404,0.7415847140466516,0.6375710272140397,2.617105872938843,0
2022,NS,PE,ADM,7,1.6945430373736385,1.1841728342581437,1.4309930006418614,0.9590129597150802,0.6988154376376805,0.5901295971508009,2.617105872938843,0
2022,NS,PE,AGR,3.1,2.6756095360770544,1.942721535380237,1.377248096214352,0.9373746612320042,0.7260855925295554,0.37374661232004264,2.617105872938843,0
2022,NS,PE,ART,7,1.6247789863276445,1.2444365821345857,1.3056342200585715,0.9615468324255114,0.7659112978481365,0.6154683242551151,2.617105872938843,0
2022,NS,PE,CHM,6.8,1.7091293471707438,1.1220109860835576,1.523273273051056,0.9585093224018052,0.6564810252313031,0.5850932240180526,2.617105872938843,0
2022,NS,PE,EDU,7,2.128411978504861,1.1667597026657355,1.8242076527343256,0.9469833852702929,0.548183206281965,0.4698338527029278,2.617105872938843,0
2022,NS,PE,ELC,11.8,1.6126522171306656,1.0265940302527294,1.5708762856663592,0.9620096502753249,0.6365873679070814,0.6200965027532497,2.617105872938843,0
2022,NS,PE,ELQ,14.3,1.1572621054905334,1.045516730740311,1.1068805227737462,0.9864108480918525,0.9034398739749139,0.8641084809185261,2.617105872938843,0
2022,NS,PE,FIN,7,2.204513207641468,1.1751482179067452,1.8759448161937382,0.9453614882656958,0.5330647209703023,0.45361488265695865,2.617105872938843,0
2022,NS,PE,FMT,11.6,1.1039795430975645,1.1044906970354207,0.9995372039445618,0.9905813886002074,1,0.9058138860020749,2.617105872938843,0
2022,NS,PE,FOD,3.5,1.5133640154245671,1.2726167628965108,1.1891749814611188,0.9660779554560411,0.8409191377128683,0.6607795545604107,2.617105872938843,0
2022,NS,PE,HTH,7,2.5826522363351394,1.2674107856916463,2.0377388811045543,0.938719885934741,0.4907400105444084,0.3871988593474086,2.617105872938843,0
2022,NS,PE,ITS,7,1.7495752048933866,1.0996114455115067,1.591084934623917,0.9571567313713123,0.6285019600392162,0.5715673137131232,2.617105872938843,0
2022,NS,PE,MAC,15,1.068404874708853,1.08416868809543,0.9854599993896989,0.9935974763567514,1,0.9359747635675157,2.617105872938843,0
2022,NS,PE,MFN,7,1.7209832669556202,1.2013765130778524,1.4325094990799907,0.9581063174291622,0.6980756502084182,0.5810631742916228,2.617105872938843,0
2022,NS,PE,MIN,45,1.0334051663688002,1.0245804531002247,1.0086130017822155,0.9967674666765814,0.9914605485285274,0.9676746667658147,2.617105872938843,0
2022,NS,PE,MTV,3,1.4562561988293496,1.4685934978427113,0.99159924170202,0.9686692355921902,1,0.6866923559219021,2.617105872938843,0
2022,NS,PE,NMM,5,2.460549490612694,1.3353206749784836,1.8426656133758592,0.9406413284437126,0.5426920612948043,0.4064132844371251,2.617105872938843,0
2022,NS,PE,OSV,7,2.2075745589538798,1.2537330381713054,1.7608011368782681,0.9452985832774716,0.5679233043732038,0.45298583277471616,2.617105872938843,0
2022,NS,PE,OTE,10.7,1.2131057555559408,1.1022819109057542,1.1005403822322746,0.9824330438974566,0.9086445314906627,0.8243304389745649,2.617105872938843,0
2022,NS,PE,PAP,10.7,1.1237663853870123,1.1813039104632,0.9512932069668452,0.9889864666716839,1,0.8898646667168385,2.617105872938843,0
2022,NS,PE,PET,71.1,1.1246095509761562,1.0214487603335352,1.100994582057093,0.98891974989293,0.9082696829730124,0.8891974989292989,2.617105872938843,0
2022,NS,PE,PRF,7,1.8840012346795416,1.200033107546876,1.5699577143591001,0.9530785214782567,0.6369598307354587,0.530785214782566,2.617105872938843,0
2022,NS,PE,PUB,7,1.665052143148527,1.1428789316496182,1.4568928493110027,0.9600581792056705,0.6863922768739804,0.6005817920567053,2.617105872938843,0
2022,NS,PE,REA,7,2.54595536747976,1.2385300389289442,2.0556266601990947,0.9392779862826072,0.4864696587964794,0.39277986282607125,2.617105872938843,0
2022,NS,PE,TEL,7,2.520158321792941,1.0119655858408647,2.4903597089212135,0.9396800467396256,0.4015484174505799,0.39680046739625474,2.617105872938843,0
2022,NS,PE,TEX,7.6,1.4002283226868448,1.1556401914004677,1.2116473043309197,0.9714169242114128,0.8253226796490973,0.7141692421141276,2.617105872938843,0
2022,NS,PE,TRD,7,1.8589360629952512,1.2275567823817635,1.51433814685823,0.9537942116410786,0.6603544935288608,0.5379421164107862,2.617105872938843,0
2022,NS,PE,TRN,7,1.7238308388383465,1.1656567702716996,1.4788494201741254,0.9580103324218215,0.6762013673320818,0.5801033242182156,2.617105872938843,0
2022,NS,PE,WOD,17.8,1.079874875628843,1.0877379272000702,0.9927711892960582,0.9926033212336449,1,0.9260332123364482,2.617105872938843,0
2022,NS,QC,ACC,7,1.9893394188199105,1.342752043607867,1.4815389246958173,0.9502679427421795,0.6749738284502483,0.5026794274217955,6.528817573711207,0
2022,NS,QC,ADM,7,1.8375878432737809,1.390509689147103,1.3215210635467793,0.9544191671522183,0.7567037920047515,0.5441916715221818,6.528817573711207,0
2022,NS,QC,AGR,3.1,3.7638573767941628,3.6513871569343723,1.0308020527612904,0.9265684881198061,0.9701183629982318,0.2656848811980603,6.528817573711207,0
2022,NS,QC,ART,7,1.8894521422865653,1.5318483384998187,1.2334459585842277,0.9529253944897395,0.8107367761355502,0.5292539448973956,6.528817573711207,0
2022,NS,QC,BMT,8.2,1.6273159296275062,1.299511909329491,1.2522516476722036,0.9614508825111115,0.7985615366199666,0.6145088251111146,6.528817573711207,0
2022,NS,QC,CHM,6.8,1.5909924080300824,1.2517116569773354,1.2710534404321603,0.9628538511530781,0.7867489817422612,0.6285385115307804,6.528817573711207,0
2022,NS,QC,EDU,7,2.644254306159709,1.3509120617058867,1.9573844820221922,0.9378178451925191,0.510885832183001,0.3781784519251915,6.528817573711207,0
2022,NS,QC,ELC,11.8,1.3427448181183217,1.0525186425851065,1.275744451253031,0.9744743145910157,0.78385604500792,0.7447431459101567,6.528817573711207,0
2022,NS,QC,ELQ,14.3,1.1831238196775262,1.0906848114065304,1.0847531819497769,0.9845220071955412,0.9218686947777021,0.8452200719554115,6.528817573711207,0
2022,NS,QC,FIN,7,1.8947983014538174,1.3699180457158104,1.3831471943737672,0.952776065886946,0.7229888504041388,0.5277606588694598,6.528817573711207,0
2022,NS,QC,FMT,11.6,1.396599437191467,1.21387676036399,1.1505281942894157,0.9716024919794454,0.8691660099799778,0.7160249197944542,6.528817573711207,0
2022,NS,QC,FOD,3.5,1.7887074639801728,1.6002255440931552,1.1177845964168944,0.9559062910027128,0.8946267493804639,0.5590629100271282,6.528817573711207,0
2022,NS,QC,HTH,7,3.3791577483094084,1.5874840680631463,2.1286246686130483,0.9295931730473459,0.46978690736097306,0.2959317304734589,6.528817573711207,0
2022,NS,QC,ITS,7,1.5103767146883207,1.2034408084699246,1.25504861066548,0.966208647834349,0.7967818867746945,0.6620864783434898,6.528817573711207,0
2022,NS,QC,MAC,15,1.203085356002858,1.1707006262663975,1.02766269105001,0.9831196219794752,0.9730819350639792,0.8311962197947528,6.528817573711207,0
2022,NS,QC,MFN,7,1.8299148912919239,1.4301781825544022,1.2795013332000094,0.9546473502543059,0.7815544806811716,0.5464735025430597,6.528817573711207,0
2022,NS,QC,MIN,45,1.1240015785329973,1.0484963534149407,1.0720128638236432,0.9889678465848029,0.9328246271534574,0.889678465848029,6.528817573711207,0
2022,NS,QC,MTV,3,4.372175676838154,2.1158812142260546,2.0663615931943538,0.9228719080364852,0.4839424054790511,0.2287190803648527,6.528817573711207,0
2022,NS,QC,NMM,5,2.8082941315932755,1.7575869519020935,1.597812346384392,0.9356088056713864,0.6258557222084614,0.3560880567138648,6.528817573711207,0
2022,NS,QC,OSV,7,2.652178919430511,1.5542447146736207,1.706410126018957,0.9377048468590771,0.5860255894829886,0.377048468590771,6.528817573711207,0
2022,NS,QC,OTE,10.7,1.2380775463599836,1.209147075327667,1.0239263457875682,0.9807703849359077,0.9766327471834266,0.8077038493590771,6.528817573711207,0
2022,NS,QC,PAP,10.7,1.309818524890948,1.3839473812810685,0.9464366511380641,0.9763464541840449,1,0.7634645418404488,6.528817573711207,0
2022,NS,QC,PET,71.1,1.0565967060150385,1.0422554464783012,1.0137598317045935,0.9946434902084359,0.9864269314345816,0.9464349020843598,6.528817573711207,0
2022,NS,QC,PRF,7,2.011166553190505,1.4270609714785507,1.4093066753179955,0.9497223861650645,0.7095687670494857,0.49722386165064486,6.528817573711207,0
2022,NS,QC,PUB,7,1.5765191970563395,1.2975137414591527,1.21503082910199,0.963430879996082,0.8230243842776269,0.6343087999608186,6.528817573711207,0
2022,NS,QC,REA,7,3.1814105315962258,1.517701000463998,2.0962037520062196,0.9314325985303841,0.4770528623674713,0.3143259853038409,6.528817573711207,0
2022,NS,QC,RUB,7,1.4198014400905132,1.3670953742518135,1.0385533202959925,0.9704323838364504,0.9628778614033947,0.7043238383645035,6.528817573711207,0
2022,NS,QC,TEL,7,1.9769808705860148,1.0234679008121883,1.9316491206193687,0.9505821788606169,0.5176923641698227,0.5058217886061694,6.528817573711207,0
2022,NS,QC,TEX,7.6,1.4570363703864087,1.3259178736783226,1.0988888522517168,0.9686324665824779,0.9100101415633756,0.6863246658247785,6.528817573711207,0
2022,NS,QC,TRD,7,2.009279824338777,1.491587695040442,1.3470745508424824,0.9497690758592614,0.7423494114520861,0.4976907585926139,6.528817573711207,0
2022,NS,QC,TRN,7,1.6664482882765848,1.3484227555263242,1.2358500191774997,0.960007862652263,0.809159675108096,0.6000786265226296,6.528817573711207,0
2022,NS,QC,WOD,17.8,1.1338369378721525,1.1782286711917267,0.9623233295836588,0.9881961035664157,1,0.881961035664157,6.528817573711207,0
2022,NS,SK,ACC,7,2.809938773584866,1.650475070389761,1.7025030089798914,0.935587964029701,0.5873704743694883,0.3558796402970087,24.28404450735102,0
2022,NS,SK,ADM,7,1.9686723191757525,1.7515147954679797,1.1239826944480658,0.9507956550340833,0.8896934133768424,0.5079565503408316,24.28404450735102,0
2022,NS,SK,AGR,3.1,10.332640332764067,9.04167777811276,1.1427790932537263,0.9096780684103468,0.8750597608088848,0.09678068410346881,24.28404450735102,0
2022,NS,SK,ART,7,2.819578982610652,2.064857402156947,1.365507845561308,0.9354662879162937,0.7323282713098863,0.35466287916293754,24.28404450735102,0
2022,NS,SK,CHM,6.8,2.767128353093212,1.4647703736589996,1.8891209181005753,0.9361385477071259,0.5293467402846052,0.36138547707125984,24.28404450735102,0
2022,NS,SK,EDU,7,3.1632476968957004,1.6675637153621634,1.8969276362604848,0.9316130792091104,0.527168238199826,0.31613079209110456,24.28404450735102,0
2022,NS,SK,FIN,7,2.667680353852351,1.707646455185492,1.5621971080439925,0.9374857504406747,0.6401240885998615,0.374857504406747,24.28404450735102,0
2022,NS,SK,FMT,11.6,1.56628953278193,1.3902963544237958,1.1265868084873703,0.9638451562798784,0.8876368802353242,0.6384515627987838,24.28404450735102,0
2022,NS,SK,FOD,3.5,2.323769734736142,2.2239943278087546,1.0448631571042242,0.9430335237201783,0.9570631265929984,0.43033523720178213,24.28404450735102,0
2022,NS,SK,HTH,7,4.385236235925644,2.193972298440548,1.9987655445980896,0.9228037885805921,0.5003088044531402,0.22803788580592124,24.28404450735102,0
2022,NS,SK,ITS,7,2.0911133972820184,1.370036528207052,1.5263194478607296,0.9478214142427558,0.6551708434309657,0.47821414242755905,24.28404450735102,0
2022,NS,SK,MAC,15,1.4948602014608905,1.3072737491964386,1.1434943923411287,0.9668958875902058,0.8745123777587174,0.6689588759020572,24.28404450735102,0
2022,NS,SK,MFN,7,2.514776417819195,1.8373113746956522,1.368726309788271,0.9397649664961943,0.7306062525784944,0.39764966496194376,24.28404450735102,0
2022,NS,SK,NMM,5,4.689443891045779,2.6084910201496347,1.7977611787127301,0.9213244901364411,0.5562474103017624,0.21324490136441165,24.28404450735102,0
2022,NS,SK,OSV,7,3.5554679473780557,2.116445191595769,1.6799244135858222,0.9281256930114484,0.5952648773437883,0.28125693011448466,24.28404450735102,0
2022,NS,SK,PAP,10.7,1.8554232678040463,1.7374847534580113,1.0678788772743526,0.9538960579697555,0.9364357899393926,0.5389605796975546,24.28404450735102,0
2022,NS,SK,PRF,7,2.742621241507056,1.8305082526893501,1.4982840079948536,0.9364614692275375,0.6674302032618603,0.36461469227537424,24.28404450735102,0
2022,NS,SK,PUB,7,2.0959880332203236,1.5570571200741887,1.3461214789091722,0.9477101960579221,0.7428750047212297,0.47710196057922016,24.28404450735102,0
2022,NS,SK,REA,7,4.142018906479134,2.0325410469789023,2.0378525258496922,0.9241428159208968,0.490712643488785,0.24142815920896804,24.28404450735102,0
2022,NS,SK,RUB,7,1.7930610597721974,1.7016687943075877,1.0537074345902884,0.9557705491706482,0.9490300316508904,0.5577054917064825,24.28404450735102,0
2022,NS,SK,TEL,7,2.1335068594107804,1.0402253896697329,2.0510044078891014,0.9468711874812615,0.48756599261978295,0.4687118748126145,24.28404450735102,0
2022,NS,SK,TEX,7.6,2.3680470499224726,1.615450466446611,1.4658741317716126,0.9422288906815742,0.6821868114907172,0.4222889068157404,24.28404450735102,0
2022,NS,SK,TRD,7,2.4246840626803006,1.9734437413473829,1.2286562884355803,0.941242486614713,0.8138972708740839,0.41242486614712903,24.28404450735102,0
2022,NS,SK,TRN,7,2.2882439027997896,1.6623429474673521,1.37651734636708,0.9437016350737982,0.7264710485772019,0.4370163507379813,24.28404450735102,0
2022,NS,SK,WOD,17.8,1.2889253872887911,1.3215975996125746,0.9752782448051046,0.9775840098939679,1,0.7758400989396792,24.28404450735102,0
2022,NS,YT,ACC,7,2.870487316920652,1.8719507818002212,1.5334202933263856,0.9348372903132268,0.6521369283764603,0.3483729031322672,54.132021956094434,0
2022,NS,YT,ADM,7,3.0603801728980864,2.0164342345052058,1.5177188130060908,0.9326756789517765,0.6588835767406322,0.3267567895177646,54.132021956094434,0
2022,NS,YT,ART,7,3.5146484969641016,2.477549873843918,1.418598484764759,0.9284523473930263,0.7049210969415538,0.28452347393026195,54.132021956094434,0
2022,NS,YT,FIN,7,3.6245525162925234,1.953439267566034,1.8554723335774244,0.9275896126626655,0.5389463275218771,0.27589612662665414,54.132021956094434,0
2022,NS,YT,PUB,7,2.8941088036768927,1.7403274183083572,1.662967998567787,0.9345529511098383,0.601334481999196,0.34552951109838204,54.132021956094434,0
2022,NS,YT,TEL,7,2.174654183688254,1.050585985913291,2.0699440244272744,0.9459843228178919,0.48310485124190083,0.45984322817891965,54.132021956094434,0
2022,NS,YT,TRD,7,4.307252392639836,2.341074142343985,1.8398615894869645,0.9232166566721,0.5435191460673108,0.2321665667209992,54.132021956094434,0
2022,NS,YT,TRN,7,2.2281785027061267,1.8888090113746392,1.1796737993559767,0.944879707742692,0.847691964122568,0.4487970774269199,54.132021956094434,0
2022,NT,AB,ACC,7,2.422417954198467,1.286050865077049,1.8836097544659223,0.9412810678795882,0.5308955305784874,0.41281067879588157,5.004574800782324,1
2022,NT,AB,ADM,7,1.9882719702257161,1.2853648729761795,1.5468541361504617,0.9502949302195552,0.6464733659300443,0.5029493021955523,5.004574800782324,1
2022,NT,AB,AGR,3.1,5.444146522762858,2.734237382047825,1.9911023667906362,0.9183683520606736,0.5022343485090888,0.1836835206067357,5.004574800782324,1
2022,NT,AB,ART,7,2.905898208672007,1.345356179709349,2.1599471221812783,0.9344127676948808,0.4629742967921012,0.3441276769488079,5.004574800782324,1
2022,NT,AB,CHM,6.8,1.7394456229749915,1.1184316850080591,1.555254242428278,0.957489580978662,0.6429816892437225,0.5748958097866204,5.004574800782324,1
2022,NT,AB,EDU,7,2.8904346744619516,1.2871640448451243,2.245583759146829,0.9345968725339261,0.4453185038975936,0.3459687253392599,5.004574800782324,1
2022,NT,AB,FIN,7,2.4276369201601695,1.3285565709240958,1.8272740305454913,0.9411923212938293,0.5472632912653351,0.41192321293829326,5.004574800782324,1
2022,NT,AB,HTH,7,2.677597091324129,1.4438714884732557,1.854456655387946,0.9373469183709593,0.5392415061816602,0.37346918370959187,5.004574800782324,1
2022,NT,AB,MFN,7,2.1293189604504064,1.3682676926127648,1.5562151850449542,0.9469633727296767,0.6425846564214788,0.4696337272967663,5.004574800782324,1
2022,NT,AB,MIE,20.2,1.170024460924766,1.8277773908771628,0.6401350989264963,0.9854682986037417,1,0.8546829860374185,5.004574800782324,1
2022,NT,AB,MIN,45,1.1476503630414658,1.0086071058653345,1.137856709879948,0.9871345517941399,0.8788452810596048,0.8713455179413985,5.004574800782324,1
2022,NT,AB,OSV,7,2.631401544842808,1.4838304675291498,1.7733842257765302,0.9380025618651728,0.5638935913970474,0.3800256186517276,5.004574800782324,1
2022,NT,AB,PRF,7,1.9827350274987106,1.3070243869535418,1.5169839578281616,0.9504353827481191,0.6592027521712767,0.5043538274811914,5.004574800782324,1
2022,NT,AB,PUB,7,2.3817625264727535,1.2595030025360974,1.8910336233235714,0.9419857138940271,0.5288113271314858,0.41985713894027027,5.004574800782324,1
2022,NT,AB,TEL,7,2.326422680423197,0.9937594938665865,2.3410319043810035,0.9429844502641322,0.42716205538617463,0.4298445026413219,5.004574800782324,1
2022,NT,AB,TEX,7.6,1.9762304612203276,1.2722301068935977,1.5533592944484598,0.9506013858010517,0.6437660646663609,0.5060138580105163,5.004574800782324,1
2022,NT,AB,TRD,7,2.4269921998320045,1.3981888354100005,1.735811457198713,0.941203263861714,0.5760994351390097,0.41203263861714085,5.004574800782324,1
2022,NT,AB,TRN,7,1.4598915825475074,1.2695152479677794,1.149959864510867,0.968498237263277,0.869595566646448,0.6849823726327693,5.004574800782324,1
2022,NT,AB,WOD,17.8,1.2626769103194722,1.1672004316541627,1.081799557364796,0.9791968231799684,0.9243856620129746,0.7919682317996836,5.004574800782324,1
2022,NT,BC,ACC,7,2.288476910346424,1.3554677450371588,1.6883300386345141,0.9436971854720887,0.5923012545632245,0.4369718547208861,6.9937795351730925,1
2022,NT,BC,ADM,7,1.9432305363688698,1.363216564051528,1.425474563332417,0.9514606981150372,0.701520760680738,0.5146069811503708,6.9937795351730925,1
2022,NT,BC,AGR,3.1,2.397954262863668,3.444797561185124,0.6961089063354692,0.9417022132359518,1,0.41702213235951674,6.9937795351730925,1
2022,NT,BC,ART,7,2.438218587999465,1.4516931664366703,1.679568826506446,0.9410135500123674,0.5953909028426244,0.41013550012367445,6.9937795351730925,1
2022,NT,BC,CHM,6.8,1.4062634536344332,1.1641303950068187,1.2079947913620073,0.9711104307955625,0.8278181389114315,0.7111043079556245,6.9937795351730925,1
2022,NT,BC,EDU,7,3.123680251849647,1.3581079379049756,2.300023558266107,0.9320135199307887,0.43477815538283393,0.3201351993078878,6.9937795351730925,1
2022,NT,BC,FIN,7,2.2865476955155026,1.405279532676253,1.6271123590343184,0.9437340538297648,0.614585707279302,0.4373405382976496,6.9937795351730925,1
2022,NT,BC,HTH,7,3.7460097076274974,1.567941089060871,2.389126564615508,0.9266950723049071,0.41856300742314756,0.26695072304907114,6.9937795351730925,1
2022,NT,BC,MFN,7,1.9411982539064394,1.458439880947618,1.3310101288817955,0.9515145734335797,0.7513090834553733,0.5151457343357971,6.9937795351730925,1
2022,NT,BC,MIS,7,2.1784995399134433,0.7050389636558991,3.0898994980604795,0.9459031540598688,0.3236351216690695,0.4590315405986876,6.9937795351730925,1
2022,NT,BC,OSV,7,2.7799684382411005,1.6052631569224525,1.7317836183138637,0.9359716314129345,0.5774393460157807,0.3597163141293449,6.9937795351730925,1
2022,NT,BC,PRF,7,1.856113753866935,1.3926183704617126,1.3328229709130965,0.9538760082951084,0.7502871887891573,0.5387600829510851,6.9937795351730925,1
2022,NT,BC,PUB,7,1.6000907714318082,1.3193966156017087,1.21274433518392,0.962496454442092,0.8245761047800269,0.624964544420921,6.9937795351730925,1
2022,NT,BC,REA,7,4.153229378064505,1.4316725896407085,2.9009631169280095,0.9240776491970695,0.3447131037842892,0.24077649197069434,6.9937795351730925,1
2022,NT,BC,TEL,7,2.000564740234326,0.9978798752169332,2.0048151986223943,0.9499858854796607,0.49879909165051645,0.4998588547966061,6.9937795351730925,1
2022,NT,BC,TEX,7.6,1.796955660154912,1.3378867965964867,1.3431298258763538,0.9556496758475271,0.7445296655128096,0.5564967584752715,6.9937795351730925,1
2022,NT,BC,TRD,7,2.5840592574268793,1.5015511953851988,1.7209265094447748,0.9386988029444714,0.5810823382124735,0.3869880294447144,6.9937795351730925,1
2022,NT,BC,TRN,7,1.7614812774822726,1.3390457982179162,1.3154750045342432,0.9567704018648058,0.7601816808021068,0.5677040186480574,6.9937795351730925,1
2022,NT,MB,ACC,7,2.519816351068817,1.4376388384116092,1.7527464365479049,0.9396854318202925,0.5705331810398855,0.3968543182029259,10.08358074017095,0
2022,NT,MB,ADM,7,2.6393144432422933,1.5008748060649022,1.7585173877108586,0.9378886268197563,0.5686608543016712,0.37888626819756255,10.08358074017095,0
2022,NT,MB,AGR,3.1,9.09814438028399,4.929100795802409,1.8458020554239656,0.9109912522620222,0.5417699027159812,0.10991252262022093,10.08358074017095,0
2022,NT,MB,ART,7,3.1880211051406993,1.690933073851424,1.8853620846621506,0.9313674209492371,0.5304020952448484,0.3136742094923698,10.08358074017095,0
2022,NT,MB,CHM,6.8,1.5679481111965305,1.3185421521836653,1.1891528144169063,0.9637776207553758,0.8409348133194671,0.6377762075537572,10.08358074017095,0
2022,NT,MB,FIN,7,2.655562290715875,1.4735466337960346,1.802156938783013,0.9376568082585035,0.5548906304882053,0.3765680825850349,10.08358074017095,0
2022,NT,MB,HTH,7,3.3648025758730085,1.76689023745155,1.9043642352827674,0.9297194256557697,0.5251096305384648,0.2971942565576962,10.08358074017095,0
2022,NT,MB,MFN,7,2.672414046836816,1.5537846268722024,1.7199385298440206,0.9374193512859147,0.58141612775585,0.37419351285914804,10.08358074017095,0
2022,NT,MB,OSV,7,3.586979295090426,1.7214343636899065,2.0837154008019865,0.9278786108793191,0.47991198779599037,0.27878610879319016,10.08358074017095,0
2022,NT,MB,PRF,7,2.06240167721558,1.5496144471063493,1.3309127835422396,0.948487159947915,0.7513640355444544,0.48487159947915004,10.08358074017095,0
2022,NT,MB,PUB,7,3.0197725306927112,1.378217183625986,2.191071600738511,0.9331150770409389,0.4563976821492029,0.33115077040938845,10.08358074017095,0
2022,NT,MB,TEL,7,2.3416523527883584,1.0289830372247464,2.2756957773609092,0.9427048873761826,0.4394260471668517,0.42704887376182665,10.08358074017095,0
2022,NT,MB,TRD,7,2.8132417674899273,1.6363628538333048,1.7192041245006837,0.9355461806218041,0.5816644956516926,0.3554618062180397,10.08358074017095,0
2022,NT,MB,TRN,7,1.9325094887298695,1.445120556903123,1.3372652402587197,0.951746188354151,0.7477948053196468,0.5174618835415107,10.08358074017095,0
2022,NT,NB,ACC,7,3.3884929514043165,1.5852319782330406,2.137537595715965,0.929511644685156,0.46782802885160557,0.2951164468515607,18.785010774401552,0
2022,NT,NB,ADM,7,2.754461333912435,1.6742508942883063,1.6451903017100113,0.9363047390677872,0.6078324185114632,0.3630473906778719,18.785010774401552,0
2022,NT,NB,CHM,6.8,1.9342449574287726,1.4204506449225462,1.3617121892568413,0.9516997599584965,0.7343695737538731,0.5169975995849659,18.785010774401552,0
2022,NT,NB,FIN,7,3.6536597627563747,1.635653835538995,2.233761009432897,0.9273698172499124,0.4476754656282044,0.27369817249912326,18.785010774401552,0
2022,NT,NB,HTH,7,5.403003880503188,2.0595113673283763,2.623439698471794,0.9185082228722529,0.38117895394451795,0.1850822287225285,18.785010774401552,0
2022,NT,NB,TEL,7,2.3515669025013293,1.036928469578072,2.2678197884355376,0.9425248373302207,0.44095214491882223,0.42524837330220705,18.785010774401552,0
2022,NT,NB,TRD,7,3.389537700970624,1.868362004520615,1.8141761033297787,0.9295025483774274,0.5512144042491675,0.29502548377427434,18.785010774401552,0
2022,NT,NB,TRN,7,2.284378229211266,1.5957101675539727,1.43157465287881,0.9437755879132709,0.6985315072385925,0.43775587913270947,18.785010774401552,0
2022,NT,NL,ACC,7,3.1461583053096995,1.5368631260630454,2.047129800927137,0.9317847960260717,0.48848880981904713,0.3178479602607163,15.42193152659753,0
2022,NT,NL,ADM,7,2.552993862861889,1.617212359854543,1.5786386044511267,0.9391696985467489,0.6334572062157873,0.39169698546748827,15.42193152659753,0
2022,NT,NL,FIN,7,3.7734803786667483,1.5824105290559354,2.3846405906550707,0.9265007340611461,0.41935040606068685,0.26500734061146,15.42193152659753,0
2022,NT,NL,TEL,7,2.595734323017971,1.0344025494860953,2.5094044135018474,0.9385247438897112,0.3985009329781605,0.3852474388971112,15.42193152659753,0
2022,NT,NL,TRD,7,3.2952779712990514,1.7914446113120381,1.8394528920911595,0.9303464535832704,0.5436399074418059,0.30346453583270366,15.42193152659753,0
2022,NT,NL,TRN,7,1.8157480590472102,1.5463362737397122,1.174225871747769,0.9550737198928764,0.851624908001351,0.5507371989287637,15.42193152659753,0
2022,NT,NS,ACC,7,2.383179763152282,1.6138418962163334,1.4767120426974092,0.9419607457004114,0.6771800940780358,0.4196074570041158,21.05059421767535,0
2022,NT,NS,ADM,7,2.7929774242072534,1.7080865653101727,1.6351498108645768,0.9358040846063708,0.6115647589937068,0.3580408460637077,21.05059421767535,0
2022,NT,NS,ART,7,3.0388129648410036,1.9988688056857011,1.520266340740935,0.9329075863361772,0.6577794779779366,0.3290758633617722,21.05059421767535,0
2022,NT,NS,CHM,6.8,1.6172492081617575,1.4399378784929522,1.123138179998696,0.9618333893721084,0.8903623951250248,0.6183338937210844,21.05059421767535,0
2022,NT,NS,FIN,7,3.4767698983474307,1.6671991955066576,2.0853956190225063,0.9287623290938902,0.47952531926231484,0.28762329093890204,21.05059421767535,0
2022,NT,NS,HTH,7,4.049840065103782,2.118094799703614,1.912020210648965,0.9246923331273422,0.523007023895729,0.2469233312734225,21.05059421767535,0
2022,NT,NS,OSV,7,3.2855847795608,2.0465444238303463,1.6054304716295604,0.9304359822403875,0.622885897378645,0.30435982240387505,21.05059421767535,0
2022,NT,NS,PRF,7,3.980072008637155,1.781597373688488,2.2339907250744915,0.9251251735604256,0.44762943228721574,0.25125173560425534,21.05059421767535,0
2022,NT,NS,PUB,7,3.468191042469278,1.5264764037843899,2.272024011554357,0.9288334750812348,0.4401361935061026,0.28833475081234894,21.05059421767535,0
2022,NT,NS,TEL,7,2.220765168059971,1.0383893153564487,2.138663346413235,0.9450295247053784,0.4675817732964404,0.45029524705378277,21.05059421767535,0
2022,NT,NS,TRD,7,3.1221427211212442,1.9142554866000734,1.6309958325711844,0.9320292853121357,0.6131223514063487,0.3202928531213568,21.05059421767535,0
2022,NT,NS,TRN,7,2.100220106809881,1.6249247466350107,1.292502998159847,0.947614057057998,0.7736925960123209,0.4761405705799784,21.05059421767535,0
2022,NT,NU,ACC,7,3.5724365562150915,1.2094415724742824,2.9537901106761035,0.9279920996290407,0.33854808992203794,0.2799209962904073,3.385029972483387,1
2022,NT,NU,ADM,7,1.428590378528683,1.2000246447797633,1.190467533098762,0.9699990714644114,0.8400061086899371,0.6999907146441152,3.385029972483387,1
2022,NT,NU,AGR,3.1,2.458740432481063,2.0874915317376463,1.1778445062406484,0.940671230959948,0.8490085021423764,0.406712309599481,3.385029972483387,1
2022,NT,NU,ART,7,1.7913924984429792,1.2309484580921233,1.455294481801051,0.9558224956769199,0.687146149803588,0.5582249567691993,3.385029972483387,1
2022,NT,NU,CHM,6.8,1.0133017703309468,1.0673095278289941,0.9493982241422466,0.9986872844082171,1,0.9868728440821707,3.385029972483387,1
2022,NT,NU,FIN,7,1.8162673277920323,1.244211035812356,1.459774327275739,0.9550579743795569,0.6850373933251865,0.5505797437955691,3.385029972483387,1
2022,NT,NU,OSV,7,2.7442043286907096,1.3535467224492053,2.0274175122120264,0.9364404351944563,0.4932383162207887,0.36440435194456205,3.385029972483387,1
2022,NT,NU,PRF,7,1.499742041357503,1.2136659459427612,1.2357123855794778,0.9666781334671957,0.8092497992816166,0.6667813346719562,3.385029972483387,1
2022,NT,NU,REA,7,3.0083168983398747,1.2183364421384906,2.46920045587696,0.9332411788316531,0.40498939550245644,0.33241178831653184,3.385029972483387,1
2022,NT,NU,TEL,7,2.66117234681892,0.9889672422854358,2.690859952721116,0.9375774233936922,0.37162840785851975,0.3757742339369218,3.385029972483387,1
2022,NT,NU,TRD,7,1.5882326482148084,1.2864084424713806,1.2346254857932826,0.9629630678555822,0.8099622205331936,0.629630678555822,3.385029972483387,1
2022,NT,NU,TRN,7,1.5118550117444316,1.19284292599197,1.2674384688890792,0.9661439087896507,0.7889929369719294,0.6614390878965072,3.385029972483387,1
2022,NT,ON,ACC,7,2.1291236473036155,1.5263200049363532,1.3949392266482146,0.9469676808703162,0.7168771089783017,0.4696768087031626,14.760691602211786,0
2022,NT,ON,ADM,7,2.130555904146632,1.6048074835596462,1.327608405352657,0.9469361070532688,0.753234158482423,0.469361070532687,14.760691602211786,0
2022,NT,ON,ART,7,2.488148560131954,1.8439261431725926,1.3493753908445245,0.9401905262420089,0.7410836204550437,0.40190526242008917,14.760691602211786,0
2022,NT,ON,CHM,6.8,1.6167570302667502,1.3800570027024794,1.1715146744668923,0.9618522128730134,0.8535957950804659,0.618522128730134,14.760691602211786,0
2022,NT,ON,FIN,7,2.046430894304452,1.5708198942216445,1.3027788238692233,0.9488655640795476,0.7675900019851588,0.4886556407954756,14.760691602211786,0
2022,NT,ON,HTH,7,3.5878142161786646,1.9407670357468032,1.848657850270051,0.9278721232412388,0.5409329800286843,0.2787212324123871,14.760691602211786,0
2022,NT,ON,MFN,7,2.6225948046490597,1.6708996764486301,1.5695704784761135,0.9381301754364535,0.6371169779969956,0.38130175436453445,14.760691602211786,0
2022,NT,ON,OSV,7,2.6673862008764555,1.8827290808176829,1.416765815142129,0.9374898842796523,0.7058329536979129,0.37489884279652413,14.760691602211786,0
2022,NT,ON,PRF,7,2.3226281473241666,1.6656768541313798,1.3944050081282873,0.9430546749875598,0.717151755889275,0.4305467498755973,14.760691602211786,0
2022,NT,ON,PUB,7,1.8813592494556717,1.4530834835733615,1.2947358295127769,0.9531530594323933,0.7723583276260385,0.5315305943239321,14.760691602211786,0
2022,NT,ON,REA,7,4.1470821979605805,1.819541698081244,2.2791905249183304,0.9241133392651772,0.4387522627296956,0.24113339265177144,14.760691602211786,0
2022,NT,ON,TEL,7,1.9148787906153704,1.0338422557178844,1.8521962901252353,0.9522226265652375,0.539899580477178,0.5222262656523745,14.760691602211786,0
2022,NT,ON,TEX,7.6,2.082623878866487,1.4989397089905043,1.3893980300709214,0.9480163513991913,0.7197361579308956,0.4801635139919127,14.760691602211786,0
2022,NT,ON,TRD,7,2.1582722220323185,1.7747920544174784,1.2160704780373304,0.9463333582201396,0.8223207602358246,0.4633335822013956,14.760691602211786,0
2022,NT,ON,TRN,7,1.7533505257700726,1.5355770057333271,1.1418186904490315,0.9570336612846311,0.8757957882146246,0.57033661284631,14.760691602211786,0
2022,NT,PE,ACC,7,3.197244116367274,1.7536738482223453,1.8231691825753342,0.9312769361238581,0.5484954493293052,0.31276936123857985,35.727551167896046,0
2022,NT,PE,ADM,7,4.677303427634992,1.8744641567324292,2.4952749354185992,0.9213798402321235,0.4007574419178154,0.21379840232123556,35.727551167896046,0
2022,NT,PE,TEL,7,2.7461768301115863,1.0452028687230688,2.627410345196056,0.936414261056866,0.3806029011906705,0.3641426105686598,35.727551167896046,0
2022,NT,PE,TRN,7,2.6980287916054375,1.7678162573185339,1.526192996832076,0.9370640966883441,0.6552251268848065,0.3706409668834405,35.727551167896046,0
2022,NT,QC,ACC,7,2.520959153998712,1.5365821562451238,1.640627638263785,0.9396674415931656,0.6095228293595386,0.3966744159316557,15.403991467942127,0
2022,NT,QC,ADM,7,2.5172944899172904,1.6168816438239462,1.5568823479026308,0.9397251892460489,0.6423092928936858,0.39725189246048703,15.403991467942127,0
2022,NT,QC,ART,7,4.3063989491221015,1.8618929082255626,2.3129144163432165,0.9232212577565266,0.4323549513695489,0.23221257756526692,15.403991467942127,0
2022,NT,QC,CHM,6.8,1.3889824588853232,1.3871197037752847,1.0013428942757923,0.9719951496581544,0.9986589066707628,0.719951496581543,15.403991467942127,0
2022,NT,QC,FIN,7,2.5511654830109416,1.5821015731743946,1.6125168739274918,0.9391977708486311,0.6201485492454858,0.39197770848631036,15.403991467942127,0
2022,NT,QC,HTH,7,4.0705325048588135,1.9612676042524964,2.075460021892437,0.9245668103327107,0.4818208924536086,0.24566810332710634,15.403991467942127,0
2022,NT,QC,MFN,7,2.54316948832969,1.6845481063085497,1.5097042814067734,0.9393210127987492,0.6623813764826708,0.3932101279874913,15.403991467942127,0
2022,NT,QC,OSV,7,2.7748891928530925,1.9017014159067187,1.459161343438367,0.9360374750305548,0.685325172913093,0.3603747503055491,15.403991467942127,0
2022,NT,QC,PRF,7,2.542339418345173,1.6791993140563932,1.5140188523563156,0.939333851050105,0.6604937570253292,0.3933385105010515,15.403991467942127,0
2022,NT,QC,PUB,7,2.2010090374954836,1.4617138007845107,1.5057729059643472,0.9454337071299759,0.6641107673268744,0.45433707129975925,15.403991467942127,0
2022,NT,QC,TEL,7,2.224918806671213,1.034387663879059,2.150952572585351,0.9449454603467592,0.4649102973005322,0.44945460346759286,15.403991467942127,0
2022,NT,QC,TRD,7,2.44187036718944,1.7910002976407868,1.3634114803922803,0.9409522148856324,0.7334542904921706,0.4095221488563239,15.403991467942127,0
2022,NT,QC,TRN,7,1.9951625384407956,1.5460495299757044,1.2904906988795817,0.9501212297611348,0.774899037140067,0.5012122976113477,15.403991467942127,0
2022,NT,SK,ACC,7,2.6358114749419226,1.3244516396162802,1.9901153021378486,0.93793898044328206,0.5024834485347489,0.37938980443282044,6.035496264054607,1
2022,NT,SK,ADM,7,2.6306600037469456,1.3283717841635443,1.980364258793281,0.9380132741812193,0.5049576084600426,0.38013274181219286,6.035496264054607,1
2022,NT,SK,ART,7,2.8594586294833113,1.4038721733128343,2.036836888600483,0.9349716547632198,0.4909573297678751,0.349716547632198,6.035496264054607,1
2022,NT,SK,CHM,6.8,2.111080617799883,1.1437824276087796,1.8457012162823323,0.9473691052614643,0.5417995020961359,0.47369105261464417,6.035496264054607,1
2022,NT,SK,FIN,7,2.56421576612407,1.3709651593383552,1.8703726704197152,0.9389982782732652,0.5346528078682833,0.38998278273265047,6.035496264054607,1
2022,NT,SK,HTH,7,3.080078633449536,1.5120479777317863,2.0370244058458664,0.9324667035815267,0.4909121349406484,0.3246670358152673,6.035496264054607,1
2022,NT,SK,MFN,7,2.3782726302548953,1.4180248342840818,1.6771727636601046,0.9420473240653164,0.5962414973980937,0.42047324065316405,6.035496264054607,1
2022,NT,SK,OSV,7,3.9783675477554703,1.5506146046727316,2.5656714026598078,0.9251359379945723,0.3897615255653196,0.2513593799457226,6.035496264054607,1
2022,NT,SK,PRF,7,2.6374433849811334,1.3542593829566059,1.9475171582146196,0.9379155058150055,0.5134742950951697,0.3791550581500552,6.035496264054607,1
2022,NT,SK,TEL,7,2.294406842709014,0.9960634666957201,2.303474546978757,0.9435842493748536,0.43412678525647375,0.4358424937485353,6.035496264054607,1
2022,NT,SK,TEX,7.6,2.0284599992471124,1.3085690195876187,1.5501360408840792,0.9492984826110035,0.6451046705743816,0.4929848261100353,6.035496264054607,1
2022,NT,SK,TRD,7,3.6480996194804614,1.4551285912039973,2.5070633905021165,0.9274115321484124,0.3988730415786253,0.2741153214841248,6.035496264054607,1
2022,NT,SK,TRN,7,2.288920690894256,1.3079724510306405,1.7499762239569034,0.9436887133738701,0.5714363351399607,0.4368871337387015,6.035496264054607,1
2022,NT,YT,ACC,7,2.769727828326735,1.3026290319452503,2.126259864015642,0.9361046305623512,0.47030939958176415,0.3610463056235118,5.429743491535328,1
2022,NT,YT,ADM,7,2.553402762258476,1.3039131585633195,1.9582613654055552,0.939163425949908,0.5106570643050502,0.39163425949907854,5.429743491535328,1
2022,NT,YT,ART,7,2.2707260468852772,1.3705239315289246,1.6568306431191668,0.944038777877749,0.6035619899674172,0.44038777877749097,5.429743491535328,1
2022,NT,YT,FIN,7,2.4993963750425348,1.3468545603767368,1.855728486632895,0.9400096603318063,0.5388719347701767,0.40009660331806396,5.429743491535328,1
2022,NT,YT,MFN,7,1.6197119414570185,1.3897101125504356,1.1655034577567238,0.9617393731814095,0.8579983125272981,0.617393731814094,5.429743491535328,1
2022,NT,YT,OSV,7,2.880752983468002,1.512542480693068,1.9045765789982974,0.9347131463800881,0.5250510853839991,0.34713146380088006,5.429743491535328,1
2022,NT,YT,PAP,10.7,1.3977185579557123,1.3726057567695942,1.0182957131443342,0.9715451615282685,0.9820330058271188,0.7154516152826853,5.429743491535328,1
2022,NT,YT,PRF,7,1.529644594159837,1.3273811721049278,1.15237779946371,0.9653746630961196,0.8677709692649206,0.6537466309611965,5.429743491535328,1
2022,NT,YT,PUB,7,1.7906079948138116,1.2738402656002137,1.4056770249526576,0.9558469527052448,0.7114009706701149,0.5584695270524471,5.429743491535328,1
2022,NT,YT,TEL,7,2.447430939212591,0.9947618226875592,2.460318523885787,0.9408591713040012,0.4064514371987153,0.4085917130400128,5.429743491535328,1
2022,NT,YT,TRD,7,2.0945639084460828,1.4226972197014018,1.4722485427262544,0.9477426349211698,0.6792331396356743,0.4774263492116987,5.429743491535328,1
2022,NT,YT,TRN,7,1.9525851526146594,1.2861157898654776,1.5182032348882768,0.9512141556879568,0.6586733429491006,0.5121415568795677,5.429743491535328,1
2022,NU,AB,ACC,7,2.6512888963158248,1.3432262921955622,1.9738214712743427,0.9377175041689942,0.5066314327578866,0.3771750416899414,6.543511232762109,0
2022,NU,AB,ADM,7,1.8719539305174273,1.3910590551257211,1.3457041407550048,0.9534201180754266,0.7431053897470746,0.5342011807542666,6.543511232762109,0
2022,NU,AB,AGR,3.1,3.631629834001321,3.6570576737892035,0.9930469131044533,0.9275358460445899,1,0.2753584604458991,6.543511232762109,0
2022,NU,AB,ART,7,3.647837760148153,1.5326313036710792,2.380114350666442,0.9274134998799779,0.420147880592374,0.2741349987997783,6.543511232762109,0
2022,NU,AB,CHM,6.8,1.9212189660006274,1.2520484198560953,1.5344605971560137,0.9520502877442275,0.651694805232152,0.5205028774422756,6.543511232762109,0
2022,NU,AB,EDU,7,3.2202572395962834,1.3513990026604419,2.382906331332715,0.9310534198232364,0.4196556057831777,0.3105341982323648,6.543511232762109,0
2022,NU,AB,FIN,7,2.4292663162983206,1.3704347779386963,1.7726245388724287,0.9411646921249781,0.5641352571120914,0.41164692124978086,6.543511232762109,0
2022,NU,AB,FOD,3.5,3.2686518418584685,1.601127233616209,2.041469143258584,0.9305936529303601,0.4898433088260176,0.30593652930360016,6.543511232762109,0
2022,NU,AB,OSV,7,3.133216816341472,1.5550661713417804,2.014844688980658,0.931916080457134,0.4963161704071175,0.31916080457134105,6.543511232762109,0
2022,NU,AB,PRF,7,2.1132229978153787,1.4276691620852178,1.480190967162769,0.9473210825849325,0.6755885032299586,0.4732108258493242,6.543511232762109,0
2022,NU,AB,PUB,7,2.1331105083324218,1.297918714422486,1.64348543913365,0.9468798965685918,0.6084629508656565,0.468798965685917,6.543511232762109,0
2022,NU,AB,REA,7,4.947930466983395,1.518459853514844,3.258519120890953,0.9202104699464314,0.3068878723432432,0.20210469946431364,6.543511232762109,0
2022,NU,AB,TEL,7,2.2372889462604473,1.0234963473694767,2.1859276313106353,0.9446969535013109,0.45747168647135017,0.44696953501310865,6.543511232762109,0
2022,NU,AB,TRD,7,2.7118091439010183,1.4923024584976943,1.8171980676296717,0.9368757514609407,0.5502977456411157,0.3687575146094058,6.543511232762109,0
2022,NU,AB,TRN,7,1.967055178913502,1.348905818243881,1.4582598372022593,0.9508374147669993,0.6857488456368294,0.5083741476699944,6.543511232762109,0
2022,NU,BC,ACC,7,2.6673593245396803,1.4208666897119138,1.8772762735964328,0.9374902620280668,0.532686645042516,0.37490262028066845,9.35772261622624,0
2022,NU,BC,ADM,7,2.4928076793021665,1.4813021283109853,1.6828489149236039,0.9401154091550272,0.5942304095940764,0.40115409155027104,9.35772261622624,0
2022,NU,BC,CHM,6.8,1.2951899864049574,1.3068075900980756,0.9911099355550527,0.9772087501058966,1,0.7720875010589662,9.35772261622624,0
2022,NU,BC,EDU,7,3.673597486650692,1.431164081520579,2.566859757091988,0.9272212729792486,0.3895810814116726,0.27221272979248584,9.35772261622624,0
2022,NU,BC,FIN,7,2.508394310500694,1.4551945457984765,1.7237518637924243,0.9398661404952873,0.5801299021077786,0.39866140495287306,9.35772261622624,0
2022,NU,BC,FOD,3.5,2.4894849557125145,1.7512807515830378,1.421522479169711,0.9401689513208482,0.7034711125947755,0.4016895132084823,9.35772261622624,0
2022,NU,BC,HTH,7,3.852971479930453,1.7346738865954516,2.2211503324653528,0.9259539943445948,0.45021716242414617,0.25953994344594794,9.35772261622624,0
2022,NU,BC,OSV,7,2.973583628986019,1.6914714000746298,1.7579863477767468,0.9336294560627844,0.56883263130266,0.33629456062784296,9.35772261622624,0
2022,NU,BC,PRF,7,2.005113629279099,1.5278269024390065,1.3123958126919726,0.9498724852994755,0.7619652473203267,0.4987248529947558,9.35772261622624,0
2022,NU,BC,REA,7,5.131956676343785,1.6441783973710618,3.1212894443507238,0.9194857451663533,0.3203804125919554,0.1948574516635321,9.35772261622624,0
2022,NU,BC,TEL,7,2.0249129635085072,1.0280330708688536,1.9696963267894965,0.949384838658316,0.5076924734027141,0.49384838658315927,9.35772261622624,0
2022,NU,BC,TRD,7,2.530476693109311,1.6105171897896067,1.5712199218686298,0.9395182458199706,0.6364481420339388,0.39518245819970577,9.35772261622624,0
2022,NU,BC,TRN,7,2.2181389765625443,1.4280214768104214,1.5532952498143808,0.9450828379360476,0.6437926080823979,0.4508283793604775,9.35772261622624,0
2022,NU,MB,ACC,7,2.506991677503416,1.3649006637610008,1.8367576073964011,0.9398884451421813,0.5444376525095749,0.3988844514218127,7.309467368376863,1
2022,NU,MB,ADM,7,3.4049617006045656,1.3738327613190178,2.478439731874977,0.9293689059651521,0.40347965179023537,0.2936890596515214,7.309467368376863,1
2022,NU,MB,AGR,3.1,5.2633144111099455,3.551393928016704,1.4820418454815778,0.9189994349926954,0.6747447806880634,0.18999434992695347,7.309467368376863,1
2022,NU,MB,ART,7,3.442885592918446,1.4663347508394864,2.347953351680011,0.9290454031367429,0.4259028397154818,0.2904540313674279,7.309467368376863,1
2022,NU,MB,FIN,7,2.616126654915002,1.4157261964044054,1.8479043910886985,0.9382244490388593,0.5411535384743833,0.3822444903885932,7.309467368376863,1
2022,NU,MB,FOD,3.5,4.088078849562083,1.8020019997794374,2.268631694117131,0.9244613677181672,0.4407943354547745,0.24461367718167187,7.309467368376863,1
2022,NU,MB,TEL,7,2.353373241619945,0.9984247074767224,2.357086342111393,0.9424921972560396,0.4242525961540451,0.4249219725603958,7.309467368376863,1
2022,NU,MB,TRD,7,2.6171430865686687,1.5157453941001504,1.726637664053324,0.9382096036373426,0.5791603072369426,0.3820960363734251,7.309467368376863,1
2022,NU,MB,TRN,7,2.2723554786705966,1.3484981531620057,1.6851009201179088,0.9440071991106352,0.593436267265244,0.4400719911063533,7.309467368376863,1
2022,NU,NB,ACC,7,3.7016483410293626,1.4085311624429706,2.628020195598077,0.9270149919136272,0.3805145796348886,0.2701499191362726,8.852430884426923,0
2022,NU,NB,ADM,7,4.729520872949661,1.466924333868788,3.2241069043256476,0.9211437908165172,0.3101634125898066,0.21143790816517316,8.852430884426923,0
2022,NU,NB,CHM,6.8,1.9467588026688312,1.2981560290658882,1.4996339107785501,0.9513674317860584,0.6668294127070252,0.5136743178605845,8.852430884426923,0
2022,NU,NB,FIN,7,3.5997827291933886,1.4417063929731524,2.496890314656754,0.9277794543512372,0.40049816931484605,0.27779454351237254,8.852430884426923,0
2022,NU,NB,TEL,7,2.4955774017594257,1.0273277764886624,2.429192959513995,0.9400708869736912,0.4116593521661073,0.4007088697369124,8.852430884426923,0
2022,NU,NB,TRD,7,4.833459789615601,1.5915775578064633,3.0368986832643894,0.9206891138754985,0.3292832933514565,0.2068911387549846,8.852430884426923,0
2022,NU,NB,TRN,7,2.299639649008151,1.4154473390186821,1.624673405795847,0.943485073864999,0.6155083208924378,0.43485073864999074,8.852430884426923,0
2022,NU,NL,ACC,7,3.4647687419499333,1.3572937512398044,2.5527036713939633,0.9288619551398173,0.391741513598375,0.2886195513981724,6.992224081437719,0
2022,NU,NL,ADM,7,3.193554016404119,1.407365122609353,2.2691723456120947,0.9313130761171837,0.44068931208936285,0.3131307611718373,6.992224081437719,0
2022,NU,NL,FIN,7,3.2547131660641027,1.385768034267735,2.3486709792551625,0.9307246736955715,0.42577270670629713,0.3072467369557151,6.992224081437719,0
2022,NU,NL,TEL,7,2.74326478759343,1.024335966763046,2.6780908574969664,0.9364529156836248,0.3734003262811754,0.36452915683624726,6.992224081437719,0
2022,NU,NL,TRD,7,4.30350293179998,1.513545068309068,2.843326585978607,0.923236884367167,0.35170071736793584,0.23236884367166927,6.992224081437719,0
2022,NU,NL,TRN,7,2.1241061019023766,1.3632358329535614,1.5581354675077221,0.9470786275273344,0.6417927201153605,0.4707862752733431,6.992224081437719,0
2022,NU,NS,ACC,7,3.2746435255290467,1.4381335110391549,2.2770094016951745,0.9305376750844488,0.439172538881713,0.3053767508444882,10.105689147278431,0
2022,NU,NS,CHM,6.8,1.6588921113320554,1.3188877510141284,1.257796283312578,0.9602811956949402,0.7950413061854211,0.602811956949401,10.105689147278431,0
2022,NU,NS,FIN,7,3.0628180869109083,1.4740881264468428,2.077771357058249,0.9326496700627943,0.48128490971972027,0.326496700627943,10.105689147278431,0
2022,NU,NS,OSV,7,4.085020359658027,1.7223207287044433,2.3718116443566486,0.9244796821547229,0.42161864007175365,0.2447968215472282,10.105689147278431,0
2022,NU,NS,TEL,7,2.1688954092311823,1.0290108999365202,2.1077477501598687,0.9461064187670752,0.47444007468358196,0.4610641876707528,10.105689147278431,0
2022,NU,NS,TRD,7,3.2827956707689205,1.6371267781150731,2.0052177477352178,0.9304618410735803,0.4986989573224377,0.3046184107358021,10.105689147278431,0
2022,NU,NS,TRN,7,2.0151653272213683,1.4456249154170657,1.3939752322544807,0.9496237200239477,0.7173728606229944,0.4962372002394763,10.105689147278431,0
2022,NU,NT,ACC,7,3.5724365562150915,1.2094415724742824,2.9537901106761035,0.9279920996290407,0.33854808992203794,0.2799209962904073,3.385029972483387,1
2022,NU,NT,ADM,7,1.428590378528683,1.2000246447797633,1.190467533098762,0.9699990714644114,0.8400061086899371,0.6999907146441152,3.385029972483387,1
2022,NU,NT,AGR,3.1,2.458740432481063,2.0874915317376463,1.1778445062406484,0.940671230959948,0.8490085021423764,0.406712309599481,3.385029972483387,1
2022,NU,NT,ART,7,1.7913924984429792,1.2309484580921233,1.455294481801051,0.9558224956769199,0.687146149803588,0.5582249567691993,3.385029972483387,1
2022,NU,NT,CHM,6.8,1.0133017703309468,1.0673095278289941,0.9493982241422466,0.9986872844082171,1,0.9868728440821707,3.385029972483387,1
2022,NU,NT,FIN,7,1.8162673277920323,1.244211035812356,1.459774327275739,0.9550579743795569,0.6850373933251865,0.5505797437955691,3.385029972483387,1
2022,NU,NT,OSV,7,2.7442043286907096,1.3535467224492053,2.0274175122120264,0.9364404351944563,0.4932383162207887,0.36440435194456205,3.385029972483387,1
2022,NU,NT,PRF,7,1.499742041357503,1.2136659459427612,1.2357123855794778,0.9666781334671957,0.8092497992816166,0.6667813346719562,3.385029972483387,1
2022,NU,NT,REA,7,3.0083168983398747,1.2183364421384906,2.46920045587696,0.9332411788316531,0.40498939550245644,0.33241178831653184,3.385029972483387,1
2022,NU,NT,TEL,7,2.66117234681892,0.9889672422854358,2.690859952721116,0.9375774233936922,0.37162840785851975,0.3757742339369218,3.385029972483387,1
2022,NU,NT,TRD,7,1.5882326482148084,1.2864084424713806,1.2346254857932826,0.9629630678555822,0.8099622205331936,0.629630678555822,3.385029972483387,1
2022,NU,NT,TRN,7,1.5118550117444316,1.19284292599197,1.2674384688890792,0.9661439087896507,0.7889929369719294,0.6614390878965072,3.385029972483387,1
2022,NU,ON,ACC,7,2.398272106930785,1.3867229784254793,1.729452921919448,0.9416966864231165,0.5782175318713744,0.4169668642311655,8.015323828811397,0
2022,NU,ON,ADM,7,2.229966934077024,1.4415421794943817,1.5469314500802056,0.9448437142595523,0.6464410559033833,0.4484371425955232,8.015323828811397,0
2022,NU,ON,AGR,3.1,6.569762072223393,4.206800077371179,1.5617005684588712,0.9152212513787668,0.6403276147788224,0.15221251378766776,8.015323828811397,0
2022,NU,ON,ART,7,2.6143065318538063,1.6049649941576236,1.628886948544284,0.9382510615268554,0.6139161473997243,0.38251061526855434,8.015323828811397,0
2022,NU,ON,CHM,6.8,1.616922681945457,1.2828164572412424,1.260447410709655,0.9618458761922255,0.7933690779189126,0.6184587619222554,8.015323828811397,0
2022,NU,ON,FIN,7,2.118448211494045,1.417880140991068,1.4940954106411948,0.9472043637684561,0.6693012995541212,0.4720436376845605,8.015323828811397,0
2022,NU,ON,FOD,3.5,4.676264541076857,1.6846298800447839,2.775840911092319,0.9213845900123033,0.3602511930723331,0.2138459001230325,8.015323828811397,0
2022,NU,ON,MIN,45,1.1199603049701123,1.0539391162408798,1.0626423174848207,0.9892888788613526,0.9410504207727305,0.8928887886135272,8.015323828811397,0
2022,NU,ON,OSV,7,3.724544514115599,1.6310165762099411,2.28357244705046,0.9268489206186183,0.4379103458231132,0.26848920618618305,8.015323828811397,0
2022,NU,ON,PRF,7,1.7950608403583996,1.4836376961898006,1.2099051169759163,0.955708418206056,0.8265110924561082,0.5570841820605597,8.015323828811397,0
2022,NU,ON,PUB,7,1.9575504661823449,1.3349917798885513,1.466338966031511,0.9510842513271304,0.6819705560347978,0.510842513271303,8.015323828811397,0
2022,NU,ON,REA,7,3.533585504277001,1.5885301461507066,2.2244371709529793,0.9282998670554206,0.4495519194959263,0.28299867055420463,8.015323828811397,0
2022,NU,ON,TEL,7,2.0123784542658214,1.0260668339680479,1.9612547522693708,0.9496924421885063,0.5098776682850091,0.49692442188506303,8.015323828811397,0
2022,NU,ON,TRD,7,2.1266793759660563,1.5582386033186275,1.3647970031269945,0.9470216625647083,0.7327096980055062,0.4702166256470815,8.015323828811397,0
2022,NU,ON,TRN,7,1.7488731919178941,1.3932211726069859,1.2552731944529774,0.9571796745825439,0.7966393327117766,0.5717967458254388,8.015323828811397,0
2022,NU,PE,TEL,7,2.7191358139450745,1.0354415821749057,2.626063952573387,0.9367763903101678,0.38079803769442067,0.36776390310167845,16.726511517294526,0
2022,NU,PE,TRD,7,4.166366596276341,1.822716080545676,2.2858011956689572,0.9240017285299316,0.4374833655239831,0.24001728529931632,16.726511517294526,0
2022,NU,PE,TRN,7,3.2860308933495608,1.5664729723538073,2.09772587931212,0.9304318502307405,0.47670670885173855,0.30431850230740426,16.726511517294526,0
2022,NU,QC,ACC,7,2.84775095016625,1.3734261133008265,2.073464981179149,0.9351154302991848,0.4822844895269534,0.35115430299184713,7.5384607867908,0
2022,NU,QC,ADM,7,2.2968611001344725,1.4260893628954294,1.6106011024940896,0.9435376784404357,0.6208862010906699,0.4353767844043568,7.5384607867908,0
2022,NU,QC,ART,7,2.6278944127047947,1.5827434717213869,1.6603413374668385,0.9380532792780947,0.6022857935499499,0.3805327927809462,7.5384607867908,0
2022,NU,QC,CHM,6.8,1.4663353786143425,1.2734354441717035,1.1514799476687327,0.968197222448863,0.8684476026044426,0.6819722244886296,7.5384607867908,0
2022,NU,QC,FIN,7,2.469860971749038,1.4033652880387941,1.7599558666586899,0.940488108903225,0.5681960661312032,0.4048810890322493,7.5384607867908,0
2022,NU,QC,OSV,7,3.1530463458987437,1.6076713205213784,1.961250602440423,0.931715360013681,0.5098787471400545,0.31715360013681,7.5384607867908,0
2022,NU,QC,PRF,7,1.9568168796591325,1.4664891624573224,1.3343548181291653,0.9511034021831514,0.7494258546628938,0.5110340218315139,7.5384607867908,0
2022,NU,QC,REA,7,4.694572512431344,1.5670114166596119,2.995876394084438,0.9213011940352817,0.33379214241768057,0.21301194035281704,7.5384607867908,0
2022,NU,QC,TEL,7,2.048820608573125,1.0252890177812484,1.9982859204001082,0.9488085680032493,0.5004288874736075,0.4880856800324931,7.5384607867908,0
2022,NU,QC,TRD,7,2.3705751315333394,1.5380026039661225,1.5413336267573419,0.9421838560059972,0.6487888038255548,0.4218385600599709,7.5384607867908,0
2022,NU,QC,TRN,7,1.694945376502713,1.3796719032934308,1.2285133678932572,0.9589989514625753,0.8139919565668803,0.5899895146257531,7.5384607867908,0
2022,NU,SK,ACC,7,3.187591183089238,1.320693302585941,2.4135741256867718,0.9313716515877315,0.41432330142976426,0.3137165158773137,5.875404462010492,0
2022,NU,SK,CHM,6.8,2.175237709599119,1.2360162730850526,1.7598778891234201,0.9459719871344218,0.5682212420420211,0.4597198713442187,5.875404462010492,0
2022,NU,SK,FIN,7,2.6742737915518258,1.3458970362295375,1.9869824507851421,0.9373933291033647,0.5032757081497409,0.3739332910336457,5.875404462010492,0
2022,NU,SK,TEL,7,2.3123989439034145,1.0221344287480851,2.262323701135526,0.9432451330526886,0.44202339368944904,0.43245133052688706,5.875404462010492,0
2022,NU,SK,TRD,7,3.465133792229094,1.4584417120201485,2.3759151727972676,0.92885891454588565,0.4208904473734459,0.28858914545885617,5.875404462010492,0
2022,NU,SK,TRN,7,2.5724354220675187,1.3259567527147067,1.9400598223138315,0.9388736677866254,0.51544802304464,0.38873667786625316,5.875404462010492,0
2022,NU,YT,ACC,7,2.968243367161397,1.4554253717522416,2.039433573696614,0.9336899598955838,0.4903322240534812,0.3368995989558377,10.90462382614422,0
2022,NU,YT,ADM,7,2.6884814833955892,1.5216608441560693,1.7668072972506907,0.9371957183330489,0.5659926815765868,0.37195718333048966,10.90462382614422,0
2022,NU,YT,ART,7,2.376458200252381,1.7212892270946758,1.3806268945652729,0.9420794272709615,0.7243086484381985,0.4207942727096145,10.90462382614422,0
2022,NU,YT,FIN,7,2.36162573815418,1.4930245622714762,1.5817728641792876,0.9423437119541892,0.6322020200535278,0.4234371195418918,10.90462382614422,0
2022,NU,YT,TEL,7,2.693960702100751,1.0299793667579955,2.615548222660392,0.9371200663476718,0.38232902430789634,0.3712006634767166,10.90462382614422,0
2022,NU,YT,TRD,7,1.8899256385599703,1.6638894015857848,1.1358481139183647,0.952912134720917,0.880399401774128,0.5291213472091687,10.90462382614422,0
2022,NU,YT,TRN,7,2.630656244010164,1.4632569106616744,1.7978088638041012,0.9380133285098322,0.556232656392646,0.3801332850983233,10.90462382614422,0
2022,ON,AB,ACC,7,1.8228319484799134,1.5658370088802165,1.1641262392843064,0.9548596924052114,0.8590133666386478,0.5485969240521129,17.36906890953001,0
2022,ON,AB,ADM,7,1.4723284307167646,1.6513544029980338,0.8915884004328521,0.9679196284699316,1,0.6791962846993155,17.36906890953001,0
2022,ON,AB,AGR,3.1,3.272468372049243,7.174368340410223,0.45613330913284644,0.9305579729521968,1,0.3055797295219672,17.36906890953001,0
2022,ON,AB,ART,7,1.9523227233426586,1.9134059100204506,1.0203390264022922,0.9512210398436513,0.9800664035423525,0.5122103984365124,17.36906890953001,0
2022,ON,AB,BMT,8.2,1.421376970054098,1.4897640184231102,0.9540953818703456,0.9703543128296177,1,0.7035431282961759,17.36906890953001,0
2022,ON,AB,CHM,6.8,1.5073227466510917,1.407192400144276,1.0711561166024985,0.9663427923596164,0.9335707321280189,0.6634279235961636,17.36906890953001,0
2022,ON,AB,EDU,7,2.196025274863902,1.5803381715138276,1.3895919964777534,0.9455368165132788,0.7196356934515559,0.45536816513278733,17.36906890953001,0
2022,ON,AB,ELC,11.8,1.3365891587496121,1.0809927821638194,1.236445960419982,0.9748173059353188,0.8087696769702182,0.7481730593531871,17.36906890953001,0
2022,ON,AB,ELQ,14.3,1.084519790358747,1.1411945797994807,0.9503373128089233,0.9922067083413213,1,0.922067083413214,17.36906890953001,0
2022,ON,AB,FIN,7,1.4913487755841786,1.6142908519371937,0.9238414340231927,0.9670533959843356,1,0.6705339598433562,17.36906890953001,0
2022,ON,AB,FMT,11.6,1.2748005427939817,1.3429883579334543,0.9492268010093566,0.9784436440392705,1,0.7844364403927057,17.36906890953001,0
2022,ON,AB,FOD,3.5,1.5312476002186268,2.044857957580088,0.7488283450410049,0.9653062247971669,1,0.653062247971669,17.36906890953001,0
2022,ON,AB,HTH,7,2.8552137727513642,2.0201366233742357,1.4133765705322934,0.9350236472499351,0.7075255249373413,0.3502364724993505,17.36906890953001,0
2022,ON,AB,ITS,7,1.321644749242252,1.3254605465930933,0.9971211535789207,0.9756632976125648,1,0.7566329761256473,17.36906890953001,0
2022,ON,AB,MAC,15,1.1868877489788594,1.2709862393518627,0.933832100010863,0.9842539659593211,1,0.8425396595932104,17.36906890953001,0
2022,ON,AB,MFN,7,1.4218919656519475,1.7235632131259466,0.8249723333750714,0.9703288311739979,1,0.7032883117399802,17.36906890953001,0
2022,ON,AB,MIE,20.2,1.1269452204633468,2.114678297331951,0.5329156788931876,0.9887354577526712,1,0.8873545775267117,17.36906890953001,0
2022,ON,AB,MIN,45,1.1358425718643175,1.0747135430340269,1.0568793696017984,0.9880403697458396,0.9461817769957712,0.8804036974583969,17.36906890953001,0
2022,ON,AB,MIS,7,1.6152261351134007,0.8995696581715225,1.7955542635759096,0.9619108357808854,0.5569310938052436,0.6191083578088542,17.36906890953001,0
2022,ON,AB,MTV,3,3.1773220795832033,3.1277879450072468,1.0158367943885154,0.931473044751295,0.9844100996577425,0.3147304475129505,17.36906890953001,0
2022,ON,AB,NMM,5,1.8732427334381763,2.35853694230633,0.7942393014231943,0.9533833646942587,1,0.533833646942586,17.36906890953001,0
2022,ON,AB,OSV,7,1.8789863367140607,1.9561318659381495,0.9605622041297864,0.9532201847592348,1,0.5322018475923476,17.36906890953001,0
2022,ON,AB,OTE,10.7,1.2967198988296904,1.3350347876728468,0.9713004565896409,0.9771176567046217,1,0.7711765670462182,17.36906890953001,0
2022,ON,AB,PAP,10.7,1.297475355878711,1.6395114041563343,0.791379280796385,0.9770727548287615,1,0.7707275482876151,17.36906890953001,0
2022,ON,AB,PET,71.1,1.070680460549259,1.0649956465293844,1.005337875359773,0.9933985476382935,0.994690466269499,0.933985476382935,17.36906890953001,0
2022,ON,AB,PRF,7,1.6545281598264023,1.7178506595919592,0.9631385304584056,0.9604401922119551,1,0.6044019221195502,17.36906890953001,0
2022,ON,AB,PUB,7,1.2238275289509901,1.4862800920352208,0.8234164848936083,0.9817108600962061,1,0.8171086009620612,17.36906890953001,0
2022,ON,AB,REA,7,2.522173779397459,1.8865838958459213,1.3368998775782228,0.939648338594611,0.747999170896393,0.3964833859461093,17.36906890953001,0
2022,ON,AB,RUB,7,1.4039624448642407,1.6092327445701187,0.8724421309481167,0.9712269764521156,1,0.7122697645211565,17.36906890953001,0
2022,ON,AB,TEL,7,1.8346336427528083,1.035924267773687,1.77101135654987,0.9545067950732404,0.5646491177493705,0.5450679507324048,17.36906890953001,0
2022,ON,AB,TEX,7.6,1.2617577589295816,1.5360661412084693,0.8214215033324795,0.9792545156091098,1,0.7925451560910985,17.36906890953001,0
2022,ON,AB,TRD,7,1.5616579919337052,1.8374175995883202,0.8499200139824502,0.9640345072458382,1,0.6403450724583821,17.36906890953001,0
2022,ON,AB,TRN,7,1.4812528069085673,1.5759095713637326,0.9399351547987281,0.9675104205937026,1,0.6751042059370265,17.36906890953001,0
2022,ON,AB,UTL,7,1.953840612236914,,,0.9511812475253608,1,0.5118124752536081,17.36906890953001,0
2022,ON,AB,WOD,17.8,1.1640482758155664,1.2834422231155687,0.9069736485603751,0.985907090004439,1,0.8590709000443909,17.36906890953001,0
2022,ON,BC,ACC,7,1.707957720127325,1.646929929340233,1.03705548712175,0.9585494587023765,0.9642685588361388,0.5854945870237653,23.95389021263612,0
2022,ON,BC,ADM,7,1.505938529367965,1.7473070308697076,0.8618625706658987,0.9664037728299372,1,0.6640377282993716,23.95389021263612,0
2022,ON,BC,AGR,3.1,5.254776890233524,8.956645380886082,0.5866902915959444,0.9190303036815622,1,0.1903030368156239,23.95389021263612,0
2022,ON,BC,ART,7,1.783808312957238,2.0584425280483347,0.866581548258486,0.9560598351704156,1,0.5605983517041566,23.95389021263612,0
2022,ON,BC,BMT,8.2,1.187266455722936,1.558154806881592,0.7619695106541229,0.9842270911622018,1,0.8422709116220184,23.95389021263612,0
2022,ON,BC,CHM,6.8,1.369848426441055,1.462373013659893,0.9367298313394913,0.9730007773632341,1,0.7300077736323408,23.95389021263612,0
2022,ON,BC,EDU,7,2.2531224110540635,1.6639083161462846,1.354114520127188,0.9443828526623272,0.7384899763914156,0.4438285266232723,23.95389021263612,0
2022,ON,BC,ELC,11.8,1.2871709194064445,1.0905140348349633,1.180334116104469,0.9776897601494239,0.8472177380590871,0.7768976014942381,23.95389021263612,0
2022,ON,BC,ELQ,14.3,1.1142686460160576,1.1582930057610181,0.9619920352397917,0.9897449644280477,1,0.8974496442804774,23.95389021263612,0
2022,ON,BC,FIN,7,1.46867287844028,1.7037295206593048,0.8620340615286967,0.9680886816036253,1,0.6808868160362522,23.95389021263612,0
2022,ON,BC,FMT,11.6,1.2792838548529115,1.3883317415016125,0.9214540131951782,0.9781687344998954,1,0.7816873449989543,23.95389021263612,0
2022,ON,BC,FOD,3.5,1.684651690425373,2.2163787933291417,0.7600919551729328,0.959359451314681,1,0.5935945131468101,23.95389021263612,0
2022,ON,BC,HTH,7,2.9688995634034665,2.186587095711118,1.357777867264842,0.9336825136264841,0.7364974964678406,0.3368251362648412,23.95389021263612,0
2022,ON,BC,ITS,7,1.345012058684153,1.368186731405867,0.983061761826983,0.9743487758004427,1,0.7434877580044272,23.95389021263612,0
2022,ON,BC,MAC,15,1.1967937187562745,1.3057714390576438,0.9165415040935365,0.9835565882681282,1,0.8355658826812816,23.95389021263612,0
2022,ON,BC,MFN,7,1.5606464319320226,1.8325213791651538,0.8516388674510362,0.9640760123202305,1,0.6407601232023047,23.95389021263612,0
2022,ON,BC,MIN,45,1.0817696678356248,1.0834685244550302,0.9984320203300231,0.992441120298813,1,0.9244112029881303,23.95389021263612,0
2022,ON,BC,MIS,7,1.3531128040790164,0.8889126604629728,1.5222111960631475,0.9739036684144483,0.6569390650826062,0.7390366841444832,23.95389021263612,0
2022,ON,BC,MTV,3,3.1072967835438443,3.5563237703836044,0.8737384400770334,0.9321823137492361,1,0.32182313749236047,23.95389021263612,0
2022,ON,BC,NMM,5,2.0627601870639,2.5977805036776638,0.794047142991358,0.9484787328294999,1,0.4847873282949988,23.95389021263612,0
2022,ON,BC,OSV,7,1.9265200000725256,2.109646631741038,0.9131955897669068,0.951907065587814,1,0.5190706558781399,23.95389021263612,0
2022,ON,BC,OTE,10.7,1.4004671946071632,1.379186876214023,1.0154296120128088,0.9714047429208439,0.9848048433586412,0.7140474292084393,23.95389021263612,0
2022,ON,BC,PAP,10.7,1.4136935387558351,1.7333705177280692,0.8155749300552112,0.9707366888639868,1,0.7073668886398682,23.95389021263612,0
2022,ON,BC,PET,71.1,1.0732418646874007,1.0725738721873779,1.0006227939327486,0.9931756422203364,0.9993775936981201,0.9317564222033646,23.95389021263612,0
2022,ON,BC,PRF,7,1.7850874935800112,1.8257650584134983,0.977720263269342,0.9560196631031508,1,0.5601966310315075,23.95389021263612,0
2022,ON,BC,PUB,7,1.1850071538483105,1.554101176570087,0.7625032216136856,0.9843876762053714,1,0.8438767620537144,23.95389021263612,0
2022,ON,BC,REA,7,2.6572537645471694,2.026363738429955,1.3113409572784962,0.9376328378321223,0.7625781795722749,0.37632837832122257,23.95389021263612,0
2022,ON,BC,RUB,7,1.4721807072348123,1.697791120144852,0.8671153298935909,0.9679264437501217,1,0.6792644375012179,23.95389021263612,0
2022,ON,BC,TEL,7,1.725641530872093,1.040049355084612,1.6591919628003668,0.9579494629741917,0.6027030159380777,0.579494629741918,23.95389021263612,0
2022,ON,BC,TEX,7.6,1.2931479437935767,1.6121289423459892,0.8021367955293777,0.9773306723951787,1,0.7733067239517867,23.95389021263612,0
2022,ON,BC,TRD,7,1.625496056812916,1.9676951848648214,0.8260913932787745,0.9615196816878587,1,0.6151968168785865,23.95389021263612,0
2022,ON,BC,TRN,7,1.5337325335115883,1.6587213128923637,0.9246475110621033,0.9652004165100697,1,0.652004165100697,23.95389021263612,0
2022,ON,BC,UTL,7,2.595701153220194,,,0.9385252361875102,1,0.3852523618750998,23.95389021263612,0
2022,ON,BC,WOD,17.8,1.1494636584528692,1.3200170961739206,0.8707945236350334,0.9869970957886532,1,0.8699709578865319,23.95389021263612,0
2022,ON,MB,ACC,7,1.844040815528241,1.4931502852624303,1.235000142804875,0.9542287346125546,0.8097165055615674,0.5422873461255474,12.947308579877738,1
2022,ON,MB,ADM,7,1.5705646972820133,1.519012672063001,1.0339378506625612,0.9636713662118205,0.9671761212331926,0.6367136621182046,12.947308579877738,1
2022,ON,MB,AGR,3.1,2.460878471619765,5.269740277048895,0.46698287624108126,0.9406358953330107,1,0.4063589533301065,12.947308579877738,1
2022,ON,MB,ART,7,1.983896845046424,1.669827014445837,1.188085249480059,0.9504058465790141,0.8416904430364989,0.5040584657901402,12.947308579877738,1
2022,ON,MB,BMT,8.2,1.2162179866990839,1.304479865641333,0.9323394087812492,0.9822221025290115,1,0.8222210252901149,12.947308579877738,1
2022,ON,MB,CHM,6.8,1.4932355141020612,1.2531619207952287,1.1915742804844303,0.9669686724268233,0.8392259017150434,0.6696867242682328,12.947308579877738,1
2022,ON,MB,EDU,7,2.645686327016971,1.4990369081164925,1.764924074045127,0.9377973756672624,0.5665966115517053,0.3779737566726237,12.947308579877738,1
2022,ON,MB,ELC,11.8,1.3373189852605938,1.0344872032613506,1.2927361315292525,0.9747764752479856,0.7735530674903022,0.747764752479856,12.947308579877738,1
2022,ON,MB,ELQ,14.3,1.1422101207113748,1.1082592924785357,1.0306343727169756,0.9875495656943746,0.9702761973325063,0.8754956569437455,12.947308579877738,1
2022,ON,MB,FIN,7,1.6096146367153985,1.5582330251234378,1.0329742796895802,0.9621266716386608,0.9680783148836104,0.6212667163866089,12.947308579877738,1
2022,ON,MB,FMT,11.6,1.2982435894112672,1.2961718747451383,1.0015983332970686,0.9770271471514437,0.9984042172955628,0.770271471514436,12.947308579877738,1
2022,ON,MB,FOD,3.5,1.7636869326630291,2.0795660032929684,0.848103368621266,0.9566994051767498,1,0.5669940517674973,12.947308579877738,1
2022,ON,MB,HTH,7,3.191033349370654,1.8247868052353406,1.748715707618847,0.9313378110008541,0.5718482401931747,0.31337811000854104,12.947308579877738,1
2022,ON,MB,ITS,7,1.6357953378898147,1.3225287947263196,1.2368693554444095,0.9611323419768397,0.8084928255342684,0.6113234197683958,12.947308579877738,1
2022,ON,MB,MAC,15,1.1891971474454328,1.2312968943197962,0.9658086144222588,0.984090346344014,1,0.8409034634401406,12.947308579877738,1
2022,ON,MB,MFN,7,1.5981527445035648,1.6401931368068277,0.9743686329616595,0.9625722418235204,1,0.6257224182352048,12.947308579877738,1
2022,ON,MB,MIN,45,1.1293476942073954,1.0330983312226099,1.0931657327051145,0.988546689839556,0.9147743750853135,0.8854668983955601,12.947308579877738,1
2022,ON,MB,MIS,7,2.2699371573315528,0.6891228555214621,3.293951345749347,0.9440540830291339,0.30358675494416215,0.4405408302913372,12.947308579877738,1
2022,ON,MB,MTV,3,3.573574123894926,2.8653933148899324,1.2471495990881785,0.9279831889679702,0.801828425981233,0.27983188967970124,12.947308579877738,1
2022,ON,MB,NMM,5,1.9992277062003043,2.219884859295621,0.9005997305800212,0.9500193148033439,1,0.5001931480334383,12.947308579877738,1
2022,ON,MB,OSV,7,2.1733080274109065,1.8552910104398004,1.1714108542442188,0.9460128057039071,0.8536714478757231,0.4601280570390726,12.947308579877738,1
2022,ON,MB,OTE,10.7,1.1475010242195784,1.3495407094728908,0.8502900402817594,0.9871458917154436,1,0.8714589171544359,12.947308579877738,1
2022,ON,MB,PAP,10.7,1.3303396708163382,1.5955374646446987,0.8337877989675311,0.9751687724524045,1,0.7516877245240448,12.947308579877738,1
2022,ON,MB,PET,71.1,1.0936644887665796,1.0535593491412178,1.0380663316765708,0.9914357200285241,0.9633295768151054,0.9143572002852418,12.947308579877738,1
2022,ON,MB,PRF,7,1.7573221734333453,1.565047505023602,1.1228554838064444,0.9569047619792029,0.8905865575951339,0.5690476197920288,12.947308579877738,1
2022,ON,MB,PUB,7,1.3939008585941803,1.4371566484415035,0.9699018267116316,0.9717411137122443,1,0.7174111371224426,12.947308579877738,1
2022,ON,MB,REA,7,2.508771237540888,1.6417902421703832,1.528070500787232,0.9398601508593588,0.6544200673233465,0.39860150859358773,12.947308579877738,1
2022,ON,MB,RUB,7,1.4603841168256195,1.5862351890189899,0.9206605218037035,0.9684751353071178,1,0.6847513530711778,12.947308579877738,1
2022,ON,MB,TEL,7,1.846299798948682,1.0055070169782652,1.8361878811121128,0.9541623847096457,0.5446065788182504,0.5416238470964568,12.947308579877738,1
2022,ON,MB,TEX,7.6,1.274120173280337,1.4676928145907202,0.868110929353863,0.9784855322889529,1,0.7848553228895278,12.947308579877738,1
2022,ON,MB,TRD,7,1.6349448596727596,1.712142707848566,0.9549115574175407,0.9611641422696148,1,0.6116414226961475,12.947308579877738,1
2022,ON,MB,TRN,7,1.4745096638266733,1.4771021857572444,0.9982448594582222,0.9678191553797472,1,0.6781915537974722,12.947308579877738,1
2022,ON,MB,UTL,7,2.4972195495277565,,,0.9400445367404363,1,0.4004453674043629,12.947308579877738,1
2022,ON,MB,WOD,17.8,1.1703195065743093,1.2683287773961218,0.9227256587026075,0.9854467514539803,1,0.8544675145398041,12.947308579877738,1
2022,ON,NB,ACC,7,1.8051248004973743,1.4112790513966782,1.2790700738531653,0.9553978317579186,0.781817994527482,0.5539783175791865,8.962951333835209,0
2022,ON,NB,ADM,7,1.628843186419481,1.470125874800792,1.1079617156185322,0.961393264148294,0.9025582616288674,0.6139326414829395,8.962951333835209,0
2022,ON,NB,AGR,3.1,4.076849450823835,4.544130283893996,0.8971682579774684,0.9245287448570838,1,0.24528744857083784,8.962951333835209,0
2022,ON,NB,ART,7,2.1111528278814324,1.646253292926711,1.2823985452009163,0.9473674850438712,0.7797887823112959,0.4736748504387113,8.962951333835209,0
2022,ON,NB,BMT,8.2,1.6754285448277888,1.3583024593974824,1.2334723634167442,0.9596862219571881,0.8107194207659255,0.5968622195718806,8.962951333835209,0
2022,ON,NB,CHM,6.8,1.491810482141145,1.300084826966676,1.1474716504628382,0.967032643353245,0.8714812253502257,0.670326433532451,8.962951333835209,0
2022,ON,NB,EDU,7,2.2853957233120266,1.4213091191393339,1.6079512138048728,0.9437560983334118,0.6219094157923571,0.4375609833341188,8.962951333835209,0
2022,ON,NB,ELC,11.8,1.625968082734248,1.061656841609223,1.5315382701906404,0.9615018222447754,0.6529383035760011,0.6150182224477542,8.962951333835209,0
2022,ON,NB,ELQ,14.3,1.2890036470422972,1.1067926147683669,1.1646297868657753,0.9775792995073804,0.8586419575367181,0.7757929950738038,8.962951333835209,0
2022,ON,NB,FIN,7,1.7237723104325624,1.4447103508390369,1.1931611823999573,0.9580123020858283,0.8381097329939718,0.5801230208582829,8.962951333835209,0
2022,ON,NB,FMT,11.6,1.271030291579209,1.2542691822359864,1.013363247363969,0.978676331054041,0.9868129741247963,0.786763310540409,8.962951333835209,0
2022,ON,NB,FOD,3.5,1.7196262314223967,1.7324676578178793,0.992587782901727,0.9581521717758891,1,0.5815217177588908,8.962951333835209,0
2022,ON,NB,HTH,7,3.2279415695714584,1.7163543702094606,1.8806964491706493,0.9309794950883439,0.5317179178176152,0.3097949508834387,8.962951333835209,0
2022,ON,NB,ITS,7,1.5259726602590225,1.24167397565061,1.2289640357964706,0.96553197354337,0.8136934612182667,0.6553197354336987,8.962951333835209,0
2022,ON,NB,MAC,15,1.1634783047386483,1.202279922914599,0.9677266355060752,0.9859491746367053,1,0.8594917463670537,8.962951333835209,0
2022,ON,NB,MFN,7,1.6127716995914418,1.519266001297607,1.0615466272620935,0.9620050562800257,0.9420217391478767,0.6200505628002567,8.962951333835209,0
2022,ON,NB,MIN,45,1.0938299007575802,1.0569159441159726,1.034926104433483,0.991421892865372,0.9662525621067396,0.9142189286537201,8.962951333835209,0
2022,ON,NB,MTV,3,3.5594406201864524,2.4013924781709752,1.482240263739606,0.9280943020745663,0.6746544568132686,0.2809430207456635,8.962951333835209,0
2022,ON,NB,NMM,5,2.103403253851779,1.9332167572541992,1.0880328064398221,0.9475420011911072,0.9190899337604751,0.47542001191107186,8.962951333835209,0
2022,ON,NB,OSV,7,2.305429915901972,1.6744219132423759,1.3768512569437787,0.9433758577132353,0.7262948666072454,0.4337585771323531,8.962951333835209,0
2022,ON,NB,OTE,10.7,1.3238602979098115,1.2485586243714668,1.0603108833405817,0.9755366711713357,0.9431196224728278,0.7553667117133573,8.962951333835209,0
2022,ON,NB,PAP,10.7,1.3908139391763659,1.4620193073949268,0.9512965609562045,0.9719003435205859,1,0.7190034352058592,8.962951333835209,0
2022,ON,NB,PET,71.1,1.055798005293735,1.0495661401231993,1.0059375630865952,0.9947150870702572,0.994097483477626,0.9471508707025722,8.962951333835209,0
2022,ON,NB,PRF,7,1.87727105089829,1.515396071164394,1.2387989428109312,0.9532688127013673,0.80723349483244,0.5326881270136732,8.962951333835209,0
2022,ON,NB,PUB,7,1.4005099521965458,1.355861474968612,1.0329299696556151,0.9714025629329952,0.9681198429487005,0.7140256293299523,8.962951333835209,0
2022,ON,NB,REA,7,2.6209550551507532,1.628495493436932,1.609433409987055,0.9381540308382923,0.6213366727661278,0.38154030838292324,8.962951333835209,0
2022,ON,NB,RUB,7,1.6495330100736756,1.4412314331897704,1.144530276045178,0.960623218443827,0.8737208800237338,0.6062321844382705,8.962951333835209,0
2022,ON,NB,TEL,7,1.8966867177729014,1.0274853806515982,1.845950077236217,0.9527235199482076,0.5417264596327623,0.5272351994820762,8.962951333835209,0
2022,ON,NB,TEX,7.6,1.6245217189625605,1.3906195241198298,1.168199993445925,0.9615565792889867,0.8560178099729541,0.6155657928898681,8.962951333835209,0
2022,ON,NB,TRD,7,1.90892129759358,1.5957914896478722,1.1962222570912464,0.9523856065339424,0.835965050869072,0.5238560653394237,8.962951333835209,0
2022,ON,NB,TRN,7,1.7013673257497055,1.4182482455418242,1.1996258984263501,0.958776255125233,0.8335932071088028,0.5877625512523295,8.962951333835209,0
2022,ON,NB,UTL,7,2.9098317688909754,,,0.9343662479285231,1,0.34366247928523036,8.962951333835209,0
2022,ON,NB,WOD,17.8,1.1595711270568534,1.2113216318529763,0.9572776515870857,0.9862387805858994,1,0.8623878058589936,8.962951333835209,0
2022,ON,NL,ACC,7,1.8834067989005823,1.475510948039232,1.2764437982675712,0.9530952739781835,0.7834265804395233,0.5309527397818352,11.89884700911547,0
2022,ON,NL,ADM,7,1.8167351996881764,1.5451698591038174,1.1757511246963257,0.9550437950545374,0.8505201304895891,0.5504379505453737,11.89884700911547,0
2022,ON,NL,AGR,3.1,3.0732390475209805,5.525752892766743,0.5561665726210588,0.9325389592067902,1,0.32538959206790213,11.89884700911547,0
2022,ON,NL,ART,7,2.1258444603340267,1.7557690169141458,1.2107768390117213,0.9470401301063612,0.8259160299235946,0.47040130106361283,11.89884700911547,0
2022,ON,NL,BMT,8.2,2.0050795991047274,1.4131206334886501,1.4189019334850945,0.9498733317343862,0.7047703413468531,0.49873331734386117,11.89884700911547,0
2022,ON,NL,CHM,6.8,1.704995924564432,1.3449201278041996,1.267730246069047,0.9586511665859533,0.7888113446064574,0.5865116658595332,11.89884700911547,0
2022,ON,NL,EDU,7,2.8418003369039235,1.487357775552074,1.9106366898503024,0.9351889605689004,0.5233857411574933,0.35188960568900385,11.89884700911547,0
2022,ON,NL,ELC,11.8,1.7402115623112069,1.0698952007177798,1.626525253261927,0.957464277427963,0.6148075463289259,0.5746427742796294,11.89884700911547,0
2022,ON,NL,ELQ,14.3,1.2346909606652114,1.1213972361963287,1.101029074097921,0.9809919268754695,0.9082412295236666,0.809919268754695,11.89884700911547,0
2022,ON,NL,FIN,7,1.718791740827928,1.5150396072635348,1.134486341206888,0.9581804052373621,0.8814561830124646,0.5818040523736215,11.89884700911547,0
2022,ON,NL,FMT,11.6,1.3991692103415962,1.291524188180923,1.0833472753710391,0.9714709838244552,0.923065043623714,0.7147098382445521,11.89884700911547,0
2022,ON,NL,FOD,3.5,2.8204225407170016,1.859944399435933,1.5164015341385224,0.9354556803302877,0.6594559405850947,0.35455680330287753,11.89884700911547,0
2022,ON,NL,HTH,7,3.1196499625793015,1.8404222787465725,1.6950729181043998,0.9320548783355554,0.5899451223126733,0.3205487833555557,11.89884700911547,0
2022,ON,NL,ITS,7,1.6868262563547873,1.2768888024150093,1.321043972791095,0.959282928294049,0.7569770731304312,0.5928292829404902,11.89884700911547,0
2022,ON,NL,MFN,7,2.2793736770100406,1.603615954850743,1.4213962327546148,0.9438717008135211,0.7035335939100077,0.4387170081352111,11.89884700911547,0
2022,ON,NL,MIN,45,1.1572823829635355,1.0645018097138599,1.08715868061757,0.986409334032998,0.9198289245429575,0.8640933403299795,11.89884700911547,0
2022,ON,NL,NMM,5,2.153538648907129,2.1050729321884227,1.023023295762167,0.9464352009891942,0.9774948470308152,0.4643520098919408,11.89884700911547,0
2022,ON,NL,OSV,7,2.456417041241336,1.7897302489127778,1.3725068583567586,0.9407096996646244,0.7285938091393259,0.40709699664624366,11.89884700911547,0
2022,ON,NL,OTE,10.7,1.878946579050544,1.2848862663078262,1.4623446668550475,0.953221310874379,0.6838333141738898,0.5322131087437904,11.89884700911547,0
2022,ON,NL,PAP,10.7,1.7522655760165808,1.5355521097427207,1.1411306492947153,0.9570689747996588,0.8763238465447035,0.5706897479965888,11.89884700911547,0
2022,ON,NL,PET,71.1,1.0992762766689246,1.0561466278866205,1.0408368001596593,0.9909689421325678,0.9607654147572461,0.9096894213256781,11.89884700911547,0
2022,ON,NL,PRF,7,1.948318054330878,1.5990041823133985,1.2184571346849769,0.9513263220949536,0.8207100369259543,0.5132632209495362,11.89884700911547,0
2022,ON,NL,PUB,7,1.512720417190616,1.4102533737294871,1.0726586054463032,0.9661060688172091,0.9322630657346267,0.6610606881720903,11.89884700911547,0
2022,ON,NL,REA,7,3.185050260784809,1.7343979640556106,1.8364010606522398,0.9313966788000889,0.5445433578898212,0.3139667880008889,11.89884700911547,0
2022,ON,NL,RUB,7,1.905895898308058,1.5109206293122164,1.2614136449878495,0.9524687628997859,0.7927613625977802,0.5246876289978593,11.89884700911547,0
2022,ON,NL,TEL,7,1.8884752850105173,1.0310910816375984,1.8315310050118996,0.9529527713673219,0.5459913030484039,0.529527713673219,11.89884700911547,0
2022,ON,NL,TEX,7.6,1.7355221141881503,1.4511436708426126,1.1959684964758948,0.9576195481362555,0.836142425947384,0.5761954813625547,11.89884700911547,0
2022,ON,NL,TRD,7,2.0428399195744156,1.695118481938287,1.205131052101164,0.9489514616597237,0.8297852737729106,0.4895146165972368,11.89884700911547,0
2022,ON,NL,TRN,7,1.627746212185835,1.483741333028287,1.0970552453800266,0.961434638429116,0.9115311231692748,0.6143463842911606,11.89884700911547,0
2022,ON,NL,WOD,17.8,1.2770805908407525,1.241699051275357,1.0284944564699916,0.9783035939291553,0.9722949829328292,0.7830359392915529,11.89884700911547,0
2022,ON,NS,ACC,7,1.7644558982926537,1.4584716075547162,1.2097979070370475,0.9566746950698872,0.8265843362625169,0.5667469506988717,11.05073967854884,0
2022,ON,NS,ADM,7,1.6694932097833164,1.5252238269444425,1.094588990999371,0.9598984167255038,0.9135849238598589,0.5989841672550379,11.05073967854884,0
2022,ON,NS,AGR,3.1,3.114955974824261,5.250786633997133,0.5932360600325932,0.9321031824552968,1,0.32103182455296747,11.05073967854884,0
2022,ON,NS,ART,7,1.9954820888537432,1.72650492763114,1.1557928720143618,0.9501132035003345,0.8652069278270943,0.501132035003344,11.05073967854884,0
2022,ON,NS,BMT,8.2,1.7729208740026279,1.398604854775397,1.267635292376661,0.9564040964638402,0.7888704314354663,0.5640409646384015,11.05073967854884,0
2022,ON,NS,CHM,6.8,1.4552193378965563,1.333072412044475,1.0916281251854503,0.9687181632320423,0.9160628761100451,0.6871816323204225,11.05073967854884,0
2022,ON,NS,EDU,7,2.2086316800345913,1.469830618953915,1.5026436730556643,0.9452769019406775,0.6654937680378172,0.452769019406775,11.05073967854884,0
2022,ON,NS,ELC,11.8,1.5602453782331926,1.0677390798801552,1.4612609088058455,0.9640924827562951,0.6843404856544122,0.6409248275629509,11.05073967854884,0
2022,ON,NS,ELQ,14.3,1.2122788681850605,1.1175673661911518,1.0847479130646958,0.9824892709296443,0.9218731725187093,0.824892709296443,11.05073967854884,0
2022,ON,NS,FIN,7,1.693354617534924,1.4963621056423115,1.1316476213543603,0.9590543758315512,0.8836673016669235,0.5905437583155118,11.05073967854884,0
2022,ON,NS,FMT,11.6,1.3399155518190284,1.2816962984090148,1.04542359487367,0.9746315690300356,0.9565500577025343,0.7463156903003555,11.05073967854884,0
2022,ON,NS,FOD,3.5,1.7319323142900067,1.8257989559243577,0.9485887307965797,0.957738976965156,1,0.5773897696515599,11.05073967854884,0
2022,ON,NS,HTH,7,2.7965712968107113,1.80720451489719,1.5474570109569503,0.9357580727922234,0.6462215059412849,0.357580727922234,11.05073967854884,0
2022,ON,NS,ITS,7,1.5077609393579345,1.267603560968816,1.189457797204016,0.966323511499498,0.8407191935271999,0.6632351149949808,11.05073967854884,0
2022,ON,NS,MAC,15,1.2079953581485965,1.2236143257111165,0.9872353835401176,0.9827817750502473,1,0.8278177505024727,11.05073967854884,0
2022,ON,NS,MFN,7,1.6536707276610292,1.5811616436166998,1.0458581096607393,0.9604715305939056,0.9561526470587727,0.6047153059390556,11.05073967854884,0
2022,ON,NS,MIN,45,1.078252732425169,1.0625168811851882,1.0148099776282407,0.9927426353699874,0.985406156862141,0.9274263536998737,11.05073967854884,0
2022,ON,NS,MTV,3,13.120314610634843,2.6108978520536112,5.0252117677890045,0.9076217684535509,0.19899658884226099,0.0762176845355093,11.05073967854884,0
2022,ON,NS,NMM,5,2.4733729971026635,2.0588025790670494,1.2013648235390677,0.9404306184781435,0.8323866159607765,0.40430618478143454,11.05073967854884,0
2022,ON,NS,OSV,7,2.421757589698408,1.75889367233998,1.3768641207723338,0.9412923243950496,0.7262880809466247,0.4129232439504956,11.05073967854884,0
2022,ON,NS,OTE,10.7,1.491005036872146,1.2753050904346606,1.1691359566078174,0.9670688545826657,0.8553325165889553,0.6706885458266566,11.05073967854884,0
2022,ON,NS,PAP,10.7,1.3085606018998346,1.5160128414889533,0.8631593124334163,0.9764198462454203,1,0.764198462454203,11.05073967854884,0
2022,ON,NS,PET,71.1,1.06020270090735,1.0544253406977515,1.0054791553148519,0.9943215857820559,0.9945507022339651,0.9432158578205593,11.05073967854884,0
2022,ON,NS,PRF,7,1.8501668287818898,1.57675003180199,1.1734052902903227,0.954049180022235,0.8522204631893052,0.54049180022235,11.05073967854884,0
2022,ON,NS,PUB,7,1.4105575093592133,1.3958516986253768,1.0105353675811826,0.9708939545792982,0.9895744692178364,0.7089395457929816,11.05073967854884,0
2022,ON,NS,REA,7,2.381593318210887,1.706113837215944,1.3959170052200023,0.9419886969094801,0.7163749680393039,0.4198869690948013,11.05073967854884,0
2022,ON,NS,RUB,7,1.369784101690037,1.4924152188334299,0.9178304297652168,0.9730042054631969,1,0.7300420546319686,11.05073967854884,0
2022,ON,NS,TEL,7,1.7882330008340255,1.0301488784464696,1.735897634068966,0.9559211243464136,0.5760708352692361,0.5592112434641368,11.05073967854884,0
2022,ON,NS,TEX,7.6,1.4420681665681485,1.4350991129741375,1.0048561479350149,0.9693448495142787,0.9951673202726636,0.6934484951427866,11.05073967854884,0
2022,ON,NS,TRD,7,1.8155556322248239,1.6686158618204605,1.0880608735458455,0.9550795570375653,0.9190662253492613,0.5507955703756524,11.05073967854884,0
2022,ON,NS,TRN,7,1.6186500047186068,1.4663633779261789,1.1038532665810306,0.9617798781135423,0.9059175075844131,0.6177987811354217,11.05073967854884,0
2022,ON,NS,WOD,17.8,1.2005969572124604,1.2336987148561835,0.9731686859643184,0.9832918985836675,1,0.8329189858366747,11.05073967854884,0
2022,ON,NT,ACC,7,2.1291236473036155,1.5263200049363532,1.3949392266482146,0.9469676808703162,0.7168771089783017,0.4696768087031626,14.760691602211786,0
2022,ON,NT,ADM,7,2.130555904146632,1.6048074835596462,1.327608405352657,0.9469361070532688,0.753234158482423,0.469361070532687,14.760691602211786,0
2022,ON,NT,ART,7,2.488148560131954,1.8439261431725926,1.3493753908445245,0.9401905262420089,0.7410836204550437,0.40190526242008917,14.760691602211786,0
2022,ON,NT,CHM,6.8,1.6167570302667502,1.3800570027024794,1.1715146744668923,0.9618522128730134,0.8535957950804659,0.618522128730134,14.760691602211786,0
2022,ON,NT,FIN,7,2.046430894304452,1.5708198942216445,1.3027788238692233,0.9488655640795476,0.7675900019851588,0.4886556407954756,14.760691602211786,0
2022,ON,NT,HTH,7,3.5878142161786646,1.9407670357468032,1.848657850270051,0.9278721232412388,0.5409329800286843,0.2787212324123871,14.760691602211786,0
2022,ON,NT,MFN,7,2.6225948046490597,1.6708996764486301,1.5695704784761135,0.9381301754364535,0.6371169779969956,0.38130175436453445,14.760691602211786,0
2022,ON,NT,OSV,7,2.6673862008764555,1.8827290808176829,1.416765815142129,0.9374898842796523,0.7058329536979129,0.37489884279652413,14.760691602211786,0
2022,ON,NT,PRF,7,2.3226281473241666,1.6656768541313798,1.3944050081282873,0.9430546749875598,0.717151755889275,0.4305467498755973,14.760691602211786,0
2022,ON,NT,PUB,7,1.8813592494556717,1.4530834835733615,1.2947358295127769,0.9531530594323933,0.7723583276260385,0.5315305943239321,14.760691602211786,0
2022,ON,NT,REA,7,4.1470821979605805,1.819541698081244,2.2791905249183304,0.9241133392651772,0.4387522627296956,0.24113339265177144,14.760691602211786,0
2022,ON,NT,TEL,7,1.9148787906153704,1.0338422557178844,1.8521962901252353,0.9522226265652375,0.539899580477178,0.5222262656523745,14.760691602211786,0
2022,ON,NT,TEX,7.6,2.082623878866487,1.4989397089905043,1.3893980300709214,0.9480163513991913,0.7197361579308956,0.4801635139919127,14.760691602211786,0
2022,ON,NT,TRD,7,2.1582722220323185,1.7747920544174784,1.2160704780373304,0.9463333582201396,0.8223207602358246,0.4633335822013956,14.760691602211786,0
2022,ON,NT,TRN,7,1.7533505257700726,1.5355770057333271,1.1418186904490315,0.9570336612846311,0.8757957882146246,0.57033661284631,14.760691602211786,0
2022,ON,NU,ACC,7,2.398272106930785,1.3867229784254793,1.729452921919448,0.9416966864231165,0.5782175318713744,0.4169668642311655,8.015323828811397,0
2022,ON,NU,ADM,7,2.229966934077024,1.4415421794943817,1.5469314500802056,0.9448437142595523,0.6464410559033833,0.4484371425955232,8.015323828811397,0
2022,ON,NU,AGR,3.1,6.569762072223393,4.206800077371179,1.5617005684588712,0.9152212513787668,0.6403276147788224,0.15221251378766776,8.015323828811397,0
2022,ON,NU,ART,7,2.6143065318538063,1.6049649941576236,1.628886948544284,0.9382510615268554,0.6139161473997243,0.38251061526855434,8.015323828811397,0
2022,ON,NU,CHM,6.8,1.616922681945457,1.2828164572412424,1.260447410709655,0.9618458761922255,0.7933690779189126,0.6184587619222554,8.015323828811397,0
2022,ON,NU,FIN,7,2.118448211494045,1.417880140991068,1.4940954106411948,0.9472043637684561,0.6693012995541212,0.4720436376845605,8.015323828811397,0
2022,ON,NU,FOD,3.5,4.676264541076857,1.6846298800447839,2.775840911092319,0.9213845900123033,0.3602511930723331,0.2138459001230325,8.015323828811397,0
2022,ON,NU,MIN,45,1.1199603049701123,1.0539391162408798,1.0626423174848207,0.9892888788613526,0.9410504207727305,0.8928887886135272,8.015323828811397,0
2022,ON,NU,OSV,7,3.724544514115599,1.6310165762099411,2.28357244705046,0.9268489206186183,0.4379103458231132,0.26848920618618305,8.015323828811397,0
2022,ON,NU,PRF,7,1.7950608403583996,1.4836376961898006,1.2099051169759163,0.955708418206056,0.8265110924561082,0.5570841820605597,8.015323828811397,0
2022,ON,NU,PUB,7,1.9575504661823449,1.3349917798885513,1.466338966031511,0.9510842513271304,0.6819705560347978,0.510842513271303,8.015323828811397,0
2022,ON,NU,REA,7,3.533585504277001,1.5885301461507066,2.2244371709529793,0.9282998670554206,0.4495519194959263,0.28299867055420463,8.015323828811397,0
2022,ON,NU,TEL,7,2.0123784542658214,1.0260668339680479,1.9612547522693708,0.9496924421885063,0.5098776682850091,0.49692442188506303,8.015323828811397,0
2022,ON,NU,TRD,7,2.1266793759660563,1.5582386033186275,1.3647970031269945,0.9470216625647083,0.7327096980055062,0.4702166256470815,8.015323828811397,0
2022,ON,NU,TRN,7,1.7488731919178941,1.3932211726069859,1.2552731944529774,0.9571796745825439,0.7966393327117766,0.5717967458254388,8.015323828811397,0
2022,ON,PE,ACC,7,1.9276943296499744,1.59418542912436,1.2092033300723375,0.951875444390687,0.8269907757698431,0.5187544439068705,19.470764497088048,0
2022,ON,PE,ADM,7,2.172026816129584,1.6848320173853792,1.2891652068081316,0.9460399472314959,0.7756957717435756,0.46039947231495854,19.470764497088048,0
2022,ON,PE,AGR,3.1,4.575208030564804,7.762929641717933,0.5893661596490153,0.9218569296372857,1,0.2185692963728583,19.470764497088048,0
2022,ON,PE,ART,7,2.1939732809347894,1.963735073468695,1.1172450452083678,0.9455794064900339,0.8950587915236613,0.4557940649003385,19.470764497088048,0
2022,ON,PE,CHM,6.8,2.0154342198166413,1.4265580981736374,1.412795050125836,0.9496170993906701,0.7078167494364672,0.4961709939067013,19.470764497088048,0
2022,ON,PE,EDU,7,2.8314831642829876,1.6095426932233678,1.7591848766760498,0.9353171797951774,0.5684450868458368,0.3531717979517736,19.470764497088048,0
2022,ON,PE,ELC,11.8,1.9073508839865903,1.0843665848543984,1.7589539465961106,0.9524287381202708,0.5685197170370369,0.5242873812027082,19.470764497088048,0
2022,ON,PE,ELQ,14.3,1.2161406415524085,1.1472413740446366,1.0600564703004611,0.9822273317602063,0.9433459707260323,0.8222733176020628,19.470764497088048,0
2022,ON,PE,FIN,7,1.8975156676699627,1.6455218038798225,1.1531391824745119,0.9527004871178715,0.8671980062754507,0.5270048711787139,19.470764497088048,0
2022,ON,PE,FMT,11.6,1.3788393304222926,1.3589288822417671,1.0146515748106553,0.9725247661519586,0.985559994017267,0.7252476615195864,19.470764497088048,0
2022,ON,PE,FOD,3.5,2.087258243134121,2.104231568277368,0.9919337180379145,0.9479097401238886,1,0.47909740123888583,19.470764497088048,0
2022,ON,PE,HTH,7,3.4902819371394136,2.077780978679907,1.6798122482365403,0.9286509805800842,0.5953046246982636,0.286509805800842,19.470764497088048,0
2022,ON,PE,ITS,7,1.7915027379817647,1.3404882074168356,1.33645542576913,0.9558190606577894,0.7482479256085179,0.5581906065778944,19.470764497088048,0
2022,ON,PE,MAC,15,1.4588104478290889,1.283239668736802,1.136818385037236,0.9685490017903381,0.8796479834967179,0.68549001790338,19.470764497088048,0
2022,ON,PE,MFN,7,1.3880353527513452,1.7615186369768687,0.7879765354816238,0.9720442745221015,1,0.7204427452210157,19.470764497088048,0
2022,ON,PE,MTV,3,4.199180860008797,3.2738060493477708,1.2826602421500763,0.923814168366111,0.779629684571603,0.23814168366110935,19.470764497088048,0
2022,ON,PE,NMM,5,3.25233763247624,2.4409170472765322,1.3324244820630242,0.9307471152445703,0.7505115775504788,0.3074711524457034,19.470764497088048,0
2022,ON,PE,OSV,7,2.5970409211323,2.0093596348256253,1.2924719279322412,0.9385053616931074,0.7737111951049089,0.3850536169310739,19.470764497088048,0
2022,ON,PE,OTE,10.7,1.8499261962200075,1.350559882128365,1.3697476288905344,0.9540562105690119,0.7300614937439083,0.5405621056901192,19.470764497088048,0
2022,ON,PE,PAP,10.7,1.4240548949322716,1.6722672609878129,0.8515713535473262,0.9702220120557614,1,0.702220120557614,19.470764497088048,0
2022,ON,PE,PRF,7,2.436067752456295,1.755447080932308,1.387719276141616,0.941049761403052,0.7206068382795532,0.41049761403051976,19.470764497088048,0
2022,ON,PE,PUB,7,1.6524781636650043,1.5100343458084742,1.0943315085858298,0.9605151718181931,0.9137998788797267,0.6051517181819313,19.470764497088048,0
2022,ON,PE,REA,7,2.808010843079999,1.9351141700639747,1.4510827766752215,0.9356123980954125,0.6891405618439217,0.3561239809541257,19.470764497088048,0
2022,ON,PE,TEL,7,2.0310807403075906,1.0373882336440132,1.957879099103576,0.9492348718667165,0.510756767595024,0.49234871866716545,19.470764497088048,0
2022,ON,PE,TEX,7.6,1.8503461721319405,1.5626748734541214,1.184089028091911,0.9540439413478947,0.8445310920678325,0.5404394134789466,19.470764497088048,0
2022,ON,PE,TRD,7,2.0118711095168846,1.882692834022466,1.0686135694362966,0.9497049734085665,0.9357919725158544,0.49704973408566533,19.470764497088048,0
2022,ON,PE,TRN,7,1.9492149483412011,1.604852042471101,1.214576108424214,0.9513027052686523,0.82333251334689594,0.5130270526865232,19.470764497088048,0
2022,ON,PE,WOD,17.8,1.464037967420343,1.296321494650699,1.1293787640347939,0.9683042395247451,0.8854425387169685,0.6830423952474505,19.470764497088048,0
2022,ON,QC,ACC,7,1.5410085428871203,1.249299506046709,1.233498080667219,0.9648925669241569,0.8107025180445224,0.6489256692415692,4.1610976724933195,1
2022,ON,QC,ADM,7,1.4111400816194195,1.244347546189621,1.1340401529625244,0.9708646868603154,0.8818029920612928,0.7086468686031534,4.1610976724933195,1
2022,ON,QC,AGR,3.1,2.2465078967056713,2.407157307606907,0.9332617729661605,0.9445135314888686,1,0.4451353148886866,4.1610976724933195,1
2022,ON,QC,ART,7,1.6308859607615245,1.29008015032094,1.264174137053268,0.9613163657091671,0.7910302629121604,0.6131636570916711,4.1610976724933195,1
2022,ON,QC,BMT,8.2,1.239395422592421,1.1132707073098276,1.1132920451912083,0.9806845000208503,0.8982369040715185,0.8068450002085032,4.1610976724933195,1
2022,ON,QC,CHM,6.8,1.2954614684688968,1.0940004120020599,1.1841508049326561,0.9771925699327745,0.8444870330995308,0.7719256993277446,4.1610976724933195,1
2022,ON,QC,EDU,7,2.2405061277931235,1.2496358402837924,1.7929272317320095,0.9446327723720619,0.5577471200735663,0.44632772372061763,4.1610976724933195,1
2022,ON,QC,ELC,11.8,1.2526633166650571,1.0029428479604365,1.2489877356545758,0.9798299101359718,0.8006483742419735,0.7982991013597188,4.1610976724933195,1
2022,ON,QC,ELQ,14.3,1.0848552534047982,1.051558598197749,1.0316640986666037,0.9921781958341003,0.9693077439570411,0.9217819583410031,4.1610976724933195,1
2022,ON,QC,FIN,7,1.4619065680113843,1.2880500354904239,1.1349765364159667,0.9684038242854528,0.8810754829855812,0.6840382428545274,4.1610976724933195,1
2022,ON,QC,FMT,11.6,1.1965497287843851,1.1527557674721538,1.0379906677094888,0.9835736263979545,0.963399798388051,0.8357362639795451,4.1610976724933195,1
2022,ON,QC,FOD,3.5,1.4156580229819071,1.5647462222530073,0.904720524548425,0.9706385287806745,1,0.7063852878067435,4.1610976724933195,1
2022,ON,QC,HTH,7,2.3135266759217847,1.3796971706737418,1.6768365733416921,0.9432240531482771,0.5963610383372931,0.4322405314827707,4.1610976724933195,1
2022,ON,QC,ITS,7,1.2879003122209196,1.1823566500704563,1.089265503893579,0.9776457611284798,0.9180498202004016,0.7764576112847974,4.1610976724933195,1
2022,ON,QC,MAC,15,1.1356857519867414,1.1193175725209448,1.0146233561123605,0.9880525267003328,0.9855874044055211,0.8805252670033273,4.1610976724933195,1
2022,ON,QC,MFN,7,1.327979989079199,1.320944529127436,1.005326082811676,0.9753023395099036,0.9947021340610401,0.7530233950990366,4.1610976724933195,1
2022,ON,QC,MIE,20.2,1.2276572866521653,1.7413827204800045,0.7049899325484101,0.9814559576905222,1,0.8145595769052215,4.1610976724933195,1
2022,ON,QC,MIN,45,1.014164279742911,1.0039191860576075,1.010205098007476,0.9986033545032268,0.9898979939542927,0.9860335450322688,4.1610976724933195,1
2022,ON,QC,MIS,7,1.3581261418342712,0.7187432333467598,1.8895845954754737,0.9736308630838524,0.5292168460700069,0.7363086308385246,4.1610976724933195,1
2022,ON,QC,MTV,3,2.2858249094023795,1.8208045799874952,1.2553927722535045,0.943747882695943,0.7965634517752884,0.43747882695943074,4.1610976724933195,1
2022,ON,QC,NMM,5,1.5468573243433426,1.5781808391224932,0.9801521384605282,0.9646472033498313,1,0.646472033498313,4.1610976724933195,1
2022,ON,QC,OSV,7,2.048428251470984,1.420834782885045,1.4417075624455031,0.9488179168238818,0.6936219425136019,0.4881791682388174,4.1610976724933195,1
2022,ON,QC,OTE,10.7,1.2006593104203471,1.2030576823555097,0.9980064364574218,0.9832875730293469,1,0.8328757302934694,4.1610976724933195,1
2022,ON,QC,PAP,10.7,1.1844232355805466,1.3107812900154252,0.9036009627255271,0.9844292791596451,1,0.8442927915964504,4.1610976724933195,1
2022,ON,QC,PET,71.1,1.0400987180234502,1.0275067968571219,1.0122548300457417,0.9961447199839211,0.9878935326540376,0.9614471998392117,4.1610976724933195,1
2022,ON,QC,PRF,7,1.5775220802865544,1.2620902765730853,1.2499280832508681,0.9633905548769467,0.8000460293676704,0.6339055487694674,4.1610976724933195,1
2022,ON,QC,PUB,7,1.2067168345732198,1.2276422529720632,0.9829547913097777,0.9828694828272343,1,0.8286948282723433,4.1610976724933195,1
2022,ON,QC,REA,7,2.365707424972264,1.2755595584199395,1.8546428579961503,0.942270653988911,0.5391873673621727,0.4227065398891091,4.1610976724933195,1
2022,ON,QC,RUB,7,1.3024892074947028,1.3128340988667992,0.9921201838213786,0.976776068027732,1,0.7677606802773197,4.1610976724933195,1
2022,ON,QC,TEL,7,1.6056554858119871,0.9914943405321643,1.6194298042590787,0.962279860707124,0.6175012942024491,0.6227986070712396,4.1610976724933195,1
2022,ON,QC,TEX,7.6,1.1170890865781027,1.237408533488693,0.9027649772453344,0.9895183752142122,1,0.8951837521421204,4.1610976724933195,1
2022,ON,QC,TRD,7,1.4969587297390219,1.3442595963433925,1.113593485819998,0.9668021088446667,0.8979937587041891,0.6680210884466661,4.1610976724933195,1
2022,ON,QC,TRN,7,1.460550816211089,1.232725253847252,1.1848145494324942,0.9684673199248326,0.8440139433458027,0.6846731992483259,4.1610976724933195,1
2022,ON,QC,UTL,7,1.9838035745357019,,,0.9504082164603441,1,0.5040821646034408,4.1610976724933195,1
2022,ON,QC,WOD,17.8,1.1086715054124512,1.1485191351233524,0.9653052104294096,0.9901980428935058,1,0.9019804289350587,4.1610976724933195,1
2022,ON,SK,ACC,7,2.1020279179970114,1.5103373379322702,1.391760545941873,0.9475731074472543,0.7185144045905186,0.47573107447254265,13.803944155998597,0
2022,ON,SK,ADM,7,1.644160930631776,1.5860219098756436,1.0366571359412626,0.9608212968310679,0.9646390936112367,0.6082129683106785,13.803944155998597,0
2022,ON,SK,AGR,3.1,3.3446672255863943,6.122275553467955,0.5463111218004246,0.929898340628631,1,0.29898340628630937,13.803944155998597,0
2022,ON,SK,ART,7,2.2671201123871243,1.816051477161517,1.2483787716913324,0.9441088231071741,0.8010389335963931,0.44108823107173956,13.803944155998597,0
2022,ON,SK,BMT,8.2,1.7932563582331924,1.442731541098612,1.242959141842607,0.9557644753584061,0.8045316747238886,0.5576447535840614,13.803944155998597,0
2022,ON,SK,CHM,6.8,1.5952940099758302,1.3690347000207466,1.165269229444407,0.9626843700124689,0.8581707769600968,0.6268437001246878,13.803944155998597,0
2022,ON,SK,EDU,7,2.7726649712569533,1.523194098383954,1.8202965559009427,0.9360663841598815,0.5493610350237998,0.3606638415988147,13.803944155998597,0
2022,ON,SK,ELC,11.8,1.8131636141919514,1.0742388169909596,1.6878589616327468,0.9551522208019632,0.5924665642872506,0.5515222080196314,13.803944155998597,0
2022,ON,SK,ELQ,14.3,1.1857263106533928,1.1291290232663556,1.050124729965148,0.984336494097778,0.9522678320633288,0.8433649409777805,13.803944155998597,0
2022,ON,SK,FIN,7,1.6587701285939254,1.5532596519160322,1.0679284217212106,0.9602856286571582,0.9363923458355677,0.6028562865715824,13.803944155998597,0
2022,ON,SK,FMT,11.6,1.2980519532131092,1.311491237546571,0.9897526693669696,0.9770385189533183,1,0.7703851895331834,13.803944155998597,0
2022,ON,SK,FOD,3.5,1.8713407755986005,1.9304650616215664,0.9693730349238736,0.9534376214658242,1,0.5343762146582427,13.803944155998597,0
2022,ON,SK,HTH,7,2.599231802212526,1.9089943962839986,1.3615712059040752,0.9384729056927041,0.7344456137613501,0.3847290569270417,13.803944155998597,0
2022,ON,SK,ITS,7,1.6238990078564528,1.2957437024208394,1.2532563382885986,0.9615801841839907,0.7979213585032122,0.6158018418399063,13.803944155998597,0
2022,ON,SK,MAC,15,1.2752303574739579,1.2466941404741076,1.0228895092015096,0.9784172047143584,0.9776226962974939,0.7841720471435856,13.803944155998597,0
2022,ON,SK,MFN,7,1.8806166615207722,1.6496822138581246,1.1399872325243536,0.953174047665373,0.8772028067240981,0.531740476653729,13.803944155998597,0
2022,ON,SK,MIN,45,1.099594299507628,1.0684996424147137,1.0291012330361133,0.9909426322460726,0.9717217003518137,0.9094263224607259,13.803944155998597,0
2022,ON,SK,MTV,3,3.65649097567805,2.853528075452386,1.2813930261044886,0.9273486248606033,0.7804006886474635,0.2734862486060321,13.803944155998597,0
2022,ON,SK,NMM,5,2.68240486946966,2.201169890671362,1.2186269132781569,0.9372799800425992,0.8205956959459878,0.37279980042599264,13.803944155998597,0
2022,ON,SK,OSV,7,2.1875541767730358,1.853306788361135,1.1803518934431105,0.9457131535583336,0.8472049780705477,0.4571315355833368,13.803944155998597,0
2022,ON,SK,PAP,10.7,1.476868898480598,1.5755598098096835,0.9373613678677126,0.9677108171909368,1,0.6771081719093682,13.803944155998597,0
2022,ON,SK,PET,71.1,1.0756995045542215,1.059612235006688,1.0151822232851357,0.9929627647652779,0.9850448294533704,0.9296276476527783,13.803944155998597,0
2022,ON,SK,PRF,7,2.1340008727456627,1.6446538812300393,1.2975379787202643,0.9468603369741538,0.7706903508028952,0.4686033697415377,13.803944155998597,0
2022,ON,SK,PUB,7,1.3794685299290579,1.4396288354921467,0.9582112388416264,0.9724916863490484,1,0.7249168634904829,13.803944155998597,0
2022,ON,SK,REA,7,2.825837873459857,1.792629625277306,1.5763645951252878,0.9353877343563111,0.6343710097856651,0.35387734356310935,13.803944155998597,0
2022,ON,SK,RUB,7,1.5952944852663171,1.548783881636488,1.0300304026799947,0.9626843513367416,0.9708451298118387,0.626843513367415,13.803944155998597,0
2022,ON,SK,TEL,7,1.7859489050811885,1.0329860507175723,1.7289187049917705,0.9559926433032271,0.578396194750383,0.5599264330322711,13.803944155998597,0
2022,ON,SK,TEX,7.6,1.6480484176770376,1.4839122783226175,1.1106104058522623,0.9606778289565985,0.9004057541065609,0.6067782895659845,13.803944155998597,0
2022,ON,SK,TRD,7,1.6287845369405973,1.7496260949401925,0.9309329242693274,0.9613954748046869,1,0.6139547480468687,13.803944155998597,0
2022,ON,SK,TRN,7,1.555947247983883,1.519268703417243,1.0241422366459205,0.9642695310715547,0.9764268714031493,0.6426953107155458,13.803944155998597,0
2022,ON,SK,UTL,7,2.83851374557159,,,0.9352297043324209,1,0.35229704332420997,13.803944155998597,0
2022,ON,SK,WOD,17.8,1.2506934018994675,1.257924381130909,0.9942516582555299,0.9799556468820632,1,0.7995564688206306,13.803944155998597,0
2022,ON,YT,ACC,7,2.465056487988771,1.7754356650610574,1.3884234368492294,0.9405670216837868,0.7202413712270049,0.4056702168378688,38.6456683260345,0
2022,ON,YT,ADM,7,2.102181229947829,1.9005023084871222,1.1061187458494863,0.9475696379433859,0.9040620672530161,0.4756963794338595,38.6456683260345,0
2022,ON,YT,AGR,3.1,11.670169885251623,12.460402678065563,0.9365804771137123,0.9085688555507985,1,0.08568855550798513,38.6456683260345,0
2022,ON,YT,ART,7,2.5118012635381453,2.2948567167539284,1.0945351163758426,0.9398120669224996,0.9136298918495539,0.3981206692249972,38.6456683260345,0
2022,ON,YT,CHM,6.8,1.8322619263651374,1.5485128541421287,1.1832397267249066,0.9545773497560915,0.8451372764231839,0.5457734975609146,38.6456683260345,0
2022,ON,YT,EDU,7,3.3386376017006825,1.7965114657815076,1.8584003861329816,0.9299523374292138,0.5380971761853922,0.29952337429213816,38.6456683260345,0
2022,ON,YT,FIN,7,2.1089142946792427,1.8460694344299584,1.1423808093818786,0.947417763847634,0.8753648448813507,0.4741776384763402,38.6456683260345,0
2022,ON,YT,HTH,7,2.7794505074335003,2.459990191413654,1.1298624348726634,0.9359783344702685,0.885063499002603,0.3597833447026851,38.6456683260345,0
2022,ON,YT,MFN,7,2.321122746360789,2.007531968759882,1.1562071152444076,0.9430825987797444,0.8648969434759209,0.4308259877974427,38.6456683260345,0
2022,ON,YT,OSV,7,3.237216825031847,2.3606604385608345,1.3713182854055033,0.9308907328130597,0.7292253086994291,0.30890732813059635,38.6456683260345,0
2022,ON,YT,PRF,7,2.9047750789561184,1.9990181420698527,1.4531009088033655,0.9344260733729294,0.6881834523271367,0.34426073372929356,38.6456683260345,0
2022,ON,YT,PUB,7,1.9774625203850464,1.6607902397505683,1.1906756633408677,0.9505698585784211,0.8398592755260835,0.5056985857842112,38.6456683260345,0
2022,ON,YT,REA,7,4.353159595251493,2.253756467280882,1.9315128579546594,0.9229718203093408,0.5177288858739113,0.22971820309340793,38.6456683260345,0
2022,ON,YT,TEL,7,2.0173943458128925,1.0462179313080744,1.9282735321603284,0.949568890786053,0.5185986237542018,0.4956889078605295,38.6456683260345,0
2022,ON,YT,TRD,7,2.2532597636400498,2.1788427925682954,1.0341543553879056,0.944380147204357,0.9669736386933316,0.4438014720435697,38.6456683260345,0
2022,ON,YT,TRN,7,2.0168561795376925,1.7900692255919193,1.1266917227018312,0.9495821174630915,0.8875542261036393,0.49582117463091585,38.6456683260345,0
2022,PE,AB,ACC,7,2.280392371680171,1.839899700446704,1.2394112413445804,0.943852102489854,0.8068347023504046,0.43852102489853956,48.49608892055134,0
2022,PE,AB,ADM,7,2.3753431486683168,1.9778546632014384,1.2009695114925618,0.9420991805146396,0.8326606049783917,0.4209918051463965,48.49608892055134,0
2022,PE,AB,AGR,3.1,12.175943150244448,14.574612450217556,0.8354214008663192,0.9082129161384918,1,0.08212916138491692,48.49608892055134,0
2022,PE,AB,ART,7,2.4231891237684726,2.416401874063297,1.0028088248805083,0.9412679303563739,0.9971990425185548,0.4126793035637389,48.49608892055134,0
2022,PE,AB,EDU,7,3.143716896077799,1.863106236732866,1.6873524623000595,0.9318094800854249,0.5926444073438472,0.3180948008542473,48.49608892055134,0
2022,PE,AB,FIN,7,2.7881073805415184,1.9177407986082902,1.4538499585370743,0.935866624326563,0.6878288877940627,0.358666243265629,48.49608892055134,0
2022,PE,AB,FMT,11.6,1.6121632247501814,1.493268945531552,1.0796201378019732,0.962028458697472,0.9262517111212154,0.6202845869747207,48.49608892055134,0
2022,PE,AB,FOD,3.5,2.899683108038298,2.6448698653668914,1.0963424499662706,0.9344865270700744,0.9121237620879913,0.3448652707007432,48.49608892055134,0
2022,PE,AB,HTH,7,4.491774574088332,2.601488427656431,1.7266171651337225,0.9222629159924607,0.5791671832027411,0.22262915992460816,48.49608892055134,0
2022,PE,AB,ITS,7,2.5932204601590274,1.466832160104223,1.7679053750599327,0.938562089701339,0.5656411333474789,0.38562089701339,48.49608892055134,0
2022,PE,AB,MFN,7,2.6876690499487834,2.096364319262948,1.2820620086177243,0.9372069619218577,0.7799934740115776,0.37206961921857756,48.49608892055134,0
2022,PE,AB,MTV,3,8.81756144028479,4.713757005293111,1.8706016093709301,0.9113410040493882,0.5345873728486168,0.11341004049388308,48.49608892055134,0
2022,PE,AB,OSV,7,3.4792399270784604,2.4900607033033952,1.3972510479213571,0.9287419097549765,0.7156910001875941,0.28741909754976463,48.49608892055134,0
2022,PE,AB,OTE,10.7,1.7514315399252143,1.4812572831089454,1.1823952259321298,0.95709615118857,0.8457408978555878,0.5709615118857,48.49608892055134,0
2022,PE,AB,PRF,7,3.043693150434888,2.086922638776554,1.4584599802028289,0.9328548230907283,0.6856547410103975,0.3285482309072839,48.49608892055134,0
2022,PE,AB,PUB,7,2.0870396274020937,1.7139685428157367,1.2176650710131875,0.9479147586308546,0.8212438902989357,0.4791475863085458,48.49608892055134,0
2022,PE,AB,REA,7,4.176577137225462,2.3704617155061674,1.7619255817990012,0.9239430511431739,0.5675608608729986,0.23943051143173882,48.49608892055134,0
2022,PE,AB,TEL,7,2.5706958790397016,1.0491589155524919,2.4502445158043207,0.9388999728888022,0.40812253371037077,0.38899972888802226,48.49608892055134,0
2022,PE,AB,TRD,7,2.5697245657534045,2.286860778490412,1.1236908647537847,0.9389146764336908,0.8899244724385234,0.3891467643369067,48.49608892055134,0
2022,PE,AB,TRN,7,2.2882589752370546,1.8560108903298185,1.2328909206079197,0.9437013472173275,0.8111017635744412,0.4370134721732727,48.49608892055134,0
2022,PE,BC,ACC,7,2.131013348923783,1.9239186412616227,1.1076421337267965,0.9469260317165553,0.9028186717991473,0.4692603171655522,64.44091570197733,0
2022,PE,BC,ADM,7,2.6105785235433534,2.0791535646551846,1.2555967812681996,0.9383056855398738,0.7964340263678938,0.38305685539873907,64.44091570197733,0
2022,PE,BC,AGR,3.1,23.306527736574917,17.734322438321648,1.314204578022808,0.9042906434253211,0.7609165397250998,0.04290643425321142,64.44091570197733,0
2022,PE,BC,ART,7,2.5646974046234368,2.5776922778512183,0.994958718176161,0.9389909545741061,1,0.38990954574106007,64.44091570197733,0
2022,PE,BC,CHM,6.8,2.228022570215616,1.6462164830443262,1.3534201565612825,0.9448828487362777,0.7388688539564545,0.44882848736277636,64.44091570197733,0
2022,PE,BC,EDU,7,3.447662458825366,1.949974057097109,1.7680555524712152,0.9290051596391111,0.5655930881822676,0.2900515963911109,64.44091570197733,0
2022,PE,BC,ELC,11.8,1.6358925260022583,1.1203569115877041,1.4601530182769769,0.9611287101142131,0.6848597287289994,0.6112871011421318,64.44091570197733,0
2022,PE,BC,FIN,7,2.852615207322793,2.0114090743434714,1.4182173301837633,0.9350555517418878,0.7051105487975009,0.35055551741887747,64.44091570197733,0
2022,PE,BC,FMT,11.6,1.5962342803590488,1.5377695798905486,1.0380191552967653,0.9626474454473605,0.9633733586680338,0.6264744544736034,64.44091570197733,0
2022,PE,BC,FOD,3.5,3.24728962320053,2.8401393787671125,1.1433557266510488,0.9307949125589359,0.8746184382432356,0.3079491255893583,64.44091570197733,0
2022,PE,BC,HTH,7,5.020734610566806,2.7901736300376374,1.7994344712157142,0.9199174040765941,0.5557301563331678,0.19917404076594022,64.44091570197733,0
2022,PE,BC,ITS,7,2.15896383866318,1.5085701713679052,1.4311325251151736,0.9463185154883925,0.6987473084783136,0.46318515488392575,64.44091570197733,0
2022,PE,BC,MFN,7,3.3772717194167567,2.213144688631062,1.5260058399099807,0.9296096992803616,0.6553054869429531,0.29609699280361623,64.44091570197733,0
2022,PE,BC,OSV,7,3.6951078638175123,2.662115533067325,1.3880343726329412,0.9270628094457539,0.7204432539398252,0.27062809445753877,64.44091570197733,0
2022,PE,BC,OTE,10.7,2.0790220667097516,1.5244979745388678,1.363742098338056,0.9480995375668424,0.733276475969074,0.4809953756684239,64.44091570197733,0
2022,PE,BC,PRF,7,2.6798592583852674,2.202448821820005,1.2167634643018637,0.9373153924733549,0.8218524218869153,0.3731539247335488,64.44091570197733,0
2022,PE,BC,PUB,7,2.0859539336978123,1.7829549032752303,1.1699420607139208,0.9479396972217541,0.8547431822305637,0.47939697221754074,64.44091570197733,0
2022,PE,BC,REA,7,5.008746860237177,2.525133468218145,1.9835572746067907,0.9199650736582173,0.5041447568980504,0.19965073658217325,64.44091570197733,0
2022,PE,BC,TEL,7,2.609650984769596,1.052852697685097,2.478647763839543,0.9383193003905957,0.4034457878964426,0.3831930039059569,64.44091570197733,0
2022,PE,BC,TRD,7,2.6481523889049554,2.429680276785187,1.0899180497974152,0.9377621772897109,0.9175001736927574,0.3776217728971076,64.44091570197733,0
2022,PE,BC,TRN,7,2.389044632179751,1.9420051356485017,1.2301948065559403,0.9418577362067786,0.8128793868018394,0.41857736206778423,64.44091570197733,0
2022,PE,MB,ACC,7,2.5451682911585647,1.815007937744311,1.402290446355676,0.9392901327379337,0.7131190279437736,0.3929013273793374,44.46796668786276,0
2022,PE,MB,ADM,7,3.057516912600298,1.9479475566248914,1.569609460070835,0.9327062786105584,0.6371011550573038,0.32706278610558503,44.46796668786276,0
2022,PE,MB,EDU,7,4.119925380858348,1.8373859455789359,2.242275440699648,0.9242722842662665,0.44597553977934756,0.24272284266266478,44.46796668786276,0
2022,PE,MB,FIN,7,2.742729428427143,1.8900454785530894,1.4511446732630051,0.936460031005445,0.6891111674974673,0.36460031005444976,44.46796668786276,0
2022,PE,MB,FMT,11.6,1.847207490538115,1.4799522787612853,1.248153414841336,0.9541357700811774,0.8011835629413545,0.5413577008117736,44.46796668786276,0
2022,PE,MB,FOD,3.5,2.496667307058617,2.5880198727594435,0.9647017526169833,0.9400533942657391,1,0.4005339426573914,44.46796668786276,0
2022,PE,MB,HTH,7,5.782585569710889,2.5465115774857403,2.2707870723369097,0.9172933022424776,0.44037594373429356,0.17293302242477612,44.46796668786276,0
2022,PE,MB,ITS,7,2.5599012861854096,1.4543314973490853,1.7601910505627678,0.939064006311358,0.5681201479125123,0.3906400631135788,44.46796668786276,0
2022,PE,MB,MFN,7,2.880033044762438,2.061982844935382,1.3967298766991882,0.9347218238283264,0.7159580507887772,0.34721823828326454,44.46796668786276,0
2022,PE,MB,OSV,7,5.445130702540331,2.4398235952970984,2.2317722941265656,0.9183650320741332,0.44807438582857917,0.18365032074133086,44.46796668786276,0
2022,PE,MB,PUB,7,2.03930524227365,1.6934606840607094,1.204223553264696,0.949036308016601,0.8304105971760491,0.4903630801660108,44.46796668786276,0
2022,PE,MB,REA,7,5.769183755345733,2.325193014454632,2.4811633784728535,0.9173334745850902,0.4030367402147843,0.17333474585090114,44.46796668786276,0
2022,PE,MB,TEL,7,2.7525671238119815,1.0480347238853178,2.6264083251054418,0.9363297225832996,0.3807481077641853,0.3632972258329954,44.46796668786276,0
2022,PE,MB,TRD,7,3.371307370798813,2.24498864924355,1.5017035261780842,0.9296620832814498,0.6659104027977171,0.29662083281449814,44.46796668786276,0
2022,PE,MB,TRN,7,2.3971251391684385,1.830544584387429,1.3095147529392785,0.9417166373027527,0.763641644934083,0.41716637302752557,44.46796668786276,0
2022,PE,NB,ACC,7,1.6103090241419744,1.2059093704528865,1.335348296976259,0.9620998817623115,0.7488682932118788,0.620998817623116,3.322585379506413,1
2022,PE,NB,ADM,7,1.5870974600386614,1.1961050248623084,1.3268880466590822,0.9630081028530939,0.7536430842962671,0.6300810285309386,3.322585379506413,1
2022,PE,NB,AGR,3.1,2.69755221255051,2.0608335893057275,1.308961687420519,0.9370706448367317,0.7639643005675982,0.370706448367318,3.322585379506413,1
2022,PE,NB,ART,7,1.524224886981923,1.2257497082079454,1.2435041809721092,0.96560711667555,0.8041790412142001,0.6560711667554997,3.322585379506413,1
2022,PE,NB,CHM,6.8,1.0588408931562519,1.064934163545663,0.9942782656449636,0.9944428956667083,1,0.9444289566670818,3.322585379506413,1
2022,PE,NB,EDU,7,2.094467936534779,1.2053577913170481,1.7376317236446734,0.9477448225659861,0.5754959387496134,0.4774482256598607,3.322585379506413,1
2022,PE,NB,ELC,11.8,1.881005949243815,0.9968043626767057,1.8870362326593098,0.9531630429133949,0.5299315310924093,0.5316304291339488,3.322585379506413,1
2022,PE,NB,FIN,7,2.41226578704478,1.240330720013739,1.944856922529549,0.9414548017623333,0.5141766411790154,0.4145480176233319,3.322585379506413,1
2022,PE,NB,FMT,11.6,1.2327035434600107,1.126266976589484,1.0945038512918435,0.9811225055128139,0.9136559901728071,0.8112250551281395,3.322585379506413,1
2022,PE,NB,FOD,3.5,1.662049785175835,1.4789527248491532,1.1238018343996472,0.9601666694294723,0.8898365969781639,0.6016666942947235,3.322585379506413,1
2022,PE,NB,HTH,7,2.797934882323192,1.3053006866987795,2.1435175135005986,0.9357406459427561,0.4665228969213741,0.35740645942756044,3.322585379506413,1
2022,PE,NB,ITS,7,1.8476755333360768,1.156384617012942,1.5978036253273664,0.9541220567116807,0.6258591382248959,0.5412205671168068,3.322585379506413,1
2022,PE,NB,MAC,15,1.0972321651702843,1.0983579152144884,0.9989750608352612,0.9911384146166372,1,0.9113841461663726,3.322585379506413,1
2022,PE,NB,MFN,7,1.5145299574679998,1.265455825872734,1.1968256232282857,0.9660270861641989,0.8355436085188639,0.6602708616419882,3.322585379506413,1
2022,PE,NB,MTV,3,1.9602468193952567,1.6642697153853478,1.1778420296143992,0.9510139840608697,0.8490102873365616,0.5101398406086962,3.322585379506413,1
2022,PE,NB,NMM,5,2.0953655081389657,1.474963559347925,1.4206218823909913,0.9477243705747628,0.703917074905914,0.47724370574762726,3.322585379506413,1
2022,PE,NB,OSV,7,2.0901522145843034,1.347636064053909,1.5509767587376557,0.9478434055195776,0.6447549870533861,0.478434055195776,3.322585379506413,1
2022,PE,NB,OTE,10.7,1.4111875602370252,1.175963528421786,1.2000266386925487,0.9708623026574893,0.8333148346519362,0.7086230265748931,3.322585379506413,1
2022,PE,NB,PAP,10.7,1.224027802832945,1.260678260412665,0.9709279847756532,0.9816974906685579,1,0.8169749066855794,3.322585379506413,1
2022,PE,NB,PET,71.1,1.0604060807543068,1.0224189018592735,1.0371542220375165,0.9943034954390927,0.9641767624832823,0.9430349543909277,3.322585379506413,1
2022,PE,NB,PRF,7,1.7430460490330821,1.209390319429506,1.4412601300259393,0.9573708308254237,0.6938372741789521,0.5737083082542362,3.322585379506413,1
2022,PE,NB,PUB,7,1.6724287774108906,1.1898853242352405,1.4055377802779347,0.9597932787038089,0.7114714481756993,0.5979327870380905,3.322585379506413,1
2022,PE,NB,REA,7,2.5103376251762892,1.2133026709020194,2.0690118676735465,0.9398352791262402,0.4833225055999449,0.3983527912624003,3.322585379506413,1
2022,PE,NB,TEL,7,2.8162880158270576,0.9887396049834977,2.848361693647401,0.9355077319642087,0.35107900876151515,0.3550773196420859,3.322585379506413,1
2022,PE,NB,TEX,7.6,1.2826554387213713,1.1962401825116984,1.0722390515491882,0.9779632604214318,0.9326278487574052,0.779632604214317,3.322585379506413,1
2022,PE,NB,TRD,7,1.7734154309788988,1.2813140887362535,1.384059885525804,0.9563883669066765,0.7225120895835373,0.5638836690667651,3.322585379506413,1
2022,PE,NB,TRN,7,1.527160438460582,1.1893094597149663,1.2840732292052786,0.9654810047992094,0.7787717843934077,0.6548100479920934,3.322585379506413,1
2022,PE,NB,UTL,7,1.630475839677901,,,0.9613317888965192,1,0.6133178889651926,3.322585379506413,1
2022,PE,NB,WOD,17.8,1.0675329090419923,1.12614655948594,0.947952022807135,0.9936739271951255,1,0.936739271951254,3.322585379506413,1
2022,PE,NL,ACC,7,2.179590585989158,1.3992991926695788,1.55763013185975,0.9458801761407944,0.6420009343335178,0.4588017614079447,8.489492786563845,0
2022,PE,NL,ADM,7,2.182025631576222,1.4561736790685635,1.4984652331938502,0.9458289758621046,0.6673494838906511,0.458289758621045,8.489492786563845,0
2022,PE,NL,AGR,3.1,5.8901025091615935,4.377050306710046,1.3456785041131532,0.9169776332151194,0.7431195467144904,0.169776332151194,8.489492786563845,0
2022,PE,NL,ART,7,1.9408003479276192,1.6260700236956545,1.193552749663671,0.9515251350334822,0.8378347754481635,0.5152513503348229,8.489492786563845,0
2022,PE,NL,EDU,7,2.4970678348101107,1.4089971713086828,1.7722305520960153,0.9400469697322437,0.5642606707221591,0.40046969732243776,8.489492786563845,0
2022,PE,NL,ELQ,14.3,1.1384601265889702,1.1040170787260446,1.0311979302916856,0.9878379467707998,0.9697459339519223,0.8783794677079982,8.489492786563845,0
2022,PE,NL,FIN,7,2.2525716987519933,1.4316170397708965,1.5734457163994606,0.9443937034525488,0.635547823212049,0.44393703452548766,8.489492786563845,0
2022,PE,NL,FOD,3.5,2.9831196701035467,1.7090672145895216,1.7454665589732368,0.93352195388009,0.572912723454436,0.3352195388008987,8.489492786563845,0
2022,PE,NL,HTH,7,3.4386773354797615,1.693563132172307,2.0304394150745497,0.9290809489358641,0.49250422966364843,0.2908094893586405,8.489492786563845,0
2022,PE,NL,ITS,7,2.5341874709319048,1.2350407094237768,2.0519060234980113,0.9394603797655217,0.48735175419741594,0.3946037976552172,8.489492786563845,0
2022,PE,NL,MFN,7,2.522950559221149,1.5036235526445552,1.6779137003964948,0.93963613144717,0.5959782077968001,0.3963613144716979,8.489492786563845,0
2022,PE,NL,OSV,7,3.048544339539136,1.6531990688944684,1.8440273751047818,0.9328025407743019,0.5422912986544887,0.32802540774301975,8.489492786563845,0
2022,PE,NL,OTE,10.7,1.8055348659531394,1.2417186647415464,1.4540611470384452,0.9553852500362601,0.6877289872140158,0.553852500362601,8.489492786563845,0
2022,PE,NL,PAP,10.7,1.6529477711162643,1.4483422123474068,1.1412687947810636,0.9604979792752123,0.8762177714600844,0.6049797927521222,8.489492786563845,0
2022,PE,NL,PRF,7,2.0641418120424255,1.4998881287531993,1.3761971792911443,0.948446283785634,0.7266400593228094,0.4844628378563393,8.489492786563845,0
2022,PE,NL,PUB,7,1.8272833280999017,1.3456853636020605,1.3578830367960046,0.9547260506688828,0.7364404539286032,0.547260506688828,8.489492786563845,0
2022,PE,NL,REA,7,3.2557995084374016,1.6089616914192575,2.0235407255504487,0.9307144219847845,0.4941832834760355,0.30714421984784407,8.489492786563845,0
2022,PE,NL,TEL,7,2.8807524040378563,1.02679619771984,2.8055736965475844,0.9347131533622373,0.3564333388321098,0.34713153362237337,8.489492786563845,0
2022,PE,NL,TRD,7,2.1551083618378457,1.5774416715970354,1.3662047862955011,0.9464013790539616,0.7319546893928877,0.4640137905396155,8.489492786563845,0
2022,PE,NL,TRN,7,1.8276769369494508,1.4060378213743658,1.2998775062558015,0.9547142648562982,0.769303257566495,0.5471426485629816,8.489492786563845,0
2022,PE,NL,WOD,17.8,1.178019761181573,1.2055886180651747,0.9771324509285378,0.9848882194469287,1,0.8488821944692878,8.489492786563845,0
2022,PE,NS,ACC,7,1.5684527014498242,1.163140548100366,1.3484636091583355,0.963757102721404,0.7415847140466516,0.6375710272140397,2.617105872938843,0
2022,PE,NS,ADM,7,1.6945430373736385,1.1841728342581437,1.4309930006418614,0.9590129597150802,0.6988154376376805,0.5901295971508009,2.617105872938843,0
2022,PE,NS,AGR,3.1,2.6756095360770544,1.942721535380237,1.377248096214352,0.9373746612320042,0.7260855925295554,0.37374661232004264,2.617105872938843,0
2022,PE,NS,ART,7,1.6247789863276445,1.2444365821345857,1.3056342200585715,0.9615468324255114,0.7659112978481365,0.6154683242551151,2.617105872938843,0
2022,PE,NS,CHM,6.8,1.7091293471707438,1.1220109860835576,1.523273273051056,0.9585093224018052,0.6564810252313031,0.5850932240180526,2.617105872938843,0
2022,PE,NS,EDU,7,2.128411978504861,1.1667597026657355,1.8242076527343256,0.9469833852702929,0.548183206281965,0.4698338527029278,2.617105872938843,0
2022,PE,NS,ELC,11.8,1.6126522171306656,1.0265940302527294,1.5708762856663592,0.9620096502753249,0.6365873679070814,0.6200965027532497,2.617105872938843,0
2022,PE,NS,ELQ,14.3,1.1572621054905334,1.045516730740311,1.1068805227737462,0.9864108480918525,0.9034398739749139,0.8641084809185261,2.617105872938843,0
2022,PE,NS,FIN,7,2.204513207641468,1.1751482179067452,1.8759448161937382,0.9453614882656958,0.5330647209703023,0.45361488265695865,2.617105872938843,0
2022,PE,NS,FMT,11.6,1.1039795430975645,1.1044906970354207,0.9995372039445618,0.9905813886002074,1,0.9058138860020749,2.617105872938843,0
2022,PE,NS,FOD,3.5,1.5133640154245671,1.2726167628965108,1.1891749814611188,0.9660779554560411,0.8409191377128683,0.6607795545604107,2.617105872938843,0
2022,PE,NS,HTH,7,2.5826522363351394,1.2674107856916463,2.0377388811045543,0.938719885934741,0.4907400105444084,0.3871988593474086,2.617105872938843,0
2022,PE,NS,ITS,7,1.7495752048933866,1.0996114455115067,1.591084934623917,0.9571567313713123,0.6285019600392162,0.5715673137131232,2.617105872938843,0
2022,PE,NS,MAC,15,1.068404874708853,1.08416868809543,0.9854599993896989,0.9935974763567514,1,0.9359747635675157,2.617105872938843,0
2022,PE,NS,MFN,7,1.7209832669556202,1.2013765130778524,1.4325094990799907,0.9581063174291622,0.6980756502084182,0.5810631742916228,2.617105872938843,0
2022,PE,NS,MIN,45,1.0334051663688002,1.0245804531002247,1.0086130017822155,0.9967674666765814,0.9914605485285274,0.9676746667658147,2.617105872938843,0
2022,PE,NS,MTV,3,1.4562561988293496,1.4685934978427113,0.99159924170202,0.9686692355921902,1,0.6866923559219021,2.617105872938843,0
2022,PE,NS,NMM,5,2.460549490612694,1.3353206749784836,1.8426656133758592,0.9406413284437126,0.5426920612948043,0.4064132844371251,2.617105872938843,0
2022,PE,NS,OSV,7,2.2075745589538798,1.2537330381713054,1.7608011368782681,0.9452985832774716,0.5679233043732038,0.45298583277471616,2.617105872938843,0
2022,PE,NS,OTE,10.7,1.2131057555559408,1.1022819109057542,1.1005403822322746,0.9824330438974566,0.9086445314906627,0.8243304389745649,2.617105872938843,0
2022,PE,NS,PAP,10.7,1.1237663853870123,1.1813039104632,0.9512932069668452,0.9889864666716839,1,0.8898646667168385,2.617105872938843,0
2022,PE,NS,PET,71.1,1.1246095509761562,1.0214487603335352,1.100994582057093,0.98891974989293,0.9082696829730124,0.8891974989292989,2.617105872938843,0
2022,PE,NS,PRF,7,1.8840012346795416,1.200033107546876,1.5699577143591001,0.9530785214782567,0.6369598307354587,0.530785214782566,2.617105872938843,0
2022,PE,NS,PUB,7,1.665052143148527,1.1428789316496182,1.4568928493110027,0.9600581792056705,0.6863922768739804,0.6005817920567053,2.617105872938843,0
2022,PE,NS,REA,7,2.54595536747976,1.2385300389289442,2.0556266601990947,0.9392779862826072,0.4864696587964794,0.39277986282607125,2.617105872938843,0
2022,PE,NS,TEL,7,2.520158321792941,1.0119655858408647,2.4903597089212135,0.9396800467396256,0.4015484174505799,0.39680046739625474,2.617105872938843,0
2022,PE,NS,TEX,7.6,1.4002283226868448,1.1556401914004677,1.2116473043309197,0.9714169242114128,0.8253226796490973,0.7141692421141276,2.617105872938843,0
2022,PE,NS,TRD,7,1.8589360629952512,1.2275567823817635,1.51433814685823,0.9537942116410786,0.6603544935288608,0.5379421164107862,2.617105872938843,0
2022,PE,NS,TRN,7,1.7238308388383465,1.1656567702716996,1.4788494201741254,0.9580103324218215,0.6762013673320818,0.5801033242182156,2.617105872938843,0
2022,PE,NS,WOD,17.8,1.079874875628843,1.0877379272000702,0.9927711892960582,0.9926033212336449,1,0.9260332123364482,2.617105872938843,0
2022,PE,NT,ACC,7,3.197244116367274,1.7536738482223453,1.8231691825753342,0.9312769361238581,0.5484954493293052,0.31276936123857985,35.727551167896046,0
2022,PE,NT,ADM,7,4.677303427634992,1.8744641567324292,2.4952749354185992,0.9213798402321235,0.4007574419178154,0.21379840232123556,35.727551167896046,0
2022,PE,NT,TEL,7,2.7461768301115863,1.0452028687230688,2.627410345196056,0.936414261056866,0.3806029011906705,0.3641426105686598,35.727551167896046,0
2022,PE,NT,TRN,7,2.6980287916054375,1.7678162573185339,1.526192996832076,0.9370640966883441,0.6552251268848065,0.3706409668834405,35.727551167896046,0
2022,PE,NU,TEL,7,2.7191358139450745,1.0354415821749057,2.626063952573387,0.9367763903101678,0.38079803769442067,0.36776390310167845,16.726511517294526,0
2022,PE,NU,TRD,7,4.166366596276341,1.822716080545676,2.2858011956689572,0.9240017285299316,0.4374833655239831,0.24001728529931632,16.726511517294526,0
2022,PE,NU,TRN,7,3.2860308933495608,1.5664729723538073,2.09772587931212,0.9304318502307405,0.47670670885173855,0.30431850230740426,16.726511517294526,0
2022,PE,ON,ACC,7,1.9276943296499744,1.59418542912436,1.2092033300723375,0.951875444390687,0.8269907757698431,0.5187544439068705,19.470764497088048,0
2022,PE,ON,ADM,7,2.172026816129584,1.6848320173853792,1.2891652068081316,0.9460399472314959,0.7756957717435756,0.46039947231495854,19.470764497088048,0
2022,PE,ON,AGR,3.1,4.575208030564804,7.762929641717933,0.5893661596490153,0.9218569296372857,1,0.2185692963728583,19.470764497088048,0
2022,PE,ON,ART,7,2.1939732809347894,1.963735073468695,1.1172450452083678,0.9455794064900339,0.8950587915236613,0.4557940649003385,19.470764497088048,0
2022,PE,ON,CHM,6.8,2.0154342198166413,1.4265580981736374,1.412795050125836,0.9496170993906701,0.7078167494364672,0.4961709939067013,19.470764497088048,0
2022,PE,ON,EDU,7,2.8314831642829876,1.6095426932233678,1.7591848766760498,0.9353171797951774,0.5684450868458368,0.3531717979517736,19.470764497088048,0
2022,PE,ON,ELC,11.8,1.9073508839865903,1.0843665848543984,1.7589539465961106,0.9524287381202708,0.5685197170370369,0.5242873812027082,19.470764497088048,0
2022,PE,ON,ELQ,14.3,1.2161406415524085,1.1472413740446366,1.0600564703004611,0.9822273317602063,0.9433459707260323,0.8222733176020628,19.470764497088048,0
2022,PE,ON,FIN,7,1.8975156676699627,1.6455218038798225,1.1531391824745119,0.9527004871178715,0.8671980062754507,0.5270048711787139,19.470764497088048,0
2022,PE,ON,FMT,11.6,1.3788393304222926,1.3589288822417671,1.0146515748106553,0.9725247661519586,0.985559994017267,0.7252476615195864,19.470764497088048,0
2022,PE,ON,FOD,3.5,2.087258243134121,2.104231568277368,0.9919337180379145,0.9479097401238886,1,0.47909740123888583,19.470764497088048,0
2022,PE,ON,HTH,7,3.4902819371394136,2.077780978679907,1.6798122482365403,0.9286509805800842,0.5953046246982636,0.286509805800842,19.470764497088048,0
2022,PE,ON,ITS,7,1.7915027379817647,1.3404882074168356,1.33645542576913,0.9558190606577894,0.7482479256085179,0.5581906065778944,19.470764497088048,0
2022,PE,ON,MAC,15,1.4588104478290889,1.283239668736802,1.136818385037236,0.9685490017903381,0.8796479834967179,0.68549001790338,19.470764497088048,0
2022,PE,ON,MFN,7,1.3880353527513452,1.7615186369768687,0.7879765354816238,0.9720442745221015,1,0.7204427452210157,19.470764497088048,0
2022,PE,ON,MTV,3,4.199180860008797,3.2738060493477708,1.2826602421500763,0.923814168366111,0.779629684571603,0.23814168366110935,19.470764497088048,0
2022,PE,ON,NMM,5,3.25233763247624,2.4409170472765322,1.3324244820630242,0.9307471152445703,0.7505115775504788,0.3074711524457034,19.470764497088048,0
2022,PE,ON,OSV,7,2.5970409211323,2.0093596348256253,1.2924719279322412,0.9385053616931074,0.7737111951049089,0.3850536169310739,19.470764497088048,0
2022,PE,ON,OTE,10.7,1.8499261962200075,1.350559882128365,1.3697476288905344,0.9540562105690119,0.7300614937439083,0.5405621056901192,19.470764497088048,0
2022,PE,ON,PAP,10.7,1.4240548949322716,1.6722672609878129,0.8515713535473262,0.9702220120557614,1,0.702220120557614,19.470764497088048,0
2022,PE,ON,PRF,7,2.436067752456295,1.755447080932308,1.387719276141616,0.941049761403052,0.7206068382795532,0.41049761403051976,19.470764497088048,0
2022,PE,ON,PUB,7,1.6524781636650043,1.5100343458084742,1.0943315085858298,0.9605151718181931,0.9137998788797267,0.6051517181819313,19.470764497088048,0
2022,PE,ON,REA,7,2.808010843079999,1.9351141700639747,1.4510827766752215,0.9356123980954125,0.6891405618439217,0.3561239809541257,19.470764497088048,0
2022,PE,ON,TEL,7,2.0310807403075906,1.0373882336440132,1.957879099103576,0.9492348718667165,0.510756767595024,0.49234871866716545,19.470764497088048,0
2022,PE,ON,TEX,7.6,1.8503461721319405,1.5626748734541214,1.184089028091911,0.9540439413478947,0.8445310920678325,0.5404394134789466,19.470764497088048,0
2022,PE,ON,TRD,7,2.0118711095168846,1.882692834022466,1.0686135694362966,0.9497049734085665,0.9357919725158544,0.49704973408566533,19.470764497088048,0
2022,PE,ON,TRN,7,1.9492149483412011,1.604852042471101,1.214576108424214,0.9513027052686523,0.82333251334689594,0.5130270526865232,19.470764497088048,0
2022,PE,ON,WOD,17.8,1.464037967420343,1.296321494650699,1.1293787640347939,0.9683042395247451,0.8854425387169685,0.6830423952474505,19.470764497088048,0
2022,PE,QC,ACC,7,2.0898035666547816,1.461692185657917,1.4297152212756392,0.9478513873722942,0.6994399899497237,0.478513873722942,11.207009291619212,0
2022,PE,QC,ADM,7,1.9933209176975122,1.5289916862873079,1.3036832937513787,0.9501675365527745,0.7670574631070688,0.5016753655277453,11.207009291619212,0
2022,PE,QC,AGR,3.1,4.516313797718337,5.301929122325704,0.851824627134443,0.9221419512635549,1,0.2214195126355491,11.207009291619212,0
2022,PE,QC,ART,7,2.100568264965313,1.7320244317953364,1.2127821215477665,0.9476061652781617,0.8245504136586286,0.47606165278161683,11.207009291619212,0
2022,PE,QC,CHM,6.8,2.6732425748145614,1.3353142458759952,2.001957653841142,0.9374077537677016,0.4995110651223351,0.374077537677017,11.207009291619212,0
2022,PE,QC,EDU,7,3.428850945925437,1.4731430772549725,2.3275749646223733,0.9291642890219044,0.4296317047568177,0.29164289021904477,11.207009291619212,0
2022,PE,QC,ELC,11.8,1.6285057681446622,1.068148194335621,1.5246065824766748,0.9614059845264957,0.6559069149337738,0.6140598452649563,11.207009291619212,0
2022,PE,QC,FIN,7,2.075989768075402,1.4998911786615448,1.3840935913283716,0.9481697942532288,0.7224944947835925,0.48169794253228665,11.207009291619212,0
2022,PE,QC,FMT,11.6,1.6121212836387606,1.2835568520913534,1.2559796482813077,0.9620300724361678,0.7961912451116606,0.6203007243616772,11.207009291619212,0
2022,PE,QC,FOD,3.5,2.3165069927414192,1.832234629316245,1.2643069592052714,0.9431684429675116,0.7909471609873827,0.431684429675117,11.207009291619212,0
2022,PE,QC,HTH,7,3.9411218154155514,1.813466142785805,2.1732535956592445,0.9253734862010237,0.4601395814999931,0.2537348620102371,11.207009291619212,0
2022,PE,QC,ITS,7,2.057078301627847,1.2693616265803258,1.6205612794280213,0.9486126366317054,0.6170701550717977,0.486126366317053,11.207009291619212,0
2022,PE,QC,MAC,15,1.3882278013571696,1.2250584641791697,1.1331931021653965,0.9720342870977207,0.8824621312017515,0.7203428709772074,11.207009291619212,0
2022,PE,QC,MFN,7,1.7112774908025299,1.585401414318466,1.0793969750166872,0.958435876435857,0.9264432114834676,0.5843587643585697,11.207009291619212,0
2022,PE,QC,OSV,7,2.7509232264741303,1.764708411540211,1.558854260842541,0.9363514325073224,0.6414967871720815,0.3635143250732243,11.207009291619212,0
2022,PE,QC,OTE,10.7,1.5226597731757316,1.2771190510215722,1.1922614199183315,0.9656745530168144,0.8387422282509979,0.6567455301681429,11.207009291619212,0
2022,PE,QC,PAP,10.7,1.5808678347993583,1.5197041414845034,1.040247105765671,0.9632563948729415,0.9613100526378805,0.63256394872941335,11.207009291619212,0
2022,PE,QC,PRF,7,2.736061126249902,1.580952155396013,1.7306413207454374,0.9365488910465469,0.5778204807737233,0.3654889104654688,11.207009291619212,0
2022,PE,QC,PUB,7,1.9158370433496732,1.3985752287108844,1.3698491178880432,0.9521965061418578,0.7300074051525792,0.5219650614185785,11.207009291619212,0
2022,PE,QC,REA,7,3.7246277595917734,1.7114493033294227,2.1763003743937666,0.9268483205449127,0.4594953949215588,0.26848320544912707,11.207009291619212,0
2022,PE,QC,TEL,7,2.3161621172071234,1.0303277372825466,2.247985794613198,0.9431748707299393,0.4448426686664478,0.4317487072993927,11.207009291619212,0
2022,PE,QC,TEX,7.6,1.6096441143486926,1.4381322810241854,1.1192601234167157,0.9621255339044078,0.8934473578379121,0.6212553390440769,11.207009291619212,0
2022,PE,QC,TRD,7,2.1435356676585875,1.6736166574797489,1.2807805527500402,0.9466518945818296,0.7807738787513914,0.4665189458182953,11.207009291619212,0
2022,PE,QC,TRN,7,1.9789750812192537,1.4696477355539592,1.3465642366830932,0.9505312072643126,0.7426307433080481,0.5053120726431262,11.207009291619212,0
2022,PE,QC,WOD,17.8,1.3723200624743568,1.235214009590741,1.1109978123783122,0.9728692983032656,0.9000917813324049,0.7286929830326561,11.207009291619212,0
2022,PE,SK,ACC,7,2.659144748876861,1.7956988606276973,1.4808411405614752,0.9376060761800338,0.6752918814916503,0.3760607618003377,41.54096561542942,0
2022,PE,SK,ADM,7,2.9151972308811405,1.9247814110696664,1.51456015426763,0.934302996360138,0.6602576973798396,0.34302996360137955,41.54096561542942,0
2022,PE,SK,AGR,3.1,21.48870894025846,13.097545199140137,1.6406669046402074,0.9046536067047124,0.6095082415399221,0.04653606704712397,41.54096561542942,0
2022,PE,SK,ART,7,2.8791598276040835,2.33285333403261,1.2341795283920052,0.9347323545713736,0.8102548916063174,0.3473235457137363,41.54096561542942,0
2022,PE,SK,EDU,7,3.8161403920268606,1.817439149746251,2.0997348893687398,0.9262044866611648,0.4762505995700429,0.2620448666116478,41.54096561542942,0
2022,PE,SK,FIN,7,3.130092894193951,1.8685793752622168,1.6751190426442049,0.9319479336173988,0.596972498397178,0.3194793361739879,41.54096561542942,0
2022,PE,SK,FMT,11.6,1.8797054363966643,1.4695791463365975,1.2790773746908695,0.9531998248575038,0.781813531993467,0.5319982485750364,41.54096561542942,0
2022,PE,SK,FOD,3.5,3.1517750623661818,2.544238301015923,1.2387892522126043,0.9317281525556984,0.8072398095268406,0.3172815255569838,41.54096561542942,0
2022,PE,SK,ITS,7,2.9960417327130524,1.444590528073219,2.0739729871475374,0.9333773721868172,0.4821663571305051,0.33377372186817117,41.54096561542942,0
2022,PE,SK,MFN,7,2.7216954325136546,2.0353817428840175,1.3371916310191378,0.9367418039525619,0.7478359696566842,0.36741803952561947,41.54096561542942,0
2022,PE,SK,NMM,5,6.808439035456868,3.065275318136528,2.221150901249523,0.914687654465175,0.4502170471341877,0.14687654465175023,41.54096561542942,0
2022,PE,SK,PRF,7,3.285840906721349,2.0265795296846956,1.621372790256386,0.9304336097939024,0.6167613062273428,0.30433609793902405,41.54096561542942,0
2022,PE,SK,PUB,7,2.3060761986341363,1.6775297778458245,1.374685701016557,0.9433637015373684,0.7274390060655441,0.433637015373685,41.54096561542942,0
2022,PE,SK,TEL,7,2.7378910592534735,1.0471528383359017,2.614605011818937,0.9365244627473478,0.38246694834579115,0.36524462747347763,41.54096561542942,0
2022,PE,SK,TRD,7,3.115734320662576,2.212648168776143,1.408147198741473,0.9320951627155215,0.7101530300907084,0.3209516271552143,41.54096561542942,0
2022,PE,SK,TRN,7,2.7733176197544447,1.8107932575705112,1.5315484570973743,0.9360578966100733,0.652933960636951,0.36057896610073176,41.54096561542942,0
2022,PE,YT,ADM,7,3.7348643671548163,2.21528061011041,1.6859554270953827,0.9267747340116073,0.5931354909677723,0.2677473401160724,92.45070855321144,0
2022,PE,YT,TEL,7,2.6401582618394084,1.0575613695937458,2.496458681025391,0.9378765172699646,0.40056741479464897,0.3787651726996457,92.45070855321144,0
2022,PE,YT,TRN,7,3.803592290255818,2.056955176324858,1.8491371781137496,0.9262909356126795,0.5407927609892472,0.26290935612679533,92.45070855321144,0
2022,QC,AB,ACC,7,2.001941739684995,1.59559389304157,1.2546687151508409,0.9499515035915755,0.7970231407896198,0.49951503591575536,19.580536886000935,0
2022,QC,AB,ADM,7,1.717268383536729,1.686497172379487,1.0182456345976714,0.9582320160079167,0.982081303393085,0.5823201600791668,19.580536886000935,0
2022,QC,AB,AGR,3.1,4.150678132817823,7.793113720791927,0.5326084388764746,0.9240924487035836,1,0.24092448703583708,19.580536886000935,0
2022,QC,AB,ART,7,1.9949640148033743,1.9662461369810125,1.0146054338173833,0.9501262174445066,0.9856048141173152,0.5012621744450669,19.580536886000935,0
2022,QC,AB,BMT,8.2,1.796302199522892,1.5149045331649402,1.1857527389993714,0.9556699201429251,0.8433461438544736,0.5566992014292503,19.580536886000935,0
2022,QC,AB,CHM,6.8,1.60582551492428,1.427518114514373,1.1249072769003463,0.9622732663484398,0.8889621576237597,0.6227326634843969,19.580536886000935,0
2022,QC,AB,EDU,7,2.840946272465189,1.6109939717069184,1.7634741795185505,0.9351995393116769,0.5670624563797196,0.3519953931167677,19.580536886000935,0
2022,QC,AB,ELC,11.8,1.3953983585679615,1.0845329124251426,1.286635327136073,0.9716641232849276,0.7772210034259701,0.71664123284927606,19.580536886000935,0
2022,QC,AB,ELQ,14.3,1.14843759868109,1.1475398184812382,1.0007823521113541,0.9870748224499475,0.9992182594849883,0.8707482244994753,19.580536886000935,0
2022,QC,AB,FIN,7,1.7395654399394167,1.6470744736159406,1.0561546959807009,0.9574856212385333,0.9468309934194271,0.5748562123853338,19.580536886000935,0
2022,QC,AB,FMT,11.6,1.3261680752891742,1.3597183296609978,0.9753255849833338,0.9754052234127222,1,0.7540522341272221,19.580536886000935,0
2022,QC,AB,FOD,3.5,1.5379543721090914,2.1071980012571525,0.7298575507339837,0.9650214348445617,1,0.6502143484456164,19.580536886000935,0
2022,QC,AB,HTH,7,4.175524834738245,2.0806602824299976,2.0068268087770966,0.9239490851947642,0.49829910365278185,0.23949085194764216,19.580536886000935,0
2022,QC,AB,ITS,7,1.4491076599893993,1.3412322408454973,1.0804300820236012,0.9690079852319128,0.9255573466883122,0.6900798523191267,19.580536886000935,0
2022,QC,AB,MAC,15,1.2871764677776252,1.2838458140752869,1.0025942785853434,0.9776894252678927,0.9974124342809896,0.7768942526789278,19.580536886000935,0
2022,QC,AB,MFN,7,1.7052850694173516,1.7634082064748804,0.9670393180409889,0.9586412218070772,1,0.5864122180707723,19.580536886000935,0
2022,QC,AB,MIN,45,1.1907349445221773,1.0779694342693238,1.104609190824867,0.9839817462820228,0.9052975552858201,0.8398174628202281,19.580536886000935,0
2022,QC,AB,MIS,7,2.243065309342048,0.8955814641910241,2.5045910383688006,0.9445818494822751,0.39926678035679775,0.4458184948227509,19.580536886000935,0
2022,QC,AB,MTV,3,2.9567633004494382,3.281166414701828,0.9011317704585644,0.9338207661008237,1,0.3382076610082371,19.580536886000935,0
2022,QC,AB,NMM,5,2.0924030656569763,2.445045220745969,0.8557727472290252,0.9477919391542289,1,0.4779193915422879,19.580536886000935,0
2022,QC,AB,OSV,7,2.4711668716258415,2.0120165441314035,1.2282040517180017,0.9404667127696672,0.8141969557918395,0.40466712769667207,19.580536886000935,0
2022,QC,AB,OTE,10.7,1.2132048979293897,1.3513286598850955,0.8977866998192352,0.9824263075187653,1,0.8242630751876519,19.580536886000935,0
2022,QC,AB,PAP,10.7,1.4799857727401027,1.673896270869164,0.8841562039992036,0.967568217101747,1,0.6756821710174696,19.580536886000935,0
2022,QC,AB,PET,71.1,1.085740392115109,1.0678148195258594,1.016787154721461,0.9921030485060908,0.983490001183129,0.9210304850609087,19.580536886000935,0
2022,QC,AB,PRF,7,1.856620946428921,1.7573186479002414,1.0565078499834577,0.9538612904224435,0.9465145005933061,0.5386129042244349,19.580536886000935,0
2022,QC,AB,PUB,7,1.3525009557910714,1.5112132653602661,0.8949768949180323,0.9739371011693745,1,0.7393710116937439,19.580536886000935,0
2022,QC,AB,REA,7,3.498786180274578,1.9375347674485508,1.8057927212743472,0.9285813407414774,0.5537734138690626,0.28581340741477435,19.580536886000935,0
2022,QC,AB,RUB,7,1.540726717477083,1.6416973374224866,0.9384962028969782,0.964904436890501,1,0.6490443689050094,19.580536886000935,0
2022,QC,AB,TEL,7,1.9530950484982552,1.0374603423053932,1.882573211577595,0.951200785172688,0.5311878411156189,0.5120078517268809,19.580536886000935,0
2022,QC,AB,TEX,7.6,1.4015354186663467,1.5639963715447793,0.8961244694461996,0.9713503195624957,1,0.7135031956249568,19.580536886000935,0
2022,QC,AB,TRD,7,1.8184327046100959,1.8849498297759022,0.9647114612203157,0.9549924117326309,1,0.5499241173263091,19.580536886000935,0
2022,QC,AB,TRN,7,1.6920839261688883,1.6062902142370665,1.053411090456385,0.9590987234459546,0.9492970114513938,0.5909872344595449,19.580536886000935,0
2022,QC,AB,UTL,7,3.5141921100642053,,,0.928456042489428,1,0.28456042489428096,19.580536886000935,0
2022,QC,AB,WOD,17.8,1.2001035437639782,1.2969587290110023,0.9253213050804777,0.9833261434145608,1,0.8332614341456089,19.580536886000935,0
2022,QC,BC,ACC,7,1.9506599465288557,1.6756309922916206,1.1641345591615615,0.9512647015580277,0.859007227412117,0.5126470155802767,26.738841894189218,0
2022,QC,BC,ADM,7,1.8074450675301397,1.7814032910078266,1.0146186866577416,0.9553267160349439,0.9855919402530452,0.5532671603494388,26.738841894189218,0
2022,QC,BC,AGR,3.1,6.210148583711829,9.663118565861401,0.6426650507685494,0.916102674300303,1,0.16102674300303074,26.738841894189218,0
2022,QC,BC,ART,7,2.182643339951691,2.1105532189039544,1.0341569785599503,0.945816005835481,0.9669711859339639,0.4581600583548081,26.738841894189218,0
2022,QC,BC,BMT,8.2,1.4999723302695054,1.5822697813652704,0.9479877249347742,0.9666678964551517,1,0.6666789645515171,26.738841894189218,0
2022,QC,BC,CHM,6.8,1.579827650782195,1.4817467324993283,1.0661927683939814,0.9632980439040225,0.9379166972838427,0.6329804390402244,26.738841894189218,0
2022,QC,BC,EDU,7,2.937495887665607,1.6935066335009372,1.7345641461073034,0.9340426008492114,0.5765137035976403,0.34042600849211335,26.738841894189218,0
2022,QC,BC,ELC,11.8,1.3208484252898274,1.0937911259693296,1.2075874396213235,0.9757089141231761,0.8280973842470413,0.7570891412317616,26.738841894189218,0
2022,QC,BC,ELQ,14.3,1.1889450219046616,1.1642021801802034,1.0212530453435744,0.9841081783914638,0.9791892465432752,0.8410817839146371,26.738841894189218,0
2022,QC,BC,FIN,7,1.7462425152695324,1.7354569404439788,1.0062148328628622,0.9572658145278092,0.9938235527246404,0.5726581452780916,26.738841894189218,0
2022,QC,BC,FMT,11.6,1.4280119379841305,1.404195784317102,1.0169607072838571,0.9700274257799036,0.9833221606671938,0.700274257799036,26.738841894189218,0
2022,QC,BC,FOD,3.5,1.8756273903319836,2.2783126580860826,0.8232528506019984,0.9533154935332332,1,0.5331549353323324,26.738841894189218,0
2022,QC,BC,HTH,7,3.8795138037442816,2.2466353881137215,1.7268106005405386,0.9257764258767389,0.5791023055377196,0.25776425876738934,26.738841894189218,0
2022,QC,BC,ITS,7,1.4334549152864207,1.3831203298595487,1.0363920508868403,0.9697615243657796,0.9648858259230186,0.6976152436577948,26.738841894189218,0
2022,QC,BC,MAC,15,1.2133821879583986,1.3178911442330097,0.9206998569404353,0.982414264023652,1,0.8241426402365201,26.738841894189218,0
2022,QC,BC,MFN,7,1.7576577721733655,1.871363693664208,0.9392390042214608,0.9568938968570365,1,0.5689389685703649,26.738841894189218,0
2022,QC,BC,MIS,7,1.8170528829137051,0.8852952388851328,2.0524823845228743,0.9550341715094426,0.4872149001329737,0.5503417150944262,26.738841894189218,0
2022,QC,BC,MTV,3,3.848549570918294,3.7160535722691734,1.0356550292056779,0.9259838149820528,0.9655724848523891,0.25983814982052894,26.738841894189218,0
2022,QC,BC,NMM,5,2.21167352642783,2.6850956380702207,0.8236851958157292,0.9452146299194143,1,0.4521462991941417,26.738841894189218,0
2022,QC,BC,OSV,7,2.532343692662768,2.1648948347656067,1.1697305809023029,0.939489110538092,0.8548977143340335,0.39489110538091954,26.738841894189218,0
2022,QC,BC,OTE,10.7,1.4156105524529272,1.3946272202299472,1.0150458358467436,0.9706408975453898,0.9851771857827559,0.7064089754538988,26.738841894189218,0
2022,QC,BC,PAP,10.7,1.486561224001065,1.7667048354106492,0.84143157034804394,0.9672693451069919,1,0.6726934510699194,26.738841894189218,0
2022,QC,BC,PET,71.1,1.0740976690620483,1.0751792643975293,0.9989940325568991,0.9931014030477552,1,0.9310140304775507,26.738841894189218,0
2022,QC,BC,PRF,7,1.8805677787602728,1.864225697075221,1.0087661497804108,0.9531754298512565,0.9913100278173302,0.5317542985125643,26.738841894189218,0
2022,QC,BC,PUB,7,1.3407809776290238,1.5780110605083448,0.849665133016939,0.9745833970413538,1,0.745833970413538,26.738841894189218,0
2022,QC,BC,REA,7,3.7137621718029727,2.0765325830469648,1.7884439676615365,0.9269268723665877,0.5591452782876619,0.2692687236658765,26.738841894189218,0
2022,QC,BC,RUB,7,1.6770507108509676,1.7291988602445325,0.9698425955553831,0.9596284890808447,1,0.5962848908084484,26.738841894189218,0
2022,QC,BC,TEL,7,1.7805126035272507,1.0414645980399986,1.7096237422550087,0.9561636013145298,0.5849240246751553,0.5616360131452981,26.738841894189218,0
2022,QC,BC,TEX,7.6,1.258779593134999,1.6390108951418318,0.7680117300416545,0.9794420250736265,1,0.7944202507362653,26.738841894189218,0
2022,QC,BC,TRD,7,1.8286525491475019,2.014361048718228,0.9078077389905371,0.954685074016176,1,0.5468507401617597,26.738841894189218,0
2022,QC,BC,TRN,7,1.6987214016982337,1.6880448403309525,1.0063248090999692,0.9588678048678427,0.9937149426877134,0.5886780486784279,26.738841894189218,0
2022,QC,BC,WOD,17.8,1.207299177592863,1.3327697175663484,0.905857299787246,0.9828295105769739,1,0.8282951057697395,26.738841894189218,0
2022,QC,MB,ACC,7,2.300649321312159,1.5455949354624112,1.4885202251415572,0.9434659898288914,0.6718081374439508,0.4346598982889131,15.988309106461005,0
2022,QC,MB,ADM,7,1.8051759827700917,1.6274937198239354,1.1091753908367636,0.9553962610595712,0.9015706697617936,0.553962610595712,15.988309106461005,0
2022,QC,MB,AGR,3.1,4.535162418465208,6.7756631198730926,0.6693311544907727,0.9220499269426038,1,0.22049926942603756,15.988309106461005,0
2022,QC,MB,ART,7,2.076585685891205,1.8777166145583593,1.105910055751208,0.9481559709668725,0.9042326677468658,0.4815597096687256,15.988309106461005,0
2022,QC,MB,BMT,8.2,1.897620422398889,1.4726319333044904,1.2885911132870467,0.9526975778820848,0.776041359969584,0.5269757788208475,15.988309106461005,0
2022,QC,MB,CHM,6.8,1.5163297021560056,1.3933132881357102,1.088290562551725,0.9659487180511035,0.9188722519611774,0.6594871805110339,15.988309106461005,0
2022,QC,MB,EDU,7,3.388323587998349,1.5594914416411578,2.1727106013692437,0.929513119807744,0.4602545775630677,0.29513119807743915,15.988309106461005,0
2022,QC,MB,ELC,11.8,1.5437312503927054,1.0785527098848553,1.4312988472835155,0.9647781146974652,0.6986661114818303,0.6477811469746517,15.988309106461005,0
2022,QC,MB,ELQ,14.3,1.3186441424137927,1.1368294648808877,1.159931355713018,0.9758354712871578,0.8621199824236953,0.7583547128715781,15.988309106461005,0
2022,QC,MB,FIN,7,1.8407097881333867,1.592013982458349,1.1562145863134994,0.9543268692569985,0.864891354803283,0.5432686925699854,15.988309106461005,0
2022,QC,MB,FMT,11.6,1.3730932561765228,1.3315455783791141,1.0312025952937973,0.972828265341902,0.9697415469703047,0.7282826534190199,15.988309106461005,0
2022,QC,MB,FOD,3.5,1.82265273505897,2.0028516481055587,0.9100288265398819,0.954865086517298,1,0.5486508651729788,15.988309106461005,0
2022,QC,MB,HTH,7,4.742287021777672,1.9793366001927357,2.395897201777554,0.9210868721232556,0.4173801777714354,0.21086872123255512,15.988309106461005,0
2022,QC,MB,ITS,7,1.7823560794614994,1.3146681638650324,1.355745980964122,0.9561055117730531,0.7376013014538774,0.5610551177305314,15.988309106461005,0
2022,QC,MB,MAC,15,1.2255095450346438,1.262173458592326,0.9709517631605304,0.9815987116584826,1,0.8159871165848253,15.988309106461005,0
2022,QC,MB,MFN,7,1.7882669435207443,1.696551005187964,1.05406023046305,0.9559200629203154,0.9487123895763516,0.5592006292031533,15.988309106461005,0
2022,QC,MB,MTV,3,2.950555495423149,3.0259882536031077,0.9750716949776196,0.9338919231158738,1,0.33891923115873696,15.988309106461005,0
2022,QC,MB,NMM,5,2.5473769355344196,2.3005405294227455,1.1072949608819154,0.9392560671352003,0.9031017347026855,0.39256067135200307,15.988309106461005,0
2022,QC,MB,OSV,7,2.6508471971300356,1.9184159120414912,1.3817896215785264,0.9377237888733332,0.7236991683709578,0.37723788873333,15.988309106461005,0
2022,QC,MB,OTE,10.7,1.0826035206944011,1.3238879349271704,0.8177455901914819,0.9923699194473875,1,0.9236991944738756,15.988309106461005,0
2022,QC,MB,PAP,10.7,1.3989426476229339,1.6161593375247438,0.86559698362756,0.9714825587524398,1,0.7148255875243976,15.988309106461005,0
2022,QC,MB,PRF,7,1.9275247307899352,1.691090878305964,1.139811440956276,0.9518800088022831,0.8773380965197389,0.51880008802283,15.988309106461005,0
2022,QC,MB,PUB,7,1.6127280376033335,1.4692878869395554,1.097625626630977,0.9620067349660577,0.9110574459429974,0.6200673496605755,15.988309106461005,0
2022,QC,MB,REA,7,4.596292482491861,1.8521534326844216,2.4815938039378396,0.9217566659173495,0.4029668346258688,0.21756665917349416,15.988309106461005,0
2022,QC,MB,RUB,7,1.5788509967530318,1.5871701987758051,0.9947584688591117,0.9633371991439684,1,0.6333719914396854,15.988309106461005,0
2022,QC,MB,TEL,7,1.9726818286571974,1.0348639101409367,1.9062234264102809,0.9506924119983757,0.524597476951145,0.5069241199837579,15.988309106461005,0
2022,QC,MB,TEX,7.6,1.364467397101631,1.5170536825416419,0.8994193236561209,0.9732886694195975,1,0.7328866941959743,15.988309106461005,0
2022,QC,MB,TRD,7,1.9809043564762303,1.8052671464114969,1.097291534061241,0.9504819930720365,0.9113348357832031,0.5048199307203651,15.988309106461005,0
2022,QC,MB,TRN,7,1.6744124648617573,1.5552478952914763,1.076620948937499,0.959722441213585,0.9288320099909675,0.5972244121358484,15.988309106461005,0
2022,QC,MB,WOD,17.8,1.340776746856428,1.2741824496387542,1.0522643340728435,0.9745836323865692,0.9503315541727508,0.7458363238656922,15.988309106461005,0
2022,QC,NB,ACC,7,1.8029953839575434,1.2631620437815712,1.427366657218305,0.9554632590242698,0.700590836238833,0.554632590242698,4.463930766964556,1
2022,QC,NB,ADM,7,1.6149864048202605,1.2598026170847396,1.2819360611882502,0.9619200258909484,0.7800701066737147,0.6192002589094827,4.463930766964556,1
2022,QC,NB,AGR,3.1,2.46349531356143,2.526762189446011,0.9749612859695149,0.940592729951425,1,0.4059272995142492,4.463930766964556,1
2022,QC,NB,ART,7,1.8266256976821624,1.310845950773868,1.3934709083121477,0.9547457534003227,0.7176324916687767,0.5474575340032266,4.463930766964556,1
2022,QC,NB,BMT,8.2,1.4769177736130699,1.1242451254112025,1.3136972891680312,0.9677085764601262,0.7612103703382865,0.6770857646012627,4.463930766964556,1
2022,QC,NB,CHM,6.8,1.2340682433968642,1.1032356874481026,1.1185898511417725,0.9810327958239511,0.8939827220667835,0.8103279582395103,4.463930766964556,1
2022,QC,NB,EDU,7,2.612227883264028,1.263788772298592,2.066981397937949,0.9382814993441722,0.48379729057920634,0.38281499344172115,4.463930766964556,1
2022,QC,NB,ELC,11.8,1.6205192547215435,1.0048668691255904,1.6126705979784945,0.9617086157468602,0.6200894350362152,0.6170861574686021,4.463930766964556,1
2022,QC,NB,ELQ,14.3,1.330448472474479,1.0549819715232334,1.2611101501132895,0.975162625286804,0.792952146099345,0.7516262528680397,4.463930766964556,1
2022,QC,NB,FIN,7,1.8183032271008133,1.3033196330479548,1.3951322308009073,0.954996327625423,0.7167779353975123,0.5499632762542286,4.463930766964556,1
2022,QC,NB,FMT,11.6,1.3207733687545262,1.1611518575094815,1.1374682477685667,0.975713216487927,0.8791454196297386,0.7571321648792694,4.463930766964556,1
2022,QC,NB,FOD,3.5,1.6032309725981213,1.5925350184722844,1.0067163070210523,0.9623740444821526,0.9933285008157599,0.623740444821526,4.463930766964556,1
2022,QC,NB,HTH,7,2.8153309450199,1.403779379621997,2.0055366148618017,0.9355198028057383,0.49861966746935127,0.35519802805738404,4.463930766964556,1
2022,QC,NB,ITS,7,1.516395614011366,1.1905833675948767,1.2736576499255736,0.9659458515152699,0.785140339759617,0.6594585151526986,4.463930766964556,1
2022,QC,NB,MAC,15,1.1137343222288119,1.1259422448156515,0.9891575943232874,0.9897880203600796,1,0.8978802036007959,4.463930766964556,1
2022,QC,NB,MFN,7,1.7202653908362682,1.3387602066703577,1.2849690200418755,0.9581305655119803,0.7782288789868345,0.5813056551198025,4.463930766964556,1
2022,QC,NB,MIE,20.2,1.2995288618720058,1.7737733936727205,0.7326352207714885,0.9769509650258537,1,0.7695096502585356,4.463930766964556,1
2022,QC,NB,MIN,45,1.073594889801368,1.0057008883053933,1.067509139432477,0.9931450037159749,0.9367601297836503,0.9314500371597482,4.463930766964556,1
2022,QC,NB,MIS,7,1.2351042046521403,0.7168736474544252,1.7229036233064507,0.9809648284115139,0.5804155185888371,0.8096482841151399,4.463930766964556,1
2022,QC,NB,MTV,3,2.246044379215949,1.872623994090499,1.1994102320080617,0.944522717772348,0.8337430958261814,0.44522717772347886,4.463930766964556,1
2022,QC,NB,NMM,5,2.08152186133399,1.6118591681717334,1.2913794842852033,0.9480417726364463,0.7743657167927784,0.4804177263644628,4.463930766964556,1
2022,QC,NB,OSV,7,2.2235601875485687,1.4444900962091032,1.5393391712300726,0.9449729225050786,0.6496294115616564,0.44972922505078683,4.463930766964556,1
2022,QC,NB,OTE,10.7,1.3266476345732459,1.2116430219654966,1.0949162505150996,0.9753779657792613,0.9133118624639588,0.7537796577926125,4.463930766964556,1
2022,QC,NB,PAP,10.7,1.3083694843426588,1.3268264499960551,0.9860893897212772,0.9764310091275488,1,0.7643100912754874,4.463930766964556,1
2022,QC,NB,PET,71.1,1.0360273462513914,1.0291002969652687,1.0067311702334067,0.9965225487163301,0.9933138354781981,0.9652254871632999,4.463930766964556,1
2022,QC,NB,PRF,7,1.7511886494918172,1.279007684670407,1.3691775823403973,0.9571040704432496,0.730365449228766,0.5710407044324968,4.463930766964556,1
2022,QC,NB,PUB,7,1.6087104561836136,1.239672696246848,1.2976896732936365,0.9621615901205942,0.7706002602778852,0.6216159012059426,4.463930766964556,1
2022,QC,NB,REA,7,2.699981979608873,1.2956414349361156,2.083895981407851,0.9370372842319807,0.47987040088460364,0.37037284231980794,4.463930766964556,1
2022,QC,NB,RUB,7,1.3321013354813445,1.3282949202584957,1.002865640126146,0.9750693639713721,0.9971425483020979,0.7506936397137217,4.463930766964556,1
2022,QC,NB,TEL,7,1.8943919124196933,0.9923558746628107,1.9089844286591062,0.952787387522295,0.5238387411585186,0.5278738752229506,4.463930766964556,1
2022,QC,NB,TEX,7.6,1.384612313483874,1.2505482425244265,1.107204237630064,0.9722223824143137,0.903175733991471,0.7222238241431373,4.463930766964556,1
2022,QC,NB,TRD,7,1.82728906963642,1.3645360419395705,1.3391284755213104,0.9547258787138135,0.746754339318122,0.5472587871381359,4.463930766964556,1
2022,QC,NB,TRN,7,1.597463791859612,1.2466005710698431,1.2814560083898046,0.9625992279196449,0.7803623327316057,0.6259922791964488,4.463930766964556,1
2022,QC,NB,UTL,7,2.4814303551993655,,,0.9402993377551254,1,0.4029933775512539,4.463930766964556,1
2022,QC,NB,WOD,17.8,1.1368252321836365,1.1555939450990484,0.9837583841668509,0.987964268533975,1,0.8796426853397511,4.463930766964556,1
2022,QC,NL,ACC,7,2.4239348550805144,1.3976846054336134,1.734250234750579,0.9412552341455886,0.5766180565884834,0.41255234145588604,8.501751128872916,1
2022,QC,NL,ADM,7,1.7525730521442024,1.4107965232349498,1.2422578474502906,0.9570589624653043,0.8049858586544493,0.5705896246530439,8.501751128872916,1
2022,QC,NL,AGR,3.1,3.1583728344411344,3.9418161431787135,0.8012481353060258,0.9316618731359164,1,0.31661873135916435,8.501751128872916,1
2022,QC,NL,ART,7,2.333735496656579,1.5175725742411121,1.5378081656645666,0.9428497574567748,0.6502761672928484,0.4284975745677468,8.501751128872916,1
2022,QC,NL,CHM,6.8,1.6633786535085702,1.1916493936448136,1.395862459528395,0.9601186024535482,0.7164029616054429,0.6011860245354819,8.501751128872916,1
2022,QC,NL,EDU,7,3.44983601124096,1.4012902681357617,2.461899643269861,0.9289868850792211,0.40619039965082154,0.28986885079221036,8.501751128872916,1
2022,QC,NL,ELC,11.8,1.401679898397338,1.0226843400107566,1.3705889916947345,0.9713429650481102,0.729613331246371,0.7134296504811024,8.501751128872916,1
2022,QC,NL,FIN,7,1.9444057641865586,1.4520713596419113,1.3390566181720296,0.9514295945022745,0.7467944121474999,0.5142959450227456,8.501751128872916,1
2022,QC,NL,FMT,11.6,1.4702473160314384,1.2410582815103455,1.184672257488322,0.9680157677620693,0.8441153185440046,0.6801576776206928,8.501751128872916,1
2022,QC,NL,FOD,3.5,2.5741055586234682,1.8715394700460304,1.3753947484528115,0.9388484456921324,0.727063994627655,0.3884844569213242,8.501751128872916,1
2022,QC,NL,HTH,7,3.770777911201076,1.6451925468831146,2.2919979295705972,0.9265197267924347,0.43630056864289957,0.26519726792434667,8.501751128872916,1
2022,QC,NL,ITS,7,2.1314995723706853,1.2687480009278462,1.6800023100031696,0.9469153272636027,0.5952372767857166,0.4691532726360274,8.501751128872916,1
2022,QC,NL,MAC,15,1.3566305488694994,1.1885527652786225,1.141413817291886,0.9737120361054317,0.8761064434742837,0.7371203610543158,8.501751128872916,1
2022,QC,NL,MFN,7,1.9634133014511637,1.5137680676793006,1.2970370715120163,0.950931711589246,0.7709879863605237,0.5093171158924601,8.501751128872916,1
2022,QC,NL,MIN,45,1.1338970411751668,1.022188354664804,1.1092838575205586,0.9881914286471375,0.901482513443559,0.8819142864713746,8.501751128872916,1
2022,QC,NL,OSV,7,2.733936440542543,1.6806484044936454,1.6267152803838454,0.9365772951108385,0.6147357266872396,0.36577295110838515,8.501751128872916,1
2022,QC,NL,OTE,10.7,1.3870344435123152,1.2932892452856997,1.07248587163957,0.9720962629787153,0.93241321535662125,0.7209626297871536,8.501751128872916,1
2022,QC,NL,PAP,10.7,1.2994706272082073,1.4834419579498161,0.8759834655102613,0.9769544135174805,1,0.769544135174804,8.501751128872916,1
2022,QC,NL,PET,71.1,1.0759483998591006,1.0438293931019873,1.0307703605295728,0.9929412600205506,0.9701481904138531,0.9294126002055059,8.501751128872916,1
2022,QC,NL,PRF,7,2.0544243400552116,1.445121336099293,1.421627574609454,0.948675435765774,0.7034191076905056,0.48675435765773956,8.501751128872916,1
2022,QC,NL,PUB,7,1.6812023518481318,1.3556465052206361,1.240148036655404,0.959481239655697,0.8063553466543663,0.594812396556969,8.501751128872916,1
2022,QC,NL,RUB,7,2.2635673018001943,1.4788494054671222,1.5306273197474116,0.9441780546663979,0.6533268987809671,0.44178054666398,8.501751128872916,1
2022,QC,NL,TEL,7,1.8683433085273737,1.0002916580415129,1.8677985500603225,0.9535233538416555,0.5353896435821218,0.5352335384165552,8.501751128872916,1
2022,QC,NL,TEX,7.6,1.7322730357577814,1.3777460187081978,1.2573239278034678,0.9577276202629658,0.7953399898679967,0.577276202629657,8.501751128872916,1
2022,QC,NL,TRD,7,1.9583570914314712,1.56534854354269,1.2510677570883517,0.9510632102988452,0.799317218699114,0.5106321029884519,8.501751128872916,1
2022,QC,NL,TRN,7,1.631472249758944,1.3813568699495913,1.1810649986621342,0.9612943309423592,0.8466934513619168,0.6129433094235919,8.501751128872916,1
2022,QC,NL,UTL,7,2.135259783481704,,,0.9468327089629076,1,0.4683270896290772,8.501751128872916,1
2022,QC,NL,WOD,17.8,1.279393853687163,1.2225410934066634,1.0465037621942646,0.9781620137628487,0.9555627376849966,0.7816201376284865,8.501751128872916,1
2022,QC,NS,ACC,7,1.9893394188199105,1.342752043607867,1.4815389246958173,0.9502679427421795,0.6749738284502483,0.5026794274217955,6.528817573711207,0
2022,QC,NS,ADM,7,1.8375878432737809,1.390509689147103,1.3215210635467793,0.9544191671522183,0.7567037920047515,0.5441916715221818,6.528817573711207,0
2022,QC,NS,AGR,3.1,3.7638573767941628,3.6513871569343723,1.0308020527612904,0.9265684881198061,0.9701183629982318,0.2656848811980603,6.528817573711207,0
2022,QC,NS,ART,7,1.8894521422865653,1.5318483384998187,1.2334459585842277,0.9529253944897395,0.8107367761355502,0.5292539448973956,6.528817573711207,0
2022,QC,NS,BMT,8.2,1.6273159296275062,1.299511909329491,1.2522516476722036,0.9614508825111115,0.7985615366199666,0.6145088251111146,6.528817573711207,0
2022,QC,NS,CHM,6.8,1.5909924080300824,1.2517116569773354,1.2710534404321603,0.9628538511530781,0.7867489817422612,0.6285385115307804,6.528817573711207,0
2022,QC,NS,EDU,7,2.644254306159709,1.3509120617058867,1.9573844820221922,0.9378178451925191,0.510885832183001,0.3781784519251915,6.528817573711207,0
2022,QC,NS,ELC,11.8,1.3427448181183217,1.0525186425851065,1.275744451253031,0.9744743145910157,0.78385604500792,0.7447431459101567,6.528817573711207,0
2022,QC,NS,ELQ,14.3,1.1831238196775262,1.0906848114065304,1.0847531819497769,0.9845220071955412,0.9218686947777021,0.8452200719554115,6.528817573711207,0
2022,QC,NS,FIN,7,1.8947983014538174,1.3699180457158104,1.3831471943737672,0.952776065886946,0.7229888504041388,0.5277606588694598,6.528817573711207,0
2022,QC,NS,FMT,11.6,1.396599437191467,1.21387676036399,1.1505281942894157,0.9716024919794454,0.8691660099799778,0.7160249197944542,6.528817573711207,0
2022,QC,NS,FOD,3.5,1.7887074639801728,1.6002255440931552,1.1177845964168944,0.9559062910027128,0.8946267493804639,0.5590629100271282,6.528817573711207,0
2022,QC,NS,HTH,7,3.3791577483094084,1.5874840680631463,2.1286246686130483,0.9295931730473459,0.46978690736097306,0.2959317304734589,6.528817573711207,0
2022,QC,NS,ITS,7,1.5103767146883207,1.2034408084699246,1.25504861066548,0.966208647834349,0.7967818867746945,0.6620864783434898,6.528817573711207,0
2022,QC,NS,MAC,15,1.203085356002858,1.1707006262663975,1.02766269105001,0.9831196219794752,0.9730819350639792,0.8311962197947528,6.528817573711207,0
2022,QC,NS,MFN,7,1.8299148912919239,1.4301781825544022,1.2795013332000094,0.9546473502543059,0.7815544806811716,0.5464735025430597,6.528817573711207,0
2022,QC,NS,MIN,45,1.1240015785329973,1.0484963534149407,1.0720128638236432,0.9889678465848029,0.9328246271534574,0.889678465848029,6.528817573711207,0
2022,QC,NS,MTV,3,4.372175676838154,2.1158812142260546,2.0663615931943538,0.9228719080364852,0.4839424054790511,0.2287190803648527,6.528817573711207,0
2022,QC,NS,NMM,5,2.8082941315932755,1.7575869519020935,1.597812346384392,0.9356088056713864,0.6258557222084614,0.3560880567138648,6.528817573711207,0
2022,QC,NS,OSV,7,2.652178919430511,1.5542447146736207,1.706410126018957,0.9377048468590771,0.5860255894829886,0.377048468590771,6.528817573711207,0
2022,QC,NS,OTE,10.7,1.2380775463599836,1.209147075327667,1.0239263457875682,0.9807703849359077,0.9766327471834266,0.8077038493590771,6.528817573711207,0
2022,QC,NS,PAP,10.7,1.309818524890948,1.3839473812810685,0.9464366511380641,0.9763464541840449,1,0.7634645418404488,6.528817573711207,0
2022,QC,NS,PET,71.1,1.0565967060150385,1.0422554464783012,1.0137598317045935,0.9946434902084359,0.9864269314345816,0.9464349020843598,6.528817573711207,0
2022,QC,NS,PRF,7,2.011166553190505,1.4270609714785507,1.4093066753179955,0.9497223861650645,0.7095687670494857,0.49722386165064486,6.528817573711207,0
2022,QC,NS,PUB,7,1.5765191970563395,1.2975137414591527,1.21503082910199,0.963430879996082,0.8230243842776269,0.6343087999608186,6.528817573711207,0
2022,QC,NS,REA,7,3.1814105315962258,1.517701000463998,2.0962037520062196,0.9314325985303841,0.4770528623674713,0.3143259853038409,6.528817573711207,0
2022,QC,NS,RUB,7,1.4198014400905132,1.3670953742518135,1.0385533202959925,0.9704323838364504,0.9628778614033947,0.7043238383645035,6.528817573711207,0
2022,QC,NS,TEL,7,1.9769808705860148,1.0234679008121883,1.9316491206193687,0.9505821788606169,0.5176923641698227,0.5058217886061694,6.528817573711207,0
2022,QC,NS,TEX,7.6,1.4570363703864087,1.3259178736783226,1.0988888522517168,0.9686324665824779,0.9100101415633756,0.6863246658247785,6.528817573711207,0
2022,QC,NS,TRD,7,2.009279824338777,1.491587695040442,1.3470745508424824,0.9497690758592614,0.7423494114520861,0.4976907585926139,6.528817573711207,0
2022,QC,NS,TRN,7,1.6664482882765848,1.3484227555263242,1.2358500191774997,0.960007862652263,0.809159675108096,0.6000786265226296,6.528817573711207,0
2022,QC,NS,WOD,17.8,1.1338369378721525,1.1782286711917267,0.9623233295836588,0.9881961035664157,1,0.881961035664157,6.528817573711207,0
2022,QC,NT,ACC,7,2.520959153998712,1.5365821562451238,1.640627638263785,0.9396674415931656,0.6095228293595386,0.3966744159316557,15.403991467942127,0
2022,QC,NT,ADM,7,2.5172944899172904,1.6168816438239462,1.5568823479026308,0.9397251892460489,0.6423092928936858,0.39725189246048703,15.403991467942127,0
2022,QC,NT,ART,7,4.3063989491221015,1.8618929082255626,2.3129144163432165,0.9232212577565266,0.4323549513695489,0.23221257756526692,15.403991467942127,0
2022,QC,NT,CHM,6.8,1.3889824588853232,1.3871197037752847,1.0013428942757923,0.9719951496581544,0.9986589066707628,0.719951496581543,15.403991467942127,0
2022,QC,NT,FIN,7,2.5511654830109416,1.5821015731743946,1.6125168739274918,0.9391977708486311,0.6201485492454858,0.39197770848631036,15.403991467942127,0
2022,QC,NT,HTH,7,4.0705325048588135,1.9612676042524964,2.075460021892437,0.9245668103327107,0.4818208924536086,0.24566810332710634,15.403991467942127,0
2022,QC,NT,MFN,7,2.54316948832969,1.6845481063085497,1.5097042814067734,0.9393210127987492,0.6623813764826708,0.3932101279874913,15.403991467942127,0
2022,QC,NT,OSV,7,2.7748891928530925,1.9017014159067187,1.459161343438367,0.9360374750305548,0.685325172913093,0.3603747503055491,15.403991467942127,0
2022,QC,NT,PRF,7,2.542339418345173,1.6791993140563932,1.5140188523563156,0.939333851050105,0.6604937570253292,0.3933385105010515,15.403991467942127,0
2022,QC,NT,PUB,7,2.2010090374954836,1.4617138007845107,1.5057729059643472,0.9454337071299759,0.6641107673268744,0.45433707129975925,15.403991467942127,0
2022,QC,NT,TEL,7,2.224918806671213,1.034387663879059,2.150952572585351,0.9449454603467592,0.4649102973005322,0.44945460346759286,15.403991467942127,0
2022,QC,NT,TRD,7,2.44187036718944,1.7910002976407868,1.3634114803922803,0.9409522148856324,0.7334542904921706,0.4095221488563239,15.403991467942127,0
2022,QC,NT,TRN,7,1.9951625384407956,1.5460495299757044,1.2904906988795817,0.9501212297611348,0.774899037140067,0.5012122976113477,15.403991467942127,0
2022,QC,NU,ACC,7,2.84775095016625,1.3734261133008265,2.073464981179149,0.9351154302991848,0.4822844895269534,0.35115430299184713,7.5384607867908,0
2022,QC,NU,ADM,7,2.2968611001344725,1.4260893628954294,1.6106011024940896,0.9435376784404357,0.6208862010906699,0.4353767844043568,7.5384607867908,0
2022,QC,NU,ART,7,2.6278944127047947,1.5827434717213869,1.6603413374668385,0.9380532792780947,0.6022857935499499,0.3805327927809462,7.5384607867908,0
2022,QC,NU,CHM,6.8,1.4663353786143425,1.2734354441717035,1.1514799476687327,0.968197222448863,0.8684476026044426,0.6819722244886296,7.5384607867908,0
2022,QC,NU,FIN,7,2.469860971749038,1.4033652880387941,1.7599558666586899,0.940488108903225,0.5681960661312032,0.4048810890322493,7.5384607867908,0
2022,QC,NU,OSV,7,3.1530463458987437,1.6076713205213784,1.961250602440423,0.931715360013681,0.5098787471400545,0.31715360013681,7.5384607867908,0
2022,QC,NU,PRF,7,1.9568168796591325,1.4664891624573224,1.3343548181291653,0.9511034021831514,0.7494258546628938,0.5110340218315139,7.5384607867908,0
2022,QC,NU,REA,7,4.694572512431344,1.5670114166596119,2.995876394084438,0.9213011940352817,0.33379214241768057,0.21301194035281704,7.5384607867908,0
2022,QC,NU,TEL,7,2.048820608573125,1.0252890177812484,1.9982859204001082,0.9488085680032493,0.5004288874736075,0.4880856800324931,7.5384607867908,0
2022,QC,NU,TRD,7,2.3705751315333394,1.5380026039661225,1.5413336267573419,0.9421838560059972,0.6487888038255548,0.4218385600599709,7.5384607867908,0
2022,QC,NU,TRN,7,1.694945376502713,1.3796719032934308,1.2285133678932572,0.9589989514625753,0.8139919565668803,0.5899895146257531,7.5384607867908,0
2022,QC,ON,ACC,7,1.5410085428871203,1.249299506046709,1.233498080667219,0.9648925669241569,0.8107025180445224,0.6489256692415692,4.1610976724933195,1
2022,QC,ON,ADM,7,1.4111400816194195,1.244347546189621,1.1340401529625244,0.9708646868603154,0.8818029920612928,0.7086468686031534,4.1610976724933195,1
2022,QC,ON,AGR,3.1,2.2465078967056713,2.407157307606907,0.9332617729661605,0.9445135314888686,1,0.4451353148886866,4.1610976724933195,1
2022,QC,ON,ART,7,1.6308859607615245,1.29008015032094,1.264174137053268,0.9613163657091671,0.7910302629121604,0.6131636570916711,4.1610976724933195,1
2022,QC,ON,BMT,8.2,1.239395422592421,1.1132707073098276,1.1132920451912083,0.9806845000208503,0.8982369040715185,0.8068450002085032,4.1610976724933195,1
2022,QC,ON,CHM,6.8,1.2954614684688968,1.0940004120020599,1.1841508049326561,0.9771925699327745,0.8444870330995308,0.7719256993277446,4.1610976724933195,1
2022,QC,ON,EDU,7,2.2405061277931235,1.2496358402837924,1.7929272317320095,0.9446327723720619,0.5577471200735663,0.44632772372061763,4.1610976724933195,1
2022,QC,ON,ELC,11.8,1.2526633166650571,1.0029428479604365,1.2489877356545758,0.9798299101359718,0.8006483742419735,0.7982991013597188,4.1610976724933195,1
2022,QC,ON,ELQ,14.3,1.0848552534047982,1.051558598197749,1.0316640986666037,0.9921781958341003,0.9693077439570411,0.9217819583410031,4.1610976724933195,1
2022,QC,ON,FIN,7,1.4619065680113843,1.2880500354904239,1.1349765364159667,0.9684038242854528,0.8810754829855812,0.6840382428545274,4.1610976724933195,1
2022,QC,ON,FMT,11.6,1.1965497287843851,1.1527557674721538,1.0379906677094888,0.9835736263979545,0.963399798388051,0.8357362639795451,4.1610976724933195,1
2022,QC,ON,FOD,3.5,1.4156580229819071,1.5647462222530073,0.904720524548425,0.9706385287806745,1,0.7063852878067435,4.1610976724933195,1
2022,QC,ON,HTH,7,2.3135266759217847,1.3796971706737418,1.6768365733416921,0.9432240531482771,0.5963610383372931,0.4322405314827707,4.1610976724933195,1
2022,QC,ON,ITS,7,1.2879003122209196,1.1823566500704563,1.089265503893579,0.9776457611284798,0.9180498202004016,0.7764576112847974,4.1610976724933195,1
2022,QC,ON,MAC,15,1.1356857519867414,1.1193175725209448,1.0146233561123605,0.9880525267003328,0.9855874044055211,0.8805252670033273,4.1610976724933195,1
2022,QC,ON,MFN,7,1.327979989079199,1.320944529127436,1.005326082811676,0.9753023395099036,0.9947021340610401,0.7530233950990366,4.1610976724933195,1
2022,QC,ON,MIE,20.2,1.2276572866521653,1.7413827204800045,0.7049899325484101,0.9814559576905222,1,0.8145595769052215,4.1610976724933195,1
2022,QC,ON,MIN,45,1.014164279742911,1.0039191860576075,1.010205098007476,0.9986033545032268,0.9898979939542927,0.9860335450322688,4.1610976724933195,1
2022,QC,ON,MIS,7,1.3581261418342712,0.7187432333467598,1.8895845954754737,0.9736308630838524,0.5292168460700069,0.7363086308385246,4.1610976724933195,1
2022,QC,ON,MTV,3,2.2858249094023795,1.8208045799874952,1.2553927722535045,0.943747882695943,0.7965634517752884,0.43747882695943074,4.1610976724933195,1
2022,QC,ON,NMM,5,1.5468573243433426,1.5781808391224932,0.9801521384605282,0.9646472033498313,1,0.646472033498313,4.1610976724933195,1
2022,QC,ON,OSV,7,2.048428251470984,1.420834782885045,1.4417075624455031,0.9488179168238818,0.6936219425136019,0.4881791682388174,4.1610976724933195,1
2022,QC,ON,OTE,10.7,1.2006593104203471,1.2030576823555097,0.9980064364574218,0.9832875730293469,1,0.8328757302934694,4.1610976724933195,1
2022,QC,ON,PAP,10.7,1.1844232355805466,1.3107812900154252,0.9036009627255271,0.9844292791596451,1,0.8442927915964504,4.1610976724933195,1
2022,QC,ON,PET,71.1,1.0400987180234502,1.0275067968571219,1.0122548300457417,0.9961447199839211,0.9878935326540376,0.9614471998392117,4.1610976724933195,1
2022,QC,ON,PRF,7,1.5775220802865544,1.2620902765730853,1.2499280832508681,0.9633905548769467,0.8000460293676704,0.6339055487694674,4.1610976724933195,1
2022,QC,ON,PUB,7,1.2067168345732198,1.2276422529720632,0.9829547913097777,0.9828694828272343,1,0.8286948282723433,4.1610976724933195,1
2022,QC,ON,REA,7,2.365707424972264,1.2755595584199395,1.8546428579961503,0.942270653988911,0.5391873673621727,0.4227065398891091,4.1610976724933195,1
2022,QC,ON,RUB,7,1.3024892074947028,1.3128340988667992,0.9921201838213786,0.976776068027732,1,0.7677606802773197,4.1610976724933195,1
2022,QC,ON,TEL,7,1.6056554858119871,0.9914943405321643,1.6194298042590787,0.962279860707124,0.6175012942024491,0.6227986070712396,4.1610976724933195,1
2022,QC,ON,TEX,7.6,1.1170890865781027,1.237408533488693,0.9027649772453344,0.9895183752142122,1,0.8951837521421204,4.1610976724933195,1
2022,QC,ON,TRD,7,1.4969587297390219,1.3442595963433925,1.113593485819998,0.9668021088446667,0.8979937587041891,0.6680210884466661,4.1610976724933195,1
2022,QC,ON,TRN,7,1.460550816211089,1.232725253847252,1.1848145494324942,0.9684673199248326,0.8440139433458027,0.6846731992483259,4.1610976724933195,1
2022,QC,ON,UTL,7,1.9838035745357019,,,0.9504082164603441,1,0.5040821646034408,4.1610976724933195,1
2022,QC,ON,WOD,17.8,1.1086715054124512,1.1485191351233524,0.9653052104294096,0.9901980428935058,1,0.9019804289350587,4.1610976724933195,1
2022,QC,PE,ACC,7,2.0898035666547816,1.461692185657917,1.4297152212756392,0.9478513873722942,0.6994399899497237,0.478513873722942,11.207009291619212,0
2022,QC,PE,ADM,7,1.9933209176975122,1.5289916862873079,1.3036832937513787,0.9501675365527745,0.7670574631070688,0.5016753655277453,11.207009291619212,0
2022,QC,PE,AGR,3.1,4.516313797718337,5.301929122325704,0.851824627134443,0.9221419512635549,1,0.2214195126355491,11.207009291619212,0
2022,QC,PE,ART,7,2.100568264965313,1.7320244317953364,1.2127821215477665,0.9476061652781617,0.8245504136586286,0.47606165278161683,11.207009291619212,0
2022,QC,PE,CHM,6.8,2.6732425748145614,1.3353142458759952,2.001957653841142,0.9374077537677016,0.4995110651223351,0.374077537677017,11.207009291619212,0
2022,QC,PE,EDU,7,3.428850945925437,1.4731430772549725,2.3275749646223733,0.9291642890219044,0.4296317047568177,0.29164289021904477,11.207009291619212,0
2022,QC,PE,ELC,11.8,1.6285057681446622,1.068148194335621,1.5246065824766748,0.9614059845264957,0.6559069149337738,0.6140598452649563,11.207009291619212,0
2022,QC,PE,FIN,7,2.075989768075402,1.4998911786615448,1.3840935913283716,0.9481697942532288,0.7224944947835925,0.48169794253228665,11.207009291619212,0
2022,QC,PE,FMT,11.6,1.6121212836387606,1.2835568520913534,1.2559796482813077,0.9620300724361678,0.7961912451116606,0.6203007243616772,11.207009291619212,0
2022,QC,PE,FOD,3.5,2.3165069927414192,1.832234629316245,1.2643069592052714,0.9431684429675116,0.7909471609873827,0.431684429675117,11.207009291619212,0
2022,QC,PE,HTH,7,3.9411218154155514,1.813466142785805,2.1732535956592445,0.9253734862010237,0.4601395814999931,0.2537348620102371,11.207009291619212,0
2022,QC,PE,ITS,7,2.057078301627847,1.2693616265803258,1.6205612794280213,0.9486126366317054,0.6170701550717977,0.486126366317053,11.207009291619212,0
2022,QC,PE,MAC,15,1.3882278013571696,1.2250584641791697,1.1331931021653965,0.9720342870977207,0.8824621312017515,0.7203428709772074,11.207009291619212,0
2022,QC,PE,MFN,7,1.7112774908025299,1.585401414318466,1.0793969750166872,0.958435876435857,0.9264432114834676,0.5843587643585697,11.207009291619212,0
2022,QC,PE,OSV,7,2.7509232264741303,1.764708411540211,1.558854260842541,0.9363514325073224,0.6414967871720815,0.3635143250732243,11.207009291619212,0
2022,QC,PE,OTE,10.7,1.5226597731757316,1.2771190510215722,1.1922614199183315,0.9656745530168144,0.8387422282509979,0.6567455301681429,11.207009291619212,0
2022,QC,PE,PAP,10.7,1.5808678347993583,1.5197041414845034,1.040247105765671,0.9632563948729415,0.9613100526378805,0.63256394872941335,11.207009291619212,0
2022,QC,PE,PRF,7,2.736061126249902,1.580952155396013,1.7306413207454374,0.9365488910465469,0.5778204807737233,0.3654889104654688,11.207009291619212,0
2022,QC,PE,PUB,7,1.9158370433496732,1.3985752287108844,1.3698491178880432,0.9521965061418578,0.7300074051525792,0.5219650614185785,11.207009291619212,0
2022,QC,PE,REA,7,3.7246277595917734,1.7114493033294227,2.1763003743937666,0.9268483205449127,0.4594953949215588,0.26848320544912707,11.207009291619212,0
2022,QC,PE,TEL,7,2.3161621172071234,1.0303277372825466,2.247985794613198,0.9431748707299393,0.4448426686664478,0.4317487072993927,11.207009291619212,0
2022,QC,PE,TEX,7.6,1.6096441143486926,1.4381322810241854,1.1192601234167157,0.9621255339044078,0.8934473578379121,0.6212553390440769,11.207009291619212,0
2022,QC,PE,TRD,7,2.1435356676585875,1.6736166574797489,1.2807805527500402,0.9466518945818296,0.7807738787513914,0.4665189458182953,11.207009291619212,0
2022,QC,PE,TRN,7,1.9789750812192537,1.4696477355539592,1.3465642366830932,0.9505312072643126,0.7426307433080481,0.5053120726431262,11.207009291619212,0
2022,QC,PE,WOD,17.8,1.3723200624743568,1.235214009590741,1.1109978123783122,0.9728692983032656,0.9000917813324049,0.7286929830326561,11.207009291619212,0
2022,QC,SK,ACC,7,2.327038756746802,1.546607613848407,1.5046083673133204,0.9429730702636857,0.6646247766025878,0.4297307026368564,16.05511511819876,0
2022,QC,SK,ADM,7,1.9035837078813962,1.6286865550818754,1.1687845656622993,0.9525324941508853,0.8555896692846415,0.525324941508853,16.05511511819876,0
2022,QC,SK,AGR,3.1,5.152644269554952,6.795193234430809,0.7582778137120271,0.9194075109339225,1,0.19407510933922337,16.05511511819876,0
2022,QC,SK,ART,7,2.375650999168616,1.8794971542622547,1.2639822272575416,0.9420937250610448,0.7911503646453139,0.4209372506104476,16.05511511819876,0
2022,QC,SK,CHM,6.8,1.8498887524822123,1.3940086625527277,1.3270281614281154,0.9540573047248481,0.7535635106069071,0.5405730472484808,16.05511511819876,0
2022,QC,SK,EDU,7,3.7279664997518642,1.5605342372589344,2.3889040116800047,0.9268242753808695,0.4186020012150872,0.26824275380869456,16.05511511819876,0
2022,QC,SK,ELC,11.8,1.6893587043194465,1.0786754084252435,1.5661418542819463,0.9591940597010655,0.6385117652439509,0.5919405970106552,16.05511511819876,0
2022,QC,SK,FIN,7,1.9784405917652272,1.5931279894633845,1.241859163137061,0.950544858620585,0.8052442899192366,0.5054485862058503,16.05511511819876,0
2022,QC,SK,FMT,11.6,1.3843527271538876,1.3321192567083566,1.0392108065268864,0.9722359251645292,0.9622686693781298,0.722359251645291,16.05511511819876,0
2022,QC,SK,FOD,3.5,2.173949684443153,2.004945419496302,1.0842936986231326,0.9459992246902508,0.9222593484309914,0.45999224690250606,16.05511511819876,0
2022,QC,SK,HTH,7,4.218893044736878,1.9813705872558318,2.1292801416720235,0.9237029000118292,0.46964228916104345,0.2370290001182923,16.05511511819876,0
2022,QC,SK,ITS,7,1.675354467956174,1.3152093329462122,1.2738310366177203,0.9596888610217476,0.7850334708873186,0.5968886102174762,16.05511511819876,0
2022,QC,SK,MAC,15,1.2741944346239185,1.262615619204021,1.0091704991161103,0.978480958072553,0.990912834725012,0.7848095807255291,16.05511511819876,0
2022,QC,SK,MFN,7,1.7468647873033043,1.6979005922553054,1.028838081140522,0.9572454151728443,0.9719702432587318,0.5724541517284429,16.05511511819876,0
2022,QC,SK,MIN,45,1.1622026096429934,1.0725818006957475,1.0835561529098405,0.9860435169997751,0.9228871040181404,0.8604351699977519,16.05511511819876,0
2022,QC,SK,MTV,3,3.353391656028394,3.031032614609727,1.1063528778492455,0.9298205549060248,0.9038707450592113,0.29820554906024754,16.05511511819876,0
2022,QC,SK,NMM,5,2.743516510494877,2.3034256137029816,1.1910593049646636,0.9364495710587001,0.8395887558509675,0.36449571058700114,16.05511511819876,0
2022,QC,SK,OSV,7,2.8760384038200537,1.9202969874094544,1.4977050022350589,0.9347700503119765,0.6676882286616374,0.3477005031197655,16.05511511819876,0
2022,QC,SK,PAP,10.7,1.6794041683730188,1.6173268622624444,1.038382659411058,0.9595449278281108,0.963036112878823,0.5954492782811089,16.05511511819876,0
2022,QC,SK,PRF,7,2.4703203708013155,1.69242791492852,1.4596310714395477,0.9404805794349509,0.6851046264819227,0.4048057943495089,16.05511511819876,0
2022,QC,SK,PUB,7,1.6249346368159792,1.4701385919081924,1.1052935048163497,0.9615409369302064,0.904737063632845,0.6154093693020639,16.05511511819876,0
2022,QC,SK,REA,7,4.770104392019082,1.853871504448135,2.573050171262575,0.9209639017895104,0.388643801496225,0.20963901789510347,16.05511511819876,0
2022,QC,SK,RUB,7,1.6336714560975603,1.5882735358446758,1.0285831874852345,0.9612118180964461,0.9722111076352348,0.6121181809644605,16.05511511819876,0
2022,QC,SK,TEL,7,1.9299590805494886,1.0349172613130782,1.8648438408504298,0.9518145700641117,0.5362379294686505,0.5181457006411166,16.05511511819876,0
2022,QC,SK,TEX,7.6,1.58982999306876,1.518005097435133,1.047315319134952,0.9628998071718194,0.954822279145088,0.6289980717181941,16.05511511819876,0
2022,QC,SK,TRD,7,1.911103084951084,1.8068720318697784,1.0576859076032328,0.952325801149842,0.9454602664282898,0.5232580114984199,16.05511511819876,0
2022,QC,SK,TRN,7,1.7383841989798752,1.5562814741980449,1.1170114325724196,0.9575246830123528,0.895245984812395,0.5752468301235271,16.05511511819876,0
2022,QC,SK,WOD,17.8,1.3388500469558007,1.2746469745620823,1.050369297283882,0.9746909635081047,0.9520461066273258,0.7469096350810472,16.05511511819876,0
2022,QC,YT,ACC,7,2.841787204944828,1.7889654540847013,1.588508709576389,0.9351891231778354,0.6295212572467872,0.3518912317783536,40.55925360413465,0
2022,QC,YT,ADM,7,2.5914886131691457,1.9167099065318598,1.3520505134020235,0.938587860078501,0.7396173368432843,0.38587860078501157,40.55925360413465,0
2022,QC,YT,ART,7,3.2112663910722286,2.320205780603513,1.384043785218456,0.9311403626550616,0.7225204944236364,0.3114036265506158,40.55925360413465,0
2022,QC,YT,CHM,6.8,1.5037564526604177,1.5574940819064138,0.9654973782114024,0.9665001302724798,1,0.6650013027247988,40.55925360413465,0
2022,QC,YT,FIN,7,2.599026557956665,1.8610974563472715,1.3965021278669136,0.9384759438851673,0.716074812952451,0.38475943885167235,40.55925360413465,0
2022,QC,YT,PRF,7,3.034028369817355,2.017413787213064,1.5039197159491426,0.932959480865375,0.6649291111719268,0.3295948086537499,40.55925360413465,0
2022,QC,YT,PUB,7,1.8404897012423502,1.6719697222982002,1.1007912862874762,0.954333365697455,0.9084374235670011,0.5433336569745483,40.55925360413465,0
2022,QC,YT,TEL,7,2.197779112175494,1.0468432542484232,2.0994347561167412,0.9455004779352071,0.4763186839155072,0.4550047793520705,40.55925360413465,0
2022,QC,YT,TRD,7,2.4989153532759407,2.201399557421504,1.1351484762733925,0.9400173618801876,0.88094202732221,0.40017361880187535,40.55925360413465,0
2022,QC,YT,TRN,7,2.147397661692828,1.803906343453083,1.1904152726589037,0.9465679933362544,0.840042985811503,0.46567993336254454,40.55925360413465,0
2022,SK,AB,ACC,7,1.7386686939234737,1.200884116412277,1.4478238742284848,0.9575152703614512,0.6906917462822466,0.575152703614513,3.235420866539349,1
2022,SK,AB,ADM,7,1.4243367861917662,1.19053093918939,1.1963878798156815,0.9702081143795837,0.8358493235104175,0.7020811437958357,3.235420866539349,1
2022,SK,AB,AGR,3.1,2.55564301298939,2.0233614638044624,1.2630679484149587,0.9391290956881447,0.7917230432890913,0.39129095688144594,3.235420866539349,1
2022,SK,AB,ART,7,1.8981972861138785,1.218365187908065,1.5579871330475932,0.952681563044865,0.6418538245844756,0.5268156304486503,3.235420866539349,1
2022,SK,AB,BMT,8.2,1.0430339786714673,1.07483489368543,0.9704132093209938,0.9958741537139297,1,0.9587415371392977,3.235420866539349,1
2022,SK,AB,CHM,6.8,1.2956903967646378,1.0615518804421007,1.220562480870013,0.9771789312089537,0.819294395553764,0.7717893120895377,3.235420866539349,1
2022,SK,AB,EDU,7,2.2822260245388657,1.2002317969353071,1.901487721260461,0.9438168695496342,0.5259040007563753,0.43816869549634313,3.235420866539349,1
2022,SK,AB,ELC,11.8,1.4493473979854685,0.9960816894330988,1.455048730802729,0.9689965705523712,0.687262205608959,0.6899657055237121,3.235420866539349,1
2022,SK,AB,ELQ,14.3,1.1459886378482833,1.039387873598653,1.1025611005837008,0.9872609000624656,0.9069792136423057,0.8726090006246549,3.235420866539349,1
2022,SK,AB,FIN,7,1.846166809115779,1.2348115370420645,1.4951000648553938,0.9541662863324334,0.6688515528201252,0.5416628633243329,3.235420866539349,1
2022,SK,AB,FMT,11.6,1.1910345605669,1.1231782446048657,1.0604145568951133,0.9839606198768931,0.9430274164926529,0.8396061987689318,3.235420866539349,1
2022,SK,AB,FOD,3.5,1.6148370773858205,1.4691334740680109,1.0991765594410958,0.9619257517680267,0.909771948292343,0.6192575176802667,3.235420866539349,1
2022,SK,AB,HTH,7,2.8612679437818787,1.2967812455750274,2.2064384055100335,0.934949540541046,0.45321908715092507,0.34949540541045965,3.235420866539349,1
2022,SK,AB,ITS,7,1.6891620507467824,1.1533543819172947,1.4645646448568397,0.9592009511199886,0.6827967638791045,0.5920095111998862,3.235420866539349,1
2022,SK,AB,MAC,15,1.121000065048904,1.095907948280479,1.0228961901479001,0.9892060608360781,0.9776163110504991,0.8920606083607806,3.235420866539349,1
2022,SK,AB,MFN,7,1.647220809078401,1.2590566491499102,1.3082976132889426,0.9607083151505041,0.7643520784893049,0.6070831515050416,3.235420866539349,1
2022,SK,AB,MIE,20.2,1.1002616480842162,1.6301454331035432,0.6749469254344315,0.9908874722427349,1,0.9088747224273493,3.235420866539349,1
2022,SK,AB,MIN,45,1.0590378568267793,0.9975634587129296,1.0616245488714722,0.9944253308372114,0.941952596200813,0.9442533083721144,3.235420866539349,1
2022,SK,AB,MIS,7,1.851020874743781,0.7254796944267564,2.5514440844638386,0.9540242421706033,0.39193490701566375,0.5402424217060331,3.235420866539349,1
2022,SK,AB,MTV,3,1.6915488183704654,1.6466899448823498,1.027241845757017,0.9591174188495097,0.973480591868859,0.591174188495097,3.235420866539349,1
2022,SK,AB,NMM,5,1.7288061239848265,1.4632248601340603,1.1815040675473718,0.9578433860296053,0.8463788043284968,0.578433860296053,3.235420866539349,1
2022,SK,AB,OSV,7,2.3106850352991333,1.3392417867482833,1.7253680837644272,0.943277209343702,0.5795864716693895,0.43277209343701983,3.235420866539349,1
2022,SK,AB,PAP,10.7,1.224297013244401,1.2548873588273874,0.9756230347147882,0.9816795262246036,1,0.8167952622460366,3.235420866539349,1
2022,SK,AB,PET,71.1,1.038762367694037,1.0218195187650971,1.0165810582180068,0.9962684085504478,0.9836893889730031,0.9626840855044777,3.235420866539349,1
2022,SK,AB,PRF,7,1.5477059663638546,1.2033118570602177,1.2862051988293524,0.9646117558330138,0.7774809189934515,0.6461175583301377,3.235420866539349,1
2022,SK,AB,PUB,7,1.401043542783395,1.185502373470928,1.1818142031056444,0.9713753691061836,0.8461566948274425,0.7137536910618364,3.235420866539349,1
2022,SK,AB,REA,7,2.6463957507049694,1.206151694133887,2.194082024322233,0.9377872432622222,0.455771474773787,0.3778724326222227,3.235420866539349,1
2022,SK,AB,RUB,7,1.2931327598151303,1.2589193958058866,1.027176770906244,0.9773315804127461,0.9735422648992862,0.7733158041274607,3.235420866539349,1
2022,SK,AB,TEL,7,1.707250123539649,0.9884146850963293,1.7272609859830876,0.9585737254437385,0.5789513038939162,0.5857372544373848,3.235420866539349,1
2022,SK,AB,TEX,7.6,1.3324908008843275,1.1914681899287398,1.1183603659313994,0.9750474224164501,0.8941661654534531,0.7504742241645008,3.235420866539349,1
2022,SK,AB,TRD,7,1.5460252589876788,1.2740755356629907,1.2134486658855541,0.9646819962472534,0.8240974901647092,0.6468199624725339,3.235420866539349,1
2022,SK,AB,TRN,7,1.5337726442382793,1.1842826621721279,1.295106897389802,0.9651987114098408,0.7721370351863855,0.651987114098408,3.235420866539349,1
2022,SK,AB,WOD,17.8,1.104372430822346,1.123532563969268,0.9829465261965953,0.990549163677997,1,0.9054916367799698,3.235420866539349,1
2022,SK,BC,ACC,7,1.9501517802862907,1.3823464125910032,1.4107547590990746,0.9512780600007039,0.7088404228659929,0.5127806000070393,7.855639515755842,0
2022,SK,BC,ADM,7,1.7707009773066964,1.436454049716568,1.2326889103456389,0.9564748092882989,0.8112346850914768,0.5647480928829881,7.855639515755842,0
2022,SK,BC,AGR,3.1,4.674651200654286,4.148768652282389,1.1267562962525255,0.9213919703754591,0.8875033610425752,0.2139197037545893,7.855639515755842,0
2022,SK,BC,ART,7,2.0485888340448373,1.5976403787481945,1.2822590498432296,0.9488140901376266,0.7798736145572621,0.4881409013762657,7.855639515755842,0
2022,SK,BC,BMT,8.2,1.4074647598624839,1.3335202106589983,1.0554506400521246,0.9710497362717418,0.9474625928035951,0.7104973627174188,7.855639515755842,0
2022,SK,BC,CHM,6.8,1.7590050800129244,1.279731141038029,1.3745114294758365,0.9568503190447097,0.7275312365946243,0.5685031904470977,7.855639515755842,0
2022,SK,BC,EDU,7,2.6559066023448388,1.391578156513854,1.9085572663761465,0.9376519264313408,0.5239559837252039,0.3765192643134073,7.855639515755842,0
2022,SK,BC,ELC,11.8,1.7451609238675378,1.0578443553002328,1.6497331721094581,0.9573013059325125,0.6061586303204013,0.5730130593251254,7.855639515755842,0
2022,SK,BC,ELQ,14.3,1.1973609902903857,1.1000606073203933,1.0884500202284342,0.9835170018155911,0.9187376373883744,0.8351700181559102,7.855639515755842,0
2022,SK,BC,FIN,7,1.904230797805778,1.4131016345959455,1.3475540266785293,0.9525146427183243,0.7420852746548608,0.5251464271832427,7.855639515755842,0
2022,SK,BC,FMT,11.6,1.3712119791215853,1.2372989922781163,1.1082300944874353,0.9729281843526929,0.9023396900825974,0.72928184352693,7.855639515755842,0
2022,SK,BC,FOD,3.5,1.774301907513353,1.6761564368234128,1.0585538846695848,0.9563601941566686,0.9446850221631734,0.5636019415666859,7.855639515755842,0
2022,SK,BC,HTH,7,2.837090159595756,1.6615001533846354,1.7075473353501238,0.9352473817801578,0.5856353023413873,0.35247381780157644,7.855639515755842,0
2022,SK,BC,ITS,7,1.5899887259247982,1.2256177447786483,1.297295778148151,0.9628935277146926,0.7708342359885489,0.6289352771469255,7.855639515755842,0
2022,SK,BC,MAC,15,1.2431741065478406,1.189035921286677,1.0455311604064743,0.9804392558317427,0.9564516466551098,0.8043925583174277,7.855639515755842,0
2022,SK,BC,MFN,7,1.8222879409147776,1.4815367965814068,1.2299984348142023,0.9548760696675633,0.8130091646425999,0.548760696675634,7.855639515755842,0
2022,SK,BC,MIN,45,1.1217417243340784,1.053403925275348,1.0648733096764071,0.9891470806788122,0.939078847138989,0.891470806788122,7.855639515755842,0
2022,SK,BC,MIS,7,1.7874997003059945,0.9264261239483847,1.9294573567158864,0.9559440653236928,0.5182804359574403,0.5594406532369288,7.855639515755842,0
2022,SK,BC,MTV,3,3.4264432028839784,2.278171695118577,1.5040320315741764,0.9291847826095094,0.6648794566917318,0.2918478260950939,7.855639515755842,0
2022,SK,BC,NMM,5,2.3818383983213383,1.8580907394173343,1.2818741021594253,0.9419843764675545,0.7801078111457399,0.4198437646755446,7.855639515755842,0
2022,SK,BC,OSV,7,2.6510225704075507,1.6233203350534595,1.6330865283716456,0.9377212933289462,0.6123374252539469,0.3772129332894614,7.855639515755842,0
2022,SK,BC,PAP,10.7,1.1815049813375698,1.4290081907108187,0.8268007062645766,0.9846378149728924,1,0.8463781497289247,7.855639515755842,0
2022,SK,BC,PET,71.1,1.0722777742229384,1.0465175654380034,1.0246151709590783,0.9932594169197141,0.9759761794898688,0.9325941691971403,7.855639515755842,0
2022,SK,BC,PRF,7,1.951459632774413,1.4779896143835347,1.3203473243540762,0.9512436938589547,0.7573764732618423,0.5124369385895461,7.855639515755842,0
2022,SK,BC,PUB,7,1.421739133655612,1.3312677352222249,1.0679588305490517,0.9703363912779678,0.9363656832032436,0.7033639127796774,7.855639515755842,0
2022,SK,BC,REA,7,3.5396732615895816,1.58143790456768,2.238262565584089,0.9282511951272849,0.4467751082362598,0.28251195127284834,7.855639515755842,0
2022,SK,BC,RUB,7,1.474100246789536,1.4099032057701362,1.0455329420889807,0.9678379914919569,0.9564500167751714,0.6783799149195682,7.855639515755842,0
2022,SK,BC,TEL,7,2.102192098585808,1.0258115829278351,2.049296511729577,0.94756939200146,0.4879723330793231,0.4756939200145993,7.855639515755842,0
2022,SK,BC,TEX,7.6,1.7156187940717837,1.3633187726090787,1.2584135336070255,0.95828800683785,0.7946513394000717,0.5828800683784994,7.855639515755842,0
2022,SK,BC,TRD,7,1.8123074992952253,1.5515703972654276,1.168047226532122,0.9551782741278112,0.8561297670890874,0.5517827412781123,7.855639515755842,0
2022,SK,BC,TRN,7,1.7194405330174405,1.3887613237993848,1.2381109003765893,0.9581584521707827,0.8076820902681945,0.5815845217078275,7.855639515755842,0
2022,SK,BC,WOD,17.8,1.1060268918678033,1.1974384580244237,0.9236607396864183,0.9904137148339359,1,0.9041371483393588,7.855639515755842,0
2022,SK,MB,ACC,7,1.804785752141799,1.2643758179684346,1.427412424765985,0.9554082388346243,0.7005683729871859,0.5540823883462438,4.491308009957171,1
2022,SK,MB,ADM,7,1.596389272396926,1.2611567911597261,1.265813484562002,0.9626413630616882,0.7900058043275001,0.6264136306168814,4.491308009957171,1
2022,SK,MB,AGR,3.1,2.5059111927754802,2.537448939051484,0.9875710814154184,0.9399056440181516,1,0.39905644018151604,4.491308009957171,1
2022,SK,MB,ART,7,2.0248545811761804,1.3126690315296095,1.5425476891282222,0.9493862625640568,0.6482781745082737,0.49386262564056743,4.491308009957171,1
2022,SK,MB,BMT,8.2,1.585931401125291,1.125205383158508,1.4094594861193268,0.9630544296739729,0.709491837011439,0.6305442967397292,4.491308009957171,1
2022,SK,MB,CHM,6.8,1.1950243170253594,1.1040431556007582,1.08240725098748,0.9836803055597386,0.9238666861180946,0.836803055597386,4.491308009957171,1
2022,SK,MB,EDU,7,2.6670001145693316,1.2650281253302462,2.1082536120476285,0.937495311475136,0.4743262358406473,0.3749531147513582,4.491308009957171,1
2022,SK,MB,ELQ,14.3,1.1983365116131806,1.0552804505472515,1.1355621256811328,0.9834490137210138,0.8806211279723511,0.834490137210137,4.491308009957171,1
2022,SK,MB,FIN,7,1.8927948209293632,1.3046571505251108,1.4507986409820643,0.9528319281594927,0.6892755284931112,0.5283192815949271,4.491308009957171,1
2022,SK,MB,FMT,11.6,1.1802732127876236,1.1618854952943356,1.0158257569853129,0.9847261455369435,0.9844207957157147,0.8472614553694343,4.491308009957171,1
2022,SK,MB,FOD,3.5,1.6770950213786073,1.594976828869237,1.0514855081422019,0.959626913636532,0.9510354562725567,0.59626913636532,4.491308009957171,1
2022,SK,MB,HTH,7,2.292826125013374,1.4058951476901471,1.630865665039412,0.9436142971806974,0.6131712877625844,0.43614297180697337,4.491308009957171,1
2022,SK,MB,ITS,7,1.7924311462437879,1.1913020796992089,1.5045983523308863,0.9557901485976517,0.6646292005111031,0.5579014859765165,4.491308009957171,1
2022,SK,MB,MAC,15,1.0689949873953366,1.126520672715657,0.9489350824058599,0.993545808146075,1,0.9354580814607498,4.491308009957171,1
2022,SK,MB,MFN,7,1.5322809169497442,1.3403221093040427,1.1432184146730038,0.9652621845601695,0.8747234886747615,0.6526218456016952,4.491308009957171,1
2022,SK,MB,MIN,45,1.0899032837966096,1.0058561077622274,1.083557852247242,0.9917512603977634,0.9228856566597275,0.9175126039776326,4.491308009957171,1
2022,SK,MB,MIS,7,2.410445338666606,0.716711158802587,3.363203305908826,0.9414861098054674,0.2973355783288794,0.4148610980546745,4.491308009957171,1
2022,SK,MB,MTV,3,2.2938615496604764,1.8772032495593982,1.2219569458975061,0.9435946101519516,0.8183594384051864,0.43594610151951585,4.491308009957171,1
2022,SK,MB,NMM,5,1.8184209931375348,1.6148241313030633,1.1260798980444895,0.9549927659092069,0.8880364543728777,0.5499276590920691,4.491308009957171,1
2022,SK,MB,OSV,7,2.3513959163447646,1.4465674664290697,1.6255003454137629,0.9425279296033864,0.6151951937884425,0.4252792960338623,4.491308009957171,1
2022,SK,MB,PAP,10.7,1.4217017839683772,1.3282321926214742,1.0703714244136984,0.9703382390932023,0.9342551353589762,0.7033823909320233,4.491308009957171,1
2022,SK,MB,PRF,7,1.67331520816451,1.280490770188041,1.3067764697115172,0.9597616034994937,0.7652418169273886,0.5976160349949358,4.491308009957171,1
2022,SK,MB,PUB,7,1.4937580340390508,1.2407253229121984,1.2039393461664347,0.9669452466338238,0.8306066274718777,0.6694524663382379,4.491308009957171,1
2022,SK,MB,REA,7,2.917702033689206,1.2974041402570216,2.2488767710508433,0.9342735477596243,0.4446664276463336,0.3427354775962432,4.491308009957171,1
2022,SK,MB,RUB,7,1.4171850635812782,1.3296491309574507,1.0658338584110492,0.9705624145849353,0.9382325323111853,0.7056241458493527,4.491308009957171,1
2022,SK,MB,TEL,7,2.349704857311841,0.9924308934480877,2.3676256682700196,0.9425585365280319,0.42236406430357787,0.4255853652803191,4.491308009957171,1
2022,SK,MB,TEX,7.6,1.8608460007807157,1.2516984325096638,1.4866568116169219,0.9537389982610303,0.6726501988797113,0.5373899826103026,4.491308009957171,1
2022,SK,MB,TRD,7,1.6289651822309918,1.3663151986988016,1.1922323514971676,0.961388666308412,0.8387626780503245,0.6138866630841205,4.491308009957171,1
2022,SK,MB,TRN,7,1.530181721019509,1.2478155682239187,1.2262883714437838,0.9653517151762689,0.8154688760708374,0.6535171517626895,4.491308009957171,1
2022,SK,MB,UTL,7,2.815403703070543,,,0.9355188848728648,1,0.35518884872864853,4.491308009957171,1
2022,SK,MB,WOD,17.8,1.0502501545726186,1.1562117569170016,0.9083545019236563,0.9952154108853175,1,0.9521541088531741,4.491308009957171,1
2022,SK,NB,ACC,7,2.651449003527384,1.6168318011237364,1.6399040405344354,0.9377152266051371,0.6097917776177353,0.37715226605137003,21.3001074730136,0
2022,SK,NB,ADM,7,1.9772584906162984,1.7116267210504441,1.1551925815944455,0.9505750767917203,0.865656528558864,0.5057507679172016,21.3001074730136,0
2022,SK,NB,AGR,3.1,13.192887760269794,8.259341883268196,1.5973291754632404,0.9075798416402169,0.626045035275832,0.07579841640216835,21.3001074730136,0
2022,SK,NB,ART,7,3.230200312157403,2.0042297660460484,1.6116916168398965,0.9309578324364695,0.6204660926143781,0.3095783243646939,21.3001074730136,0
2022,SK,NB,CHM,6.8,2.18751798911355,1.4419696381488745,1.517034708110617,0.9457139097816165,0.6591806994616786,0.4571390978161652,21.3001074730136,0
2022,SK,NB,EDU,7,3.3490925602874384,1.632880650586298,2.051033282245657,0.9298588343558405,0.4875591286871315,0.29858834355840386,21.3001074730136,0
2022,SK,NB,FIN,7,2.627814307614697,1.6704980771069329,1.5730723331125893,0.9380544392768647,0.6356986763738518,0.38054439276864793,21.3001074730136,0
2022,SK,NB,FMT,11.6,1.5216848303274184,1.371593470513032,1.1094284589720642,0.9657166306760666,0.9013650153940934,0.6571663067606658,21.3001074730136,0
2022,SK,NB,FOD,3.5,2.335123967563111,2.152116845296711,1.0850358672050489,0.9428242788773044,0.9216285195953078,0.4282427887730433,21.3001074730136,0
2022,SK,NB,HTH,7,3.842253594930144,2.124251415793788,1.8087565183494887,0.9260263924619526,0.5528660103530748,0.2602639246195255,21.3001074730136,0
2022,SK,NB,ITS,7,2.1895591532456913,1.3524219333932297,1.6189911588849217,0.9456712940829961,0.6176685984429643,0.4567129408299615,21.3001074730136,0
2022,SK,NB,MAC,15,1.570757762276721,1.292955753130397,1.214858094311219,0.9636635402361825,0.8231414061302067,0.6366354023618249,21.3001074730136,0
2022,SK,NB,MFN,7,2.370127302215181,1.7919437358342984,1.322657210055588,0.9421918265346073,0.7560537926209713,0.4219182653460743,21.3001074730136,0
2022,SK,NB,MTV,3,4.426081857493821,3.393370525012139,1.3043320276609014,0.9225933462641885,0.7666759527428999,0.22593346264188385,21.3001074730136,0
2022,SK,NB,OSV,7,6.591840208905722,2.0522203154586496,3.212052896685469,0.9151702706423159,0.3113273760316663,0.15170270642315903,21.3001074730136,0
2022,SK,NB,PAP,10.7,2.055810952581569,1.6984775493562385,1.2103845313473633,0.9486426049410943,0.8261837243465351,0.486426049410943,21.3001074730136,0
2022,SK,NB,PRF,7,2.2597049240477354,1.7855808307452847,1.2655293365266225,0.9442535655588489,0.7901831835401023,0.4425356555884884,21.3001074730136,0
2022,SK,NB,PUB,7,2.073375600028433,1.5289753245801192,1.3560556319624157,0.948230528032947,0.7374328725384593,0.4823052803294717,21.3001074730136,0
2022,SK,NB,REA,7,5.277928540580217,1.974141806741852,2.6735306058337196,0.9189468271938761,0.374037236685442,0.1894682719387609,21.3001074730136,0
2022,SK,NB,RUB,7,2.4052335110554672,1.6648903991715889,1.4446797892835805,0.941576004799683,0.6921949122690378,0.4157600479968279,21.3001074730136,0
2022,SK,NB,TEL,7,2.473902374101952,1.0385406025466328,2.3820949975721994,0.940421966948595,0.4197985391091401,0.4042196694859508,21.3001074730136,0
2022,SK,NB,TEX,7.6,2.3824406950065105,1.5839169143238618,1.5041449923675576,0.9419737625409083,0.664829524463581,0.4197376254090838,21.3001074730136,0
2022,SK,NB,TRD,7,2.3426331103233653,1.9190684845130515,1.2207136583339755,0.9426870087165278,0.8191929312602232,0.42687008716527747,21.3001074730136,0
2022,SK,NB,TRN,7,2.2631383530244773,1.6279782719062825,1.3901526771450416,0.9441864280486251,0.7193454477631199,0.4418642804862511,21.3001074730136,0
2022,SK,NL,ACC,7,3.0035060198475225,1.5933366859829226,1.8850416526966944,0.9332944230306809,0.5304922565341855,0.33294423030680875,19.40486626750615,0
2022,SK,NL,ADM,7,2.0546949673329475,1.6838286759191627,1.2202517968232947,0.9486690246434987,0.8195029932373953,0.4866902464349871,19.40486626750615,0
2022,SK,NL,ART,7,2.7875726979818922,1.9622223804029968,1.4206201732391752,0.9358735038811352,0.703917921790373,0.35873503881135227,19.40486626750615,0
2022,SK,NL,EDU,7,3.885960375059132,1.6086681626657673,2.4156382685038054,0.9257336643579333,0.4139692656133398,0.2573366435793322,19.40486626750615,0
2022,SK,NL,FIN,7,2.9671088818605043,1.6445862070372534,1.8041674368689953,0.933702841379146,0.5542722807010801,0.3370284137914606,19.40486626750615,0
2022,SK,NL,FOD,3.5,4.399000587988437,2.1024447429221844,2.092326375186571,0.9227324361522141,0.4779369088203702,0.22732436152214233,19.40486626750615,0
2022,SK,NL,ITS,7,2.3849179259892006,1.340039733430773,1.7797367245845226,0.9419301640992626,0.5618808592228431,0.4193016409926252,19.40486626750615,0
2022,SK,NL,MFN,7,2.68065088116817,1.7603801511574888,1.5227681812962859,0.9373043728679888,0.6566987754818535,0.37304372867988744,19.40486626750615,0
2022,SK,NL,OSV,7,6.577647119767243,2.0077591384023883,3.2761136502664363,0.9152030046883297,0.30523971594168386,0.15203004688329738,19.40486626750615,0
2022,SK,NL,PRF,7,2.735745066099194,1.7543194359200045,1.5594338237862069,0.9365531135335597,0.6412583751531458,0.36553113533559833,19.40486626750615,0
2022,SK,NL,PUB,7,2.3211915067841815,1.5093238680761567,1.5379015437838819,0.9430813225482381,0.6502366839034319,0.43081322548238044,19.40486626750615,0
2022,SK,NL,REA,7,4.559135287685733,1.9336559423199573,2.3577799896582348,0.9219339839004342,0.4241277830782473,0.21933983900434129,19.40486626750615,0
2022,SK,NL,TEL,7,2.386358100017067,1.03734475247573,2.3004484230741786,0.9419048591237354,0.43469785715241605,0.4190485912373537,19.40486626750615,0
2022,SK,NL,TRD,7,2.8547991798029044,1.8813331072679171,1.5174341900295691,0.935028733617229,0.6590071625976173,0.3502873361722908,19.40486626750615,0
2022,SK,NL,TRN,7,2.252454180828269,1.6039854060934098,1.4042859568867516,0.9443960196176903,0.7121056755541171,0.44396019617690136,19.40486626750615,0
2022,SK,NS,ACC,7,2.809938773584866,1.650475070389761,1.7025030089798914,0.935587964029701,0.5873704743694883,0.3558796402970087,24.28404450735102,0
2022,SK,NS,ADM,7,1.9686723191757525,1.7515147954679797,1.1239826944480658,0.9507956550340833,0.8896934133768424,0.5079565503408316,24.28404450735102,0
2022,SK,NS,AGR,3.1,10.332640332764067,9.04167777811276,1.1427790932537263,0.9096780684103468,0.8750597608088848,0.09678068410346881,24.28404450735102,0
2022,SK,NS,ART,7,2.819578982610652,2.064857402156947,1.365507845561308,0.9354662879162937,0.7323282713098863,0.35466287916293754,24.28404450735102,0
2022,SK,NS,CHM,6.8,2.767128353093212,1.4647703736589996,1.8891209181005753,0.9361385477071259,0.5293467402846052,0.36138547707125984,24.28404450735102,0
2022,SK,NS,EDU,7,3.1632476968957004,1.6675637153621634,1.8969276362604848,0.9316130792091104,0.527168238199826,0.31613079209110456,24.28404450735102,0
2022,SK,NS,FIN,7,2.667680353852351,1.707646455185492,1.5621971080439925,0.9374857504406747,0.6401240885998615,0.374857504406747,24.28404450735102,0
2022,SK,NS,FMT,11.6,1.56628953278193,1.3902963544237958,1.1265868084873703,0.9638451562798784,0.8876368802353242,0.6384515627987838,24.28404450735102,0
2022,SK,NS,FOD,3.5,2.323769734736142,2.2239943278087546,1.0448631571042242,0.9430335237201783,0.9570631265929984,0.43033523720178213,24.28404450735102,0
2022,SK,NS,HTH,7,4.385236235925644,2.193972298440548,1.9987655445980896,0.9228037885805921,0.5003088044531402,0.22803788580592124,24.28404450735102,0
2022,SK,NS,ITS,7,2.0911133972820184,1.370036528207052,1.5263194478607296,0.9478214142427558,0.6551708434309657,0.47821414242755905,24.28404450735102,0
2022,SK,NS,MAC,15,1.4948602014608905,1.3072737491964386,1.1434943923411287,0.9668958875902058,0.8745123777587174,0.6689588759020572,24.28404450735102,0
2022,SK,NS,MFN,7,2.514776417819195,1.8373113746956522,1.368726309788271,0.9397649664961943,0.7306062525784944,0.39764966496194376,24.28404450735102,0
2022,SK,NS,NMM,5,4.689443891045779,2.6084910201496347,1.7977611787127301,0.9213244901364411,0.5562474103017624,0.21324490136441165,24.28404450735102,0
2022,SK,NS,OSV,7,3.5554679473780557,2.116445191595769,1.6799244135858222,0.9281256930114484,0.5952648773437883,0.28125693011448466,24.28404450735102,0
2022,SK,NS,PAP,10.7,1.8554232678040463,1.7374847534580113,1.0678788772743526,0.9538960579697555,0.9364357899393926,0.5389605796975546,24.28404450735102,0
2022,SK,NS,PRF,7,2.742621241507056,1.8305082526893501,1.4982840079948536,0.9364614692275375,0.6674302032618603,0.36461469227537424,24.28404450735102,0
2022,SK,NS,PUB,7,2.0959880332203236,1.5570571200741887,1.3461214789091722,0.9477101960579221,0.7428750047212297,0.47710196057922016,24.28404450735102,0
2022,SK,NS,REA,7,4.142018906479134,2.0325410469789023,2.0378525258496922,0.9241428159208968,0.490712643488785,0.24142815920896804,24.28404450735102,0
2022,SK,NS,RUB,7,1.7930610597721974,1.7016687943075877,1.0537074345902884,0.9557705491706482,0.9490300316508904,0.5577054917064825,24.28404450735102,0
2022,SK,NS,TEL,7,2.1335068594107804,1.0402253896697329,2.0510044078891014,0.9468711874812615,0.48756599261978295,0.4687118748126145,24.28404450735102,0
2022,SK,NS,TEX,7.6,2.3680470499224726,1.615450466446611,1.4658741317716126,0.9422288906815742,0.6821868114907172,0.4222889068157404,24.28404450735102,0
2022,SK,NS,TRD,7,2.4246840626803006,1.9734437413473829,1.2286562884355803,0.941242486614713,0.8138972708740839,0.41242486614712903,24.28404450735102,0
2022,SK,NS,TRN,7,2.2882439027997896,1.6623429474673521,1.37651734636708,0.9437016350737982,0.7264710485772019,0.4370163507379813,24.28404450735102,0
2022,SK,NS,WOD,17.8,1.2889253872887911,1.3215975996125746,0.9752782448051046,0.9775840098939679,1,0.7758400989396792,24.28404450735102,0
2022,SK,NT,ACC,7,2.6358114749419226,1.3244516396162802,1.9901153021378486,0.93793898044328206,0.5024834485347489,0.37938980443282044,6.035496264054607,1
2022,SK,NT,ADM,7,2.6306600037469456,1.3283717841635443,1.980364258793281,0.9380132741812193,0.5049576084600426,0.38013274181219286,6.035496264054607,1
2022,SK,NT,ART,7,2.8594586294833113,1.4038721733128343,2.036836888600483,0.9349716547632198,0.4909573297678751,0.349716547632198,6.035496264054607,1
2022,SK,NT,CHM,6.8,2.111080617799883,1.1437824276087796,1.8457012162823323,0.9473691052614643,0.5417995020961359,0.47369105261464417,6.035496264054607,1
2022,SK,NT,FIN,7,2.56421576612407,1.3709651593383552,1.8703726704197152,0.9389982782732652,0.5346528078682833,0.38998278273265047,6.035496264054607,1
2022,SK,NT,HTH,7,3.080078633449536,1.5120479777317863,2.0370244058458664,0.9324667035815267,0.4909121349406484,0.3246670358152673,6.035496264054607,1
2022,SK,NT,MFN,7,2.3782726302548953,1.4180248342840818,1.6771727636601046,0.9420473240653164,0.5962414973980937,0.42047324065316405,6.035496264054607,1
2022,SK,NT,OSV,7,3.9783675477554703,1.5506146046727316,2.5656714026598078,0.9251359379945723,0.3897615255653196,0.2513593799457226,6.035496264054607,1
2022,SK,NT,PRF,7,2.6374433849811334,1.3542593829566059,1.9475171582146196,0.9379155058150055,0.5134742950951697,0.3791550581500552,6.035496264054607,1
2022,SK,NT,TEL,7,2.294406842709014,0.9960634666957201,2.303474546978757,0.9435842493748536,0.43412678525647375,0.4358424937485353,6.035496264054607,1
2022,SK,NT,TEX,7.6,2.0284599992471124,1.3085690195876187,1.5501360408840792,0.9492984826110035,0.6451046705743816,0.4929848261100353,6.035496264054607,1
2022,SK,NT,TRD,7,3.6480996194804614,1.4551285912039973,2.5070633905021165,0.9274115321484124,0.3988730415786253,0.2741153214841248,6.035496264054607,1
2022,SK,NT,TRN,7,2.288920690894256,1.3079724510306405,1.7499762239569034,0.9436887133738701,0.5714363351399607,0.4368871337387015,6.035496264054607,1
2022,SK,NU,ACC,7,3.187591183089238,1.320693302585941,2.4135741256867718,0.9313716515877315,0.41432330142976426,0.3137165158773137,5.875404462010492,0
2022,SK,NU,CHM,6.8,2.175237709599119,1.2360162730850526,1.7598778891234201,0.9459719871344218,0.5682212420420211,0.4597198713442187,5.875404462010492,0
2022,SK,NU,FIN,7,2.6742737915518258,1.3458970362295375,1.9869824507851421,0.9373933291033647,0.5032757081497409,0.3739332910336457,5.875404462010492,0
2022,SK,NU,TEL,7,2.3123989439034145,1.0221344287480851,2.262323701135526,0.9432451330526886,0.44202339368944904,0.43245133052688706,5.875404462010492,0
2022,SK,NU,TRD,7,3.465133792229094,1.4584417120201485,2.3759151727972676,0.92885891454588565,0.4208904473734459,0.28858914545885617,5.875404462010492,0
2022,SK,NU,TRN,7,2.5724354220675187,1.3259567527147067,1.9400598223138315,0.9388736677866254,0.51544802304464,0.38873667786625316,5.875404462010492,0
2022,SK,ON,ACC,7,2.1020279179970114,1.5103373379322702,1.391760545941873,0.9475731074472543,0.7185144045905186,0.47573107447254265,13.803944155998597,0
2022,SK,ON,ADM,7,1.644160930631776,1.5860219098756436,1.0366571359412626,0.9608212968310679,0.9646390936112367,0.6082129683106785,13.803944155998597,0
2022,SK,ON,AGR,3.1,3.3446672255863943,6.122275553467955,0.5463111218004246,0.929898340628631,1,0.29898340628630937,13.803944155998597,0
2022,SK,ON,ART,7,2.2671201123871243,1.816051477161517,1.2483787716913324,0.9441088231071741,0.8010389335963931,0.44108823107173956,13.803944155998597,0
2022,SK,ON,BMT,8.2,1.7932563582331924,1.442731541098612,1.242959141842607,0.9557644753584061,0.8045316747238886,0.5576447535840614,13.803944155998597,0
2022,SK,ON,CHM,6.8,1.5952940099758302,1.3690347000207466,1.165269229444407,0.9626843700124689,0.8581707769600968,0.6268437001246878,13.803944155998597,0
2022,SK,ON,EDU,7,2.7726649712569533,1.523194098383954,1.8202965559009427,0.9360663841598815,0.5493610350237998,0.3606638415988147,13.803944155998597,0
2022,SK,ON,ELC,11.8,1.8131636141919514,1.0742388169909596,1.6878589616327468,0.9551522208019632,0.5924665642872506,0.5515222080196314,13.803944155998597,0
2022,SK,ON,ELQ,14.3,1.1857263106533928,1.1291290232663556,1.050124729965148,0.984336494097778,0.9522678320633288,0.8433649409777805,13.803944155998597,0
2022,SK,ON,FIN,7,1.6587701285939254,1.5532596519160322,1.0679284217212106,0.9602856286571582,0.9363923458355677,0.6028562865715824,13.803944155998597,0
2022,SK,ON,FMT,11.6,1.2980519532131092,1.311491237546571,0.9897526693669696,0.9770385189533183,1,0.7703851895331834,13.803944155998597,0
2022,SK,ON,FOD,3.5,1.8713407755986005,1.9304650616215664,0.9693730349238736,0.9534376214658242,1,0.5343762146582427,13.803944155998597,0
2022,SK,ON,HTH,7,2.599231802212526,1.9089943962839986,1.3615712059040752,0.9384729056927041,0.7344456137613501,0.3847290569270417,13.803944155998597,0
2022,SK,ON,ITS,7,1.6238990078564528,1.2957437024208394,1.2532563382885986,0.9615801841839907,0.7979213585032122,0.6158018418399063,13.803944155998597,0
2022,SK,ON,MAC,15,1.2752303574739579,1.2466941404741076,1.0228895092015096,0.9784172047143584,0.9776226962974939,0.7841720471435856,13.803944155998597,0
2022,SK,ON,MFN,7,1.8806166615207722,1.6496822138581246,1.1399872325243536,0.953174047665373,0.8772028067240981,0.531740476653729,13.803944155998597,0
2022,SK,ON,MIN,45,1.099594299507628,1.0684996424147137,1.0291012330361133,0.9909426322460726,0.9717217003518137,0.9094263224607259,13.803944155998597,0
2022,SK,ON,MTV,3,3.65649097567805,2.853528075452386,1.2813930261044886,0.9273486248606033,0.7804006886474635,0.2734862486060321,13.803944155998597,0
2022,SK,ON,NMM,5,2.68240486946966,2.201169890671362,1.2186269132781569,0.9372799800425992,0.8205956959459878,0.37279980042599264,13.803944155998597,0
2022,SK,ON,OSV,7,2.1875541767730358,1.853306788361135,1.1803518934431105,0.9457131535583336,0.8472049780705477,0.4571315355833368,13.803944155998597,0
2022,SK,ON,PAP,10.7,1.476868898480598,1.5755598098096835,0.9373613678677126,0.9677108171909368,1,0.6771081719093682,13.803944155998597,0
2022,SK,ON,PET,71.1,1.0756995045542215,1.059612235006688,1.0151822232851357,0.9929627647652779,0.9850448294533704,0.9296276476527783,13.803944155998597,0
2022,SK,ON,PRF,7,2.1340008727456627,1.6446538812300393,1.2975379787202643,0.9468603369741538,0.7706903508028952,0.4686033697415377,13.803944155998597,0
2022,SK,ON,PUB,7,1.3794685299290579,1.4396288354921467,0.9582112388416264,0.9724916863490484,1,0.7249168634904829,13.803944155998597,0
2022,SK,ON,REA,7,2.825837873459857,1.792629625277306,1.5763645951252878,0.9353877343563111,0.6343710097856651,0.35387734356310935,13.803944155998597,0
2022,SK,ON,RUB,7,1.5952944852663171,1.548783881636488,1.0300304026799947,0.9626843513367416,0.9708451298118387,0.626843513367415,13.803944155998597,0
2022,SK,ON,TEL,7,1.7859489050811885,1.0329860507175723,1.7289187049917705,0.9559926433032271,0.578396194750383,0.5599264330322711,13.803944155998597,0
2022,SK,ON,TEX,7.6,1.6480484176770376,1.4839122783226175,1.1106104058522623,0.9606778289565985,0.9004057541065609,0.6067782895659845,13.803944155998597,0
2022,SK,ON,TRD,7,1.6287845369405973,1.7496260949401925,0.9309329242693274,0.9613954748046869,1,0.6139547480468687,13.803944155998597,0
2022,SK,ON,TRN,7,1.555947247983883,1.519268703417243,1.0241422366459205,0.9642695310715547,0.9764268714031493,0.6426953107155458,13.803944155998597,0
2022,SK,ON,UTL,7,2.83851374557159,,,0.9352297043324209,1,0.35229704332420997,13.803944155998597,0
2022,SK,ON,WOD,17.8,1.2506934018994675,1.257924381130909,0.9942516582555299,0.9799556468820632,1,0.7995564688206306,13.803944155998597,0
2022,SK,PE,ACC,7,2.659144748876861,1.7956988606276973,1.4808411405614752,0.9376060761800338,0.6752918814916503,0.3760607618003377,41.54096561542942,0
2022,SK,PE,ADM,7,2.9151972308811405,1.9247814110696664,1.51456015426763,0.934302996360138,0.6602576973798396,0.34302996360137955,41.54096561542942,0
2022,SK,PE,AGR,3.1,21.48870894025846,13.097545199140137,1.6406669046402074,0.9046536067047124,0.6095082415399221,0.04653606704712397,41.54096561542942,0
2022,SK,PE,ART,7,2.8791598276040835,2.33285333403261,1.2341795283920052,0.9347323545713736,0.8102548916063174,0.3473235457137363,41.54096561542942,0
2022,SK,PE,EDU,7,3.8161403920268606,1.817439149746251,2.0997348893687398,0.9262044866611648,0.4762505995700429,0.2620448666116478,41.54096561542942,0
2022,SK,PE,FIN,7,3.130092894193951,1.8685793752622168,1.6751190426442049,0.9319479336173988,0.596972498397178,0.3194793361739879,41.54096561542942,0
2022,SK,PE,FMT,11.6,1.8797054363966643,1.4695791463365975,1.2790773746908695,0.9531998248575038,0.781813531993467,0.5319982485750364,41.54096561542942,0
2022,SK,PE,FOD,3.5,3.1517750623661818,2.544238301015923,1.2387892522126043,0.9317281525556984,0.8072398095268406,0.3172815255569838,41.54096561542942,0
2022,SK,PE,ITS,7,2.9960417327130524,1.444590528073219,2.0739729871475374,0.9333773721868172,0.4821663571305051,0.33377372186817117,41.54096561542942,0
2022,SK,PE,MFN,7,2.7216954325136546,2.0353817428840175,1.3371916310191378,0.9367418039525619,0.7478359696566842,0.36741803952561947,41.54096561542942,0
2022,SK,PE,NMM,5,6.808439035456868,3.065275318136528,2.221150901249523,0.914687654465175,0.4502170471341877,0.14687654465175023,41.54096561542942,0
2022,SK,PE,PRF,7,3.285840906721349,2.0265795296846956,1.621372790256386,0.9304336097939024,0.6167613062273428,0.30433609793902405,41.54096561542942,0
2022,SK,PE,PUB,7,2.3060761986341363,1.6775297778458245,1.374685701016557,0.9433637015373684,0.7274390060655441,0.433637015373685,41.54096561542942,0
2022,SK,PE,TEL,7,2.7378910592534735,1.0471528383359017,2.614605011818937,0.9365244627473478,0.38246694834579115,0.36524462747347763,41.54096561542942,0
2022,SK,PE,TRD,7,3.115734320662576,2.212648168776143,1.408147198741473,0.9320951627155215,0.7101530300907084,0.3209516271552143,41.54096561542942,0
2022,SK,PE,TRN,7,2.7733176197544447,1.8107932575705112,1.5315484570973743,0.9360578966100733,0.652933960636951,0.36057896610073176,41.54096561542942,0
2022,SK,QC,ACC,7,2.327038756746802,1.546607613848407,1.5046083673133204,0.9429730702636857,0.6646247766025878,0.4297307026368564,16.05511511819876,0
2022,SK,QC,ADM,7,1.9035837078813962,1.6286865550818754,1.1687845656622993,0.9525324941508853,0.8555896692846415,0.525324941508853,16.05511511819876,0
2022,SK,QC,AGR,3.1,5.152644269554952,6.795193234430809,0.7582778137120271,0.9194075109339225,1,0.19407510933922337,16.05511511819876,0
2022,SK,QC,ART,7,2.375650999168616,1.8794971542622547,1.2639822272575416,0.9420937250610448,0.7911503646453139,0.4209372506104476,16.05511511819876,0
2022,SK,QC,CHM,6.8,1.8498887524822123,1.3940086625527277,1.3270281614281154,0.9540573047248481,0.7535635106069071,0.5405730472484808,16.05511511819876,0
2022,SK,QC,EDU,7,3.7279664997518642,1.5605342372589344,2.3889040116800047,0.9268242753808695,0.4186020012150872,0.26824275380869456,16.05511511819876,0
2022,SK,QC,ELC,11.8,1.6893587043194465,1.0786754084252435,1.5661418542819463,0.9591940597010655,0.6385117652439509,0.5919405970106552,16.05511511819876,0
2022,SK,QC,FIN,7,1.9784405917652272,1.5931279894633845,1.241859163137061,0.950544858620585,0.8052442899192366,0.5054485862058503,16.05511511819876,0
2022,SK,QC,FMT,11.6,1.3843527271538876,1.3321192567083566,1.0392108065268864,0.9722359251645292,0.9622686693781298,0.722359251645291,16.05511511819876,0
2022,SK,QC,FOD,3.5,2.173949684443153,2.004945419496302,1.0842936986231326,0.9459992246902508,0.9222593484309914,0.45999224690250606,16.05511511819876,0
2022,SK,QC,HTH,7,4.218893044736878,1.9813705872558318,2.1292801416720235,0.9237029000118292,0.46964228916104345,0.2370290001182923,16.05511511819876,0
2022,SK,QC,ITS,7,1.675354467956174,1.3152093329462122,1.2738310366177203,0.9596888610217476,0.7850334708873186,0.5968886102174762,16.05511511819876,0
2022,SK,QC,MAC,15,1.2741944346239185,1.262615619204021,1.0091704991161103,0.978480958072553,0.990912834725012,0.7848095807255291,16.05511511819876,0
2022,SK,QC,MFN,7,1.7468647873033043,1.6979005922553054,1.028838081140522,0.9572454151728443,0.9719702432587318,0.5724541517284429,16.05511511819876,0
2022,SK,QC,MIN,45,1.1622026096429934,1.0725818006957475,1.0835561529098405,0.9860435169997751,0.9228871040181404,0.8604351699977519,16.05511511819876,0
2022,SK,QC,MTV,3,3.353391656028394,3.031032614609727,1.1063528778492455,0.9298205549060248,0.9038707450592113,0.29820554906024754,16.05511511819876,0
2022,SK,QC,NMM,5,2.743516510494877,2.3034256137029816,1.1910593049646636,0.9364495710587001,0.8395887558509675,0.36449571058700114,16.05511511819876,0
2022,SK,QC,OSV,7,2.8760384038200537,1.9202969874094544,1.4977050022350589,0.9347700503119765,0.6676882286616374,0.3477005031197655,16.05511511819876,0
2022,SK,QC,PAP,10.7,1.6794041683730188,1.6173268622624444,1.038382659411058,0.9595449278281108,0.963036112878823,0.5954492782811089,16.05511511819876,0
2022,SK,QC,PRF,7,2.4703203708013155,1.69242791492852,1.4596310714395477,0.9404805794349509,0.6851046264819227,0.4048057943495089,16.05511511819876,0
2022,SK,QC,PUB,7,1.6249346368159792,1.4701385919081924,1.1052935048163497,0.9615409369302064,0.904737063632845,0.6154093693020639,16.05511511819876,0
2022,SK,QC,REA,7,4.770104392019082,1.853871504448135,2.573050171262575,0.9209639017895104,0.388643801496225,0.20963901789510347,16.05511511819876,0
2022,SK,QC,RUB,7,1.6336714560975603,1.5882735358446758,1.0285831874852345,0.9612118180964461,0.9722111076352348,0.6121181809644605,16.05511511819876,0
2022,SK,QC,TEL,7,1.9299590805494886,1.0349172613130782,1.8648438408504298,0.9518145700641117,0.5362379294686505,0.5181457006411166,16.05511511819876,0
2022,SK,QC,TEX,7.6,1.58982999306876,1.518005097435133,1.047315319134952,0.9628998071718194,0.954822279145088,0.6289980717181941,16.05511511819876,0
2022,SK,QC,TRD,7,1.911103084951084,1.8068720318697784,1.0576859076032328,0.952325801149842,0.9454602664282898,0.5232580114984199,16.05511511819876,0
2022,SK,QC,TRN,7,1.7383841989798752,1.5562814741980449,1.1170114325724196,0.9575246830123528,0.895245984812395,0.5752468301235271,16.05511511819876,0
2022,SK,QC,WOD,17.8,1.3388500469558007,1.2746469745620823,1.050369297283882,0.9746909635081047,0.9520461066273258,0.7469096350810472,16.05511511819876,0
2022,SK,YT,ACC,7,3.0541794182227777,1.5693613916726605,1.9461288103739858,0.9327420188229119,0.5138406022609731,0.327420188229118,17.619454922788826,0
2022,SK,YT,ADM,7,2.8243683527429155,1.6555125816742562,1.7060385913144616,0.9354061466178389,0.5861532119443582,0.3540614661783897,17.619454922788826,0
2022,SK,YT,ART,7,3.8694566378430437,1.9196410204125895,2.0157188748818147,0.925843421792612,0.49610092580922616,0.2584342179261198,17.619454922788826,0
2022,SK,YT,CHM,6.8,2.8080219160628808,1.4096045351984834,1.992063622062261,0.9356122576636473,0.5019919991133422,0.35612257663647334,17.619454922788826,0
2022,SK,YT,EDU,7,3.376009090563673,1.583968400428836,2.1313613893115977,0.9296207733206381,0.4691836893615621,0.2962077332063806,17.619454922788826,0
2022,SK,YT,FIN,7,2.4427942497424495,1.6181715246630899,1.5096015549099775,0.9409367264600952,0.6624264507064801,0.40936726460095146,17.619454922788826,0
2022,SK,YT,HTH,7,4.285524363458783,2.0272711737039173,2.1139374046487,0.923334367400327,0.47305090387299464,0.2333436740032706,17.619454922788826,0
2022,SK,YT,PRF,7,2.6563002691133177,1.7225171883914199,1.542103781033335,0.9376463463723477,0.6484647870650565,0.3764634637234756,17.619454922788826,0
2022,SK,YT,PUB,7,2.874854975957062,1.4892360152335775,1.9304226775002877,0.9347843633283481,0.5180212663554616,0.3478436332834814,17.619454922788826,0
2022,SK,YT,TEL,7,2.2105458985877795,1.0361075965189759,2.1335099810237654,0.9452376944825646,0.4687111890238965,0.4523769448256451,17.619454922788826,0
2022,SK,YT,TRD,7,2.531113105542608,1.8430305934962212,1.3733429680844838,0.939508309518457,0.7281502313983401,0.3950830951845689,17.619454922788826,0
2022,SK,YT,TRN,7,2.8614239559176173,1.5795074037108459,1.8115926200757757,0.934947635002913,0.5520004822928523,0.3494763500291289,17.619454922788826,0
2022,YT,AB,ACC,7,2.338563895334532,1.507824585806348,1.550952224382205,0.9427612861891442,0.6447651863669319,0.42761286189144293,13.65839346153378,0
2022,YT,AB,ADM,7,2.372026875314442,1.583070629754796,1.498370843808686,0.9421580383598073,0.6673915233548694,0.42158038359807265,13.65839346153378,0
2022,YT,AB,ART,7,3.268946943918627,1.8116810445405436,1.8043722175984114,0.9305908911082312,0.554209375563864,0.3059089110823124,13.65839346153378,0
2022,YT,AB,CHM,6.8,1.8619963499242973,1.3672992815334124,1.361805988690411,0.9537057980828296,0.734318991328314,0.5370579808282958,13.65839346153378,0
2022,YT,AB,EDU,7,2.9057554918867274,1.5206079053925767,1.9109169968023716,0.9344144578851228,0.523308967199176,0.3441445788512278,13.65839346153378,0
2022,YT,AB,FIN,7,2.504957461993281,1.5505000228693293,1.615580409575002,0.9399208375859709,0.6189725959001088,0.3992083758597104,13.65839346153378,0
2022,YT,AB,FOD,3.5,3.2706468963283584,1.9253442068843274,1.6987336002745483,0.9305749911775131,0.5886738213916417,0.3057499117751305,13.65839346153378,0
2022,YT,AB,HTH,7,3.006975130812442,1.904016488151225,1.5792799849817347,0.9332560116561328,0.6331999452342616,0.33256011656132795,13.65839346153378,0
2022,YT,AB,ITS,7,2.684997296898988,1.2943887532968428,2.0743360833908886,0.93724398535354,0.4820819576957432,0.3724398535353985,13.65839346153378,0
2022,YT,AB,MFN,7,2.1757946080668242,1.6463508174811636,1.3215862530415503,0.9459602205232271,0.756666466300297,0.4596022052322723,13.65839346153378,0
2022,YT,AB,OSV,7,2.8120695870635046,1.8486950931076902,1.5211105376692293,0.9355609976581073,0.6574144187655699,0.3556099765810728,13.65839346153378,0
2022,YT,AB,PRF,7,2.0590350743577424,1.6413528728298608,1.2544743476201767,0.9485664383503482,0.7971466310945841,0.4856643835034824,13.65839346153378,0
2022,YT,AB,PUB,7,1.9037444388242364,1.437512029687518,1.3243328747920577,0.9525280588931152,0.7550971655498748,0.5252805889311518,13.65839346153378,0
2022,YT,AB,REA,7,3.3591094602743214,1.7884093048440377,1.878266597683163,0.9297697949955562,0.5324057837335219,0.29769794995556204,13.65839346153378,0
2022,YT,AB,TEL,7,2.3947826067730267,1.032850681749119,2.3186145384708405,0.9417574437517526,0.4312920424709811,0.4175744375175255,13.65839346153378,0
2022,YT,AB,TRD,7,2.5481669980250503,1.7456781781610642,1.4597003215732154,0.9392438957405479,0.685072124203024,0.392438957405479,13.65839346153378,0
2022,YT,AB,TRN,7,1.708534405851946,1.5167049795914294,1.126477745403191,0.9585296963628519,0.8877228192751186,0.5852969636285191,13.65839346153378,0
2022,YT,BC,ACC,7,2.107164327902292,1.5153798868721031,1.3905188699921915,0.9474571435534652,0.7191560082932319,0.4745714355346516,14.224503846425735,1
2022,YT,BC,ADM,7,1.8459968508063014,1.5443312614495317,1.1953373585623217,0.9541712733455215,0.8365839090001659,0.5417127334552149,14.224503846425735,1
2022,YT,BC,AGR,3.1,3.1997088327593124,5.623311077190248,0.569007972142648,0.9312528436888313,1,0.3125284368883141,14.224503846425735,1
2022,YT,BC,ART,7,2.223892859899749,1.705919824773593,1.303632695748114,0.9449661950011872,0.7670872349716048,0.44966195001187204,14.224503846425735,1
2022,YT,BC,CHM,6.8,1.803747146076305,1.2673491371867578,1.4232440715430914,0.9554401431583857,0.7026201759729045,0.554401431583857,14.224503846425735,1
2022,YT,BC,EDU,7,2.725725703348322,1.521816400352941,1.79110022911842,0.9366874773485676,0.5583160471662718,0.3668747734856758,14.224503846425735,1
2022,YT,BC,FIN,7,2.1450846329207893,1.583020639302078,1.3550579061726662,0.9466182072563906,0.7379758425412829,0.4661820725639064,14.224503846425735,1
2022,YT,BC,FMT,11.6,1.6866789261396065,1.3088301668489484,1.2886919700210926,0.9592881066160442,0.7759806247443543,0.5928810661604424,14.224503846425735,1
2022,YT,BC,FOD,3.5,4.158255983216854,2.129172319737616,1.9529917539644175,0.9240485435248841,0.5120349320318838,0.24048543524884042,14.224503846425735,1
2022,YT,BC,HTH,7,2.563370491016987,1.8675668200996816,1.3725723028641978,0.9390111380116287,0.7285590696484715,0.3901113801162866,14.224503846425735,1
2022,YT,BC,MFN,7,1.8842442397094503,1.6698851411472282,1.1283675704874858,0.9530716761089423,0.8862360335010093,0.530716761089422,14.224503846425735,1
2022,YT,BC,MIS,7,1.7728412834523382,0.686723392493904,2.581594427727428,0.9564066286888725,0.3873575141236642,0.5640662868887238,14.224503846425735,1
2022,YT,BC,NMM,5,2.4704212406271497,2.2835531634665283,1.0818321553227812,0.9404789265714917,0.9243578082605934,0.40478926571491775,14.224503846425735,1
2022,YT,BC,OSV,7,2.755744884239437,1.8967725320022886,1.4528599701569869,0.9362878293168271,0.6882975789414492,0.36287829316827047,14.224503846425735,1
2022,YT,BC,PAP,10.7,2.2912438273679494,1.6217468308732366,1.4128246060047605,0.9436444165415928,0.7078019421163949,0.43644416541592745,14.224503846425735,1
2022,YT,BC,PRF,7,1.8557284255882047,1.5932048461978754,1.1647770404520374,0.9538871952496515,0.8585334061975594,0.5388719524965152,14.224503846425735,1
2022,YT,BC,PUB,7,1.616531552681616,1.4560483468031762,1.110218322235514,0.9618608401636906,0.9007237405219719,0.6186084016369058,14.224503846425735,1
2022,YT,BC,REA,7,3.053506605333083,1.6764968932464908,1.8213613264859978,0.9327492332341268,0.5490398777321835,0.32749233234126834,14.224503846425735,1
2022,YT,BC,RUB,7,1.9917216206307833,1.611301593701308,1.2360948617047014,0.9502078196893448,0.808999398817092,0.5020781968934481,14.224503846425735,1
2022,YT,BC,TEL,7,1.9324562634876148,1.0066772404939823,1.919638376387001,0.9517476135886895,0.5209314484961094,0.5174761358868959,14.224503846425735,1
2022,YT,BC,TRD,7,2.0971480698350726,1.7468157528936712,1.2005548188817634,0.9476838051820845,0.8329482204997796,0.4768380518208443,14.224503846425735,1
2022,YT,BC,TRN,7,1.6866663836861666,1.4994096818478093,1.1248869499145757,0.9592885474965432,0.8889782213901053,0.5928854749654318,14.224503846425735,1
2022,YT,MB,ACC,7,3.045366903934182,1.6959050287526032,1.7957178334297144,0.9328367658658188,0.556880363598138,0.32836765865818723,28.866468830803527,0
2022,YT,MB,ADM,7,2.9110635547706436,1.8055302651913783,1.6123039369058063,0.9343517062127071,0.6202304522800541,0.3435170621270712,28.866468830803527,0
2022,YT,MB,ART,7,3.5670438214556692,2.1476051346796226,1.6609402556619408,0.9280344186966538,0.6020686154069197,0.28034418696653735,28.866468830803527,0
2022,YT,MB,CHM,6.8,1.769581269350646,1.4953844139823462,1.18336211933498,0.956510543896464,0.8450498656843732,0.565105438964639,28.866468830803527,0
2022,YT,MB,EDU,7,3.87992937120329,1.7144207710232804,2.263113838085087,0.9257736650419971,0.44186906693396427,0.2577366504199709,28.866468830803527,0
2022,YT,MB,FIN,7,2.70461954754084,1.7578910614014305,1.5385592468879477,0.9369737769923776,0.6499587208115031,0.36973776992377516,28.866468830803527,0
2022,YT,MB,ITS,7,2.3093685416769247,1.393611971310692,1.6571101491794475,0.9433018802305959,0.6034601866962017,0.4330188023059585,28.866468830803527,0
2022,YT,MB,MFN,7,2.5520641462618228,1.8988874629415353,1.3439786169889512,0.939183968062275,0.7440594570175524,0.39183968062274854,28.866468830803527,0
2022,YT,MB,OSV,7,3.4271150866342586,2.204205914297683,1.5548071368487486,0.9291790609512939,0.6431665872249465,0.2917906095129393,28.866468830803527,0
2022,YT,MB,PRF,7,2.211821807689686,1.8914760568072888,1.1693628368857725,0.9452115987157452,0.8551665646081102,0.452115987157451,28.866468830803527,0
2022,YT,MB,PUB,7,2.488176938923711,1.594871946101994,1.5601107944779091,0.9401900678507439,0.6409801172708698,0.40190067850743816,28.866468830803527,0
2022,YT,MB,REA,7,4.191396149067671,2.1121873713318227,1.9843865207965998,0.9238583985964304,0.5039340821558121,0.23858398596430422,28.866468830803527,0
2022,YT,MB,TEL,7,2.356169499006021,1.0424509085002733,2.2602210615325133,0.9424417683202274,0.4424345994377926,0.42441768320227485,28.866468830803527,0
2022,YT,MB,TRD,7,3.0319571812045054,2.0474977146868643,1.4808110209139844,0.9329819961244548,0.6753056169063228,0.3298199612445483,28.866468830803527,0
2022,YT,MB,TRN,7,2.5091096824008927,1.7087629135315783,1.4683778905378988,0.939854774265712,0.6810236019242146,0.39854774265712034,28.866468830803527,0
2022,YT,NB,ACC,7,2.9586495567445357,1.8419658964503578,1.606245567546138,0.9337992040226731,0.6225698113693167,0.33799204022673135,48.84383835675702,0
2022,YT,NB,ADM,7,3.782704303395231,1.9803393352491219,1.910129358168496,0.9264361134202965,0.5235247527732036,0.26436113420296503,48.84383835675702,0
2022,YT,NB,ART,7,3.489144029572949,2.4203295683565234,1.441598729028536,0.9286603244670985,0.6936743074641025,0.2866032446709843,48.84383835675702,0
2022,YT,NB,FIN,7,3.584865172768753,1.9200408596652032,1.8670775440653093,0.927895051886363,0.5355963940429785,0.2789505188636299,48.84383835675702,0
2022,YT,NB,PUB,7,2.4459928532001434,1.7156693873820439,1.4256784385087775,0.9408831938609993,0.7014204416572182,0.4088319386099919,48.84383835675702,0
2022,YT,NB,TEL,7,2.313342436847093,1.0492516006682935,2.2047547369703033,0.9432274955956335,0.45356518946600155,0.4322749559563359,48.84383835675702,0
2022,YT,NB,TRN,7,2.4934114862818983,1.8581249999422995,1.3418965281449453,0.9401056947680615,0.7452139408858988,0.4010569476806135,48.84383835675702,0
2022,YT,NL,ACC,7,3.1336448428706287,1.7817985581160753,1.7586975972098005,0.9319117210195376,0.5686025849961441,0.3191172101953752,39.53589755996254,0
2022,YT,NL,ADM,7,4.035909094313896,1.908122724599756,2.115120291940583,0.92477756502020525,0.47278634875301534,0.2477756502020519,39.53589755996254,0
2022,YT,NL,FIN,7,4.429107330852292,1.8531359621171541,2.3900606439001733,0.9225779130036926,0.4183994253669521,0.22577913003692557,39.53589755996254,0
2022,YT,NL,ITS,7,2.281932746150803,1.4375540417539878,1.5873717995092362,0.9438225009780336,0.6299721340073999,0.4382250097803339,39.53589755996254,0
2022,YT,NL,TEL,7,2.7679752690832844,1.0465125578274133,2.644951795733509,0.9361274904140018,0.3780787240104222,0.3612749041400165,39.53589755996254,0
2022,YT,NL,TRN,7,2.170952309076435,1.7965764645000384,1.2083829171616027,0.9460627345805407,0.8275522483791166,0.46062734580540804,39.53589755996254,0
2022,YT,NS,ACC,7,2.870487316920652,1.8719507818002212,1.5334202933263856,0.9348372903132268,0.6521369283764603,0.3483729031322672,54.132021956094434,0
2022,YT,NS,ADM,7,3.0603801728980864,2.0164342345052058,1.5177188130060908,0.9326756789517765,0.6588835767406322,0.3267567895177646,54.132021956094434,0
2022,YT,NS,ART,7,3.5146484969641016,2.477549873843918,1.418598484764759,0.9284523473930263,0.7049210969415538,0.28452347393026195,54.132021956094434,0
2022,YT,NS,FIN,7,3.6245525162925234,1.953439267566034,1.8554723335774244,0.9275896126626655,0.5389463275218771,0.27589612662665414,54.132021956094434,0
2022,YT,NS,PUB,7,2.8941088036768927,1.7403274183083572,1.662967998567787,0.9345529511098383,0.601334481999196,0.34552951109838204,54.132021956094434,0
2022,YT,NS,TEL,7,2.174654183688254,1.050585985913291,2.0699440244272744,0.9459843228178919,0.48310485124190083,0.45984322817891965,54.132021956094434,0
2022,YT,NS,TRD,7,4.307252392639836,2.341074142343985,1.8398615894869645,0.9232166566721,0.5435191460673108,0.2321665667209992,54.132021956094434,0
2022,YT,NS,TRN,7,2.2281785027061267,1.8888090113746392,1.1796737993559767,0.944879707742692,0.847691964122568,0.4487970774269199,54.132021956094434,0
2022,YT,NT,ACC,7,2.769727828326735,1.3026290319452503,2.126259864015642,0.9361046305623512,0.47030939958176415,0.3610463056235118,5.429743491535328,1
2022,YT,NT,ADM,7,2.553402762258476,1.3039131585633195,1.9582613654055552,0.939163425949908,0.5106570643050502,0.39163425949907854,5.429743491535328,1
2022,YT,NT,ART,7,2.2707260468852772,1.3705239315289246,1.6568306431191668,0.944038777877749,0.6035619899674172,0.44038777877749097,5.429743491535328,1
2022,YT,NT,FIN,7,2.4993963750425348,1.3468545603767368,1.855728486632895,0.9400096603318063,0.5388719347701767,0.40009660331806396,5.429743491535328,1
2022,YT,NT,MFN,7,1.6197119414570185,1.3897101125504356,1.1655034577567238,0.9617393731814095,0.8579983125272981,0.617393731814094,5.429743491535328,1
2022,YT,NT,OSV,7,2.880752983468002,1.512542480693068,1.9045765789982974,0.9347131463800881,0.5250510853839991,0.34713146380088006,5.429743491535328,1
2022,YT,NT,PAP,10.7,1.3977185579557123,1.3726057567695942,1.0182957131443342,0.9715451615282685,0.9820330058271188,0.7154516152826853,5.429743491535328,1
2022,YT,NT,PRF,7,1.529644594159837,1.3273811721049278,1.15237779946371,0.9653746630961196,0.8677709692649206,0.6537466309611965,5.429743491535328,1
2022,YT,NT,PUB,7,1.7906079948138116,1.2738402656002137,1.4056770249526576,0.9558469527052448,0.7114009706701149,0.5584695270524471,5.429743491535328,1
2022,YT,NT,TEL,7,2.447430939212591,0.9947618226875592,2.460318523885787,0.9408591713040012,0.4064514371987153,0.4085917130400128,5.429743491535328,1
2022,YT,NT,TRD,7,2.0945639084460828,1.4226972197014018,1.4722485427262544,0.9477426349211698,0.6792331396356743,0.4774263492116987,5.429743491535328,1
2022,YT,NT,TRN,7,1.9525851526146594,1.2861157898654776,1.5182032348882768,0.9512141556879568,0.6586733429491006,0.5121415568795677,5.429743491535328,1
2022,YT,NU,ACC,7,2.968243367161397,1.4554253717522416,2.039433573696614,0.9336899598955838,0.4903322240534812,0.3368995989558377,10.90462382614422,0
2022,YT,NU,ADM,7,2.6884814833955892,1.5216608441560693,1.7668072972506907,0.9371957183330489,0.5659926815765868,0.37195718333048966,10.90462382614422,0
2022,YT,NU,ART,7,2.376458200252381,1.7212892270946758,1.3806268945652729,0.9420794272709615,0.7243086484381985,0.4207942727096145,10.90462382614422,0
2022,YT,NU,FIN,7,2.36162573815418,1.4930245622714762,1.5817728641792876,0.9423437119541892,0.6322020200535278,0.4234371195418918,10.90462382614422,0
2022,YT,NU,TEL,7,2.693960702100751,1.0299793667579955,2.615548222660392,0.9371200663476718,0.38232902430789634,0.3712006634767166,10.90462382614422,0
2022,YT,NU,TRD,7,1.8899256385599703,1.6638894015857848,1.1358481139183647,0.952912134720917,0.880399401774128,0.5291213472091687,10.90462382614422,0
2022,YT,NU,TRN,7,2.630656244010164,1.4632569106616744,1.7978088638041012,0.9380133285098322,0.556232656392646,0.3801332850983233,10.90462382614422,0
2022,YT,ON,ACC,7,2.465056487988771,1.7754356650610574,1.3884234368492294,0.9405670216837868,0.7202413712270049,0.4056702168378688,38.6456683260345,0
2022,YT,ON,ADM,7,2.102181229947829,1.9005023084871222,1.1061187458494863,0.9475696379433859,0.9040620672530161,0.4756963794338595,38.6456683260345,0
2022,YT,ON,AGR,3.1,11.670169885251623,12.460402678065563,0.9365804771137123,0.9085688555507985,1,0.08568855550798513,38.6456683260345,0
2022,YT,ON,ART,7,2.5118012635381453,2.2948567167539284,1.0945351163758426,0.9398120669224996,0.9136298918495539,0.3981206692249972,38.6456683260345,0
2022,YT,ON,CHM,6.8,1.8322619263651374,1.5485128541421287,1.1832397267249066,0.9545773497560915,0.8451372764231839,0.5457734975609146,38.6456683260345,0
2022,YT,ON,EDU,7,3.3386376017006825,1.7965114657815076,1.8584003861329816,0.9299523374292138,0.5380971761853922,0.29952337429213816,38.6456683260345,0
2022,YT,ON,FIN,7,2.1089142946792427,1.8460694344299584,1.1423808093818786,0.947417763847634,0.8753648448813507,0.4741776384763402,38.6456683260345,0
2022,YT,ON,HTH,7,2.7794505074335003,2.459990191413654,1.1298624348726634,0.9359783344702685,0.885063499002603,0.3597833447026851,38.6456683260345,0
2022,YT,ON,MFN,7,2.321122746360789,2.007531968759882,1.1562071152444076,0.9430825987797444,0.8648969434759209,0.4308259877974427,38.6456683260345,0
2022,YT,ON,OSV,7,3.237216825031847,2.3606604385608345,1.3713182854055033,0.9308907328130597,0.7292253086994291,0.30890732813059635,38.6456683260345,0
2022,YT,ON,PRF,7,2.9047750789561184,1.9990181420698527,1.4531009088033655,0.9344260733729294,0.6881834523271367,0.34426073372929356,38.6456683260345,0
2022,YT,ON,PUB,7,1.9774625203850464,1.6607902397505683,1.1906756633408677,0.9505698585784211,0.8398592755260835,0.5056985857842112,38.6456683260345,0
2022,YT,ON,REA,7,4.353159595251493,2.253756467280882,1.9315128579546594,0.9229718203093408,0.5177288858739113,0.22971820309340793,38.6456683260345,0
2022,YT,ON,TEL,7,2.0173943458128925,1.0462179313080744,1.9282735321603284,0.949568890786053,0.5185986237542018,0.4956889078605295,38.6456683260345,0
2022,YT,ON,TRD,7,2.2532597636400498,2.1788427925682954,1.0341543553879056,0.944380147204357,0.9669736386933316,0.4438014720435697,38.6456683260345,0
2022,YT,ON,TRN,7,2.0168561795376925,1.7900692255919193,1.1266917227018312,0.9495821174630915,0.8875542261036393,0.49582117463091585,38.6456683260345,0
2022,YT,PE,ADM,7,3.7348643671548163,2.21528061011041,1.6859554270953827,0.9267747340116073,0.5931354909677723,0.2677473401160724,92.45070855321144,0
2022,YT,PE,TEL,7,2.6401582618394084,1.0575613695937458,2.496458681025391,0.9378765172699646,0.40056741479464897,0.3787651726996457,92.45070855321144,0
2022,YT,PE,TRN,7,3.803592290255818,2.056955176324858,1.8491371781137496,0.9262909356126795,0.5407927609892472,0.26290935612679533,92.45070855321144,0
2022,YT,QC,ACC,7,2.841787204944828,1.7889654540847013,1.588508709576389,0.9351891231778354,0.6295212572467872,0.3518912317783536,40.55925360413465,0
2022,YT,QC,ADM,7,2.5914886131691457,1.9167099065318598,1.3520505134020235,0.938587860078501,0.7396173368432843,0.38587860078501157,40.55925360413465,0
2022,YT,QC,ART,7,3.2112663910722286,2.320205780603513,1.384043785218456,0.9311403626550616,0.7225204944236364,0.3114036265506158,40.55925360413465,0
2022,YT,QC,CHM,6.8,1.5037564526604177,1.5574940819064138,0.9654973782114024,0.9665001302724798,1,0.6650013027247988,40.55925360413465,0
2022,YT,QC,FIN,7,2.599026557956665,1.8610974563472715,1.3965021278669136,0.9384759438851673,0.716074812952451,0.38475943885167235,40.55925360413465,0
2022,YT,QC,PRF,7,3.034028369817355,2.017413787213064,1.5039197159491426,0.932959480865375,0.6649291111719268,0.3295948086537499,40.55925360413465,0
2022,YT,QC,PUB,7,1.8404897012423502,1.6719697222982002,1.1007912862874762,0.954333365697455,0.9084374235670011,0.5433336569745483,40.55925360413465,0
2022,YT,QC,TEL,7,2.197779112175494,1.0468432542484232,2.0994347561167412,0.9455004779352071,0.4763186839155072,0.4550047793520705,40.55925360413465,0
2022,YT,QC,TRD,7,2.4989153532759407,2.201399557421504,1.1351484762733925,0.9400173618801876,0.88094202732221,0.40017361880187535,40.55925360413465,0
2022,YT,QC,TRN,7,2.147397661692828,1.803906343453083,1.1904152726589037,0.9465679933362544,0.840042985811503,0.46567993336254454,40.55925360413465,0
2022,YT,SK,ACC,7,3.0541794182227777,1.5693613916726605,1.9461288103739858,0.9327420188229119,0.5138406022609731,0.327420188229118,17.619454922788826,0
2022,YT,SK,ADM,7,2.8243683527429155,1.6555125816742562,1.7060385913144616,0.9354061466178389,0.5861532119443582,0.3540614661783897,17.619454922788826,0
2022,YT,SK,ART,7,3.8694566378430437,1.9196410204125895,2.0157188748818147,0.925843421792612,0.49610092580922616,0.2584342179261198,17.619454922788826,0
2022,YT,SK,CHM,6.8,2.8080219160628808,1.4096045351984834,1.992063622062261,0.9356122576636473,0.5019919991133422,0.35612257663647334,17.619454922788826,0
2022,YT,SK,EDU,7,3.376009090563673,1.583968400428836,2.1313613893115977,0.9296207733206381,0.4691836893615621,0.2962077332063806,17.619454922788826,0
2022,YT,SK,FIN,7,2.4427942497424495,1.6181715246630899,1.5096015549099775,0.9409367264600952,0.6624264507064801,0.40936726460095146,17.619454922788826,0
2022,YT,SK,HTH,7,4.285524363458783,2.0272711737039173,2.1139374046487,0.923334367400327,0.47305090387299464,0.2333436740032706,17.619454922788826,0
2022,YT,SK,PRF,7,2.6563002691133177,1.7225171883914199,1.542103781033335,0.9376463463723477,0.6484647870650565,0.3764634637234756,17.619454922788826,0
2022,YT,SK,PUB,7,2.874854975957062,1.4892360152335775,1.9304226775002877,0.9347843633283481,0.5180212663554616,0.3478436332834814,17.619454922788826,0
2022,YT,SK,TEL,7,2.2105458985877795,1.0361075965189759,2.1335099810237654,0.9452376944825646,0.4687111890238965,0.4523769448256451,17.619454922788826,0
2022,YT,SK,TRD,7,2.531113105542608,1.8430305934962212,1.3733429680844838,0.939508309518457,0.7281502313983401,0.3950830951845689,17.619454922788826,0
2022,YT,SK,TRN,7,2.8614239559176173,1.5795074037108459,1.8115926200757757,0.934947635002913,0.5520004822928523,0.3494763500291289,17.619454922788826,0
