year,region,sector,direction,us_share,source
2010,NL,AGR,exports,0.3567037605741255,canada-sector
2010,NL,AGR,imports,0.764454566127512,canada-sector
2010,NL,MIE,exports,0.9317828010003804,canada-sector
2010,NL,MIE,imports,0.22760066658879682,canada-sector
2010,NL,MIN,exports,0.27043351344320427,canada-sector
2010,NL,MIN,imports,0.34323532386338784,canada-sector
2010,NL,MIS,exports,0.29533702054948513,canada-sector
2010,NL,MIS,imports,0.7783254477641446,canada-sector
2010,NL,FOD,exports,0.6309729182213348,canada-sector
2010,NL,FOD,imports,0.6051367986398702,canada-sector
2010,NL,TEX,exports,0.5995805055436823,canada-sector
2010,NL,TEX,imports,0.32373809744314586,canada-sector
2010,NL,WOD,exports,0.6722057854265837,canada-sector
2010,NL,WOD,imports,0.6515636929920173,canada-sector
2010,NL,PAP,exports,0.6439581624665932,canada-sector
2010,NL,PAP,imports,0.8575488150207913,canada-sector
2010,NL,PET,exports,0.8566432363823137,canada-sector
2010,NL,PET,imports,0.5364668597641757,canada-sector
2010,NL,CHM,exports,0.7544638468770378,canada-sector
2010,NL,CHM,imports,0.6695829112799656,canada-sector
2010,NL,RUB,exports,0.8450585324939986,canada-sector
2010,NL,RUB,imports,0.7191554687384679,canada-sector
2010,NL,NMM,exports,0.8212031962014709,canada-sector
2010,NL,NMM,imports,0.6410531704842013,canada-sector
2010,NL,BMT,exports,0.5561459256587455,canada-sector
2010,NL,BMT,imports,0.5689922911104284,canada-sector
2010,NL,FMT,exports,0.7371297105431174,canada-sector
2010,NL,FMT,imports,0.6947815601434365,canada-sector
2010,NL,ELC,exports,0.5906042432421839,canada-sector
2010,NL,ELC,imports,0.5910429871362748,canada-sector
2010,NL,ELQ,exports,0.7746429015581826,canada-sector
2010,NL,ELQ,imports,0.7013527066960997,canada-sector
2010,NL,MAC,exports,0.6445572464946763,canada-sector
2010,NL,MAC,imports,0.7191607960974775,canada-sector
2010,NL,MTV,exports,0.9485703600217364,canada-sector
2010,NL,MTV,imports,0.7060716586227065,canada-sector
2010,NL,OTE,exports,0.5268952794895838,canada-sector
2010,NL,OTE,imports,0.6090155387984587,canada-sector
2010,NL,MFN,exports,0.7195149025028026,canada-sector
2010,NL,MFN,imports,0.5894447963558693,canada-sector
2010,NL,UTL,exports,0.922580074640332,canada-sector
2010,NL,UTL,imports,0.8957577266090482,canada-sector
2010,NL,CON,exports,0.538857502805063,canada-sector
2010,NL,CON,imports,0.6995714626537807,canada-sector
2010,NL,TRD,exports,0.6941120633903413,canada-sector
2010,NL,TRD,imports,0.5945632731253332,canada-sector
2010,NL,TRN,exports,0.6056111775789644,canada-sector
2010,NL,TRN,imports,0.6382924853369726,canada-sector
2010,NL,ACC,exports,0.5179716906078178,canada-sector
2010,NL,ACC,imports,0.5864564916087283,canada-sector
2010,NL,PUB,exports,0.7609434296190318,canada-sector
2010,NL,PUB,imports,0.8637419661714224,canada-sector
2010,NL,TEL,exports,0.6086278416012678,canada-sector
2010,NL,TEL,imports,0.6851687631027253,canada-sector
2010,NL,ITS,exports,0.709452385865975,canada-sector
2010,NL,ITS,imports,0.6815506957209894,canada-sector
2010,NL,FIN,exports,0.5102148489023067,canada-sector
2010,NL,FIN,imports,0.4475898670450142,canada-sector
2010,NL,REA,exports,0.23324569154400407,canada-sector
2010,NL,REA,imports,0.578032879693229,canada-sector
2010,NL,PRF,exports,0.5067534368753334,canada-sector
2010,NL,PRF,imports,0.6734047881082948,canada-sector
2010,NL,ADM,exports,0.6073783710547074,canada-sector
2010,NL,ADM,imports,0.7007131945943837,canada-sector
2010,NL,PAD,exports,0.45359124532952344,canada-sector
2010,NL,PAD,imports,0.5981574655415454,canada-sector
2010,NL,EDU,exports,0.20699558495899456,canada-sector
2010,NL,EDU,imports,0.6375709728229134,canada-sector
2010,NL,HTH,exports,0.561713176521773,canada-sector
2010,NL,HTH,imports,0.7564433751090887,canada-sector
2010,NL,ART,exports,0.5978252093473898,canada-sector
2010,NL,ART,imports,0.6311758689042979,canada-sector
2010,NL,OSV,exports,0.42847578665476455,canada-sector
2010,NL,OSV,imports,0.6235169849585939,canada-sector
2010,PE,AGR,exports,0.3567037605741255,canada-sector
2010,PE,AGR,imports,0.764454566127512,canada-sector
2010,PE,MIE,exports,0.9317828010003804,canada-sector
2010,PE,MIE,imports,0.22760066658879682,canada-sector
2010,PE,MIN,exports,0.27043351344320427,canada-sector
2010,PE,MIN,imports,0.34323532386338784,canada-sector
2010,PE,MIS,exports,0.29533702054948513,canada-sector
2010,PE,MIS,imports,0.7783254477641446,canada-sector
2010,PE,FOD,exports,0.6309729182213348,canada-sector
2010,PE,FOD,imports,0.6051367986398702,canada-sector
2010,PE,TEX,exports,0.5995805055436823,canada-sector
2010,PE,TEX,imports,0.32373809744314586,canada-sector
2010,PE,WOD,exports,0.6722057854265837,canada-sector
2010,PE,WOD,imports,0.6515636929920173,canada-sector
2010,PE,PAP,exports,0.6439581624665932,canada-sector
2010,PE,PAP,imports,0.8575488150207913,canada-sector
2010,PE,PET,exports,0.8566432363823137,canada-sector
2010,PE,PET,imports,0.5364668597641757,canada-sector
2010,PE,CHM,exports,0.7544638468770378,canada-sector
2010,PE,CHM,imports,0.6695829112799656,canada-sector
2010,PE,RUB,exports,0.8450585324939986,canada-sector
2010,PE,RUB,imports,0.7191554687384679,canada-sector
2010,PE,NMM,exports,0.8212031962014709,canada-sector
2010,PE,NMM,imports,0.6410531704842013,canada-sector
2010,PE,BMT,exports,0.5561459256587455,canada-sector
2010,PE,BMT,imports,0.5689922911104284,canada-sector
2010,PE,FMT,exports,0.7371297105431174,canada-sector
2010,PE,FMT,imports,0.6947815601434365,canada-sector
2010,PE,ELC,exports,0.5906042432421839,canada-sector
2010,PE,ELC,imports,0.5910429871362748,canada-sector
2010,PE,ELQ,exports,0.7746429015581826,canada-sector
2010,PE,ELQ,imports,0.7013527066960997,canada-sector
2010,PE,MAC,exports,0.6445572464946763,canada-sector
2010,PE,MAC,imports,0.7191607960974775,canada-sector
2010,PE,MTV,exports,0.9485703600217364,canada-sector
2010,PE,MTV,imports,0.7060716586227065,canada-sector
2010,PE,OTE,exports,0.5268952794895838,canada-sector
2010,PE,OTE,imports,0.6090155387984587,canada-sector
2010,PE,MFN,exports,0.7195149025028026,canada-sector
2010,PE,MFN,imports,0.5894447963558693,canada-sector
2010,PE,UTL,exports,0.922580074640332,canada-sector
2010,PE,UTL,imports,0.8957577266090482,canada-sector
2010,PE,CON,exports,0.538857502805063,canada-sector
2010,PE,CON,imports,0.6995714626537807,canada-sector
2010,PE,TRD,exports,0.6941120633903413,canada-sector
2010,PE,TRD,imports,0.5945632731253332,canada-sector
2010,PE,TRN,exports,0.6056111775789644,canada-sector
2010,PE,TRN,imports,0.6382924853369726,canada-sector
2010,PE,ACC,exports,0.5179716906078178,canada-sector
2010,PE,ACC,imports,0.5864564916087283,canada-sector
2010,PE,PUB,exports,0.7609434296190318,canada-sector
2010,PE,PUB,imports,0.8637419661714224,canada-sector
2010,PE,TEL,exports,0.6086278416012678,canada-sector
2010,PE,TEL,imports,0.6851687631027253,canada-sector
2010,PE,ITS,exports,0.709452385865975,canada-sector
2010,PE,ITS,imports,0.6815506957209894,canada-sector
2010,PE,FIN,exports,0.5102148489023067,canada-sector
2010,PE,FIN,imports,0.4475898670450142,canada-sector
2010,PE,REA,exports,0.23324569154400407,canada-sector
2010,PE,REA,imports,0.578032879693229,canada-sector
2010,PE,PRF,exports,0.5067534368753334,canada-sector
2010,PE,PRF,imports,0.6734047881082948,canada-sector
2010,PE,ADM,exports,0.6073783710547074,canada-sector
2010,PE,ADM,imports,0.7007131945943837,canada-sector
2010,PE,PAD,exports,0.45359124532952344,canada-sector
2010,PE,PAD,imports,0.5981574655415454,canada-sector
2010,PE,EDU,exports,0.20699558495899456,canada-sector
2010,PE,EDU,imports,0.6375709728229134,canada-sector
2010,PE,HTH,exports,0.561713176521773,canada-sector
2010,PE,HTH,imports,0.7564433751090887,canada-sector
2010,PE,ART,exports,0.5978252093473898,canada-sector
2010,PE,ART,imports,0.6311758689042979,canada-sector
2010,PE,OSV,exports,0.42847578665476455,canada-sector
2010,PE,OSV,imports,0.6235169849585939,canada-sector
2010,NS,AGR,exports,0.3567037605741255,canada-sector
2010,NS,AGR,imports,0.764454566127512,canada-sector
2010,NS,MIE,exports,0.9317828010003804,canada-sector
2010,NS,MIE,imports,0.22760066658879682,canada-sector
2010,NS,MIN,exports,0.27043351344320427,canada-sector
2010,NS,MIN,imports,0.34323532386338784,canada-sector
2010,NS,MIS,exports,0.29533702054948513,canada-sector
2010,NS,MIS,imports,0.7783254477641446,canada-sector
2010,NS,FOD,exports,0.6309729182213348,canada-sector
2010,NS,FOD,imports,0.6051367986398702,canada-sector
2010,NS,TEX,exports,0.5995805055436823,canada-sector
2010,NS,TEX,imports,0.32373809744314586,canada-sector
2010,NS,WOD,exports,0.6722057854265837,canada-sector
2010,NS,WOD,imports,0.6515636929920173,canada-sector
2010,NS,PAP,exports,0.6439581624665932,canada-sector
2010,NS,PAP,imports,0.8575488150207913,canada-sector
2010,NS,PET,exports,0.8566432363823137,canada-sector
2010,NS,PET,imports,0.5364668597641757,canada-sector
2010,NS,CHM,exports,0.7544638468770378,canada-sector
2010,NS,CHM,imports,0.6695829112799656,canada-sector
2010,NS,RUB,exports,0.8450585324939986,canada-sector
2010,NS,RUB,imports,0.7191554687384679,canada-sector
2010,NS,NMM,exports,0.8212031962014709,canada-sector
2010,NS,NMM,imports,0.6410531704842013,canada-sector
2010,NS,BMT,exports,0.5561459256587455,canada-sector
2010,NS,BMT,imports,0.5689922911104284,canada-sector
2010,NS,FMT,exports,0.7371297105431174,canada-sector
2010,NS,FMT,imports,0.6947815601434365,canada-sector
2010,NS,ELC,exports,0.5906042432421839,canada-sector
2010,NS,ELC,imports,0.5910429871362748,canada-sector
2010,NS,ELQ,exports,0.7746429015581826,canada-sector
2010,NS,ELQ,imports,0.7013527066960997,canada-sector
2010,NS,MAC,exports,0.6445572464946763,canada-sector
2010,NS,MAC,imports,0.7191607960974775,canada-sector
2010,NS,MTV,exports,0.9485703600217364,canada-sector
2010,NS,MTV,imports,0.7060716586227065,canada-sector
2010,NS,OTE,exports,0.5268952794895838,canada-sector
2010,NS,OTE,imports,0.6090155387984587,canada-sector
2010,NS,MFN,exports,0.7195149025028026,canada-sector
2010,NS,MFN,imports,0.5894447963558693,canada-sector
2010,NS,UTL,exports,0.922580074640332,canada-sector
2010,NS,UTL,imports,0.8957577266090482,canada-sector
2010,NS,CON,exports,0.538857502805063,canada-sector
2010,NS,CON,imports,0.6995714626537807,canada-sector
2010,NS,TRD,exports,0.6941120633903413,canada-sector
2010,NS,TRD,imports,0.5945632731253332,canada-sector
2010,NS,TRN,exports,0.6056111775789644,canada-sector
2010,NS,TRN,imports,0.6382924853369726,canada-sector
2010,NS,ACC,exports,0.5179716906078178,canada-sector
2010,NS,ACC,imports,0.5864564916087283,canada-sector
2010,NS,PUB,exports,0.7609434296190318,canada-sector
2010,NS,PUB,imports,0.8637419661714224,canada-sector
2010,NS,TEL,exports,0.6086278416012678,canada-sector
2010,NS,TEL,imports,0.6851687631027253,canada-sector
2010,NS,ITS,exports,0.709452385865975,canada-sector
2010,NS,ITS,imports,0.6815506957209894,canada-sector
2010,NS,FIN,exports,0.5102148489023067,canada-sector
2010,NS,FIN,imports,0.4475898670450142,canada-sector
2010,NS,REA,exports,0.23324569154400407,canada-sector
2010,NS,REA,imports,0.578032879693229,canada-sector
2010,NS,PRF,exports,0.5067534368753334,canada-sector
2010,NS,PRF,imports,0.6734047881082948,canada-sector
2010,NS,ADM,exports,0.6073783710547074,canada-sector
2010,NS,ADM,imports,0.7007131945943837,canada-sector
2010,NS,PAD,exports,0.45359124532952344,canada-sector
2010,NS,PAD,imports,0.5981574655415454,canada-sector
2010,NS,EDU,exports,0.20699558495899456,canada-sector
2010,NS,EDU,imports,0.6375709728229134,canada-sector
2010,NS,HTH,exports,0.561713176521773,canada-sector
2010,NS,HTH,imports,0.7564433751090887,canada-sector
2010,NS,ART,exports,0.5978252093473898,canada-sector
2010,NS,ART,imports,0.6311758689042979,canada-sector
2010,NS,OSV,exports,0.42847578665476455,canada-sector
2010,NS,OSV,imports,0.6235169849585939,canada-sector
2010,NB,AGR,exports,0.3567037605741255,canada-sector
2010,NB,AGR,imports,0.764454566127512,canada-sector
2010,NB,MIE,exports,0.9317828010003804,canada-sector
2010,NB,MIE,imports,0.22760066658879682,canada-sector
2010,NB,MIN,exports,0.27043351344320427,canada-sector
2010,NB,MIN,imports,0.34323532386338784,canada-sector
2010,NB,MIS,exports,0.29533702054948513,canada-sector
2010,NB,MIS,imports,0.7783254477641446,canada-sector
2010,NB,FOD,exports,0.6309729182213348,canada-sector
2010,NB,FOD,imports,0.6051367986398702,canada-sector
2010,NB,TEX,exports,0.5995805055436823,canada-sector
2010,NB,TEX,imports,0.32373809744314586,canada-sector
2010,NB,WOD,exports,0.6722057854265837,canada-sector
2010,NB,WOD,imports,0.6515636929920173,canada-sector
2010,NB,PAP,exports,0.6439581624665932,canada-sector
2010,NB,PAP,imports,0.8575488150207913,canada-sector
2010,NB,PET,exports,0.8566432363823137,canada-sector
2010,NB,PET,imports,0.5364668597641757,canada-sector
2010,NB,CHM,exports,0.7544638468770378,canada-sector
2010,NB,CHM,imports,0.6695829112799656,canada-sector
2010,NB,RUB,exports,0.8450585324939986,canada-sector
2010,NB,RUB,imports,0.7191554687384679,canada-sector
2010,NB,NMM,exports,0.8212031962014709,canada-sector
2010,NB,NMM,imports,0.6410531704842013,canada-sector
2010,NB,BMT,exports,0.5561459256587455,canada-sector
2010,NB,BMT,imports,0.5689922911104284,canada-sector
2010,NB,FMT,exports,0.7371297105431174,canada-sector
2010,NB,FMT,imports,0.6947815601434365,canada-sector
2010,NB,ELC,exports,0.5906042432421839,canada-sector
2010,NB,ELC,imports,0.5910429871362748,canada-sector
2010,NB,ELQ,exports,0.7746429015581826,canada-sector
2010,NB,ELQ,imports,0.7013527066960997,canada-sector
2010,NB,MAC,exports,0.6445572464946763,canada-sector
2010,NB,MAC,imports,0.7191607960974775,canada-sector
2010,NB,MTV,exports,0.9485703600217364,canada-sector
2010,NB,MTV,imports,0.7060716586227065,canada-sector
2010,NB,OTE,exports,0.5268952794895838,canada-sector
2010,NB,OTE,imports,0.6090155387984587,canada-sector
2010,NB,MFN,exports,0.7195149025028026,canada-sector
2010,NB,MFN,imports,0.5894447963558693,canada-sector
2010,NB,UTL,exports,0.922580074640332,canada-sector
2010,NB,UTL,imports,0.8957577266090482,canada-sector
2010,NB,CON,exports,0.538857502805063,canada-sector
2010,NB,CON,imports,0.6995714626537807,canada-sector
2010,NB,TRD,exports,0.6941120633903413,canada-sector
2010,NB,TRD,imports,0.5945632731253332,canada-sector
2010,NB,TRN,exports,0.6056111775789644,canada-sector
2010,NB,TRN,imports,0.6382924853369726,canada-sector
2010,NB,ACC,exports,0.5179716906078178,canada-sector
2010,NB,ACC,imports,0.5864564916087283,canada-sector
2010,NB,PUB,exports,0.7609434296190318,canada-sector
2010,NB,PUB,imports,0.8637419661714224,canada-sector
2010,NB,TEL,exports,0.6086278416012678,canada-sector
2010,NB,TEL,imports,0.6851687631027253,canada-sector
2010,NB,ITS,exports,0.709452385865975,canada-sector
2010,NB,ITS,imports,0.6815506957209894,canada-sector
2010,NB,FIN,exports,0.5102148489023067,canada-sector
2010,NB,FIN,imports,0.4475898670450142,canada-sector
2010,NB,REA,exports,0.23324569154400407,canada-sector
2010,NB,REA,imports,0.578032879693229,canada-sector
2010,NB,PRF,exports,0.5067534368753334,canada-sector
2010,NB,PRF,imports,0.6734047881082948,canada-sector
2010,NB,ADM,exports,0.6073783710547074,canada-sector
2010,NB,ADM,imports,0.7007131945943837,canada-sector
2010,NB,PAD,exports,0.45359124532952344,canada-sector
2010,NB,PAD,imports,0.5981574655415454,canada-sector
2010,NB,EDU,exports,0.20699558495899456,canada-sector
2010,NB,EDU,imports,0.6375709728229134,canada-sector
2010,NB,HTH,exports,0.561713176521773,canada-sector
2010,NB,HTH,imports,0.7564433751090887,canada-sector
2010,NB,ART,exports,0.5978252093473898,canada-sector
2010,NB,ART,imports,0.6311758689042979,canada-sector
2010,NB,OSV,exports,0.42847578665476455,canada-sector
2010,NB,OSV,imports,0.6235169849585939,canada-sector
2010,QC,AGR,exports,0.3567037605741255,canada-sector
2010,QC,AGR,imports,0.764454566127512,canada-sector
2010,QC,MIE,exports,0.9317828010003804,canada-sector
2010,QC,MIE,imports,0.22760066658879682,canada-sector
2010,QC,MIN,exports,0.27043351344320427,canada-sector
2010,QC,MIN,imports,0.34323532386338784,canada-sector
2010,QC,MIS,exports,0.29533702054948513,canada-sector
2010,QC,MIS,imports,0.7783254477641446,canada-sector
2010,QC,FOD,exports,0.6309729182213348,canada-sector
2010,QC,FOD,imports,0.6051367986398702,canada-sector
2010,QC,TEX,exports,0.5995805055436823,canada-sector
2010,QC,TEX,imports,0.32373809744314586,canada-sector
2010,QC,WOD,exports,0.6722057854265837,canada-sector
2010,QC,WOD,imports,0.6515636929920173,canada-sector
2010,QC,PAP,exports,0.6439581624665932,canada-sector
2010,QC,PAP,imports,0.8575488150207913,canada-sector
2010,QC,PET,exports,0.8566432363823137,canada-sector
2010,QC,PET,imports,0.5364668597641757,canada-sector
2010,QC,CHM,exports,0.7544638468770378,canada-sector
2010,QC,CHM,imports,0.6695829112799656,canada-sector
2010,QC,RUB,exports,0.8450585324939986,canada-sector
2010,QC,RUB,imports,0.7191554687384679,canada-sector
2010,QC,NMM,exports,0.8212031962014709,canada-sector
2010,QC,NMM,imports,0.6410531704842013,canada-sector
2010,QC,BMT,exports,0.5561459256587455,canada-sector
2010,QC,BMT,imports,0.5689922911104284,canada-sector
2010,QC,FMT,exports,0.7371297105431174,canada-sector
2010,QC,FMT,imports,0.6947815601434365,canada-sector
2010,QC,ELC,exports,0.5906042432421839,canada-sector
2010,QC,ELC,imports,0.5910429871362748,canada-sector
2010,QC,ELQ,exports,0.7746429015581826,canada-sector
2010,QC,ELQ,imports,0.7013527066960997,canada-sector
2010,QC,MAC,exports,0.6445572464946763,canada-sector
2010,QC,MAC,imports,0.7191607960974775,canada-sector
2010,QC,MTV,exports,0.9485703600217364,canada-sector
2010,QC,MTV,imports,0.7060716586227065,canada-sector
2010,QC,OTE,exports,0.5268952794895838,canada-sector
2010,QC,OTE,imports,0.6090155387984587,canada-sector
2010,QC,MFN,exports,0.7195149025028026,canada-sector
2010,QC,MFN,imports,0.5894447963558693,canada-sector
2010,QC,UTL,exports,0.922580074640332,canada-sector
2010,QC,UTL,imports,0.8957577266090482,canada-sector
2010,QC,CON,exports,0.538857502805063,canada-sector
2010,QC,CON,imports,0.6995714626537807,canada-sector
2010,QC,TRD,exports,0.6941120633903413,canada-sector
2010,QC,TRD,imports,0.5945632731253332,canada-sector
2010,QC,TRN,exports,0.6056111775789644,canada-sector
2010,QC,TRN,imports,0.6382924853369726,canada-sector
2010,QC,ACC,exports,0.5179716906078178,canada-sector
2010,QC,ACC,imports,0.5864564916087283,canada-sector
2010,QC,PUB,exports,0.7609434296190318,canada-sector
2010,QC,PUB,imports,0.8637419661714224,canada-sector
2010,QC,TEL,exports,0.6086278416012678,canada-sector
2010,QC,TEL,imports,0.6851687631027253,canada-sector
2010,QC,ITS,exports,0.709452385865975,canada-sector
2010,QC,ITS,imports,0.6815506957209894,canada-sector
2010,QC,FIN,exports,0.5102148489023067,canada-sector
2010,QC,FIN,imports,0.4475898670450142,canada-sector
2010,QC,REA,exports,0.23324569154400407,canada-sector
2010,QC,REA,imports,0.578032879693229,canada-sector
2010,QC,PRF,exports,0.5067534368753334,canada-sector
2010,QC,PRF,imports,0.6734047881082948,canada-sector
2010,QC,ADM,exports,0.6073783710547074,canada-sector
2010,QC,ADM,imports,0.7007131945943837,canada-sector
2010,QC,PAD,exports,0.45359124532952344,canada-sector
2010,QC,PAD,imports,0.5981574655415454,canada-sector
2010,QC,EDU,exports,0.20699558495899456,canada-sector
2010,QC,EDU,imports,0.6375709728229134,canada-sector
2010,QC,HTH,exports,0.561713176521773,canada-sector
2010,QC,HTH,imports,0.7564433751090887,canada-sector
2010,QC,ART,exports,0.5978252093473898,canada-sector
2010,QC,ART,imports,0.6311758689042979,canada-sector
2010,QC,OSV,exports,0.42847578665476455,canada-sector
2010,QC,OSV,imports,0.6235169849585939,canada-sector
2010,ON,AGR,exports,0.3567037605741255,canada-sector
2010,ON,AGR,imports,0.764454566127512,canada-sector
2010,ON,MIE,exports,0.9317828010003804,canada-sector
2010,ON,MIE,imports,0.22760066658879682,canada-sector
2010,ON,MIN,exports,0.27043351344320427,canada-sector
2010,ON,MIN,imports,0.34323532386338784,canada-sector
2010,ON,MIS,exports,0.29533702054948513,canada-sector
2010,ON,MIS,imports,0.7783254477641446,canada-sector
2010,ON,FOD,exports,0.6309729182213348,canada-sector
2010,ON,FOD,imports,0.6051367986398702,canada-sector
2010,ON,TEX,exports,0.5995805055436823,canada-sector
2010,ON,TEX,imports,0.32373809744314586,canada-sector
2010,ON,WOD,exports,0.6722057854265837,canada-sector
2010,ON,WOD,imports,0.6515636929920173,canada-sector
2010,ON,PAP,exports,0.6439581624665932,canada-sector
2010,ON,PAP,imports,0.8575488150207913,canada-sector
2010,ON,PET,exports,0.8566432363823137,canada-sector
2010,ON,PET,imports,0.5364668597641757,canada-sector
2010,ON,CHM,exports,0.7544638468770378,canada-sector
2010,ON,CHM,imports,0.6695829112799656,canada-sector
2010,ON,RUB,exports,0.8450585324939986,canada-sector
2010,ON,RUB,imports,0.7191554687384679,canada-sector
2010,ON,NMM,exports,0.8212031962014709,canada-sector
2010,ON,NMM,imports,0.6410531704842013,canada-sector
2010,ON,BMT,exports,0.5561459256587455,canada-sector
2010,ON,BMT,imports,0.5689922911104284,canada-sector
2010,ON,FMT,exports,0.7371297105431174,canada-sector
2010,ON,FMT,imports,0.6947815601434365,canada-sector
2010,ON,ELC,exports,0.5906042432421839,canada-sector
2010,ON,ELC,imports,0.5910429871362748,canada-sector
2010,ON,ELQ,exports,0.7746429015581826,canada-sector
2010,ON,ELQ,imports,0.7013527066960997,canada-sector
2010,ON,MAC,exports,0.6445572464946763,canada-sector
2010,ON,MAC,imports,0.7191607960974775,canada-sector
2010,ON,MTV,exports,0.9485703600217364,canada-sector
2010,ON,MTV,imports,0.7060716586227065,canada-sector
2010,ON,OTE,exports,0.5268952794895838,canada-sector
2010,ON,OTE,imports,0.6090155387984587,canada-sector
2010,ON,MFN,exports,0.7195149025028026,canada-sector
2010,ON,MFN,imports,0.5894447963558693,canada-sector
2010,ON,UTL,exports,0.922580074640332,canada-sector
2010,ON,UTL,imports,0.8957577266090482,canada-sector
2010,ON,CON,exports,0.538857502805063,canada-sector
2010,ON,CON,imports,0.6995714626537807,canada-sector
2010,ON,TRD,exports,0.6941120633903413,canada-sector
2010,ON,TRD,imports,0.5945632731253332,canada-sector
2010,ON,TRN,exports,0.6056111775789644,canada-sector
2010,ON,TRN,imports,0.6382924853369726,canada-sector
2010,ON,ACC,exports,0.5179716906078178,canada-sector
2010,ON,ACC,imports,0.5864564916087283,canada-sector
2010,ON,PUB,exports,0.7609434296190318,canada-sector
2010,ON,PUB,imports,0.8637419661714224,canada-sector
2010,ON,TEL,exports,0.6086278416012678,canada-sector
2010,ON,TEL,imports,0.6851687631027253,canada-sector
2010,ON,ITS,exports,0.709452385865975,canada-sector
2010,ON,ITS,imports,0.6815506957209894,canada-sector
2010,ON,FIN,exports,0.5102148489023067,canada-sector
2010,ON,FIN,imports,0.4475898670450142,canada-sector
2010,ON,REA,exports,0.23324569154400407,canada-sector
2010,ON,REA,imports,0.578032879693229,canada-sector
2010,ON,PRF,exports,0.5067534368753334,canada-sector
2010,ON,PRF,imports,0.6734047881082948,canada-sector
2010,ON,ADM,exports,0.6073783710547074,canada-sector
2010,ON,ADM,imports,0.7007131945943837,canada-sector
2010,ON,PAD,exports,0.45359124532952344,canada-sector
2010,ON,PAD,imports,0.5981574655415454,canada-sector
2010,ON,EDU,exports,0.20699558495899456,canada-sector
2010,ON,EDU,imports,0.6375709728229134,canada-sector
2010,ON,HTH,exports,0.561713176521773,canada-sector
2010,ON,HTH,imports,0.7564433751090887,canada-sector
2010,ON,ART,exports,0.5978252093473898,canada-sector
2010,ON,ART,imports,0.6311758689042979,canada-sector
2010,ON,OSV,exports,0.42847578665476455,canada-sector
2010,ON,OSV,imports,0.6235169849585939,canada-sector
2010,MB,AGR,exports,0.3567037605741255,canada-sector
2010,MB,AGR,imports,0.764454566127512,canada-sector
2010,MB,MIE,exports,0.9317828010003804,canada-sector
2010,MB,MIE,imports,0.22760066658879682,canada-sector
2010,MB,MIN,exports,0.27043351344320427,canada-sector
2010,MB,MIN,imports,0.34323532386338784,canada-sector
2010,MB,MIS,exports,0.29533702054948513,canada-sector
2010,MB,MIS,imports,0.7783254477641446,canada-sector
2010,MB,FOD,exports,0.6309729182213348,canada-sector
2010,MB,FOD,imports,0.6051367986398702,canada-sector
2010,MB,TEX,exports,0.5995805055436823,canada-sector
2010,MB,TEX,imports,0.32373809744314586,canada-sector
2010,MB,WOD,exports,0.6722057854265837,canada-sector
2010,MB,WOD,imports,0.6515636929920173,canada-sector
2010,MB,PAP,exports,0.6439581624665932,canada-sector
2010,MB,PAP,imports,0.8575488150207913,canada-sector
2010,MB,PET,exports,0.8566432363823137,canada-sector
2010,MB,PET,imports,0.5364668597641757,canada-sector
2010,MB,CHM,exports,0.7544638468770378,canada-sector
2010,MB,CHM,imports,0.6695829112799656,canada-sector
2010,MB,RUB,exports,0.8450585324939986,canada-sector
2010,MB,RUB,imports,0.7191554687384679,canada-sector
2010,MB,NMM,exports,0.8212031962014709,canada-sector
2010,MB,NMM,imports,0.6410531704842013,canada-sector
2010,MB,BMT,exports,0.5561459256587455,canada-sector
2010,MB,BMT,imports,0.5689922911104284,canada-sector
2010,MB,FMT,exports,0.7371297105431174,canada-sector
2010,MB,FMT,imports,0.6947815601434365,canada-sector
2010,MB,ELC,exports,0.5906042432421839,canada-sector
2010,MB,ELC,imports,0.5910429871362748,canada-sector
2010,MB,ELQ,exports,0.7746429015581826,canada-sector
2010,MB,ELQ,imports,0.7013527066960997,canada-sector
2010,MB,MAC,exports,0.6445572464946763,canada-sector
2010,MB,MAC,imports,0.7191607960974775,canada-sector
2010,MB,MTV,exports,0.9485703600217364,canada-sector
2010,MB,MTV,imports,0.7060716586227065,canada-sector
2010,MB,OTE,exports,0.5268952794895838,canada-sector
2010,MB,OTE,imports,0.6090155387984587,canada-sector
2010,MB,MFN,exports,0.7195149025028026,canada-sector
2010,MB,MFN,imports,0.5894447963558693,canada-sector
2010,MB,UTL,exports,0.922580074640332,canada-sector
2010,MB,UTL,imports,0.8957577266090482,canada-sector
2010,MB,CON,exports,0.538857502805063,canada-sector
2010,MB,CON,imports,0.6995714626537807,canada-sector
2010,MB,TRD,exports,0.6941120633903413,canada-sector
2010,MB,TRD,imports,0.5945632731253332,canada-sector
2010,MB,TRN,exports,0.6056111775789644,canada-sector
2010,MB,TRN,imports,0.6382924853369726,canada-sector
2010,MB,ACC,exports,0.5179716906078178,canada-sector
2010,MB,ACC,imports,0.5864564916087283,canada-sector
2010,MB,PUB,exports,0.7609434296190318,canada-sector
2010,MB,PUB,imports,0.8637419661714224,canada-sector
2010,MB,TEL,exports,0.6086278416012678,canada-sector
2010,MB,TEL,imports,0.6851687631027253,canada-sector
2010,MB,ITS,exports,0.709452385865975,canada-sector
2010,MB,ITS,imports,0.6815506957209894,canada-sector
2010,MB,FIN,exports,0.5102148489023067,canada-sector
2010,MB,FIN,imports,0.4475898670450142,canada-sector
2010,MB,REA,exports,0.23324569154400407,canada-sector
2010,MB,REA,imports,0.578032879693229,canada-sector
2010,MB,PRF,exports,0.5067534368753334,canada-sector
2010,MB,PRF,imports,0.6734047881082948,canada-sector
2010,MB,ADM,exports,0.6073783710547074,canada-sector
2010,MB,ADM,imports,0.7007131945943837,canada-sector
2010,MB,PAD,exports,0.45359124532952344,canada-sector
2010,MB,PAD,imports,0.5981574655415454,canada-sector
2010,MB,EDU,exports,0.20699558495899456,canada-sector
2010,MB,EDU,imports,0.6375709728229134,canada-sector
2010,MB,HTH,exports,0.561713176521773,canada-sector
2010,MB,HTH,imports,0.7564433751090887,canada-sector
2010,MB,ART,exports,0.5978252093473898,canada-sector
2010,MB,ART,imports,0.6311758689042979,canada-sector
2010,MB,OSV,exports,0.42847578665476455,canada-sector
2010,MB,OSV,imports,0.6235169849585939,canada-sector
2010,SK,AGR,exports,0.3567037605741255,canada-sector
2010,SK,AGR,imports,0.764454566127512,canada-sector
2010,SK,MIE,exports,0.9317828010003804,canada-sector
2010,SK,MIE,imports,0.22760066658879682,canada-sector
2010,SK,MIN,exports,0.27043351344320427,canada-sector
2010,SK,MIN,imports,0.34323532386338784,canada-sector
2010,SK,MIS,exports,0.29533702054948513,canada-sector
2010,SK,MIS,imports,0.7783254477641446,canada-sector
2010,SK,FOD,exports,0.6309729182213348,canada-sector
2010,SK,FOD,imports,0.6051367986398702,canada-sector
2010,SK,TEX,exports,0.5995805055436823,canada-sector
2010,SK,TEX,imports,0.32373809744314586,canada-sector
2010,SK,WOD,exports,0.6722057854265837,canada-sector
2010,SK,WOD,imports,0.6515636929920173,canada-sector
2010,SK,PAP,exports,0.6439581624665932,canada-sector
2010,SK,PAP,imports,0.8575488150207913,canada-sector
2010,SK,PET,exports,0.8566432363823137,canada-sector
2010,SK,PET,imports,0.5364668597641757,canada-sector
2010,SK,CHM,exports,0.7544638468770378,canada-sector
2010,SK,CHM,imports,0.6695829112799656,canada-sector
2010,SK,RUB,exports,0.8450585324939986,canada-sector
2010,SK,RUB,imports,0.7191554687384679,canada-sector
2010,SK,NMM,exports,0.8212031962014709,canada-sector
2010,SK,NMM,imports,0.6410531704842013,canada-sector
2010,SK,BMT,exports,0.5561459256587455,canada-sector
2010,SK,BMT,imports,0.5689922911104284,canada-sector
2010,SK,FMT,exports,0.7371297105431174,canada-sector
2010,SK,FMT,imports,0.6947815601434365,canada-sector
2010,SK,ELC,exports,0.5906042432421839,canada-sector
2010,SK,ELC,imports,0.5910429871362748,canada-sector
2010,SK,ELQ,exports,0.7746429015581826,canada-sector
2010,SK,ELQ,imports,0.7013527066960997,canada-sector
2010,SK,MAC,exports,0.6445572464946763,canada-sector
2010,SK,MAC,imports,0.7191607960974775,canada-sector
2010,SK,MTV,exports,0.9485703600217364,canada-sector
2010,SK,MTV,imports,0.7060716586227065,canada-sector
2010,SK,OTE,exports,0.5268952794895838,canada-sector
2010,SK,OTE,imports,0.6090155387984587,canada-sector
2010,SK,MFN,exports,0.7195149025028026,canada-sector
2010,SK,MFN,imports,0.5894447963558693,canada-sector
2010,SK,UTL,exports,0.922580074640332,canada-sector
2010,SK,UTL,imports,0.8957577266090482,canada-sector
2010,SK,CON,exports,0.538857502805063,canada-sector
2010,SK,CON,imports,0.6995714626537807,canada-sector
2010,SK,TRD,exports,0.6941120633903413,canada-sector
2010,SK,TRD,imports,0.5945632731253332,canada-sector
2010,SK,TRN,exports,0.6056111775789644,canada-sector
2010,SK,TRN,imports,0.6382924853369726,canada-sector
2010,SK,ACC,exports,0.5179716906078178,canada-sector
2010,SK,ACC,imports,0.5864564916087283,canada-sector
2010,SK,PUB,exports,0.7609434296190318,canada-sector
2010,SK,PUB,imports,0.8637419661714224,canada-sector
2010,SK,TEL,exports,0.6086278416012678,canada-sector
2010,SK,TEL,imports,0.6851687631027253,canada-sector
2010,SK,ITS,exports,0.709452385865975,canada-sector
2010,SK,ITS,imports,0.6815506957209894,canada-sector
2010,SK,FIN,exports,0.5102148489023067,canada-sector
2010,SK,FIN,imports,0.4475898670450142,canada-sector
2010,SK,REA,exports,0.23324569154400407,canada-sector
2010,SK,REA,imports,0.578032879693229,canada-sector
2010,SK,PRF,exports,0.5067534368753334,canada-sector
2010,SK,PRF,imports,0.6734047881082948,canada-sector
2010,SK,ADM,exports,0.6073783710547074,canada-sector
2010,SK,ADM,imports,0.7007131945943837,canada-sector
2010,SK,PAD,exports,0.45359124532952344,canada-sector
2010,SK,PAD,imports,0.5981574655415454,canada-sector
2010,SK,EDU,exports,0.20699558495899456,canada-sector
2010,SK,EDU,imports,0.6375709728229134,canada-sector
2010,SK,HTH,exports,0.561713176521773,canada-sector
2010,SK,HTH,imports,0.7564433751090887,canada-sector
2010,SK,ART,exports,0.5978252093473898,canada-sector
2010,SK,ART,imports,0.6311758689042979,canada-sector
2010,SK,OSV,exports,0.42847578665476455,canada-sector
2010,SK,OSV,imports,0.6235169849585939,canada-sector
2010,AB,AGR,exports,0.3567037605741255,canada-sector
2010,AB,AGR,imports,0.764454566127512,canada-sector
2010,AB,MIE,exports,0.9317828010003804,canada-sector
2010,AB,MIE,imports,0.22760066658879682,canada-sector
2010,AB,MIN,exports,0.27043351344320427,canada-sector
2010,AB,MIN,imports,0.34323532386338784,canada-sector
2010,AB,MIS,exports,0.29533702054948513,canada-sector
2010,AB,MIS,imports,0.7783254477641446,canada-sector
2010,AB,FOD,exports,0.6309729182213348,canada-sector
2010,AB,FOD,imports,0.6051367986398702,canada-sector
2010,AB,TEX,exports,0.5995805055436823,canada-sector
2010,AB,TEX,imports,0.32373809744314586,canada-sector
2010,AB,WOD,exports,0.6722057854265837,canada-sector
2010,AB,WOD,imports,0.6515636929920173,canada-sector
2010,AB,PAP,exports,0.6439581624665932,canada-sector
2010,AB,PAP,imports,0.8575488150207913,canada-sector
2010,AB,PET,exports,0.8566432363823137,canada-sector
2010,AB,PET,imports,0.5364668597641757,canada-sector
2010,AB,CHM,exports,0.7544638468770378,canada-sector
2010,AB,CHM,imports,0.6695829112799656,canada-sector
2010,AB,RUB,exports,0.8450585324939986,canada-sector
2010,AB,RUB,imports,0.7191554687384679,canada-sector
2010,AB,NMM,exports,0.8212031962014709,canada-sector
2010,AB,NMM,imports,0.6410531704842013,canada-sector
2010,AB,BMT,exports,0.5561459256587455,canada-sector
2010,AB,BMT,imports,0.5689922911104284,canada-sector
2010,AB,FMT,exports,0.7371297105431174,canada-sector
2010,AB,FMT,imports,0.6947815601434365,canada-sector
2010,AB,ELC,exports,0.5906042432421839,canada-sector
2010,AB,ELC,imports,0.5910429871362748,canada-sector
2010,AB,ELQ,exports,0.7746429015581826,canada-sector
2010,AB,ELQ,imports,0.7013527066960997,canada-sector
2010,AB,MAC,exports,0.6445572464946763,canada-sector
2010,AB,MAC,imports,0.7191607960974775,canada-sector
2010,AB,MTV,exports,0.9485703600217364,canada-sector
2010,AB,MTV,imports,0.7060716586227065,canada-sector
2010,AB,OTE,exports,0.5268952794895838,canada-sector
2010,AB,OTE,imports,0.6090155387984587,canada-sector
2010,AB,MFN,exports,0.7195149025028026,canada-sector
2010,AB,MFN,imports,0.5894447963558693,canada-sector
2010,AB,UTL,exports,0.922580074640332,canada-sector
2010,AB,UTL,imports,0.8957577266090482,canada-sector
2010,AB,CON,exports,0.538857502805063,canada-sector
2010,AB,CON,imports,0.6995714626537807,canada-sector
2010,AB,TRD,exports,0.6941120633903413,canada-sector
2010,AB,TRD,imports,0.5945632731253332,canada-sector
2010,AB,TRN,exports,0.6056111775789644,canada-sector
2010,AB,TRN,imports,0.6382924853369726,canada-sector
2010,AB,ACC,exports,0.5179716906078178,canada-sector
2010,AB,ACC,imports,0.5864564916087283,canada-sector
2010,AB,PUB,exports,0.7609434296190318,canada-sector
2010,AB,PUB,imports,0.8637419661714224,canada-sector
2010,AB,TEL,exports,0.6086278416012678,canada-sector
2010,AB,TEL,imports,0.6851687631027253,canada-sector
2010,AB,ITS,exports,0.709452385865975,canada-sector
2010,AB,ITS,imports,0.6815506957209894,canada-sector
2010,AB,FIN,exports,0.5102148489023067,canada-sector
2010,AB,FIN,imports,0.4475898670450142,canada-sector
2010,AB,REA,exports,0.23324569154400407,canada-sector
2010,AB,REA,imports,0.578032879693229,canada-sector
2010,AB,PRF,exports,0.5067534368753334,canada-sector
2010,AB,PRF,imports,0.6734047881082948,canada-sector
2010,AB,ADM,exports,0.6073783710547074,canada-sector
2010,AB,ADM,imports,0.7007131945943837,canada-sector
2010,AB,PAD,exports,0.45359124532952344,canada-sector
2010,AB,PAD,imports,0.5981574655415454,canada-sector
2010,AB,EDU,exports,0.20699558495899456,canada-sector
2010,AB,EDU,imports,0.6375709728229134,canada-sector
2010,AB,HTH,exports,0.561713176521773,canada-sector
2010,AB,HTH,imports,0.7564433751090887,canada-sector
2010,AB,ART,exports,0.5978252093473898,canada-sector
2010,AB,ART,imports,0.6311758689042979,canada-sector
2010,AB,OSV,exports,0.42847578665476455,canada-sector
2010,AB,OSV,imports,0.6235169849585939,canada-sector
2010,BC,AGR,exports,0.3567037605741255,canada-sector
2010,BC,AGR,imports,0.764454566127512,canada-sector
2010,BC,MIE,exports,0.9317828010003804,canada-sector
2010,BC,MIE,imports,0.22760066658879682,canada-sector
2010,BC,MIN,exports,0.27043351344320427,canada-sector
2010,BC,MIN,imports,0.34323532386338784,canada-sector
2010,BC,MIS,exports,0.29533702054948513,canada-sector
2010,BC,MIS,imports,0.7783254477641446,canada-sector
2010,BC,FOD,exports,0.6309729182213348,canada-sector
2010,BC,FOD,imports,0.6051367986398702,canada-sector
2010,BC,TEX,exports,0.5995805055436823,canada-sector
2010,BC,TEX,imports,0.32373809744314586,canada-sector
2010,BC,WOD,exports,0.6722057854265837,canada-sector
2010,BC,WOD,imports,0.6515636929920173,canada-sector
2010,BC,PAP,exports,0.6439581624665932,canada-sector
2010,BC,PAP,imports,0.8575488150207913,canada-sector
2010,BC,PET,exports,0.8566432363823137,canada-sector
2010,BC,PET,imports,0.5364668597641757,canada-sector
2010,BC,CHM,exports,0.7544638468770378,canada-sector
2010,BC,CHM,imports,0.6695829112799656,canada-sector
2010,BC,RUB,exports,0.8450585324939986,canada-sector
2010,BC,RUB,imports,0.7191554687384679,canada-sector
2010,BC,NMM,exports,0.8212031962014709,canada-sector
2010,BC,NMM,imports,0.6410531704842013,canada-sector
2010,BC,BMT,exports,0.5561459256587455,canada-sector
2010,BC,BMT,imports,0.5689922911104284,canada-sector
2010,BC,FMT,exports,0.7371297105431174,canada-sector
2010,BC,FMT,imports,0.6947815601434365,canada-sector
2010,BC,ELC,exports,0.5906042432421839,canada-sector
2010,BC,ELC,imports,0.5910429871362748,canada-sector
2010,BC,ELQ,exports,0.7746429015581826,canada-sector
2010,BC,ELQ,imports,0.7013527066960997,canada-sector
2010,BC,MAC,exports,0.6445572464946763,canada-sector
2010,BC,MAC,imports,0.7191607960974775,canada-sector
2010,BC,MTV,exports,0.9485703600217364,canada-sector
2010,BC,MTV,imports,0.7060716586227065,canada-sector
2010,BC,OTE,exports,0.5268952794895838,canada-sector
2010,BC,OTE,imports,0.6090155387984587,canada-sector
2010,BC,MFN,exports,0.7195149025028026,canada-sector
2010,BC,MFN,imports,0.5894447963558693,canada-sector
2010,BC,UTL,exports,0.922580074640332,canada-sector
2010,BC,UTL,imports,0.8957577266090482,canada-sector
2010,BC,CON,exports,0.538857502805063,canada-sector
2010,BC,CON,imports,0.6995714626537807,canada-sector
2010,BC,TRD,exports,0.6941120633903413,canada-sector
2010,BC,TRD,imports,0.5945632731253332,canada-sector
2010,BC,TRN,exports,0.6056111775789644,canada-sector
2010,BC,TRN,imports,0.6382924853369726,canada-sector
2010,BC,ACC,exports,0.5179716906078178,canada-sector
2010,BC,ACC,imports,0.5864564916087283,canada-sector
2010,BC,PUB,exports,0.7609434296190318,canada-sector
2010,BC,PUB,imports,0.8637419661714224,canada-sector
2010,BC,TEL,exports,0.6086278416012678,canada-sector
2010,BC,TEL,imports,0.6851687631027253,canada-sector
2010,BC,ITS,exports,0.709452385865975,canada-sector
2010,BC,ITS,imports,0.6815506957209894,canada-sector
2010,BC,FIN,exports,0.5102148489023067,canada-sector
2010,BC,FIN,imports,0.4475898670450142,canada-sector
2010,BC,REA,exports,0.23324569154400407,canada-sector
2010,BC,REA,imports,0.578032879693229,canada-sector
2010,BC,PRF,exports,0.5067534368753334,canada-sector
2010,BC,PRF,imports,0.6734047881082948,canada-sector
2010,BC,ADM,exports,0.6073783710547074,canada-sector
2010,BC,ADM,imports,0.7007131945943837,canada-sector
2010,BC,PAD,exports,0.45359124532952344,canada-sector
2010,BC,PAD,imports,0.5981574655415454,canada-sector
2010,BC,EDU,exports,0.20699558495899456,canada-sector
2010,BC,EDU,imports,0.6375709728229134,canada-sector
2010,BC,HTH,exports,0.561713176521773,canada-sector
2010,BC,HTH,imports,0.7564433751090887,canada-sector
2010,BC,ART,exports,0.5978252093473898,canada-sector
2010,BC,ART,imports,0.6311758689042979,canada-sector
2010,BC,OSV,exports,0.42847578665476455,canada-sector
2010,BC,OSV,imports,0.6235169849585939,canada-sector
2010,YT,AGR,exports,0.3567037605741255,canada-sector
2010,YT,AGR,imports,0.764454566127512,canada-sector
2010,YT,MIE,exports,0.9317828010003804,canada-sector
2010,YT,MIE,imports,0.22760066658879682,canada-sector
2010,YT,MIN,exports,0.27043351344320427,canada-sector
2010,YT,MIN,imports,0.34323532386338784,canada-sector
2010,YT,MIS,exports,0.29533702054948513,canada-sector
2010,YT,MIS,imports,0.7783254477641446,canada-sector
2010,YT,FOD,exports,0.6309729182213348,canada-sector
2010,YT,FOD,imports,0.6051367986398702,canada-sector
2010,YT,TEX,exports,0.5995805055436823,canada-sector
2010,YT,TEX,imports,0.32373809744314586,canada-sector
2010,YT,WOD,exports,0.6722057854265837,canada-sector
2010,YT,WOD,imports,0.6515636929920173,canada-sector
2010,YT,PAP,exports,0.6439581624665932,canada-sector
2010,YT,PAP,imports,0.8575488150207913,canada-sector
2010,YT,PET,exports,0.8566432363823137,canada-sector
2010,YT,PET,imports,0.5364668597641757,canada-sector
2010,YT,CHM,exports,0.7544638468770378,canada-sector
2010,YT,CHM,imports,0.6695829112799656,canada-sector
2010,YT,RUB,exports,0.8450585324939986,canada-sector
2010,YT,RUB,imports,0.7191554687384679,canada-sector
2010,YT,NMM,exports,0.8212031962014709,canada-sector
2010,YT,NMM,imports,0.6410531704842013,canada-sector
2010,YT,BMT,exports,0.5561459256587455,canada-sector
2010,YT,BMT,imports,0.5689922911104284,canada-sector
2010,YT,FMT,exports,0.7371297105431174,canada-sector
2010,YT,FMT,imports,0.6947815601434365,canada-sector
2010,YT,ELC,exports,0.5906042432421839,canada-sector
2010,YT,ELC,imports,0.5910429871362748,canada-sector
2010,YT,ELQ,exports,0.7746429015581826,canada-sector
2010,YT,ELQ,imports,0.7013527066960997,canada-sector
2010,YT,MAC,exports,0.6445572464946763,canada-sector
2010,YT,MAC,imports,0.7191607960974775,canada-sector
2010,YT,MTV,exports,0.9485703600217364,canada-sector
2010,YT,MTV,imports,0.7060716586227065,canada-sector
2010,YT,OTE,exports,0.5268952794895838,canada-sector
2010,YT,OTE,imports,0.6090155387984587,canada-sector
2010,YT,MFN,exports,0.7195149025028026,canada-sector
2010,YT,MFN,imports,0.5894447963558693,canada-sector
2010,YT,UTL,exports,0.922580074640332,canada-sector
2010,YT,UTL,imports,0.8957577266090482,canada-sector
2010,YT,CON,exports,0.538857502805063,canada-sector
2010,YT,CON,imports,0.6995714626537807,canada-sector
2010,YT,TRD,exports,0.6941120633903413,canada-sector
2010,YT,TRD,imports,0.5945632731253332,canada-sector
2010,YT,TRN,exports,0.6056111775789644,canada-sector
2010,YT,TRN,imports,0.6382924853369726,canada-sector
2010,YT,ACC,exports,0.5179716906078178,canada-sector
2010,YT,ACC,imports,0.5864564916087283,canada-sector
2010,YT,PUB,exports,0.7609434296190318,canada-sector
2010,YT,PUB,imports,0.8637419661714224,canada-sector
2010,YT,TEL,exports,0.6086278416012678,canada-sector
2010,YT,TEL,imports,0.6851687631027253,canada-sector
2010,YT,ITS,exports,0.709452385865975,canada-sector
2010,YT,ITS,imports,0.6815506957209894,canada-sector
2010,YT,FIN,exports,0.5102148489023067,canada-sector
2010,YT,FIN,imports,0.4475898670450142,canada-sector
2010,YT,REA,exports,0.23324569154400407,canada-sector
2010,YT,REA,imports,0.578032879693229,canada-sector
2010,YT,PRF,exports,0.5067534368753334,canada-sector
2010,YT,PRF,imports,0.6734047881082948,canada-sector
2010,YT,ADM,exports,0.6073783710547074,canada-sector
2010,YT,ADM,imports,0.7007131945943837,canada-sector
2010,YT,PAD,exports,0.45359124532952344,canada-sector
2010,YT,PAD,imports,0.5981574655415454,canada-sector
2010,YT,EDU,exports,0.20699558495899456,canada-sector
2010,YT,EDU,imports,0.6375709728229134,canada-sector
2010,YT,HTH,exports,0.561713176521773,canada-sector
2010,YT,HTH,imports,0.7564433751090887,canada-sector
2010,YT,ART,exports,0.5978252093473898,canada-sector
2010,YT,ART,imports,0.6311758689042979,canada-sector
2010,YT,OSV,exports,0.42847578665476455,canada-sector
2010,YT,OSV,imports,0.6235169849585939,canada-sector
2010,NT,AGR,exports,0.3567037605741255,canada-sector
2010,NT,AGR,imports,0.764454566127512,canada-sector
2010,NT,MIE,exports,0.9317828010003804,canada-sector
2010,NT,MIE,imports,0.22760066658879682,canada-sector
2010,NT,MIN,exports,0.27043351344320427,canada-sector
2010,NT,MIN,imports,0.34323532386338784,canada-sector
2010,NT,MIS,exports,0.29533702054948513,canada-sector
2010,NT,MIS,imports,0.7783254477641446,canada-sector
2010,NT,FOD,exports,0.6309729182213348,canada-sector
2010,NT,FOD,imports,0.6051367986398702,canada-sector
2010,NT,TEX,exports,0.5995805055436823,canada-sector
2010,NT,TEX,imports,0.32373809744314586,canada-sector
2010,NT,WOD,exports,0.6722057854265837,canada-sector
2010,NT,WOD,imports,0.6515636929920173,canada-sector
2010,NT,PAP,exports,0.6439581624665932,canada-sector
2010,NT,PAP,imports,0.8575488150207913,canada-sector
2010,NT,PET,exports,0.8566432363823137,canada-sector
2010,NT,PET,imports,0.5364668597641757,canada-sector
2010,NT,CHM,exports,0.7544638468770378,canada-sector
2010,NT,CHM,imports,0.6695829112799656,canada-sector
2010,NT,RUB,exports,0.8450585324939986,canada-sector
2010,NT,RUB,imports,0.7191554687384679,canada-sector
2010,NT,NMM,exports,0.8212031962014709,canada-sector
2010,NT,NMM,imports,0.6410531704842013,canada-sector
2010,NT,BMT,exports,0.5561459256587455,canada-sector
2010,NT,BMT,imports,0.5689922911104284,canada-sector
2010,NT,FMT,exports,0.7371297105431174,canada-sector
2010,NT,FMT,imports,0.6947815601434365,canada-sector
2010,NT,ELC,exports,0.5906042432421839,canada-sector
2010,NT,ELC,imports,0.5910429871362748,canada-sector
2010,NT,ELQ,exports,0.7746429015581826,canada-sector
2010,NT,ELQ,imports,0.7013527066960997,canada-sector
2010,NT,MAC,exports,0.6445572464946763,canada-sector
2010,NT,MAC,imports,0.7191607960974775,canada-sector
2010,NT,MTV,exports,0.9485703600217364,canada-sector
2010,NT,MTV,imports,0.7060716586227065,canada-sector
2010,NT,OTE,exports,0.5268952794895838,canada-sector
2010,NT,OTE,imports,0.6090155387984587,canada-sector
2010,NT,MFN,exports,0.7195149025028026,canada-sector
2010,NT,MFN,imports,0.5894447963558693,canada-sector
2010,NT,UTL,exports,0.922580074640332,canada-sector
2010,NT,UTL,imports,0.8957577266090482,canada-sector
2010,NT,CON,exports,0.538857502805063,canada-sector
2010,NT,CON,imports,0.6995714626537807,canada-sector
2010,NT,TRD,exports,0.6941120633903413,canada-sector
2010,NT,TRD,imports,0.5945632731253332,canada-sector
2010,NT,TRN,exports,0.6056111775789644,canada-sector
2010,NT,TRN,imports,0.6382924853369726,canada-sector
2010,NT,ACC,exports,0.5179716906078178,canada-sector
2010,NT,ACC,imports,0.5864564916087283,canada-sector
2010,NT,PUB,exports,0.7609434296190318,canada-sector
2010,NT,PUB,imports,0.8637419661714224,canada-sector
2010,NT,TEL,exports,0.6086278416012678,canada-sector
2010,NT,TEL,imports,0.6851687631027253,canada-sector
2010,NT,ITS,exports,0.709452385865975,canada-sector
2010,NT,ITS,imports,0.6815506957209894,canada-sector
2010,NT,FIN,exports,0.5102148489023067,canada-sector
2010,NT,FIN,imports,0.4475898670450142,canada-sector
2010,NT,REA,exports,0.23324569154400407,canada-sector
2010,NT,REA,imports,0.578032879693229,canada-sector
2010,NT,PRF,exports,0.5067534368753334,canada-sector
2010,NT,PRF,imports,0.6734047881082948,canada-sector
2010,NT,ADM,exports,0.6073783710547074,canada-sector
2010,NT,ADM,imports,0.7007131945943837,canada-sector
2010,NT,PAD,exports,0.45359124532952344,canada-sector
2010,NT,PAD,imports,0.5981574655415454,canada-sector
2010,NT,EDU,exports,0.20699558495899456,canada-sector
2010,NT,EDU,imports,0.6375709728229134,canada-sector
2010,NT,HTH,exports,0.561713176521773,canada-sector
2010,NT,HTH,imports,0.7564433751090887,canada-sector
2010,NT,ART,exports,0.5978252093473898,canada-sector
2010,NT,ART,imports,0.6311758689042979,canada-sector
2010,NT,OSV,exports,0.42847578665476455,canada-sector
2010,NT,OSV,imports,0.6235169849585939,canada-sector
2010,NU,AGR,exports,0.3567037605741255,canada-sector
2010,NU,AGR,imports,0.764454566127512,canada-sector
2010,NU,MIE,exports,0.9317828010003804,canada-sector
2010,NU,MIE,imports,0.22760066658879682,canada-sector
2010,NU,MIN,exports,0.27043351344320427,canada-sector
2010,NU,MIN,imports,0.34323532386338784,canada-sector
2010,NU,MIS,exports,0.29533702054948513,canada-sector
2010,NU,MIS,imports,0.7783254477641446,canada-sector
2010,NU,FOD,exports,0.6309729182213348,canada-sector
2010,NU,FOD,imports,0.6051367986398702,canada-sector
2010,NU,TEX,exports,0.5995805055436823,canada-sector
2010,NU,TEX,imports,0.32373809744314586,canada-sector
2010,NU,WOD,exports,0.6722057854265837,canada-sector
2010,NU,WOD,imports,0.6515636929920173,canada-sector
2010,NU,PAP,exports,0.6439581624665932,canada-sector
2010,NU,PAP,imports,0.8575488150207913,canada-sector
2010,NU,PET,exports,0.8566432363823137,canada-sector
2010,NU,PET,imports,0.5364668597641757,canada-sector
2010,NU,CHM,exports,0.7544638468770378,canada-sector
2010,NU,CHM,imports,0.6695829112799656,canada-sector
2010,NU,RUB,exports,0.8450585324939986,canada-sector
2010,NU,RUB,imports,0.7191554687384679,canada-sector
2010,NU,NMM,exports,0.8212031962014709,canada-sector
2010,NU,NMM,imports,0.6410531704842013,canada-sector
2010,NU,BMT,exports,0.5561459256587455,canada-sector
2010,NU,BMT,imports,0.5689922911104284,canada-sector
2010,NU,FMT,exports,0.7371297105431174,canada-sector
2010,NU,FMT,imports,0.6947815601434365,canada-sector
2010,NU,ELC,exports,0.5906042432421839,canada-sector
2010,NU,ELC,imports,0.5910429871362748,canada-sector
2010,NU,ELQ,exports,0.7746429015581826,canada-sector
2010,NU,ELQ,imports,0.7013527066960997,canada-sector
2010,NU,MAC,exports,0.6445572464946763,canada-sector
2010,NU,MAC,imports,0.7191607960974775,canada-sector
2010,NU,MTV,exports,0.9485703600217364,canada-sector
2010,NU,MTV,imports,0.7060716586227065,canada-sector
2010,NU,OTE,exports,0.5268952794895838,canada-sector
2010,NU,OTE,imports,0.6090155387984587,canada-sector
2010,NU,MFN,exports,0.7195149025028026,canada-sector
2010,NU,MFN,imports,0.5894447963558693,canada-sector
2010,NU,UTL,exports,0.922580074640332,canada-sector
2010,NU,UTL,imports,0.8957577266090482,canada-sector
2010,NU,CON,exports,0.538857502805063,canada-sector
2010,NU,CON,imports,0.6995714626537807,canada-sector
2010,NU,TRD,exports,0.6941120633903413,canada-sector
2010,NU,TRD,imports,0.5945632731253332,canada-sector
2010,NU,TRN,exports,0.6056111775789644,canada-sector
2010,NU,TRN,imports,0.6382924853369726,canada-sector
2010,NU,ACC,exports,0.5179716906078178,canada-sector
2010,NU,ACC,imports,0.5864564916087283,canada-sector
2010,NU,PUB,exports,0.7609434296190318,canada-sector
2010,NU,PUB,imports,0.8637419661714224,canada-sector
2010,NU,TEL,exports,0.6086278416012678,canada-sector
2010,NU,TEL,imports,0.6851687631027253,canada-sector
2010,NU,ITS,exports,0.709452385865975,canada-sector
2010,NU,ITS,imports,0.6815506957209894,canada-sector
2010,NU,FIN,exports,0.5102148489023067,canada-sector
2010,NU,FIN,imports,0.4475898670450142,canada-sector
2010,NU,REA,exports,0.23324569154400407,canada-sector
2010,NU,REA,imports,0.578032879693229,canada-sector
2010,NU,PRF,exports,0.5067534368753334,canada-sector
2010,NU,PRF,imports,0.6734047881082948,canada-sector
2010,NU,ADM,exports,0.6073783710547074,canada-sector
2010,NU,ADM,imports,0.7007131945943837,canada-sector
2010,NU,PAD,exports,0.45359124532952344,canada-sector
2010,NU,PAD,imports,0.5981574655415454,canada-sector
2010,NU,EDU,exports,0.20699558495899456,canada-sector
2010,NU,EDU,imports,0.6375709728229134,canada-sector
2010,NU,HTH,exports,0.561713176521773,canada-sector
2010,NU,HTH,imports,0.7564433751090887,canada-sector
2010,NU,ART,exports,0.5978252093473898,canada-sector
2010,NU,ART,imports,0.6311758689042979,canada-sector
2010,NU,OSV,exports,0.42847578665476455,canada-sector
2010,NU,OSV,imports,0.6235169849585939,canada-sector
2011,NL,AGR,exports,0.31589704515995404,canada-sector
2011,NL,AGR,imports,0.7483254992577565,canada-sector
2011,NL,MIE,exports,0.9224007271321899,canada-sector
2011,NL,MIE,imports,0.21511420513433413,canada-sector
2011,NL,MIN,exports,0.2495376730952732,canada-sector
2011,NL,MIN,imports,0.34616969937553393,canada-sector
2011,NL,MIS,exports,0.5802365272949997,canada-sector
2011,NL,MIS,imports,0.8342033248544322,canada-sector
2011,NL,FOD,exports,0.6322327360797745,canada-sector
2011,NL,FOD,imports,0.6027754221011801,canada-sector
2011,NL,TEX,exports,0.5819030097309251,canada-sector
2011,NL,TEX,imports,0.3191132979285403,canada-sector
2011,NL,WOD,exports,0.6125642327198033,canada-sector
2011,NL,WOD,imports,0.6836975758269747,canada-sector
2011,NL,PAP,exports,0.6185363105308419,canada-sector
2011,NL,PAP,imports,0.8601113053377271,canada-sector
2011,NL,PET,exports,0.8058612656826769,canada-sector
2011,NL,PET,imports,0.5707680023915793,canada-sector
2011,NL,CHM,exports,0.7675061249631421,canada-sector
2011,NL,CHM,imports,0.6814844687815114,canada-sector
2011,NL,RUB,exports,0.8518061172893995,canada-sector
2011,NL,RUB,imports,0.7002382780613239,canada-sector
2011,NL,NMM,exports,0.813329409997151,canada-sector
2011,NL,NMM,imports,0.6359871245090228,canada-sector
2011,NL,BMT,exports,0.5384261224662371,canada-sector
2011,NL,BMT,imports,0.5289439206695579,canada-sector
2011,NL,FMT,exports,0.7296980566006801,canada-sector
2011,NL,FMT,imports,0.683539190362387,canada-sector
2011,NL,ELC,exports,0.5697047195419097,canada-sector
2011,NL,ELC,imports,0.5954868179521162,canada-sector
2011,NL,ELQ,exports,0.75039535859334106,canada-sector
2011,NL,ELQ,imports,0.6981628515595037,canada-sector
2011,NL,MAC,exports,0.6518196467770841,canada-sector
2011,NL,MAC,imports,0.6926945392908657,canada-sector
2011,NL,MTV,exports,0.9491968005943565,canada-sector
2011,NL,MTV,imports,0.7090152434476696,canada-sector
2011,NL,OTE,exports,0.5657805538158407,canada-sector
2011,NL,OTE,imports,0.5936360778122892,canada-sector
2011,NL,MFN,exports,0.7321150146153127,canada-sector
2011,NL,MFN,imports,0.5847694409243984,canada-sector
2011,NL,UTL,exports,0.9197963566851668,canada-sector
2011,NL,UTL,imports,0.8468048753836832,canada-sector
2011,NL,CON,exports,0.5303862840052512,canada-sector
2011,NL,CON,imports,0.7124841054449528,canada-sector
2011,NL,TRD,exports,0.6928042864242955,canada-sector
2011,NL,TRD,imports,0.6462622697785707,canada-sector
2011,NL,TRN,exports,0.6021541901390309,canada-sector
2011,NL,TRN,imports,0.6432305294873247,canada-sector
2011,NL,ACC,exports,0.497995017942583,canada-sector
2011,NL,ACC,imports,0.6039328036905076,canada-sector
2011,NL,PUB,exports,0.7885832612442017,canada-sector
2011,NL,PUB,imports,0.8318111156812007,canada-sector
2011,NL,TEL,exports,0.5278504937566822,canada-sector
2011,NL,TEL,imports,0.5970209076782307,canada-sector
2011,NL,ITS,exports,0.6933729883358833,canada-sector
2011,NL,ITS,imports,0.6581798741907324,canada-sector
2011,NL,FIN,exports,0.49371840296418595,canada-sector
2011,NL,FIN,imports,0.46180442612570044,canada-sector
2011,NL,REA,exports,0.22737932217061904,canada-sector
2011,NL,REA,imports,0.5775787428301791,canada-sector
2011,NL,PRF,exports,0.566809517631228,canada-sector
2011,NL,PRF,imports,0.7089440843996601,canada-sector
2011,NL,ADM,exports,0.5929061664457349,canada-sector
2011,NL,ADM,imports,0.7010157578800219,canada-sector
2011,NL,PAD,exports,0.4434010863654007,canada-sector
2011,NL,PAD,imports,0.5947487232766623,canada-sector
2011,NL,EDU,exports,0.219518149313559,canada-sector
2011,NL,EDU,imports,0.6212566014440447,canada-sector
2011,NL,HTH,exports,0.6279126157362718,canada-sector
2011,NL,HTH,imports,0.7465083753028702,canada-sector
2011,NL,ART,exports,0.6135563757203443,canada-sector
2011,NL,ART,imports,0.6365827229586078,canada-sector
2011,NL,OSV,exports,0.42326317279307696,canada-sector
2011,NL,OSV,imports,0.6344980630350566,canada-sector
2011,PE,AGR,exports,0.31589704515995404,canada-sector
2011,PE,AGR,imports,0.7483254992577565,canada-sector
2011,PE,MIE,exports,0.9224007271321899,canada-sector
2011,PE,MIE,imports,0.21511420513433413,canada-sector
2011,PE,MIN,exports,0.2495376730952732,canada-sector
2011,PE,MIN,imports,0.34616969937553393,canada-sector
2011,PE,MIS,exports,0.5802365272949997,canada-sector
2011,PE,MIS,imports,0.8342033248544322,canada-sector
2011,PE,FOD,exports,0.6322327360797745,canada-sector
2011,PE,FOD,imports,0.6027754221011801,canada-sector
2011,PE,TEX,exports,0.5819030097309251,canada-sector
2011,PE,TEX,imports,0.3191132979285403,canada-sector
2011,PE,WOD,exports,0.6125642327198033,canada-sector
2011,PE,WOD,imports,0.6836975758269747,canada-sector
2011,PE,PAP,exports,0.6185363105308419,canada-sector
2011,PE,PAP,imports,0.8601113053377271,canada-sector
2011,PE,PET,exports,0.8058612656826769,canada-sector
2011,PE,PET,imports,0.5707680023915793,canada-sector
2011,PE,CHM,exports,0.7675061249631421,canada-sector
2011,PE,CHM,imports,0.6814844687815114,canada-sector
2011,PE,RUB,exports,0.8518061172893995,canada-sector
2011,PE,RUB,imports,0.7002382780613239,canada-sector
2011,PE,NMM,exports,0.813329409997151,canada-sector
2011,PE,NMM,imports,0.6359871245090228,canada-sector
2011,PE,BMT,exports,0.5384261224662371,canada-sector
2011,PE,BMT,imports,0.5289439206695579,canada-sector
2011,PE,FMT,exports,0.7296980566006801,canada-sector
2011,PE,FMT,imports,0.683539190362387,canada-sector
2011,PE,ELC,exports,0.5697047195419097,canada-sector
2011,PE,ELC,imports,0.5954868179521162,canada-sector
2011,PE,ELQ,exports,0.75039535859334106,canada-sector
2011,PE,ELQ,imports,0.6981628515595037,canada-sector
2011,PE,MAC,exports,0.6518196467770841,canada-sector
2011,PE,MAC,imports,0.6926945392908657,canada-sector
2011,PE,MTV,exports,0.9491968005943565,canada-sector
2011,PE,MTV,imports,0.7090152434476696,canada-sector
2011,PE,OTE,exports,0.5657805538158407,canada-sector
2011,PE,OTE,imports,0.5936360778122892,canada-sector
2011,PE,MFN,exports,0.7321150146153127,canada-sector
2011,PE,MFN,imports,0.5847694409243984,canada-sector
2011,PE,UTL,exports,0.9197963566851668,canada-sector
2011,PE,UTL,imports,0.8468048753836832,canada-sector
2011,PE,CON,exports,0.5303862840052512,canada-sector
2011,PE,CON,imports,0.7124841054449528,canada-sector
2011,PE,TRD,exports,0.6928042864242955,canada-sector
2011,PE,TRD,imports,0.6462622697785707,canada-sector
2011,PE,TRN,exports,0.6021541901390309,canada-sector
2011,PE,TRN,imports,0.6432305294873247,canada-sector
2011,PE,ACC,exports,0.497995017942583,canada-sector
2011,PE,ACC,imports,0.6039328036905076,canada-sector
2011,PE,PUB,exports,0.7885832612442017,canada-sector
2011,PE,PUB,imports,0.8318111156812007,canada-sector
2011,PE,TEL,exports,0.5278504937566822,canada-sector
2011,PE,TEL,imports,0.5970209076782307,canada-sector
2011,PE,ITS,exports,0.6933729883358833,canada-sector
2011,PE,ITS,imports,0.6581798741907324,canada-sector
2011,PE,FIN,exports,0.49371840296418595,canada-sector
2011,PE,FIN,imports,0.46180442612570044,canada-sector
2011,PE,REA,exports,0.22737932217061904,canada-sector
2011,PE,REA,imports,0.5775787428301791,canada-sector
2011,PE,PRF,exports,0.566809517631228,canada-sector
2011,PE,PRF,imports,0.7089440843996601,canada-sector
2011,PE,ADM,exports,0.5929061664457349,canada-sector
2011,PE,ADM,imports,0.7010157578800219,canada-sector
2011,PE,PAD,exports,0.4434010863654007,canada-sector
2011,PE,PAD,imports,0.5947487232766623,canada-sector
2011,PE,EDU,exports,0.219518149313559,canada-sector
2011,PE,EDU,imports,0.6212566014440447,canada-sector
2011,PE,HTH,exports,0.6279126157362718,canada-sector
2011,PE,HTH,imports,0.7465083753028702,canada-sector
2011,PE,ART,exports,0.6135563757203443,canada-sector
2011,PE,ART,imports,0.6365827229586078,canada-sector
2011,PE,OSV,exports,0.42326317279307696,canada-sector
2011,PE,OSV,imports,0.6344980630350566,canada-sector
2011,NS,AGR,exports,0.31589704515995404,canada-sector
2011,NS,AGR,imports,0.7483254992577565,canada-sector
2011,NS,MIE,exports,0.9224007271321899,canada-sector
2011,NS,MIE,imports,0.21511420513433413,canada-sector
2011,NS,MIN,exports,0.2495376730952732,canada-sector
2011,NS,MIN,imports,0.34616969937553393,canada-sector
2011,NS,MIS,exports,0.5802365272949997,canada-sector
2011,NS,MIS,imports,0.8342033248544322,canada-sector
2011,NS,FOD,exports,0.6322327360797745,canada-sector
2011,NS,FOD,imports,0.6027754221011801,canada-sector
2011,NS,TEX,exports,0.5819030097309251,canada-sector
2011,NS,TEX,imports,0.3191132979285403,canada-sector
2011,NS,WOD,exports,0.6125642327198033,canada-sector
2011,NS,WOD,imports,0.6836975758269747,canada-sector
2011,NS,PAP,exports,0.6185363105308419,canada-sector
2011,NS,PAP,imports,0.8601113053377271,canada-sector
2011,NS,PET,exports,0.8058612656826769,canada-sector
2011,NS,PET,imports,0.5707680023915793,canada-sector
2011,NS,CHM,exports,0.7675061249631421,canada-sector
2011,NS,CHM,imports,0.6814844687815114,canada-sector
2011,NS,RUB,exports,0.8518061172893995,canada-sector
2011,NS,RUB,imports,0.7002382780613239,canada-sector
2011,NS,NMM,exports,0.813329409997151,canada-sector
2011,NS,NMM,imports,0.6359871245090228,canada-sector
2011,NS,BMT,exports,0.5384261224662371,canada-sector
2011,NS,BMT,imports,0.5289439206695579,canada-sector
2011,NS,FMT,exports,0.7296980566006801,canada-sector
2011,NS,FMT,imports,0.683539190362387,canada-sector
2011,NS,ELC,exports,0.5697047195419097,canada-sector
2011,NS,ELC,imports,0.5954868179521162,canada-sector
2011,NS,ELQ,exports,0.75039535859334106,canada-sector
2011,NS,ELQ,imports,0.6981628515595037,canada-sector
2011,NS,MAC,exports,0.6518196467770841,canada-sector
2011,NS,MAC,imports,0.6926945392908657,canada-sector
2011,NS,MTV,exports,0.9491968005943565,canada-sector
2011,NS,MTV,imports,0.7090152434476696,canada-sector
2011,NS,OTE,exports,0.5657805538158407,canada-sector
2011,NS,OTE,imports,0.5936360778122892,canada-sector
2011,NS,MFN,exports,0.7321150146153127,canada-sector
2011,NS,MFN,imports,0.5847694409243984,canada-sector
2011,NS,UTL,exports,0.9197963566851668,canada-sector
2011,NS,UTL,imports,0.8468048753836832,canada-sector
2011,NS,CON,exports,0.5303862840052512,canada-sector
2011,NS,CON,imports,0.7124841054449528,canada-sector
2011,NS,TRD,exports,0.6928042864242955,canada-sector
2011,NS,TRD,imports,0.6462622697785707,canada-sector
2011,NS,TRN,exports,0.6021541901390309,canada-sector
2011,NS,TRN,imports,0.6432305294873247,canada-sector
2011,NS,ACC,exports,0.497995017942583,canada-sector
2011,NS,ACC,imports,0.6039328036905076,canada-sector
2011,NS,PUB,exports,0.7885832612442017,canada-sector
2011,NS,PUB,imports,0.8318111156812007,canada-sector
2011,NS,TEL,exports,0.5278504937566822,canada-sector
2011,NS,TEL,imports,0.5970209076782307,canada-sector
2011,NS,ITS,exports,0.6933729883358833,canada-sector
2011,NS,ITS,imports,0.6581798741907324,canada-sector
2011,NS,FIN,exports,0.49371840296418595,canada-sector
2011,NS,FIN,imports,0.46180442612570044,canada-sector
2011,NS,REA,exports,0.22737932217061904,canada-sector
2011,NS,REA,imports,0.5775787428301791,canada-sector
2011,NS,PRF,exports,0.566809517631228,canada-sector
2011,NS,PRF,imports,0.7089440843996601,canada-sector
2011,NS,ADM,exports,0.5929061664457349,canada-sector
2011,NS,ADM,imports,0.7010157578800219,canada-sector
2011,NS,PAD,exports,0.4434010863654007,canada-sector
2011,NS,PAD,imports,0.5947487232766623,canada-sector
2011,NS,EDU,exports,0.219518149313559,canada-sector
2011,NS,EDU,imports,0.6212566014440447,canada-sector
2011,NS,HTH,exports,0.6279126157362718,canada-sector
2011,NS,HTH,imports,0.7465083753028702,canada-sector
2011,NS,ART,exports,0.6135563757203443,canada-sector
2011,NS,ART,imports,0.6365827229586078,canada-sector
2011,NS,OSV,exports,0.42326317279307696,canada-sector
2011,NS,OSV,imports,0.6344980630350566,canada-sector
2011,NB,AGR,exports,0.31589704515995404,canada-sector
2011,NB,AGR,imports,0.7483254992577565,canada-sector
2011,NB,MIE,exports,0.9224007271321899,canada-sector
2011,NB,MIE,imports,0.21511420513433413,canada-sector
2011,NB,MIN,exports,0.2495376730952732,canada-sector
2011,NB,MIN,imports,0.34616969937553393,canada-sector
2011,NB,MIS,exports,0.5802365272949997,canada-sector
2011,NB,MIS,imports,0.8342033248544322,canada-sector
2011,NB,FOD,exports,0.6322327360797745,canada-sector
2011,NB,FOD,imports,0.6027754221011801,canada-sector
2011,NB,TEX,exports,0.5819030097309251,canada-sector
2011,NB,TEX,imports,0.3191132979285403,canada-sector
2011,NB,WOD,exports,0.6125642327198033,canada-sector
2011,NB,WOD,imports,0.6836975758269747,canada-sector
2011,NB,PAP,exports,0.6185363105308419,canada-sector
2011,NB,PAP,imports,0.8601113053377271,canada-sector
2011,NB,PET,exports,0.8058612656826769,canada-sector
2011,NB,PET,imports,0.5707680023915793,canada-sector
2011,NB,CHM,exports,0.7675061249631421,canada-sector
2011,NB,CHM,imports,0.6814844687815114,canada-sector
2011,NB,RUB,exports,0.8518061172893995,canada-sector
2011,NB,RUB,imports,0.7002382780613239,canada-sector
2011,NB,NMM,exports,0.813329409997151,canada-sector
2011,NB,NMM,imports,0.6359871245090228,canada-sector
2011,NB,BMT,exports,0.5384261224662371,canada-sector
2011,NB,BMT,imports,0.5289439206695579,canada-sector
2011,NB,FMT,exports,0.7296980566006801,canada-sector
2011,NB,FMT,imports,0.683539190362387,canada-sector
2011,NB,ELC,exports,0.5697047195419097,canada-sector
2011,NB,ELC,imports,0.5954868179521162,canada-sector
2011,NB,ELQ,exports,0.75039535859334106,canada-sector
2011,NB,ELQ,imports,0.6981628515595037,canada-sector
2011,NB,MAC,exports,0.6518196467770841,canada-sector
2011,NB,MAC,imports,0.6926945392908657,canada-sector
2011,NB,MTV,exports,0.9491968005943565,canada-sector
2011,NB,MTV,imports,0.7090152434476696,canada-sector
2011,NB,OTE,exports,0.5657805538158407,canada-sector
2011,NB,OTE,imports,0.5936360778122892,canada-sector
2011,NB,MFN,exports,0.7321150146153127,canada-sector
2011,NB,MFN,imports,0.5847694409243984,canada-sector
2011,NB,UTL,exports,0.9197963566851668,canada-sector
2011,NB,UTL,imports,0.8468048753836832,canada-sector
2011,NB,CON,exports,0.5303862840052512,canada-sector
2011,NB,CON,imports,0.7124841054449528,canada-sector
2011,NB,TRD,exports,0.6928042864242955,canada-sector
2011,NB,TRD,imports,0.6462622697785707,canada-sector
2011,NB,TRN,exports,0.6021541901390309,canada-sector
2011,NB,TRN,imports,0.6432305294873247,canada-sector
2011,NB,ACC,exports,0.497995017942583,canada-sector
2011,NB,ACC,imports,0.6039328036905076,canada-sector
2011,NB,PUB,exports,0.7885832612442017,canada-sector
2011,NB,PUB,imports,0.8318111156812007,canada-sector
2011,NB,TEL,exports,0.5278504937566822,canada-sector
2011,NB,TEL,imports,0.5970209076782307,canada-sector
2011,NB,ITS,exports,0.6933729883358833,canada-sector
2011,NB,ITS,imports,0.6581798741907324,canada-sector
2011,NB,FIN,exports,0.49371840296418595,canada-sector
2011,NB,FIN,imports,0.46180442612570044,canada-sector
2011,NB,REA,exports,0.22737932217061904,canada-sector
2011,NB,REA,imports,0.5775787428301791,canada-sector
2011,NB,PRF,exports,0.566809517631228,canada-sector
2011,NB,PRF,imports,0.7089440843996601,canada-sector
2011,NB,ADM,exports,0.5929061664457349,canada-sector
2011,NB,ADM,imports,0.7010157578800219,canada-sector
2011,NB,PAD,exports,0.4434010863654007,canada-sector
2011,NB,PAD,imports,0.5947487232766623,canada-sector
2011,NB,EDU,exports,0.219518149313559,canada-sector
2011,NB,EDU,imports,0.6212566014440447,canada-sector
2011,NB,HTH,exports,0.6279126157362718,canada-sector
2011,NB,HTH,imports,0.7465083753028702,canada-sector
2011,NB,ART,exports,0.6135563757203443,canada-sector
2011,NB,ART,imports,0.6365827229586078,canada-sector
2011,NB,OSV,exports,0.42326317279307696,canada-sector
2011,NB,OSV,imports,0.6344980630350566,canada-sector
2011,QC,AGR,exports,0.31589704515995404,canada-sector
2011,QC,AGR,imports,0.7483254992577565,canada-sector
2011,QC,MIE,exports,0.9224007271321899,canada-sector
2011,QC,MIE,imports,0.21511420513433413,canada-sector
2011,QC,MIN,exports,0.2495376730952732,canada-sector
2011,QC,MIN,imports,0.34616969937553393,canada-sector
2011,QC,MIS,exports,0.5802365272949997,canada-sector
2011,QC,MIS,imports,0.8342033248544322,canada-sector
2011,QC,FOD,exports,0.6322327360797745,canada-sector
2011,QC,FOD,imports,0.6027754221011801,canada-sector
2011,QC,TEX,exports,0.5819030097309251,canada-sector
2011,QC,TEX,imports,0.3191132979285403,canada-sector
2011,QC,WOD,exports,0.6125642327198033,canada-sector
2011,QC,WOD,imports,0.6836975758269747,canada-sector
2011,QC,PAP,exports,0.6185363105308419,canada-sector
2011,QC,PAP,imports,0.8601113053377271,canada-sector
2011,QC,PET,exports,0.8058612656826769,canada-sector
2011,QC,PET,imports,0.5707680023915793,canada-sector
2011,QC,CHM,exports,0.7675061249631421,canada-sector
2011,QC,CHM,imports,0.6814844687815114,canada-sector
2011,QC,RUB,exports,0.8518061172893995,canada-sector
2011,QC,RUB,imports,0.7002382780613239,canada-sector
2011,QC,NMM,exports,0.813329409997151,canada-sector
2011,QC,NMM,imports,0.6359871245090228,canada-sector
2011,QC,BMT,exports,0.5384261224662371,canada-sector
2011,QC,BMT,imports,0.5289439206695579,canada-sector
2011,QC,FMT,exports,0.7296980566006801,canada-sector
2011,QC,FMT,imports,0.683539190362387,canada-sector
2011,QC,ELC,exports,0.5697047195419097,canada-sector
2011,QC,ELC,imports,0.5954868179521162,canada-sector
2011,QC,ELQ,exports,0.75039535859334106,canada-sector
2011,QC,ELQ,imports,0.6981628515595037,canada-sector
2011,QC,MAC,exports,0.6518196467770841,canada-sector
2011,QC,MAC,imports,0.6926945392908657,canada-sector
2011,QC,MTV,exports,0.9491968005943565,canada-sector
2011,QC,MTV,imports,0.7090152434476696,canada-sector
2011,QC,OTE,exports,0.5657805538158407,canada-sector
2011,QC,OTE,imports,0.5936360778122892,canada-sector
2011,QC,MFN,exports,0.7321150146153127,canada-sector
2011,QC,MFN,imports,0.5847694409243984,canada-sector
2011,QC,UTL,exports,0.9197963566851668,canada-sector
2011,QC,UTL,imports,0.8468048753836832,canada-sector
2011,QC,CON,exports,0.5303862840052512,canada-sector
2011,QC,CON,imports,0.7124841054449528,canada-sector
2011,QC,TRD,exports,0.6928042864242955,canada-sector
2011,QC,TRD,imports,0.6462622697785707,canada-sector
2011,QC,TRN,exports,0.6021541901390309,canada-sector
2011,QC,TRN,imports,0.6432305294873247,canada-sector
2011,QC,ACC,exports,0.497995017942583,canada-sector
2011,QC,ACC,imports,0.6039328036905076,canada-sector
2011,QC,PUB,exports,0.7885832612442017,canada-sector
2011,QC,PUB,imports,0.8318111156812007,canada-sector
2011,QC,TEL,exports,0.5278504937566822,canada-sector
2011,QC,TEL,imports,0.5970209076782307,canada-sector
2011,QC,ITS,exports,0.6933729883358833,canada-sector
2011,QC,ITS,imports,0.6581798741907324,canada-sector
2011,QC,FIN,exports,0.49371840296418595,canada-sector
2011,QC,FIN,imports,0.46180442612570044,canada-sector
2011,QC,REA,exports,0.22737932217061904,canada-sector
2011,QC,REA,imports,0.5775787428301791,canada-sector
2011,QC,PRF,exports,0.566809517631228,canada-sector
2011,QC,PRF,imports,0.7089440843996601,canada-sector
2011,QC,ADM,exports,0.5929061664457349,canada-sector
2011,QC,ADM,imports,0.7010157578800219,canada-sector
2011,QC,PAD,exports,0.4434010863654007,canada-sector
2011,QC,PAD,imports,0.5947487232766623,canada-sector
2011,QC,EDU,exports,0.219518149313559,canada-sector
2011,QC,EDU,imports,0.6212566014440447,canada-sector
2011,QC,HTH,exports,0.6279126157362718,canada-sector
2011,QC,HTH,imports,0.7465083753028702,canada-sector
2011,QC,ART,exports,0.6135563757203443,canada-sector
2011,QC,ART,imports,0.6365827229586078,canada-sector
2011,QC,OSV,exports,0.42326317279307696,canada-sector
2011,QC,OSV,imports,0.6344980630350566,canada-sector
2011,ON,AGR,exports,0.31589704515995404,canada-sector
2011,ON,AGR,imports,0.7483254992577565,canada-sector
2011,ON,MIE,exports,0.9224007271321899,canada-sector
2011,ON,MIE,imports,0.21511420513433413,canada-sector
2011,ON,MIN,exports,0.2495376730952732,canada-sector
2011,ON,MIN,imports,0.34616969937553393,canada-sector
2011,ON,MIS,exports,0.5802365272949997,canada-sector
2011,ON,MIS,imports,0.8342033248544322,canada-sector
2011,ON,FOD,exports,0.6322327360797745,canada-sector
2011,ON,FOD,imports,0.6027754221011801,canada-sector
2011,ON,TEX,exports,0.5819030097309251,canada-sector
2011,ON,TEX,imports,0.3191132979285403,canada-sector
2011,ON,WOD,exports,0.6125642327198033,canada-sector
2011,ON,WOD,imports,0.6836975758269747,canada-sector
2011,ON,PAP,exports,0.6185363105308419,canada-sector
2011,ON,PAP,imports,0.8601113053377271,canada-sector
2011,ON,PET,exports,0.8058612656826769,canada-sector
2011,ON,PET,imports,0.5707680023915793,canada-sector
2011,ON,CHM,exports,0.7675061249631421,canada-sector
2011,ON,CHM,imports,0.6814844687815114,canada-sector
2011,ON,RUB,exports,0.8518061172893995,canada-sector
2011,ON,RUB,imports,0.7002382780613239,canada-sector
2011,ON,NMM,exports,0.813329409997151,canada-sector
2011,ON,NMM,imports,0.6359871245090228,canada-sector
2011,ON,BMT,exports,0.5384261224662371,canada-sector
2011,ON,BMT,imports,0.5289439206695579,canada-sector
2011,ON,FMT,exports,0.7296980566006801,canada-sector
2011,ON,FMT,imports,0.683539190362387,canada-sector
2011,ON,ELC,exports,0.5697047195419097,canada-sector
2011,ON,ELC,imports,0.5954868179521162,canada-sector
2011,ON,ELQ,exports,0.75039535859334106,canada-sector
2011,ON,ELQ,imports,0.6981628515595037,canada-sector
2011,ON,MAC,exports,0.6518196467770841,canada-sector
2011,ON,MAC,imports,0.6926945392908657,canada-sector
2011,ON,MTV,exports,0.9491968005943565,canada-sector
2011,ON,MTV,imports,0.7090152434476696,canada-sector
2011,ON,OTE,exports,0.5657805538158407,canada-sector
2011,ON,OTE,imports,0.5936360778122892,canada-sector
2011,ON,MFN,exports,0.7321150146153127,canada-sector
2011,ON,MFN,imports,0.5847694409243984,canada-sector
2011,ON,UTL,exports,0.9197963566851668,canada-sector
2011,ON,UTL,imports,0.8468048753836832,canada-sector
2011,ON,CON,exports,0.5303862840052512,canada-sector
2011,ON,CON,imports,0.7124841054449528,canada-sector
2011,ON,TRD,exports,0.6928042864242955,canada-sector
2011,ON,TRD,imports,0.6462622697785707,canada-sector
2011,ON,TRN,exports,0.6021541901390309,canada-sector
2011,ON,TRN,imports,0.6432305294873247,canada-sector
2011,ON,ACC,exports,0.497995017942583,canada-sector
2011,ON,ACC,imports,0.6039328036905076,canada-sector
2011,ON,PUB,exports,0.7885832612442017,canada-sector
2011,ON,PUB,imports,0.8318111156812007,canada-sector
2011,ON,TEL,exports,0.5278504937566822,canada-sector
2011,ON,TEL,imports,0.5970209076782307,canada-sector
2011,ON,ITS,exports,0.6933729883358833,canada-sector
2011,ON,ITS,imports,0.6581798741907324,canada-sector
2011,ON,FIN,exports,0.49371840296418595,canada-sector
2011,ON,FIN,imports,0.46180442612570044,canada-sector
2011,ON,REA,exports,0.22737932217061904,canada-sector
2011,ON,REA,imports,0.5775787428301791,canada-sector
2011,ON,PRF,exports,0.566809517631228,canada-sector
2011,ON,PRF,imports,0.7089440843996601,canada-sector
2011,ON,ADM,exports,0.5929061664457349,canada-sector
2011,ON,ADM,imports,0.7010157578800219,canada-sector
2011,ON,PAD,exports,0.4434010863654007,canada-sector
2011,ON,PAD,imports,0.5947487232766623,canada-sector
2011,ON,EDU,exports,0.219518149313559,canada-sector
2011,ON,EDU,imports,0.6212566014440447,canada-sector
2011,ON,HTH,exports,0.6279126157362718,canada-sector
2011,ON,HTH,imports,0.7465083753028702,canada-sector
2011,ON,ART,exports,0.6135563757203443,canada-sector
2011,ON,ART,imports,0.6365827229586078,canada-sector
2011,ON,OSV,exports,0.42326317279307696,canada-sector
2011,ON,OSV,imports,0.6344980630350566,canada-sector
2011,MB,AGR,exports,0.31589704515995404,canada-sector
2011,MB,AGR,imports,0.7483254992577565,canada-sector
2011,MB,MIE,exports,0.9224007271321899,canada-sector
2011,MB,MIE,imports,0.21511420513433413,canada-sector
2011,MB,MIN,exports,0.2495376730952732,canada-sector
2011,MB,MIN,imports,0.34616969937553393,canada-sector
2011,MB,MIS,exports,0.5802365272949997,canada-sector
2011,MB,MIS,imports,0.8342033248544322,canada-sector
2011,MB,FOD,exports,0.6322327360797745,canada-sector
2011,MB,FOD,imports,0.6027754221011801,canada-sector
2011,MB,TEX,exports,0.5819030097309251,canada-sector
2011,MB,TEX,imports,0.3191132979285403,canada-sector
2011,MB,WOD,exports,0.6125642327198033,canada-sector
2011,MB,WOD,imports,0.6836975758269747,canada-sector
2011,MB,PAP,exports,0.6185363105308419,canada-sector
2011,MB,PAP,imports,0.8601113053377271,canada-sector
2011,MB,PET,exports,0.8058612656826769,canada-sector
2011,MB,PET,imports,0.5707680023915793,canada-sector
2011,MB,CHM,exports,0.7675061249631421,canada-sector
2011,MB,CHM,imports,0.6814844687815114,canada-sector
2011,MB,RUB,exports,0.8518061172893995,canada-sector
2011,MB,RUB,imports,0.7002382780613239,canada-sector
2011,MB,NMM,exports,0.813329409997151,canada-sector
2011,MB,NMM,imports,0.6359871245090228,canada-sector
2011,MB,BMT,exports,0.5384261224662371,canada-sector
2011,MB,BMT,imports,0.5289439206695579,canada-sector
2011,MB,FMT,exports,0.7296980566006801,canada-sector
2011,MB,FMT,imports,0.683539190362387,canada-sector
2011,MB,ELC,exports,0.5697047195419097,canada-sector
2011,MB,ELC,imports,0.5954868179521162,canada-sector
2011,MB,ELQ,exports,0.75039535859334106,canada-sector
2011,MB,ELQ,imports,0.6981628515595037,canada-sector
2011,MB,MAC,exports,0.6518196467770841,canada-sector
2011,MB,MAC,imports,0.6926945392908657,canada-sector
2011,MB,MTV,exports,0.9491968005943565,canada-sector
2011,MB,MTV,imports,0.7090152434476696,canada-sector
2011,MB,OTE,exports,0.5657805538158407,canada-sector
2011,MB,OTE,imports,0.5936360778122892,canada-sector
2011,MB,MFN,exports,0.7321150146153127,canada-sector
2011,MB,MFN,imports,0.5847694409243984,canada-sector
2011,MB,UTL,exports,0.9197963566851668,canada-sector
2011,MB,UTL,imports,0.8468048753836832,canada-sector
2011,MB,CON,exports,0.5303862840052512,canada-sector
2011,MB,CON,imports,0.7124841054449528,canada-sector
2011,MB,TRD,exports,0.6928042864242955,canada-sector
2011,MB,TRD,imports,0.6462622697785707,canada-sector
2011,MB,TRN,exports,0.6021541901390309,canada-sector
2011,MB,TRN,imports,0.6432305294873247,canada-sector
2011,MB,ACC,exports,0.497995017942583,canada-sector
2011,MB,ACC,imports,0.6039328036905076,canada-sector
2011,MB,PUB,exports,0.7885832612442017,canada-sector
2011,MB,PUB,imports,0.8318111156812007,canada-sector
2011,MB,TEL,exports,0.5278504937566822,canada-sector
2011,MB,TEL,imports,0.5970209076782307,canada-sector
2011,MB,ITS,exports,0.6933729883358833,canada-sector
2011,MB,ITS,imports,0.6581798741907324,canada-sector
2011,MB,FIN,exports,0.49371840296418595,canada-sector
2011,MB,FIN,imports,0.46180442612570044,canada-sector
2011,MB,REA,exports,0.22737932217061904,canada-sector
2011,MB,REA,imports,0.5775787428301791,canada-sector
2011,MB,PRF,exports,0.566809517631228,canada-sector
2011,MB,PRF,imports,0.7089440843996601,canada-sector
2011,MB,ADM,exports,0.5929061664457349,canada-sector
2011,MB,ADM,imports,0.7010157578800219,canada-sector
2011,MB,PAD,exports,0.4434010863654007,canada-sector
2011,MB,PAD,imports,0.5947487232766623,canada-sector
2011,MB,EDU,exports,0.219518149313559,canada-sector
2011,MB,EDU,imports,0.6212566014440447,canada-sector
2011,MB,HTH,exports,0.6279126157362718,canada-sector
2011,MB,HTH,imports,0.7465083753028702,canada-sector
2011,MB,ART,exports,0.6135563757203443,canada-sector
2011,MB,ART,imports,0.6365827229586078,canada-sector
2011,MB,OSV,exports,0.42326317279307696,canada-sector
2011,MB,OSV,imports,0.6344980630350566,canada-sector
2011,SK,AGR,exports,0.31589704515995404,canada-sector
2011,SK,AGR,imports,0.7483254992577565,canada-sector
2011,SK,MIE,exports,0.9224007271321899,canada-sector
2011,SK,MIE,imports,0.21511420513433413,canada-sector
2011,SK,MIN,exports,0.2495376730952732,canada-sector
2011,SK,MIN,imports,0.34616969937553393,canada-sector
2011,SK,MIS,exports,0.5802365272949997,canada-sector
2011,SK,MIS,imports,0.8342033248544322,canada-sector
2011,SK,FOD,exports,0.6322327360797745,canada-sector
2011,SK,FOD,imports,0.6027754221011801,canada-sector
2011,SK,TEX,exports,0.5819030097309251,canada-sector
2011,SK,TEX,imports,0.3191132979285403,canada-sector
2011,SK,WOD,exports,0.6125642327198033,canada-sector
2011,SK,WOD,imports,0.6836975758269747,canada-sector
2011,SK,PAP,exports,0.6185363105308419,canada-sector
2011,SK,PAP,imports,0.8601113053377271,canada-sector
2011,SK,PET,exports,0.8058612656826769,canada-sector
2011,SK,PET,imports,0.5707680023915793,canada-sector
2011,SK,CHM,exports,0.7675061249631421,canada-sector
2011,SK,CHM,imports,0.6814844687815114,canada-sector
2011,SK,RUB,exports,0.8518061172893995,canada-sector
2011,SK,RUB,imports,0.7002382780613239,canada-sector
2011,SK,NMM,exports,0.813329409997151,canada-sector
2011,SK,NMM,imports,0.6359871245090228,canada-sector
2011,SK,BMT,exports,0.5384261224662371,canada-sector
2011,SK,BMT,imports,0.5289439206695579,canada-sector
2011,SK,FMT,exports,0.7296980566006801,canada-sector
2011,SK,FMT,imports,0.683539190362387,canada-sector
2011,SK,ELC,exports,0.5697047195419097,canada-sector
2011,SK,ELC,imports,0.5954868179521162,canada-sector
2011,SK,ELQ,exports,0.75039535859334106,canada-sector
2011,SK,ELQ,imports,0.6981628515595037,canada-sector
2011,SK,MAC,exports,0.6518196467770841,canada-sector
2011,SK,MAC,imports,0.6926945392908657,canada-sector
2011,SK,MTV,exports,0.9491968005943565,canada-sector
2011,SK,MTV,imports,0.7090152434476696,canada-sector
2011,SK,OTE,exports,0.5657805538158407,canada-sector
2011,SK,OTE,imports,0.5936360778122892,canada-sector
2011,SK,MFN,exports,0.7321150146153127,canada-sector
2011,SK,MFN,imports,0.5847694409243984,canada-sector
2011,SK,UTL,exports,0.9197963566851668,canada-sector
2011,SK,UTL,imports,0.8468048753836832,canada-sector
2011,SK,CON,exports,0.5303862840052512,canada-sector
2011,SK,CON,imports,0.7124841054449528,canada-sector
2011,SK,TRD,exports,0.6928042864242955,canada-sector
2011,SK,TRD,imports,0.6462622697785707,canada-sector
2011,SK,TRN,exports,0.6021541901390309,canada-sector
2011,SK,TRN,imports,0.6432305294873247,canada-sector
2011,SK,ACC,exports,0.497995017942583,canada-sector
2011,SK,ACC,imports,0.6039328036905076,canada-sector
2011,SK,PUB,exports,0.7885832612442017,canada-sector
2011,SK,PUB,imports,0.8318111156812007,canada-sector
2011,SK,TEL,exports,0.5278504937566822,canada-sector
2011,SK,TEL,imports,0.5970209076782307,canada-sector
2011,SK,ITS,exports,0.6933729883358833,canada-sector
2011,SK,ITS,imports,0.6581798741907324,canada-sector
2011,SK,FIN,exports,0.49371840296418595,canada-sector
2011,SK,FIN,imports,0.46180442612570044,canada-sector
2011,SK,REA,exports,0.22737932217061904,canada-sector
2011,SK,REA,imports,0.5775787428301791,canada-sector
2011,SK,PRF,exports,0.566809517631228,canada-sector
2011,SK,PRF,imports,0.7089440843996601,canada-sector
2011,SK,ADM,exports,0.5929061664457349,canada-sector
2011,SK,ADM,imports,0.7010157578800219,canada-sector
2011,SK,PAD,exports,0.4434010863654007,canada-sector
2011,SK,PAD,imports,0.5947487232766623,canada-sector
2011,SK,EDU,exports,0.219518149313559,canada-sector
2011,SK,EDU,imports,0.6212566014440447,canada-sector
2011,SK,HTH,exports,0.6279126157362718,canada-sector
2011,SK,HTH,imports,0.7465083753028702,canada-sector
2011,SK,ART,exports,0.6135563757203443,canada-sector
2011,SK,ART,imports,0.6365827229586078,canada-sector
2011,SK,OSV,exports,0.42326317279307696,canada-sector
2011,SK,OSV,imports,0.6344980630350566,canada-sector
2011,AB,AGR,exports,0.31589704515995404,canada-sector
2011,AB,AGR,imports,0.7483254992577565,canada-sector
2011,AB,MIE,exports,0.9224007271321899,canada-sector
2011,AB,MIE,imports,0.21511420513433413,canada-sector
2011,AB,MIN,exports,0.2495376730952732,canada-sector
2011,AB,MIN,imports,0.34616969937553393,canada-sector
2011,AB,MIS,exports,0.5802365272949997,canada-sector
2011,AB,MIS,imports,0.8342033248544322,canada-sector
2011,AB,FOD,exports,0.6322327360797745,canada-sector
2011,AB,FOD,imports,0.6027754221011801,canada-sector
2011,AB,TEX,exports,0.5819030097309251,canada-sector
2011,AB,TEX,imports,0.3191132979285403,canada-sector
2011,AB,WOD,exports,0.6125642327198033,canada-sector
2011,AB,WOD,imports,0.6836975758269747,canada-sector
2011,AB,PAP,exports,0.6185363105308419,canada-sector
2011,AB,PAP,imports,0.8601113053377271,canada-sector
2011,AB,PET,exports,0.8058612656826769,canada-sector
2011,AB,PET,imports,0.5707680023915793,canada-sector
2011,AB,CHM,exports,0.7675061249631421,canada-sector
2011,AB,CHM,imports,0.6814844687815114,canada-sector
2011,AB,RUB,exports,0.8518061172893995,canada-sector
2011,AB,RUB,imports,0.7002382780613239,canada-sector
2011,AB,NMM,exports,0.813329409997151,canada-sector
2011,AB,NMM,imports,0.6359871245090228,canada-sector
2011,AB,BMT,exports,0.5384261224662371,canada-sector
2011,AB,BMT,imports,0.5289439206695579,canada-sector
2011,AB,FMT,exports,0.7296980566006801,canada-sector
2011,AB,FMT,imports,0.683539190362387,canada-sector
2011,AB,ELC,exports,0.5697047195419097,canada-sector
2011,AB,ELC,imports,0.5954868179521162,canada-sector
2011,AB,ELQ,exports,0.75039535859334106,canada-sector
2011,AB,ELQ,imports,0.6981628515595037,canada-sector
2011,AB,MAC,exports,0.6518196467770841,canada-sector
2011,AB,MAC,imports,0.6926945392908657,canada-sector
2011,AB,MTV,exports,0.9491968005943565,canada-sector
2011,AB,MTV,imports,0.7090152434476696,canada-sector
2011,AB,OTE,exports,0.5657805538158407,canada-sector
2011,AB,OTE,imports,0.5936360778122892,canada-sector
2011,AB,MFN,exports,0.7321150146153127,canada-sector
2011,AB,MFN,imports,0.5847694409243984,canada-sector
2011,AB,UTL,exports,0.9197963566851668,canada-sector
2011,AB,UTL,imports,0.8468048753836832,canada-sector
2011,AB,CON,exports,0.5303862840052512,canada-sector
2011,AB,CON,imports,0.7124841054449528,canada-sector
2011,AB,TRD,exports,0.6928042864242955,canada-sector
2011,AB,TRD,imports,0.6462622697785707,canada-sector
2011,AB,TRN,exports,0.6021541901390309,canada-sector
2011,AB,TRN,imports,0.6432305294873247,canada-sector
2011,AB,ACC,exports,0.497995017942583,canada-sector
2011,AB,ACC,imports,0.6039328036905076,canada-sector
2011,AB,PUB,exports,0.7885832612442017,canada-sector
2011,AB,PUB,imports,0.8318111156812007,canada-sector
2011,AB,TEL,exports,0.5278504937566822,canada-sector
2011,AB,TEL,imports,0.5970209076782307,canada-sector
2011,AB,ITS,exports,0.6933729883358833,canada-sector
2011,AB,ITS,imports,0.6581798741907324,canada-sector
2011,AB,FIN,exports,0.49371840296418595,canada-sector
2011,AB,FIN,imports,0.46180442612570044,canada-sector
2011,AB,REA,exports,0.22737932217061904,canada-sector
2011,AB,REA,imports,0.5775787428301791,canada-sector
2011,AB,PRF,exports,0.566809517631228,canada-sector
2011,AB,PRF,imports,0.7089440843996601,canada-sector
2011,AB,ADM,exports,0.5929061664457349,canada-sector
2011,AB,ADM,imports,0.7010157578800219,canada-sector
2011,AB,PAD,exports,0.4434010863654007,canada-sector
2011,AB,PAD,imports,0.5947487232766623,canada-sector
2011,AB,EDU,exports,0.219518149313559,canada-sector
2011,AB,EDU,imports,0.6212566014440447,canada-sector
2011,AB,HTH,exports,0.6279126157362718,canada-sector
2011,AB,HTH,imports,0.7465083753028702,canada-sector
2011,AB,ART,exports,0.6135563757203443,canada-sector
2011,AB,ART,imports,0.6365827229586078,canada-sector
2011,AB,OSV,exports,0.42326317279307696,canada-sector
2011,AB,OSV,imports,0.6344980630350566,canada-sector
2011,BC,AGR,exports,0.31589704515995404,canada-sector
2011,BC,AGR,imports,0.7483254992577565,canada-sector
2011,BC,MIE,exports,0.9224007271321899,canada-sector
2011,BC,MIE,imports,0.21511420513433413,canada-sector
2011,BC,MIN,exports,0.2495376730952732,canada-sector
2011,BC,MIN,imports,0.34616969937553393,canada-sector
2011,BC,MIS,exports,0.5802365272949997,canada-sector
2011,BC,MIS,imports,0.8342033248544322,canada-sector
2011,BC,FOD,exports,0.6322327360797745,canada-sector
2011,BC,FOD,imports,0.6027754221011801,canada-sector
2011,BC,TEX,exports,0.5819030097309251,canada-sector
2011,BC,TEX,imports,0.3191132979285403,canada-sector
2011,BC,WOD,exports,0.6125642327198033,canada-sector
2011,BC,WOD,imports,0.6836975758269747,canada-sector
2011,BC,PAP,exports,0.6185363105308419,canada-sector
2011,BC,PAP,imports,0.8601113053377271,canada-sector
2011,BC,PET,exports,0.8058612656826769,canada-sector
2011,BC,PET,imports,0.5707680023915793,canada-sector
2011,BC,CHM,exports,0.7675061249631421,canada-sector
2011,BC,CHM,imports,0.6814844687815114,canada-sector
2011,BC,RUB,exports,0.8518061172893995,canada-sector
2011,BC,RUB,imports,0.7002382780613239,canada-sector
2011,BC,NMM,exports,0.813329409997151,canada-sector
2011,BC,NMM,imports,0.6359871245090228,canada-sector
2011,BC,BMT,exports,0.5384261224662371,canada-sector
2011,BC,BMT,imports,0.5289439206695579,canada-sector
2011,BC,FMT,exports,0.7296980566006801,canada-sector
2011,BC,FMT,imports,0.683539190362387,canada-sector
2011,BC,ELC,exports,0.5697047195419097,canada-sector
2011,BC,ELC,imports,0.5954868179521162,canada-sector
2011,BC,ELQ,exports,0.75039535859334106,canada-sector
2011,BC,ELQ,imports,0.6981628515595037,canada-sector
2011,BC,MAC,exports,0.6518196467770841,canada-sector
2011,BC,MAC,imports,0.6926945392908657,canada-sector
2011,BC,MTV,exports,0.9491968005943565,canada-sector
2011,BC,MTV,imports,0.7090152434476696,canada-sector
2011,BC,OTE,exports,0.5657805538158407,canada-sector
2011,BC,OTE,imports,0.5936360778122892,canada-sector
2011,BC,MFN,exports,0.7321150146153127,canada-sector
2011,BC,MFN,imports,0.5847694409243984,canada-sector
2011,BC,UTL,exports,0.9197963566851668,canada-sector
2011,BC,UTL,imports,0.8468048753836832,canada-sector
2011,BC,CON,exports,0.5303862840052512,canada-sector
2011,BC,CON,imports,0.7124841054449528,canada-sector
2011,BC,TRD,exports,0.6928042864242955,canada-sector
2011,BC,TRD,imports,0.6462622697785707,canada-sector
2011,BC,TRN,exports,0.6021541901390309,canada-sector
2011,BC,TRN,imports,0.6432305294873247,canada-sector
2011,BC,ACC,exports,0.497995017942583,canada-sector
2011,BC,ACC,imports,0.6039328036905076,canada-sector
2011,BC,PUB,exports,0.7885832612442017,canada-sector
2011,BC,PUB,imports,0.8318111156812007,canada-sector
2011,BC,TEL,exports,0.5278504937566822,canada-sector
2011,BC,TEL,imports,0.5970209076782307,canada-sector
2011,BC,ITS,exports,0.6933729883358833,canada-sector
2011,BC,ITS,imports,0.6581798741907324,canada-sector
2011,BC,FIN,exports,0.49371840296418595,canada-sector
2011,BC,FIN,imports,0.46180442612570044,canada-sector
2011,BC,REA,exports,0.22737932217061904,canada-sector
2011,BC,REA,imports,0.5775787428301791,canada-sector
2011,BC,PRF,exports,0.566809517631228,canada-sector
2011,BC,PRF,imports,0.7089440843996601,canada-sector
2011,BC,ADM,exports,0.5929061664457349,canada-sector
2011,BC,ADM,imports,0.7010157578800219,canada-sector
2011,BC,PAD,exports,0.4434010863654007,canada-sector
2011,BC,PAD,imports,0.5947487232766623,canada-sector
2011,BC,EDU,exports,0.219518149313559,canada-sector
2011,BC,EDU,imports,0.6212566014440447,canada-sector
2011,BC,HTH,exports,0.6279126157362718,canada-sector
2011,BC,HTH,imports,0.7465083753028702,canada-sector
2011,BC,ART,exports,0.6135563757203443,canada-sector
2011,BC,ART,imports,0.6365827229586078,canada-sector
2011,BC,OSV,exports,0.42326317279307696,canada-sector
2011,BC,OSV,imports,0.6344980630350566,canada-sector
2011,YT,AGR,exports,0.31589704515995404,canada-sector
2011,YT,AGR,imports,0.7483254992577565,canada-sector
2011,YT,MIE,exports,0.9224007271321899,canada-sector
2011,YT,MIE,imports,0.21511420513433413,canada-sector
2011,YT,MIN,exports,0.2495376730952732,canada-sector
2011,YT,MIN,imports,0.34616969937553393,canada-sector
2011,YT,MIS,exports,0.5802365272949997,canada-sector
2011,YT,MIS,imports,0.8342033248544322,canada-sector
2011,YT,FOD,exports,0.6322327360797745,canada-sector
2011,YT,FOD,imports,0.6027754221011801,canada-sector
2011,YT,TEX,exports,0.5819030097309251,canada-sector
2011,YT,TEX,imports,0.3191132979285403,canada-sector
2011,YT,WOD,exports,0.6125642327198033,canada-sector
2011,YT,WOD,imports,0.6836975758269747,canada-sector
2011,YT,PAP,exports,0.6185363105308419,canada-sector
2011,YT,PAP,imports,0.8601113053377271,canada-sector
2011,YT,PET,exports,0.8058612656826769,canada-sector
2011,YT,PET,imports,0.5707680023915793,canada-sector
2011,YT,CHM,exports,0.7675061249631421,canada-sector
2011,YT,CHM,imports,0.6814844687815114,canada-sector
2011,YT,RUB,exports,0.8518061172893995,canada-sector
2011,YT,RUB,imports,0.7002382780613239,canada-sector
2011,YT,NMM,exports,0.813329409997151,canada-sector
2011,YT,NMM,imports,0.6359871245090228,canada-sector
2011,YT,BMT,exports,0.5384261224662371,canada-sector
2011,YT,BMT,imports,0.5289439206695579,canada-sector
2011,YT,FMT,exports,0.7296980566006801,canada-sector
2011,YT,FMT,imports,0.683539190362387,canada-sector
2011,YT,ELC,exports,0.5697047195419097,canada-sector
2011,YT,ELC,imports,0.5954868179521162,canada-sector
2011,YT,ELQ,exports,0.75039535859334106,canada-sector
2011,YT,ELQ,imports,0.6981628515595037,canada-sector
2011,YT,MAC,exports,0.6518196467770841,canada-sector
2011,YT,MAC,imports,0.6926945392908657,canada-sector
2011,YT,MTV,exports,0.9491968005943565,canada-sector
2011,YT,MTV,imports,0.7090152434476696,canada-sector
2011,YT,OTE,exports,0.5657805538158407,canada-sector
2011,YT,OTE,imports,0.5936360778122892,canada-sector
2011,YT,MFN,exports,0.7321150146153127,canada-sector
2011,YT,MFN,imports,0.5847694409243984,canada-sector
2011,YT,UTL,exports,0.9197963566851668,canada-sector
2011,YT,UTL,imports,0.8468048753836832,canada-sector
2011,YT,CON,exports,0.5303862840052512,canada-sector
2011,YT,CON,imports,0.7124841054449528,canada-sector
2011,YT,TRD,exports,0.6928042864242955,canada-sector
2011,YT,TRD,imports,0.6462622697785707,canada-sector
2011,YT,TRN,exports,0.6021541901390309,canada-sector
2011,YT,TRN,imports,0.6432305294873247,canada-sector
2011,YT,ACC,exports,0.497995017942583,canada-sector
2011,YT,ACC,imports,0.6039328036905076,canada-sector
2011,YT,PUB,exports,0.7885832612442017,canada-sector
2011,YT,PUB,imports,0.8318111156812007,canada-sector
2011,YT,TEL,exports,0.5278504937566822,canada-sector
2011,YT,TEL,imports,0.5970209076782307,canada-sector
2011,YT,ITS,exports,0.6933729883358833,canada-sector
2011,YT,ITS,imports,0.6581798741907324,canada-sector
2011,YT,FIN,exports,0.49371840296418595,canada-sector
2011,YT,FIN,imports,0.46180442612570044,canada-sector
2011,YT,REA,exports,0.22737932217061904,canada-sector
2011,YT,REA,imports,0.5775787428301791,canada-sector
2011,YT,PRF,exports,0.566809517631228,canada-sector
2011,YT,PRF,imports,0.7089440843996601,canada-sector
2011,YT,ADM,exports,0.5929061664457349,canada-sector
2011,YT,ADM,imports,0.7010157578800219,canada-sector
2011,YT,PAD,exports,0.4434010863654007,canada-sector
2011,YT,PAD,imports,0.5947487232766623,canada-sector
2011,YT,EDU,exports,0.219518149313559,canada-sector
2011,YT,EDU,imports,0.6212566014440447,canada-sector
2011,YT,HTH,exports,0.6279126157362718,canada-sector
2011,YT,HTH,imports,0.7465083753028702,canada-sector
2011,YT,ART,exports,0.6135563757203443,canada-sector
2011,YT,ART,imports,0.6365827229586078,canada-sector
2011,YT,OSV,exports,0.42326317279307696,canada-sector
2011,YT,OSV,imports,0.6344980630350566,canada-sector
2011,NT,AGR,exports,0.31589704515995404,canada-sector
2011,NT,AGR,imports,0.7483254992577565,canada-sector
2011,NT,MIE,exports,0.9224007271321899,canada-sector
2011,NT,MIE,imports,0.21511420513433413,canada-sector
2011,NT,MIN,exports,0.2495376730952732,canada-sector
2011,NT,MIN,imports,0.34616969937553393,canada-sector
2011,NT,MIS,exports,0.5802365272949997,canada-sector
2011,NT,MIS,imports,0.8342033248544322,canada-sector
2011,NT,FOD,exports,0.6322327360797745,canada-sector
2011,NT,FOD,imports,0.6027754221011801,canada-sector
2011,NT,TEX,exports,0.5819030097309251,canada-sector
2011,NT,TEX,imports,0.3191132979285403,canada-sector
2011,NT,WOD,exports,0.6125642327198033,canada-sector
2011,NT,WOD,imports,0.6836975758269747,canada-sector
2011,NT,PAP,exports,0.6185363105308419,canada-sector
2011,NT,PAP,imports,0.8601113053377271,canada-sector
2011,NT,PET,exports,0.8058612656826769,canada-sector
2011,NT,PET,imports,0.5707680023915793,canada-sector
2011,NT,CHM,exports,0.7675061249631421,canada-sector
2011,NT,CHM,imports,0.6814844687815114,canada-sector
2011,NT,RUB,exports,0.8518061172893995,canada-sector
2011,NT,RUB,imports,0.7002382780613239,canada-sector
2011,NT,NMM,exports,0.813329409997151,canada-sector
2011,NT,NMM,imports,0.6359871245090228,canada-sector
2011,NT,BMT,exports,0.5384261224662371,canada-sector
2011,NT,BMT,imports,0.5289439206695579,canada-sector
2011,NT,FMT,exports,0.7296980566006801,canada-sector
2011,NT,FMT,imports,0.683539190362387,canada-sector
2011,NT,ELC,exports,0.5697047195419097,canada-sector
2011,NT,ELC,imports,0.5954868179521162,canada-sector
2011,NT,ELQ,exports,0.75039535859334106,canada-sector
2011,NT,ELQ,imports,0.6981628515595037,canada-sector
2011,NT,MAC,exports,0.6518196467770841,canada-sector
2011,NT,MAC,imports,0.6926945392908657,canada-sector
2011,NT,MTV,exports,0.9491968005943565,canada-sector
2011,NT,MTV,imports,0.7090152434476696,canada-sector
2011,NT,OTE,exports,0.5657805538158407,canada-sector
2011,NT,OTE,imports,0.5936360778122892,canada-sector
2011,NT,MFN,exports,0.7321150146153127,canada-sector
2011,NT,MFN,imports,0.5847694409243984,canada-sector
2011,NT,UTL,exports,0.9197963566851668,canada-sector
2011,NT,UTL,imports,0.8468048753836832,canada-sector
2011,NT,CON,exports,0.5303862840052512,canada-sector
2011,NT,CON,imports,0.7124841054449528,canada-sector
2011,NT,TRD,exports,0.6928042864242955,canada-sector
2011,NT,TRD,imports,0.6462622697785707,canada-sector
2011,NT,TRN,exports,0.6021541901390309,canada-sector
2011,NT,TRN,imports,0.6432305294873247,canada-sector
2011,NT,ACC,exports,0.497995017942583,canada-sector
2011,NT,ACC,imports,0.6039328036905076,canada-sector
2011,NT,PUB,exports,0.7885832612442017,canada-sector
2011,NT,PUB,imports,0.8318111156812007,canada-sector
2011,NT,TEL,exports,0.5278504937566822,canada-sector
2011,NT,TEL,imports,0.5970209076782307,canada-sector
2011,NT,ITS,exports,0.6933729883358833,canada-sector
2011,NT,ITS,imports,0.6581798741907324,canada-sector
2011,NT,FIN,exports,0.49371840296418595,canada-sector
2011,NT,FIN,imports,0.46180442612570044,canada-sector
2011,NT,REA,exports,0.22737932217061904,canada-sector
2011,NT,REA,imports,0.5775787428301791,canada-sector
2011,NT,PRF,exports,0.566809517631228,canada-sector
2011,NT,PRF,imports,0.7089440843996601,canada-sector
2011,NT,ADM,exports,0.5929061664457349,canada-sector
2011,NT,ADM,imports,0.7010157578800219,canada-sector
2011,NT,PAD,exports,0.4434010863654007,canada-sector
2011,NT,PAD,imports,0.5947487232766623,canada-sector
2011,NT,EDU,exports,0.219518149313559,canada-sector
2011,NT,EDU,imports,0.6212566014440447,canada-sector
2011,NT,HTH,exports,0.6279126157362718,canada-sector
2011,NT,HTH,imports,0.7465083753028702,canada-sector
2011,NT,ART,exports,0.6135563757203443,canada-sector
2011,NT,ART,imports,0.6365827229586078,canada-sector
2011,NT,OSV,exports,0.42326317279307696,canada-sector
2011,NT,OSV,imports,0.6344980630350566,canada-sector
2011,NU,AGR,exports,0.31589704515995404,canada-sector
2011,NU,AGR,imports,0.7483254992577565,canada-sector
2011,NU,MIE,exports,0.9224007271321899,canada-sector
2011,NU,MIE,imports,0.21511420513433413,canada-sector
2011,NU,MIN,exports,0.2495376730952732,canada-sector
2011,NU,MIN,imports,0.34616969937553393,canada-sector
2011,NU,MIS,exports,0.5802365272949997,canada-sector
2011,NU,MIS,imports,0.8342033248544322,canada-sector
2011,NU,FOD,exports,0.6322327360797745,canada-sector
2011,NU,FOD,imports,0.6027754221011801,canada-sector
2011,NU,TEX,exports,0.5819030097309251,canada-sector
2011,NU,TEX,imports,0.3191132979285403,canada-sector
2011,NU,WOD,exports,0.6125642327198033,canada-sector
2011,NU,WOD,imports,0.6836975758269747,canada-sector
2011,NU,PAP,exports,0.6185363105308419,canada-sector
2011,NU,PAP,imports,0.8601113053377271,canada-sector
2011,NU,PET,exports,0.8058612656826769,canada-sector
2011,NU,PET,imports,0.5707680023915793,canada-sector
2011,NU,CHM,exports,0.7675061249631421,canada-sector
2011,NU,CHM,imports,0.6814844687815114,canada-sector
2011,NU,RUB,exports,0.8518061172893995,canada-sector
2011,NU,RUB,imports,0.7002382780613239,canada-sector
2011,NU,NMM,exports,0.813329409997151,canada-sector
2011,NU,NMM,imports,0.6359871245090228,canada-sector
2011,NU,BMT,exports,0.5384261224662371,canada-sector
2011,NU,BMT,imports,0.5289439206695579,canada-sector
2011,NU,FMT,exports,0.7296980566006801,canada-sector
2011,NU,FMT,imports,0.683539190362387,canada-sector
2011,NU,ELC,exports,0.5697047195419097,canada-sector
2011,NU,ELC,imports,0.5954868179521162,canada-sector
2011,NU,ELQ,exports,0.75039535859334106,canada-sector
2011,NU,ELQ,imports,0.6981628515595037,canada-sector
2011,NU,MAC,exports,0.6518196467770841,canada-sector
2011,NU,MAC,imports,0.6926945392908657,canada-sector
2011,NU,MTV,exports,0.9491968005943565,canada-sector
2011,NU,MTV,imports,0.7090152434476696,canada-sector
2011,NU,OTE,exports,0.5657805538158407,canada-sector
2011,NU,OTE,imports,0.5936360778122892,canada-sector
2011,NU,MFN,exports,0.7321150146153127,canada-sector
2011,NU,MFN,imports,0.5847694409243984,canada-sector
2011,NU,UTL,exports,0.9197963566851668,canada-sector
2011,NU,UTL,imports,0.8468048753836832,canada-sector
2011,NU,CON,exports,0.5303862840052512,canada-sector
2011,NU,CON,imports,0.7124841054449528,canada-sector
2011,NU,TRD,exports,0.6928042864242955,canada-sector
2011,NU,TRD,imports,0.6462622697785707,canada-sector
2011,NU,TRN,exports,0.6021541901390309,canada-sector
2011,NU,TRN,imports,0.6432305294873247,canada-sector
2011,NU,ACC,exports,0.497995017942583,canada-sector
2011,NU,ACC,imports,0.6039328036905076,canada-sector
2011,NU,PUB,exports,0.7885832612442017,canada-sector
2011,NU,PUB,imports,0.8318111156812007,canada-sector
2011,NU,TEL,exports,0.5278504937566822,canada-sector
2011,NU,TEL,imports,0.5970209076782307,canada-sector
2011,NU,ITS,exports,0.6933729883358833,canada-sector
2011,NU,ITS,imports,0.6581798741907324,canada-sector
2011,NU,FIN,exports,0.49371840296418595,canada-sector
2011,NU,FIN,imports,0.46180442612570044,canada-sector
2011,NU,REA,exports,0.22737932217061904,canada-sector
2011,NU,REA,imports,0.5775787428301791,canada-sector
2011,NU,PRF,exports,0.566809517631228,canada-sector
2011,NU,PRF,imports,0.7089440843996601,canada-sector
2011,NU,ADM,exports,0.5929061664457349,canada-sector
2011,NU,ADM,imports,0.7010157578800219,canada-sector
2011,NU,PAD,exports,0.4434010863654007,canada-sector
2011,NU,PAD,imports,0.5947487232766623,canada-sector
2011,NU,EDU,exports,0.219518149313559,canada-sector
2011,NU,EDU,imports,0.6212566014440447,canada-sector
2011,NU,HTH,exports,0.6279126157362718,canada-sector
2011,NU,HTH,imports,0.7465083753028702,canada-sector
2011,NU,ART,exports,0.6135563757203443,canada-sector
2011,NU,ART,imports,0.6365827229586078,canada-sector
2011,NU,OSV,exports,0.42326317279307696,canada-sector
2011,NU,OSV,imports,0.6344980630350566,canada-sector
2012,NL,AGR,exports,0.3189633243926962,canada-sector
2012,NL,AGR,imports,0.7534006725188024,canada-sector
2012,NL,MIE,exports,0.9276377610226291,canada-sector
2012,NL,MIE,imports,0.20305076226526814,canada-sector
2012,NL,MIN,exports,0.2539671250671577,canada-sector
2012,NL,MIN,imports,0.3205953971382554,canada-sector
2012,NL,MIS,exports,0.5205901645041202,canada-sector
2012,NL,MIS,imports,0.6913968007080894,canada-sector
2012,NL,FOD,exports,0.6360599122608185,canada-sector
2012,NL,FOD,imports,0.6221333766068471,canada-sector
2012,NL,TEX,exports,0.5860923359869334,canada-sector
2012,NL,TEX,imports,0.3435255191263327,canada-sector
2012,NL,WOD,exports,0.6688527984481234,canada-sector
2012,NL,WOD,imports,0.6857582600814679,canada-sector
2012,NL,PAP,exports,0.6281087928373,canada-sector
2012,NL,PAP,imports,0.8653581829720052,canada-sector
2012,NL,PET,exports,0.7977571534130837,canada-sector
2012,NL,PET,imports,0.6436368019493196,canada-sector
2012,NL,CHM,exports,0.7620697579861049,canada-sector
2012,NL,CHM,imports,0.6690652221054268,canada-sector
2012,NL,RUB,exports,0.8610726388237387,canada-sector
2012,NL,RUB,imports,0.7026090846326202,canada-sector
2012,NL,NMM,exports,0.8226565813905388,canada-sector
2012,NL,NMM,imports,0.6334129226161933,canada-sector
2012,NL,BMT,exports,0.5182439885873862,canada-sector
2012,NL,BMT,imports,0.5624122786146485,canada-sector
2012,NL,FMT,exports,0.7426138624942117,canada-sector
2012,NL,FMT,imports,0.6736568021385217,canada-sector
2012,NL,ELC,exports,0.5849591281626433,canada-sector
2012,NL,ELC,imports,0.604715533023352,canada-sector
2012,NL,ELQ,exports,0.7503951354714061,canada-sector
2012,NL,ELQ,imports,0.6891777733849788,canada-sector
2012,NL,MAC,exports,0.6475171942227061,canada-sector
2012,NL,MAC,imports,0.7172914260623524,canada-sector
2012,NL,MTV,exports,0.9537066815813837,canada-sector
2012,NL,MTV,imports,0.6961412626302713,canada-sector
2012,NL,OTE,exports,0.5754733365438943,canada-sector
2012,NL,OTE,imports,0.5844713600776338,canada-sector
2012,NL,MFN,exports,0.7043041126143927,canada-sector
2012,NL,MFN,imports,0.5942961874549032,canada-sector
2012,NL,UTL,exports,0.9050159243195123,canada-sector
2012,NL,UTL,imports,0.8034135213604314,canada-sector
2012,NL,CON,exports,0.5174074916159837,canada-sector
2012,NL,CON,imports,0.7187774103241258,canada-sector
2012,NL,TRD,exports,0.6946779779301065,canada-sector
2012,NL,TRD,imports,0.637206550701698,canada-sector
2012,NL,TRN,exports,0.6100124280232062,canada-sector
2012,NL,TRN,imports,0.6469291781940222,canada-sector
2012,NL,ACC,exports,0.49953674936312964,canada-sector
2012,NL,ACC,imports,0.6079486078424388,canada-sector
2012,NL,PUB,exports,0.8073399812093944,canada-sector
2012,NL,PUB,imports,0.8200981837437754,canada-sector
2012,NL,TEL,exports,0.557567557586631,canada-sector
2012,NL,TEL,imports,0.5371010596152425,canada-sector
2012,NL,ITS,exports,0.7455126492469962,canada-sector
2012,NL,ITS,imports,0.6299585992716724,canada-sector
2012,NL,FIN,exports,0.506307909020019,canada-sector
2012,NL,FIN,imports,0.4367951626303597,canada-sector
2012,NL,REA,exports,0.21725338533321023,canada-sector
2012,NL,REA,imports,0.588291884736035,canada-sector
2012,NL,PRF,exports,0.5751544757227316,canada-sector
2012,NL,PRF,imports,0.6928151184419762,canada-sector
2012,NL,ADM,exports,0.6122109790763364,canada-sector
2012,NL,ADM,imports,0.7073571661497522,canada-sector
2012,NL,PAD,exports,0.4440297170592549,canada-sector
2012,NL,PAD,imports,0.6011712675133026,canada-sector
2012,NL,EDU,exports,0.21162414556969728,canada-sector
2012,NL,EDU,imports,0.6311140124105585,canada-sector
2012,NL,HTH,exports,0.6418802962256838,canada-sector
2012,NL,HTH,imports,0.7676680347142425,canada-sector
2012,NL,ART,exports,0.6160972119353344,canada-sector
2012,NL,ART,imports,0.6346268981227546,canada-sector
2012,NL,OSV,exports,0.4514843402448141,canada-sector
2012,NL,OSV,imports,0.6284597240021546,canada-sector
2012,PE,AGR,exports,0.3189633243926962,canada-sector
2012,PE,AGR,imports,0.7534006725188024,canada-sector
2012,PE,MIE,exports,0.9276377610226291,canada-sector
2012,PE,MIE,imports,0.20305076226526814,canada-sector
2012,PE,MIN,exports,0.2539671250671577,canada-sector
2012,PE,MIN,imports,0.3205953971382554,canada-sector
2012,PE,MIS,exports,0.5205901645041202,canada-sector
2012,PE,MIS,imports,0.6913968007080894,canada-sector
2012,PE,FOD,exports,0.6360599122608185,canada-sector
2012,PE,FOD,imports,0.6221333766068471,canada-sector
2012,PE,TEX,exports,0.5860923359869334,canada-sector
2012,PE,TEX,imports,0.3435255191263327,canada-sector
2012,PE,WOD,exports,0.6688527984481234,canada-sector
2012,PE,WOD,imports,0.6857582600814679,canada-sector
2012,PE,PAP,exports,0.6281087928373,canada-sector
2012,PE,PAP,imports,0.8653581829720052,canada-sector
2012,PE,PET,exports,0.7977571534130837,canada-sector
2012,PE,PET,imports,0.6436368019493196,canada-sector
2012,PE,CHM,exports,0.7620697579861049,canada-sector
2012,PE,CHM,imports,0.6690652221054268,canada-sector
2012,PE,RUB,exports,0.8610726388237387,canada-sector
2012,PE,RUB,imports,0.7026090846326202,canada-sector
2012,PE,NMM,exports,0.8226565813905388,canada-sector
2012,PE,NMM,imports,0.6334129226161933,canada-sector
2012,PE,BMT,exports,0.5182439885873862,canada-sector
2012,PE,BMT,imports,0.5624122786146485,canada-sector
2012,PE,FMT,exports,0.7426138624942117,canada-sector
2012,PE,FMT,imports,0.6736568021385217,canada-sector
2012,PE,ELC,exports,0.5849591281626433,canada-sector
2012,PE,ELC,imports,0.604715533023352,canada-sector
2012,PE,ELQ,exports,0.7503951354714061,canada-sector
2012,PE,ELQ,imports,0.6891777733849788,canada-sector
2012,PE,MAC,exports,0.6475171942227061,canada-sector
2012,PE,MAC,imports,0.7172914260623524,canada-sector
2012,PE,MTV,exports,0.9537066815813837,canada-sector
2012,PE,MTV,imports,0.6961412626302713,canada-sector
2012,PE,OTE,exports,0.5754733365438943,canada-sector
2012,PE,OTE,imports,0.5844713600776338,canada-sector
2012,PE,MFN,exports,0.7043041126143927,canada-sector
2012,PE,MFN,imports,0.5942961874549032,canada-sector
2012,PE,UTL,exports,0.9050159243195123,canada-sector
2012,PE,UTL,imports,0.8034135213604314,canada-sector
2012,PE,CON,exports,0.5174074916159837,canada-sector
2012,PE,CON,imports,0.7187774103241258,canada-sector
2012,PE,TRD,exports,0.6946779779301065,canada-sector
2012,PE,TRD,imports,0.637206550701698,canada-sector
2012,PE,TRN,exports,0.6100124280232062,canada-sector
2012,PE,TRN,imports,0.6469291781940222,canada-sector
2012,PE,ACC,exports,0.49953674936312964,canada-sector
2012,PE,ACC,imports,0.6079486078424388,canada-sector
2012,PE,PUB,exports,0.8073399812093944,canada-sector
2012,PE,PUB,imports,0.8200981837437754,canada-sector
2012,PE,TEL,exports,0.557567557586631,canada-sector
2012,PE,TEL,imports,0.5371010596152425,canada-sector
2012,PE,ITS,exports,0.7455126492469962,canada-sector
2012,PE,ITS,imports,0.6299585992716724,canada-sector
2012,PE,FIN,exports,0.506307909020019,canada-sector
2012,PE,FIN,imports,0.4367951626303597,canada-sector
2012,PE,REA,exports,0.21725338533321023,canada-sector
2012,PE,REA,imports,0.588291884736035,canada-sector
2012,PE,PRF,exports,0.5751544757227316,canada-sector
2012,PE,PRF,imports,0.6928151184419762,canada-sector
2012,PE,ADM,exports,0.6122109790763364,canada-sector
2012,PE,ADM,imports,0.7073571661497522,canada-sector
2012,PE,PAD,exports,0.4440297170592549,canada-sector
2012,PE,PAD,imports,0.6011712675133026,canada-sector
2012,PE,EDU,exports,0.21162414556969728,canada-sector
2012,PE,EDU,imports,0.6311140124105585,canada-sector
2012,PE,HTH,exports,0.6418802962256838,canada-sector
2012,PE,HTH,imports,0.7676680347142425,canada-sector
2012,PE,ART,exports,0.6160972119353344,canada-sector
2012,PE,ART,imports,0.6346268981227546,canada-sector
2012,PE,OSV,exports,0.4514843402448141,canada-sector
2012,PE,OSV,imports,0.6284597240021546,canada-sector
2012,NS,AGR,exports,0.3189633243926962,canada-sector
2012,NS,AGR,imports,0.7534006725188024,canada-sector
2012,NS,MIE,exports,0.9276377610226291,canada-sector
2012,NS,MIE,imports,0.20305076226526814,canada-sector
2012,NS,MIN,exports,0.2539671250671577,canada-sector
2012,NS,MIN,imports,0.3205953971382554,canada-sector
2012,NS,MIS,exports,0.5205901645041202,canada-sector
2012,NS,MIS,imports,0.6913968007080894,canada-sector
2012,NS,FOD,exports,0.6360599122608185,canada-sector
2012,NS,FOD,imports,0.6221333766068471,canada-sector
2012,NS,TEX,exports,0.5860923359869334,canada-sector
2012,NS,TEX,imports,0.3435255191263327,canada-sector
2012,NS,WOD,exports,0.6688527984481234,canada-sector
2012,NS,WOD,imports,0.6857582600814679,canada-sector
2012,NS,PAP,exports,0.6281087928373,canada-sector
2012,NS,PAP,imports,0.8653581829720052,canada-sector
2012,NS,PET,exports,0.7977571534130837,canada-sector
2012,NS,PET,imports,0.6436368019493196,canada-sector
2012,NS,CHM,exports,0.7620697579861049,canada-sector
2012,NS,CHM,imports,0.6690652221054268,canada-sector
2012,NS,RUB,exports,0.8610726388237387,canada-sector
2012,NS,RUB,imports,0.7026090846326202,canada-sector
2012,NS,NMM,exports,0.8226565813905388,canada-sector
2012,NS,NMM,imports,0.6334129226161933,canada-sector
2012,NS,BMT,exports,0.5182439885873862,canada-sector
2012,NS,BMT,imports,0.5624122786146485,canada-sector
2012,NS,FMT,exports,0.7426138624942117,canada-sector
2012,NS,FMT,imports,0.6736568021385217,canada-sector
2012,NS,ELC,exports,0.5849591281626433,canada-sector
2012,NS,ELC,imports,0.604715533023352,canada-sector
2012,NS,ELQ,exports,0.7503951354714061,canada-sector
2012,NS,ELQ,imports,0.6891777733849788,canada-sector
2012,NS,MAC,exports,0.6475171942227061,canada-sector
2012,NS,MAC,imports,0.7172914260623524,canada-sector
2012,NS,MTV,exports,0.9537066815813837,canada-sector
2012,NS,MTV,imports,0.6961412626302713,canada-sector
2012,NS,OTE,exports,0.5754733365438943,canada-sector
2012,NS,OTE,imports,0.5844713600776338,canada-sector
2012,NS,MFN,exports,0.7043041126143927,canada-sector
2012,NS,MFN,imports,0.5942961874549032,canada-sector
2012,NS,UTL,exports,0.9050159243195123,canada-sector
2012,NS,UTL,imports,0.8034135213604314,canada-sector
2012,NS,CON,exports,0.5174074916159837,canada-sector
2012,NS,CON,imports,0.7187774103241258,canada-sector
2012,NS,TRD,exports,0.6946779779301065,canada-sector
2012,NS,TRD,imports,0.637206550701698,canada-sector
2012,NS,TRN,exports,0.6100124280232062,canada-sector
2012,NS,TRN,imports,0.6469291781940222,canada-sector
2012,NS,ACC,exports,0.49953674936312964,canada-sector
2012,NS,ACC,imports,0.6079486078424388,canada-sector
2012,NS,PUB,exports,0.8073399812093944,canada-sector
2012,NS,PUB,imports,0.8200981837437754,canada-sector
2012,NS,TEL,exports,0.557567557586631,canada-sector
2012,NS,TEL,imports,0.5371010596152425,canada-sector
2012,NS,ITS,exports,0.7455126492469962,canada-sector
2012,NS,ITS,imports,0.6299585992716724,canada-sector
2012,NS,FIN,exports,0.506307909020019,canada-sector
2012,NS,FIN,imports,0.4367951626303597,canada-sector
2012,NS,REA,exports,0.21725338533321023,canada-sector
2012,NS,REA,imports,0.588291884736035,canada-sector
2012,NS,PRF,exports,0.5751544757227316,canada-sector
2012,NS,PRF,imports,0.6928151184419762,canada-sector
2012,NS,ADM,exports,0.6122109790763364,canada-sector
2012,NS,ADM,imports,0.7073571661497522,canada-sector
2012,NS,PAD,exports,0.4440297170592549,canada-sector
2012,NS,PAD,imports,0.6011712675133026,canada-sector
2012,NS,EDU,exports,0.21162414556969728,canada-sector
2012,NS,EDU,imports,0.6311140124105585,canada-sector
2012,NS,HTH,exports,0.6418802962256838,canada-sector
2012,NS,HTH,imports,0.7676680347142425,canada-sector
2012,NS,ART,exports,0.6160972119353344,canada-sector
2012,NS,ART,imports,0.6346268981227546,canada-sector
2012,NS,OSV,exports,0.4514843402448141,canada-sector
2012,NS,OSV,imports,0.6284597240021546,canada-sector
2012,NB,AGR,exports,0.3189633243926962,canada-sector
2012,NB,AGR,imports,0.7534006725188024,canada-sector
2012,NB,MIE,exports,0.9276377610226291,canada-sector
2012,NB,MIE,imports,0.20305076226526814,canada-sector
2012,NB,MIN,exports,0.2539671250671577,canada-sector
2012,NB,MIN,imports,0.3205953971382554,canada-sector
2012,NB,MIS,exports,0.5205901645041202,canada-sector
2012,NB,MIS,imports,0.6913968007080894,canada-sector
2012,NB,FOD,exports,0.6360599122608185,canada-sector
2012,NB,FOD,imports,0.6221333766068471,canada-sector
2012,NB,TEX,exports,0.5860923359869334,canada-sector
2012,NB,TEX,imports,0.3435255191263327,canada-sector
2012,NB,WOD,exports,0.6688527984481234,canada-sector
2012,NB,WOD,imports,0.6857582600814679,canada-sector
2012,NB,PAP,exports,0.6281087928373,canada-sector
2012,NB,PAP,imports,0.8653581829720052,canada-sector
2012,NB,PET,exports,0.7977571534130837,canada-sector
2012,NB,PET,imports,0.6436368019493196,canada-sector
2012,NB,CHM,exports,0.7620697579861049,canada-sector
2012,NB,CHM,imports,0.6690652221054268,canada-sector
2012,NB,RUB,exports,0.8610726388237387,canada-sector
2012,NB,RUB,imports,0.7026090846326202,canada-sector
2012,NB,NMM,exports,0.8226565813905388,canada-sector
2012,NB,NMM,imports,0.6334129226161933,canada-sector
2012,NB,BMT,exports,0.5182439885873862,canada-sector
2012,NB,BMT,imports,0.5624122786146485,canada-sector
2012,NB,FMT,exports,0.7426138624942117,canada-sector
2012,NB,FMT,imports,0.6736568021385217,canada-sector
2012,NB,ELC,exports,0.5849591281626433,canada-sector
2012,NB,ELC,imports,0.604715533023352,canada-sector
2012,NB,ELQ,exports,0.7503951354714061,canada-sector
2012,NB,ELQ,imports,0.6891777733849788,canada-sector
2012,NB,MAC,exports,0.6475171942227061,canada-sector
2012,NB,MAC,imports,0.7172914260623524,canada-sector
2012,NB,MTV,exports,0.9537066815813837,canada-sector
2012,NB,MTV,imports,0.6961412626302713,canada-sector
2012,NB,OTE,exports,0.5754733365438943,canada-sector
2012,NB,OTE,imports,0.5844713600776338,canada-sector
2012,NB,MFN,exports,0.7043041126143927,canada-sector
2012,NB,MFN,imports,0.5942961874549032,canada-sector
2012,NB,UTL,exports,0.9050159243195123,canada-sector
2012,NB,UTL,imports,0.8034135213604314,canada-sector
2012,NB,CON,exports,0.5174074916159837,canada-sector
2012,NB,CON,imports,0.7187774103241258,canada-sector
2012,NB,TRD,exports,0.6946779779301065,canada-sector
2012,NB,TRD,imports,0.637206550701698,canada-sector
2012,NB,TRN,exports,0.6100124280232062,canada-sector
2012,NB,TRN,imports,0.6469291781940222,canada-sector
2012,NB,ACC,exports,0.49953674936312964,canada-sector
2012,NB,ACC,imports,0.6079486078424388,canada-sector
2012,NB,PUB,exports,0.8073399812093944,canada-sector
2012,NB,PUB,imports,0.8200981837437754,canada-sector
2012,NB,TEL,exports,0.557567557586631,canada-sector
2012,NB,TEL,imports,0.5371010596152425,canada-sector
2012,NB,ITS,exports,0.7455126492469962,canada-sector
2012,NB,ITS,imports,0.6299585992716724,canada-sector
2012,NB,FIN,exports,0.506307909020019,canada-sector
2012,NB,FIN,imports,0.4367951626303597,canada-sector
2012,NB,REA,exports,0.21725338533321023,canada-sector
2012,NB,REA,imports,0.588291884736035,canada-sector
2012,NB,PRF,exports,0.5751544757227316,canada-sector
2012,NB,PRF,imports,0.6928151184419762,canada-sector
2012,NB,ADM,exports,0.6122109790763364,canada-sector
2012,NB,ADM,imports,0.7073571661497522,canada-sector
2012,NB,PAD,exports,0.4440297170592549,canada-sector
2012,NB,PAD,imports,0.6011712675133026,canada-sector
2012,NB,EDU,exports,0.21162414556969728,canada-sector
2012,NB,EDU,imports,0.6311140124105585,canada-sector
2012,NB,HTH,exports,0.6418802962256838,canada-sector
2012,NB,HTH,imports,0.7676680347142425,canada-sector
2012,NB,ART,exports,0.6160972119353344,canada-sector
2012,NB,ART,imports,0.6346268981227546,canada-sector
2012,NB,OSV,exports,0.4514843402448141,canada-sector
2012,NB,OSV,imports,0.6284597240021546,canada-sector
2012,QC,AGR,exports,0.3189633243926962,canada-sector
2012,QC,AGR,imports,0.7534006725188024,canada-sector
2012,QC,MIE,exports,0.9276377610226291,canada-sector
2012,QC,MIE,imports,0.20305076226526814,canada-sector
2012,QC,MIN,exports,0.2539671250671577,canada-sector
2012,QC,MIN,imports,0.3205953971382554,canada-sector
2012,QC,MIS,exports,0.5205901645041202,canada-sector
2012,QC,MIS,imports,0.6913968007080894,canada-sector
2012,QC,FOD,exports,0.6360599122608185,canada-sector
2012,QC,FOD,imports,0.6221333766068471,canada-sector
2012,QC,TEX,exports,0.5860923359869334,canada-sector
2012,QC,TEX,imports,0.3435255191263327,canada-sector
2012,QC,WOD,exports,0.6688527984481234,canada-sector
2012,QC,WOD,imports,0.6857582600814679,canada-sector
2012,QC,PAP,exports,0.6281087928373,canada-sector
2012,QC,PAP,imports,0.8653581829720052,canada-sector
2012,QC,PET,exports,0.7977571534130837,canada-sector
2012,QC,PET,imports,0.6436368019493196,canada-sector
2012,QC,CHM,exports,0.7620697579861049,canada-sector
2012,QC,CHM,imports,0.6690652221054268,canada-sector
2012,QC,RUB,exports,0.8610726388237387,canada-sector
2012,QC,RUB,imports,0.7026090846326202,canada-sector
2012,QC,NMM,exports,0.8226565813905388,canada-sector
2012,QC,NMM,imports,0.6334129226161933,canada-sector
2012,QC,BMT,exports,0.5182439885873862,canada-sector
2012,QC,BMT,imports,0.5624122786146485,canada-sector
2012,QC,FMT,exports,0.7426138624942117,canada-sector
2012,QC,FMT,imports,0.6736568021385217,canada-sector
2012,QC,ELC,exports,0.5849591281626433,canada-sector
2012,QC,ELC,imports,0.604715533023352,canada-sector
2012,QC,ELQ,exports,0.7503951354714061,canada-sector
2012,QC,ELQ,imports,0.6891777733849788,canada-sector
2012,QC,MAC,exports,0.6475171942227061,canada-sector
2012,QC,MAC,imports,0.7172914260623524,canada-sector
2012,QC,MTV,exports,0.9537066815813837,canada-sector
2012,QC,MTV,imports,0.6961412626302713,canada-sector
2012,QC,OTE,exports,0.5754733365438943,canada-sector
2012,QC,OTE,imports,0.5844713600776338,canada-sector
2012,QC,MFN,exports,0.7043041126143927,canada-sector
2012,QC,MFN,imports,0.5942961874549032,canada-sector
2012,QC,UTL,exports,0.9050159243195123,canada-sector
2012,QC,UTL,imports,0.8034135213604314,canada-sector
2012,QC,CON,exports,0.5174074916159837,canada-sector
2012,QC,CON,imports,0.7187774103241258,canada-sector
2012,QC,TRD,exports,0.6946779779301065,canada-sector
2012,QC,TRD,imports,0.637206550701698,canada-sector
2012,QC,TRN,exports,0.6100124280232062,canada-sector
2012,QC,TRN,imports,0.6469291781940222,canada-sector
2012,QC,ACC,exports,0.49953674936312964,canada-sector
2012,QC,ACC,imports,0.6079486078424388,canada-sector
2012,QC,PUB,exports,0.8073399812093944,canada-sector
2012,QC,PUB,imports,0.8200981837437754,canada-sector
2012,QC,TEL,exports,0.557567557586631,canada-sector
2012,QC,TEL,imports,0.5371010596152425,canada-sector
2012,QC,ITS,exports,0.7455126492469962,canada-sector
2012,QC,ITS,imports,0.6299585992716724,canada-sector
2012,QC,FIN,exports,0.506307909020019,canada-sector
2012,QC,FIN,imports,0.4367951626303597,canada-sector
2012,QC,REA,exports,0.21725338533321023,canada-sector
2012,QC,REA,imports,0.588291884736035,canada-sector
2012,QC,PRF,exports,0.5751544757227316,canada-sector
2012,QC,PRF,imports,0.6928151184419762,canada-sector
2012,QC,ADM,exports,0.6122109790763364,canada-sector
2012,QC,ADM,imports,0.7073571661497522,canada-sector
2012,QC,PAD,exports,0.4440297170592549,canada-sector
2012,QC,PAD,imports,0.6011712675133026,canada-sector
2012,QC,EDU,exports,0.21162414556969728,canada-sector
2012,QC,EDU,imports,0.6311140124105585,canada-sector
2012,QC,HTH,exports,0.6418802962256838,canada-sector
2012,QC,HTH,imports,0.7676680347142425,canada-sector
2012,QC,ART,exports,0.6160972119353344,canada-sector
2012,QC,ART,imports,0.6346268981227546,canada-sector
2012,QC,OSV,exports,0.4514843402448141,canada-sector
2012,QC,OSV,imports,0.6284597240021546,canada-sector
2012,ON,AGR,exports,0.3189633243926962,canada-sector
2012,ON,AGR,imports,0.7534006725188024,canada-sector
2012,ON,MIE,exports,0.9276377610226291,canada-sector
2012,ON,MIE,imports,0.20305076226526814,canada-sector
2012,ON,MIN,exports,0.2539671250671577,canada-sector
2012,ON,MIN,imports,0.3205953971382554,canada-sector
2012,ON,MIS,exports,0.5205901645041202,canada-sector
2012,ON,MIS,imports,0.6913968007080894,canada-sector
2012,ON,FOD,exports,0.6360599122608185,canada-sector
2012,ON,FOD,imports,0.6221333766068471,canada-sector
2012,ON,TEX,exports,0.5860923359869334,canada-sector
2012,ON,TEX,imports,0.3435255191263327,canada-sector
2012,ON,WOD,exports,0.6688527984481234,canada-sector
2012,ON,WOD,imports,0.6857582600814679,canada-sector
2012,ON,PAP,exports,0.6281087928373,canada-sector
2012,ON,PAP,imports,0.8653581829720052,canada-sector
2012,ON,PET,exports,0.7977571534130837,canada-sector
2012,ON,PET,imports,0.6436368019493196,canada-sector
2012,ON,CHM,exports,0.7620697579861049,canada-sector
2012,ON,CHM,imports,0.6690652221054268,canada-sector
2012,ON,RUB,exports,0.8610726388237387,canada-sector
2012,ON,RUB,imports,0.7026090846326202,canada-sector
2012,ON,NMM,exports,0.8226565813905388,canada-sector
2012,ON,NMM,imports,0.6334129226161933,canada-sector
2012,ON,BMT,exports,0.5182439885873862,canada-sector
2012,ON,BMT,imports,0.5624122786146485,canada-sector
2012,ON,FMT,exports,0.7426138624942117,canada-sector
2012,ON,FMT,imports,0.6736568021385217,canada-sector
2012,ON,ELC,exports,0.5849591281626433,canada-sector
2012,ON,ELC,imports,0.604715533023352,canada-sector
2012,ON,ELQ,exports,0.7503951354714061,canada-sector
2012,ON,ELQ,imports,0.6891777733849788,canada-sector
2012,ON,MAC,exports,0.6475171942227061,canada-sector
2012,ON,MAC,imports,0.7172914260623524,canada-sector
2012,ON,MTV,exports,0.9537066815813837,canada-sector
2012,ON,MTV,imports,0.6961412626302713,canada-sector
2012,ON,OTE,exports,0.5754733365438943,canada-sector
2012,ON,OTE,imports,0.5844713600776338,canada-sector
2012,ON,MFN,exports,0.7043041126143927,canada-sector
2012,ON,MFN,imports,0.5942961874549032,canada-sector
2012,ON,UTL,exports,0.9050159243195123,canada-sector
2012,ON,UTL,imports,0.8034135213604314,canada-sector
2012,ON,CON,exports,0.5174074916159837,canada-sector
2012,ON,CON,imports,0.7187774103241258,canada-sector
2012,ON,TRD,exports,0.6946779779301065,canada-sector
2012,ON,TRD,imports,0.637206550701698,canada-sector
2012,ON,TRN,exports,0.6100124280232062,canada-sector
2012,ON,TRN,imports,0.6469291781940222,canada-sector
2012,ON,ACC,exports,0.49953674936312964,canada-sector
2012,ON,ACC,imports,0.6079486078424388,canada-sector
2012,ON,PUB,exports,0.8073399812093944,canada-sector
2012,ON,PUB,imports,0.8200981837437754,canada-sector
2012,ON,TEL,exports,0.557567557586631,canada-sector
2012,ON,TEL,imports,0.5371010596152425,canada-sector
2012,ON,ITS,exports,0.7455126492469962,canada-sector
2012,ON,ITS,imports,0.6299585992716724,canada-sector
2012,ON,FIN,exports,0.506307909020019,canada-sector
2012,ON,FIN,imports,0.4367951626303597,canada-sector
2012,ON,REA,exports,0.21725338533321023,canada-sector
2012,ON,REA,imports,0.588291884736035,canada-sector
2012,ON,PRF,exports,0.5751544757227316,canada-sector
2012,ON,PRF,imports,0.6928151184419762,canada-sector
2012,ON,ADM,exports,0.6122109790763364,canada-sector
2012,ON,ADM,imports,0.7073571661497522,canada-sector
2012,ON,PAD,exports,0.4440297170592549,canada-sector
2012,ON,PAD,imports,0.6011712675133026,canada-sector
2012,ON,EDU,exports,0.21162414556969728,canada-sector
2012,ON,EDU,imports,0.6311140124105585,canada-sector
2012,ON,HTH,exports,0.6418802962256838,canada-sector
2012,ON,HTH,imports,0.7676680347142425,canada-sector
2012,ON,ART,exports,0.6160972119353344,canada-sector
2012,ON,ART,imports,0.6346268981227546,canada-sector
2012,ON,OSV,exports,0.4514843402448141,canada-sector
2012,ON,OSV,imports,0.6284597240021546,canada-sector
2012,MB,AGR,exports,0.3189633243926962,canada-sector
2012,MB,AGR,imports,0.7534006725188024,canada-sector
2012,MB,MIE,exports,0.9276377610226291,canada-sector
2012,MB,MIE,imports,0.20305076226526814,canada-sector
2012,MB,MIN,exports,0.2539671250671577,canada-sector
2012,MB,MIN,imports,0.3205953971382554,canada-sector
2012,MB,MIS,exports,0.5205901645041202,canada-sector
2012,MB,MIS,imports,0.6913968007080894,canada-sector
2012,MB,FOD,exports,0.6360599122608185,canada-sector
2012,MB,FOD,imports,0.6221333766068471,canada-sector
2012,MB,TEX,exports,0.5860923359869334,canada-sector
2012,MB,TEX,imports,0.3435255191263327,canada-sector
2012,MB,WOD,exports,0.6688527984481234,canada-sector
2012,MB,WOD,imports,0.6857582600814679,canada-sector
2012,MB,PAP,exports,0.6281087928373,canada-sector
2012,MB,PAP,imports,0.8653581829720052,canada-sector
2012,MB,PET,exports,0.7977571534130837,canada-sector
2012,MB,PET,imports,0.6436368019493196,canada-sector
2012,MB,CHM,exports,0.7620697579861049,canada-sector
2012,MB,CHM,imports,0.6690652221054268,canada-sector
2012,MB,RUB,exports,0.8610726388237387,canada-sector
2012,MB,RUB,imports,0.7026090846326202,canada-sector
2012,MB,NMM,exports,0.8226565813905388,canada-sector
2012,MB,NMM,imports,0.6334129226161933,canada-sector
2012,MB,BMT,exports,0.5182439885873862,canada-sector
2012,MB,BMT,imports,0.5624122786146485,canada-sector
2012,MB,FMT,exports,0.7426138624942117,canada-sector
2012,MB,FMT,imports,0.6736568021385217,canada-sector
2012,MB,ELC,exports,0.5849591281626433,canada-sector
2012,MB,ELC,imports,0.604715533023352,canada-sector
2012,MB,ELQ,exports,0.7503951354714061,canada-sector
2012,MB,ELQ,imports,0.6891777733849788,canada-sector
2012,MB,MAC,exports,0.6475171942227061,canada-sector
2012,MB,MAC,imports,0.7172914260623524,canada-sector
2012,MB,MTV,exports,0.9537066815813837,canada-sector
2012,MB,MTV,imports,0.6961412626302713,canada-sector
2012,MB,OTE,exports,0.5754733365438943,canada-sector
2012,MB,OTE,imports,0.5844713600776338,canada-sector
2012,MB,MFN,exports,0.7043041126143927,canada-sector
2012,MB,MFN,imports,0.5942961874549032,canada-sector
2012,MB,UTL,exports,0.9050159243195123,canada-sector
2012,MB,UTL,imports,0.8034135213604314,canada-sector
2012,MB,CON,exports,0.5174074916159837,canada-sector
2012,MB,CON,imports,0.7187774103241258,canada-sector
2012,MB,TRD,exports,0.6946779779301065,canada-sector
2012,MB,TRD,imports,0.637206550701698,canada-sector
2012,MB,TRN,exports,0.6100124280232062,canada-sector
2012,MB,TRN,imports,0.6469291781940222,canada-sector
2012,MB,ACC,exports,0.49953674936312964,canada-sector
2012,MB,ACC,imports,0.6079486078424388,canada-sector
2012,MB,PUB,exports,0.8073399812093944,canada-sector
2012,MB,PUB,imports,0.8200981837437754,canada-sector
2012,MB,TEL,exports,0.557567557586631,canada-sector
2012,MB,TEL,imports,0.5371010596152425,canada-sector
2012,MB,ITS,exports,0.7455126492469962,canada-sector
2012,MB,ITS,imports,0.6299585992716724,canada-sector
2012,MB,FIN,exports,0.506307909020019,canada-sector
2012,MB,FIN,imports,0.4367951626303597,canada-sector
2012,MB,REA,exports,0.21725338533321023,canada-sector
2012,MB,REA,imports,0.588291884736035,canada-sector
2012,MB,PRF,exports,0.5751544757227316,canada-sector
2012,MB,PRF,imports,0.6928151184419762,canada-sector
2012,MB,ADM,exports,0.6122109790763364,canada-sector
2012,MB,ADM,imports,0.7073571661497522,canada-sector
2012,MB,PAD,exports,0.4440297170592549,canada-sector
2012,MB,PAD,imports,0.6011712675133026,canada-sector
2012,MB,EDU,exports,0.21162414556969728,canada-sector
2012,MB,EDU,imports,0.6311140124105585,canada-sector
2012,MB,HTH,exports,0.6418802962256838,canada-sector
2012,MB,HTH,imports,0.7676680347142425,canada-sector
2012,MB,ART,exports,0.6160972119353344,canada-sector
2012,MB,ART,imports,0.6346268981227546,canada-sector
2012,MB,OSV,exports,0.4514843402448141,canada-sector
2012,MB,OSV,imports,0.6284597240021546,canada-sector
2012,SK,AGR,exports,0.3189633243926962,canada-sector
2012,SK,AGR,imports,0.7534006725188024,canada-sector
2012,SK,MIE,exports,0.9276377610226291,canada-sector
2012,SK,MIE,imports,0.20305076226526814,canada-sector
2012,SK,MIN,exports,0.2539671250671577,canada-sector
2012,SK,MIN,imports,0.3205953971382554,canada-sector
2012,SK,MIS,exports,0.5205901645041202,canada-sector
2012,SK,MIS,imports,0.6913968007080894,canada-sector
2012,SK,FOD,exports,0.6360599122608185,canada-sector
2012,SK,FOD,imports,0.6221333766068471,canada-sector
2012,SK,TEX,exports,0.5860923359869334,canada-sector
2012,SK,TEX,imports,0.3435255191263327,canada-sector
2012,SK,WOD,exports,0.6688527984481234,canada-sector
2012,SK,WOD,imports,0.6857582600814679,canada-sector
2012,SK,PAP,exports,0.6281087928373,canada-sector
2012,SK,PAP,imports,0.8653581829720052,canada-sector
2012,SK,PET,exports,0.7977571534130837,canada-sector
2012,SK,PET,imports,0.6436368019493196,canada-sector
2012,SK,CHM,exports,0.7620697579861049,canada-sector
2012,SK,CHM,imports,0.6690652221054268,canada-sector
2012,SK,RUB,exports,0.8610726388237387,canada-sector
2012,SK,RUB,imports,0.7026090846326202,canada-sector
2012,SK,NMM,exports,0.8226565813905388,canada-sector
2012,SK,NMM,imports,0.6334129226161933,canada-sector
2012,SK,BMT,exports,0.5182439885873862,canada-sector
2012,SK,BMT,imports,0.5624122786146485,canada-sector
2012,SK,FMT,exports,0.7426138624942117,canada-sector
2012,SK,FMT,imports,0.6736568021385217,canada-sector
2012,SK,ELC,exports,0.5849591281626433,canada-sector
2012,SK,ELC,imports,0.604715533023352,canada-sector
2012,SK,ELQ,exports,0.7503951354714061,canada-sector
2012,SK,ELQ,imports,0.6891777733849788,canada-sector
2012,SK,MAC,exports,0.6475171942227061,canada-sector
2012,SK,MAC,imports,0.7172914260623524,canada-sector
2012,SK,MTV,exports,0.9537066815813837,canada-sector
2012,SK,MTV,imports,0.6961412626302713,canada-sector
2012,SK,OTE,exports,0.5754733365438943,canada-sector
2012,SK,OTE,imports,0.5844713600776338,canada-sector
2012,SK,MFN,exports,0.7043041126143927,canada-sector
2012,SK,MFN,imports,0.5942961874549032,canada-sector
2012,SK,UTL,exports,0.9050159243195123,canada-sector
2012,SK,UTL,imports,0.8034135213604314,canada-sector
2012,SK,CON,exports,0.5174074916159837,canada-sector
2012,SK,CON,imports,0.7187774103241258,canada-sector
2012,SK,TRD,exports,0.6946779779301065,canada-sector
2012,SK,TRD,imports,0.637206550701698,canada-sector
2012,SK,TRN,exports,0.6100124280232062,canada-sector
2012,SK,TRN,imports,0.6469291781940222,canada-sector
2012,SK,ACC,exports,0.49953674936312964,canada-sector
2012,SK,ACC,imports,0.6079486078424388,canada-sector
2012,SK,PUB,exports,0.8073399812093944,canada-sector
2012,SK,PUB,imports,0.8200981837437754,canada-sector
2012,SK,TEL,exports,0.557567557586631,canada-sector
2012,SK,TEL,imports,0.5371010596152425,canada-sector
2012,SK,ITS,exports,0.7455126492469962,canada-sector
2012,SK,ITS,imports,0.6299585992716724,canada-sector
2012,SK,FIN,exports,0.506307909020019,canada-sector
2012,SK,FIN,imports,0.4367951626303597,canada-sector
2012,SK,REA,exports,0.21725338533321023,canada-sector
2012,SK,REA,imports,0.588291884736035,canada-sector
2012,SK,PRF,exports,0.5751544757227316,canada-sector
2012,SK,PRF,imports,0.6928151184419762,canada-sector
2012,SK,ADM,exports,0.6122109790763364,canada-sector
2012,SK,ADM,imports,0.7073571661497522,canada-sector
2012,SK,PAD,exports,0.4440297170592549,canada-sector
2012,SK,PAD,imports,0.6011712675133026,canada-sector
2012,SK,EDU,exports,0.21162414556969728,canada-sector
2012,SK,EDU,imports,0.6311140124105585,canada-sector
2012,SK,HTH,exports,0.6418802962256838,canada-sector
2012,SK,HTH,imports,0.7676680347142425,canada-sector
2012,SK,ART,exports,0.6160972119353344,canada-sector
2012,SK,ART,imports,0.6346268981227546,canada-sector
2012,SK,OSV,exports,0.4514843402448141,canada-sector
2012,SK,OSV,imports,0.6284597240021546,canada-sector
2012,AB,AGR,exports,0.3189633243926962,canada-sector
2012,AB,AGR,imports,0.7534006725188024,canada-sector
2012,AB,MIE,exports,0.9276377610226291,canada-sector
2012,AB,MIE,imports,0.20305076226526814,canada-sector
2012,AB,MIN,exports,0.2539671250671577,canada-sector
2012,AB,MIN,imports,0.3205953971382554,canada-sector
2012,AB,MIS,exports,0.5205901645041202,canada-sector
2012,AB,MIS,imports,0.6913968007080894,canada-sector
2012,AB,FOD,exports,0.6360599122608185,canada-sector
2012,AB,FOD,imports,0.6221333766068471,canada-sector
2012,AB,TEX,exports,0.5860923359869334,canada-sector
2012,AB,TEX,imports,0.3435255191263327,canada-sector
2012,AB,WOD,exports,0.6688527984481234,canada-sector
2012,AB,WOD,imports,0.6857582600814679,canada-sector
2012,AB,PAP,exports,0.6281087928373,canada-sector
2012,AB,PAP,imports,0.8653581829720052,canada-sector
2012,AB,PET,exports,0.7977571534130837,canada-sector
2012,AB,PET,imports,0.6436368019493196,canada-sector
2012,AB,CHM,exports,0.7620697579861049,canada-sector
2012,AB,CHM,imports,0.6690652221054268,canada-sector
2012,AB,RUB,exports,0.8610726388237387,canada-sector
2012,AB,RUB,imports,0.7026090846326202,canada-sector
2012,AB,NMM,exports,0.8226565813905388,canada-sector
2012,AB,NMM,imports,0.6334129226161933,canada-sector
2012,AB,BMT,exports,0.5182439885873862,canada-sector
2012,AB,BMT,imports,0.5624122786146485,canada-sector
2012,AB,FMT,exports,0.7426138624942117,canada-sector
2012,AB,FMT,imports,0.6736568021385217,canada-sector
2012,AB,ELC,exports,0.5849591281626433,canada-sector
2012,AB,ELC,imports,0.604715533023352,canada-sector
2012,AB,ELQ,exports,0.7503951354714061,canada-sector
2012,AB,ELQ,imports,0.6891777733849788,canada-sector
2012,AB,MAC,exports,0.6475171942227061,canada-sector
2012,AB,MAC,imports,0.7172914260623524,canada-sector
2012,AB,MTV,exports,0.9537066815813837,canada-sector
2012,AB,MTV,imports,0.6961412626302713,canada-sector
2012,AB,OTE,exports,0.5754733365438943,canada-sector
2012,AB,OTE,imports,0.5844713600776338,canada-sector
2012,AB,MFN,exports,0.7043041126143927,canada-sector
2012,AB,MFN,imports,0.5942961874549032,canada-sector
2012,AB,UTL,exports,0.9050159243195123,canada-sector
2012,AB,UTL,imports,0.8034135213604314,canada-sector
2012,AB,CON,exports,0.5174074916159837,canada-sector
2012,AB,CON,imports,0.7187774103241258,canada-sector
2012,AB,TRD,exports,0.6946779779301065,canada-sector
2012,AB,TRD,imports,0.637206550701698,canada-sector
2012,AB,TRN,exports,0.6100124280232062,canada-sector
2012,AB,TRN,imports,0.6469291781940222,canada-sector
2012,AB,ACC,exports,0.49953674936312964,canada-sector
2012,AB,ACC,imports,0.6079486078424388,canada-sector
2012,AB,PUB,exports,0.8073399812093944,canada-sector
2012,AB,PUB,imports,0.8200981837437754,canada-sector
2012,AB,TEL,exports,0.557567557586631,canada-sector
2012,AB,TEL,imports,0.5371010596152425,canada-sector
2012,AB,ITS,exports,0.7455126492469962,canada-sector
2012,AB,ITS,imports,0.6299585992716724,canada-sector
2012,AB,FIN,exports,0.506307909020019,canada-sector
2012,AB,FIN,imports,0.4367951626303597,canada-sector
2012,AB,REA,exports,0.21725338533321023,canada-sector
2012,AB,REA,imports,0.588291884736035,canada-sector
2012,AB,PRF,exports,0.5751544757227316,canada-sector
2012,AB,PRF,imports,0.6928151184419762,canada-sector
2012,AB,ADM,exports,0.6122109790763364,canada-sector
2012,AB,ADM,imports,0.7073571661497522,canada-sector
2012,AB,PAD,exports,0.4440297170592549,canada-sector
2012,AB,PAD,imports,0.6011712675133026,canada-sector
2012,AB,EDU,exports,0.21162414556969728,canada-sector
2012,AB,EDU,imports,0.6311140124105585,canada-sector
2012,AB,HTH,exports,0.6418802962256838,canada-sector
2012,AB,HTH,imports,0.7676680347142425,canada-sector
2012,AB,ART,exports,0.6160972119353344,canada-sector
2012,AB,ART,imports,0.6346268981227546,canada-sector
2012,AB,OSV,exports,0.4514843402448141,canada-sector
2012,AB,OSV,imports,0.6284597240021546,canada-sector
2012,BC,AGR,exports,0.3189633243926962,canada-sector
2012,BC,AGR,imports,0.7534006725188024,canada-sector
2012,BC,MIE,exports,0.9276377610226291,canada-sector
2012,BC,MIE,imports,0.20305076226526814,canada-sector
2012,BC,MIN,exports,0.2539671250671577,canada-sector
2012,BC,MIN,imports,0.3205953971382554,canada-sector
2012,BC,MIS,exports,0.5205901645041202,canada-sector
2012,BC,MIS,imports,0.6913968007080894,canada-sector
2012,BC,FOD,exports,0.6360599122608185,canada-sector
2012,BC,FOD,imports,0.6221333766068471,canada-sector
2012,BC,TEX,exports,0.5860923359869334,canada-sector
2012,BC,TEX,imports,0.3435255191263327,canada-sector
2012,BC,WOD,exports,0.6688527984481234,canada-sector
2012,BC,WOD,imports,0.6857582600814679,canada-sector
2012,BC,PAP,exports,0.6281087928373,canada-sector
2012,BC,PAP,imports,0.8653581829720052,canada-sector
2012,BC,PET,exports,0.7977571534130837,canada-sector
2012,BC,PET,imports,0.6436368019493196,canada-sector
2012,BC,CHM,exports,0.7620697579861049,canada-sector
2012,BC,CHM,imports,0.6690652221054268,canada-sector
2012,BC,RUB,exports,0.8610726388237387,canada-sector
2012,BC,RUB,imports,0.7026090846326202,canada-sector
2012,BC,NMM,exports,0.8226565813905388,canada-sector
2012,BC,NMM,imports,0.6334129226161933,canada-sector
2012,BC,BMT,exports,0.5182439885873862,canada-sector
2012,BC,BMT,imports,0.5624122786146485,canada-sector
2012,BC,FMT,exports,0.7426138624942117,canada-sector
2012,BC,FMT,imports,0.6736568021385217,canada-sector
2012,BC,ELC,exports,0.5849591281626433,canada-sector
2012,BC,ELC,imports,0.604715533023352,canada-sector
2012,BC,ELQ,exports,0.7503951354714061,canada-sector
2012,BC,ELQ,imports,0.6891777733849788,canada-sector
2012,BC,MAC,exports,0.6475171942227061,canada-sector
2012,BC,MAC,imports,0.7172914260623524,canada-sector
2012,BC,MTV,exports,0.9537066815813837,canada-sector
2012,BC,MTV,imports,0.6961412626302713,canada-sector
2012,BC,OTE,exports,0.5754733365438943,canada-sector
2012,BC,OTE,imports,0.5844713600776338,canada-sector
2012,BC,MFN,exports,0.7043041126143927,canada-sector
2012,BC,MFN,imports,0.5942961874549032,canada-sector
2012,BC,UTL,exports,0.9050159243195123,canada-sector
2012,BC,UTL,imports,0.8034135213604314,canada-sector
2012,BC,CON,exports,0.5174074916159837,canada-sector
2012,BC,CON,imports,0.7187774103241258,canada-sector
2012,BC,TRD,exports,0.6946779779301065,canada-sector
2012,BC,TRD,imports,0.637206550701698,canada-sector
2012,BC,TRN,exports,0.6100124280232062,canada-sector
2012,BC,TRN,imports,0.6469291781940222,canada-sector
2012,BC,ACC,exports,0.49953674936312964,canada-sector
2012,BC,ACC,imports,0.6079486078424388,canada-sector
2012,BC,PUB,exports,0.8073399812093944,canada-sector
2012,BC,PUB,imports,0.8200981837437754,canada-sector
2012,BC,TEL,exports,0.557567557586631,canada-sector
2012,BC,TEL,imports,0.5371010596152425,canada-sector
2012,BC,ITS,exports,0.7455126492469962,canada-sector
2012,BC,ITS,imports,0.6299585992716724,canada-sector
2012,BC,FIN,exports,0.506307909020019,canada-sector
2012,BC,FIN,imports,0.4367951626303597,canada-sector
2012,BC,REA,exports,0.21725338533321023,canada-sector
2012,BC,REA,imports,0.588291884736035,canada-sector
2012,BC,PRF,exports,0.5751544757227316,canada-sector
2012,BC,PRF,imports,0.6928151184419762,canada-sector
2012,BC,ADM,exports,0.6122109790763364,canada-sector
2012,BC,ADM,imports,0.7073571661497522,canada-sector
2012,BC,PAD,exports,0.4440297170592549,canada-sector
2012,BC,PAD,imports,0.6011712675133026,canada-sector
2012,BC,EDU,exports,0.21162414556969728,canada-sector
2012,BC,EDU,imports,0.6311140124105585,canada-sector
2012,BC,HTH,exports,0.6418802962256838,canada-sector
2012,BC,HTH,imports,0.7676680347142425,canada-sector
2012,BC,ART,exports,0.6160972119353344,canada-sector
2012,BC,ART,imports,0.6346268981227546,canada-sector
2012,BC,OSV,exports,0.4514843402448141,canada-sector
2012,BC,OSV,imports,0.6284597240021546,canada-sector
2012,YT,AGR,exports,0.3189633243926962,canada-sector
2012,YT,AGR,imports,0.7534006725188024,canada-sector
2012,YT,MIE,exports,0.9276377610226291,canada-sector
2012,YT,MIE,imports,0.20305076226526814,canada-sector
2012,YT,MIN,exports,0.2539671250671577,canada-sector
2012,YT,MIN,imports,0.3205953971382554,canada-sector
2012,YT,MIS,exports,0.5205901645041202,canada-sector
2012,YT,MIS,imports,0.6913968007080894,canada-sector
2012,YT,FOD,exports,0.6360599122608185,canada-sector
2012,YT,FOD,imports,0.6221333766068471,canada-sector
2012,YT,TEX,exports,0.5860923359869334,canada-sector
2012,YT,TEX,imports,0.3435255191263327,canada-sector
2012,YT,WOD,exports,0.6688527984481234,canada-sector
2012,YT,WOD,imports,0.6857582600814679,canada-sector
2012,YT,PAP,exports,0.6281087928373,canada-sector
2012,YT,PAP,imports,0.8653581829720052,canada-sector
2012,YT,PET,exports,0.7977571534130837,canada-sector
2012,YT,PET,imports,0.6436368019493196,canada-sector
2012,YT,CHM,exports,0.7620697579861049,canada-sector
2012,YT,CHM,imports,0.6690652221054268,canada-sector
2012,YT,RUB,exports,0.8610726388237387,canada-sector
2012,YT,RUB,imports,0.7026090846326202,canada-sector
2012,YT,NMM,exports,0.8226565813905388,canada-sector
2012,YT,NMM,imports,0.6334129226161933,canada-sector
2012,YT,BMT,exports,0.5182439885873862,canada-sector
2012,YT,BMT,imports,0.5624122786146485,canada-sector
2012,YT,FMT,exports,0.7426138624942117,canada-sector
2012,YT,FMT,imports,0.6736568021385217,canada-sector
2012,YT,ELC,exports,0.5849591281626433,canada-sector
2012,YT,ELC,imports,0.604715533023352,canada-sector
2012,YT,ELQ,exports,0.7503951354714061,canada-sector
2012,YT,ELQ,imports,0.6891777733849788,canada-sector
2012,YT,MAC,exports,0.6475171942227061,canada-sector
2012,YT,MAC,imports,0.7172914260623524,canada-sector
2012,YT,MTV,exports,0.9537066815813837,canada-sector
2012,YT,MTV,imports,0.6961412626302713,canada-sector
2012,YT,OTE,exports,0.5754733365438943,canada-sector
2012,YT,OTE,imports,0.5844713600776338,canada-sector
2012,YT,MFN,exports,0.7043041126143927,canada-sector
2012,YT,MFN,imports,0.5942961874549032,canada-sector
2012,YT,UTL,exports,0.9050159243195123,canada-sector
2012,YT,UTL,imports,0.8034135213604314,canada-sector
2012,YT,CON,exports,0.5174074916159837,canada-sector
2012,YT,CON,imports,0.7187774103241258,canada-sector
2012,YT,TRD,exports,0.6946779779301065,canada-sector
2012,YT,TRD,imports,0.637206550701698,canada-sector
2012,YT,TRN,exports,0.6100124280232062,canada-sector
2012,YT,TRN,imports,0.6469291781940222,canada-sector
2012,YT,ACC,exports,0.49953674936312964,canada-sector
2012,YT,ACC,imports,0.6079486078424388,canada-sector
2012,YT,PUB,exports,0.8073399812093944,canada-sector
2012,YT,PUB,imports,0.8200981837437754,canada-sector
2012,YT,TEL,exports,0.557567557586631,canada-sector
2012,YT,TEL,imports,0.5371010596152425,canada-sector
2012,YT,ITS,exports,0.7455126492469962,canada-sector
2012,YT,ITS,imports,0.6299585992716724,canada-sector
2012,YT,FIN,exports,0.506307909020019,canada-sector
2012,YT,FIN,imports,0.4367951626303597,canada-sector
2012,YT,REA,exports,0.21725338533321023,canada-sector
2012,YT,REA,imports,0.588291884736035,canada-sector
2012,YT,PRF,exports,0.5751544757227316,canada-sector
2012,YT,PRF,imports,0.6928151184419762,canada-sector
2012,YT,ADM,exports,0.6122109790763364,canada-sector
2012,YT,ADM,imports,0.7073571661497522,canada-sector
2012,YT,PAD,exports,0.4440297170592549,canada-sector
2012,YT,PAD,imports,0.6011712675133026,canada-sector
2012,YT,EDU,exports,0.21162414556969728,canada-sector
2012,YT,EDU,imports,0.6311140124105585,canada-sector
2012,YT,HTH,exports,0.6418802962256838,canada-sector
2012,YT,HTH,imports,0.7676680347142425,canada-sector
2012,YT,ART,exports,0.6160972119353344,canada-sector
2012,YT,ART,imports,0.6346268981227546,canada-sector
2012,YT,OSV,exports,0.4514843402448141,canada-sector
2012,YT,OSV,imports,0.6284597240021546,canada-sector
2012,NT,AGR,exports,0.3189633243926962,canada-sector
2012,NT,AGR,imports,0.7534006725188024,canada-sector
2012,NT,MIE,exports,0.9276377610226291,canada-sector
2012,NT,MIE,imports,0.20305076226526814,canada-sector
2012,NT,MIN,exports,0.2539671250671577,canada-sector
2012,NT,MIN,imports,0.3205953971382554,canada-sector
2012,NT,MIS,exports,0.5205901645041202,canada-sector
2012,NT,MIS,imports,0.6913968007080894,canada-sector
2012,NT,FOD,exports,0.6360599122608185,canada-sector
2012,NT,FOD,imports,0.6221333766068471,canada-sector
2012,NT,TEX,exports,0.5860923359869334,canada-sector
2012,NT,TEX,imports,0.3435255191263327,canada-sector
2012,NT,WOD,exports,0.6688527984481234,canada-sector
2012,NT,WOD,imports,0.6857582600814679,canada-sector
2012,NT,PAP,exports,0.6281087928373,canada-sector
2012,NT,PAP,imports,0.8653581829720052,canada-sector
2012,NT,PET,exports,0.7977571534130837,canada-sector
2012,NT,PET,imports,0.6436368019493196,canada-sector
2012,NT,CHM,exports,0.7620697579861049,canada-sector
2012,NT,CHM,imports,0.6690652221054268,canada-sector
2012,NT,RUB,exports,0.8610726388237387,canada-sector
2012,NT,RUB,imports,0.7026090846326202,canada-sector
2012,NT,NMM,exports,0.8226565813905388,canada-sector
2012,NT,NMM,imports,0.6334129226161933,canada-sector
2012,NT,BMT,exports,0.5182439885873862,canada-sector
2012,NT,BMT,imports,0.5624122786146485,canada-sector
2012,NT,FMT,exports,0.7426138624942117,canada-sector
2012,NT,FMT,imports,0.6736568021385217,canada-sector
2012,NT,ELC,exports,0.5849591281626433,canada-sector
2012,NT,ELC,imports,0.604715533023352,canada-sector
2012,NT,ELQ,exports,0.7503951354714061,canada-sector
2012,NT,ELQ,imports,0.6891777733849788,canada-sector
2012,NT,MAC,exports,0.6475171942227061,canada-sector
2012,NT,MAC,imports,0.7172914260623524,canada-sector
2012,NT,MTV,exports,0.9537066815813837,canada-sector
2012,NT,MTV,imports,0.6961412626302713,canada-sector
2012,NT,OTE,exports,0.5754733365438943,canada-sector
2012,NT,OTE,imports,0.5844713600776338,canada-sector
2012,NT,MFN,exports,0.7043041126143927,canada-sector
2012,NT,MFN,imports,0.5942961874549032,canada-sector
2012,NT,UTL,exports,0.9050159243195123,canada-sector
2012,NT,UTL,imports,0.8034135213604314,canada-sector
2012,NT,CON,exports,0.5174074916159837,canada-sector
2012,NT,CON,imports,0.7187774103241258,canada-sector
2012,NT,TRD,exports,0.6946779779301065,canada-sector
2012,NT,TRD,imports,0.637206550701698,canada-sector
2012,NT,TRN,exports,0.6100124280232062,canada-sector
2012,NT,TRN,imports,0.6469291781940222,canada-sector
2012,NT,ACC,exports,0.49953674936312964,canada-sector
2012,NT,ACC,imports,0.6079486078424388,canada-sector
2012,NT,PUB,exports,0.8073399812093944,canada-sector
2012,NT,PUB,imports,0.8200981837437754,canada-sector
2012,NT,TEL,exports,0.557567557586631,canada-sector
2012,NT,TEL,imports,0.5371010596152425,canada-sector
2012,NT,ITS,exports,0.7455126492469962,canada-sector
2012,NT,ITS,imports,0.6299585992716724,canada-sector
2012,NT,FIN,exports,0.506307909020019,canada-sector
2012,NT,FIN,imports,0.4367951626303597,canada-sector
2012,NT,REA,exports,0.21725338533321023,canada-sector
2012,NT,REA,imports,0.588291884736035,canada-sector
2012,NT,PRF,exports,0.5751544757227316,canada-sector
2012,NT,PRF,imports,0.6928151184419762,canada-sector
2012,NT,ADM,exports,0.6122109790763364,canada-sector
2012,NT,ADM,imports,0.7073571661497522,canada-sector
2012,NT,PAD,exports,0.4440297170592549,canada-sector
2012,NT,PAD,imports,0.6011712675133026,canada-sector
2012,NT,EDU,exports,0.21162414556969728,canada-sector
2012,NT,EDU,imports,0.6311140124105585,canada-sector
2012,NT,HTH,exports,0.6418802962256838,canada-sector
2012,NT,HTH,imports,0.7676680347142425,canada-sector
2012,NT,ART,exports,0.6160972119353344,canada-sector
2012,NT,ART,imports,0.6346268981227546,canada-sector
2012,NT,OSV,exports,0.4514843402448141,canada-sector
2012,NT,OSV,imports,0.6284597240021546,canada-sector
2012,NU,AGR,exports,0.3189633243926962,canada-sector
2012,NU,AGR,imports,0.7534006725188024,canada-sector
2012,NU,MIE,exports,0.9276377610226291,canada-sector
2012,NU,MIE,imports,0.20305076226526814,canada-sector
2012,NU,MIN,exports,0.2539671250671577,canada-sector
2012,NU,MIN,imports,0.3205953971382554,canada-sector
2012,NU,MIS,exports,0.5205901645041202,canada-sector
2012,NU,MIS,imports,0.6913968007080894,canada-sector
2012,NU,FOD,exports,0.6360599122608185,canada-sector
2012,NU,FOD,imports,0.6221333766068471,canada-sector
2012,NU,TEX,exports,0.5860923359869334,canada-sector
2012,NU,TEX,imports,0.3435255191263327,canada-sector
2012,NU,WOD,exports,0.6688527984481234,canada-sector
2012,NU,WOD,imports,0.6857582600814679,canada-sector
2012,NU,PAP,exports,0.6281087928373,canada-sector
2012,NU,PAP,imports,0.8653581829720052,canada-sector
2012,NU,PET,exports,0.7977571534130837,canada-sector
2012,NU,PET,imports,0.6436368019493196,canada-sector
2012,NU,CHM,exports,0.7620697579861049,canada-sector
2012,NU,CHM,imports,0.6690652221054268,canada-sector
2012,NU,RUB,exports,0.8610726388237387,canada-sector
2012,NU,RUB,imports,0.7026090846326202,canada-sector
2012,NU,NMM,exports,0.8226565813905388,canada-sector
2012,NU,NMM,imports,0.6334129226161933,canada-sector
2012,NU,BMT,exports,0.5182439885873862,canada-sector
2012,NU,BMT,imports,0.5624122786146485,canada-sector
2012,NU,FMT,exports,0.7426138624942117,canada-sector
2012,NU,FMT,imports,0.6736568021385217,canada-sector
2012,NU,ELC,exports,0.5849591281626433,canada-sector
2012,NU,ELC,imports,0.604715533023352,canada-sector
2012,NU,ELQ,exports,0.7503951354714061,canada-sector
2012,NU,ELQ,imports,0.6891777733849788,canada-sector
2012,NU,MAC,exports,0.6475171942227061,canada-sector
2012,NU,MAC,imports,0.7172914260623524,canada-sector
2012,NU,MTV,exports,0.9537066815813837,canada-sector
2012,NU,MTV,imports,0.6961412626302713,canada-sector
2012,NU,OTE,exports,0.5754733365438943,canada-sector
2012,NU,OTE,imports,0.5844713600776338,canada-sector
2012,NU,MFN,exports,0.7043041126143927,canada-sector
2012,NU,MFN,imports,0.5942961874549032,canada-sector
2012,NU,UTL,exports,0.9050159243195123,canada-sector
2012,NU,UTL,imports,0.8034135213604314,canada-sector
2012,NU,CON,exports,0.5174074916159837,canada-sector
2012,NU,CON,imports,0.7187774103241258,canada-sector
2012,NU,TRD,exports,0.6946779779301065,canada-sector
2012,NU,TRD,imports,0.637206550701698,canada-sector
2012,NU,TRN,exports,0.6100124280232062,canada-sector
2012,NU,TRN,imports,0.6469291781940222,canada-sector
2012,NU,ACC,exports,0.49953674936312964,canada-sector
2012,NU,ACC,imports,0.6079486078424388,canada-sector
2012,NU,PUB,exports,0.8073399812093944,canada-sector
2012,NU,PUB,imports,0.8200981837437754,canada-sector
2012,NU,TEL,exports,0.557567557586631,canada-sector
2012,NU,TEL,imports,0.5371010596152425,canada-sector
2012,NU,ITS,exports,0.7455126492469962,canada-sector
2012,NU,ITS,imports,0.6299585992716724,canada-sector
2012,NU,FIN,exports,0.506307909020019,canada-sector
2012,NU,FIN,imports,0.4367951626303597,canada-sector
2012,NU,REA,exports,0.21725338533321023,canada-sector
2012,NU,REA,imports,0.588291884736035,canada-sector
2012,NU,PRF,exports,0.5751544757227316,canada-sector
2012,NU,PRF,imports,0.6928151184419762,canada-sector
2012,NU,ADM,exports,0.6122109790763364,canada-sector
2012,NU,ADM,imports,0.7073571661497522,canada-sector
2012,NU,PAD,exports,0.4440297170592549,canada-sector
2012,NU,PAD,imports,0.6011712675133026,canada-sector
2012,NU,EDU,exports,0.21162414556969728,canada-sector
2012,NU,EDU,imports,0.6311140124105585,canada-sector
2012,NU,HTH,exports,0.6418802962256838,canada-sector
2012,NU,HTH,imports,0.7676680347142425,canada-sector
2012,NU,ART,exports,0.6160972119353344,canada-sector
2012,NU,ART,imports,0.6346268981227546,canada-sector
2012,NU,OSV,exports,0.4514843402448141,canada-sector
2012,NU,OSV,imports,0.6284597240021546,canada-sector
2013,NL,AGR,exports,0.2732757393598966,region-sector
2013,NL,AGR,imports,0.77313432835820906,region-sector
2013,NL,MIE,exports,0.6350557384160885,region-sector
2013,NL,MIE,imports,0.15710782666499654,region-sector
2013,NL,MIN,exports,0.020975243944899257,region-sector
2013,NL,MIN,imports,0.8871755228252909,region-sector
2013,NL,MIS,exports,0.3768115942028985,region-sector
2013,NL,MIS,imports,0.7704918032786885,region-sector
2013,NL,FOD,exports,0.3394054638759565,region-sector
2013,NL,FOD,imports,0.49018496602381384,region-sector
2013,NL,TEX,exports,0.1499838553438812,region-sector
2013,NL,TEX,imports,0.21148922238296847,region-sector
2013,NL,WOD,exports,0.996317157712305,region-sector
2013,NL,WOD,imports,0.49851298328043386,region-sector
2013,NL,PAP,exports,0.6102197913501468,region-sector
2013,NL,PAP,imports,0.7615489896143628,region-sector
2013,NL,PET,exports,0.6805045736124328,region-sector
2013,NL,PET,imports,0.7179314884864774,region-sector
2013,NL,CHM,exports,0.5569553805774278,region-sector
2013,NL,CHM,imports,0.20315611214618187,region-sector
2013,NL,RUB,exports,0.14705882352941177,region-sector
2013,NL,RUB,imports,0.10910211351062173,region-sector
2013,NL,NMM,exports,0.6940509915014164,region-sector
2013,NL,NMM,imports,0.5234054271828322,region-sector
2013,NL,BMT,exports,0.7689463955637708,region-sector
2013,NL,BMT,imports,0.04027867481232861,region-sector
2013,NL,FMT,exports,0.27723290179155224,region-sector
2013,NL,FMT,imports,0.2528215365395701,region-sector
2013,NL,ELC,exports,0.2592341195768992,region-sector
2013,NL,ELC,imports,0.38425620345799233,region-sector
2013,NL,ELQ,exports,0.6699619771863118,region-sector
2013,NL,ELQ,imports,0.3323586830220599,region-sector
2013,NL,MAC,exports,0.848623048587967,region-sector
2013,NL,MAC,imports,0.3441533513419881,region-sector
2013,NL,MTV,exports,0.24324324324324323,region-sector
2013,NL,MTV,imports,0.5535726648256551,region-sector
2013,NL,OTE,exports,0.014772900537042371,region-sector
2013,NL,OTE,imports,0.6845592314287154,region-sector
2013,NL,MFN,exports,0.3222152297042165,region-sector
2013,NL,MFN,imports,0.50198055134267106,region-sector
2013,NL,UTL,exports,0.6803519061583577,region-sector
2013,NL,UTL,imports,0.8002980625931444,region-sector
2013,NL,CON,exports,0.14085267134376686,region-sector
2013,NL,CON,imports,0.30604133545310014,region-sector
2013,NL,TRD,exports,0.6723580281840913,region-sector
2013,NL,TRD,imports,0.7143091889049559,region-sector
2013,NL,TRN,exports,0.435959418790734,region-sector
2013,NL,TRN,imports,0.5883190698758368,region-sector
2013,NL,ACC,exports,0.4949818360938366,region-sector
2013,NL,ACC,imports,0.6090996800893719,region-sector
2013,NL,PUB,exports,0.8549444667469558,region-sector
2013,NL,PUB,imports,0.6506994908299966,region-sector
2013,NL,TEL,exports,0.5614577338433935,region-sector
2013,NL,TEL,imports,0.4767286772698887,region-sector
2013,NL,ITS,exports,0.7630940834141609,region-sector
2013,NL,ITS,imports,0.6358048126398437,region-sector
2013,NL,FIN,exports,0.6195005005532431,region-sector
2013,NL,FIN,imports,0.4210449091996704,region-sector
2013,NL,REA,exports,0.10020093770931011,region-sector
2013,NL,REA,imports,0.2674927113702624,region-sector
2013,NL,PRF,exports,0.601811970889648,region-sector
2013,NL,PRF,imports,0.6583985140070002,region-sector
2013,NL,ADM,exports,0.6089250889067339,region-sector
2013,NL,ADM,imports,0.6753256954340923,region-sector
2013,NL,PAD,exports,0.5099501306103064,region-sector
2013,NL,PAD,imports,0.5242369838420107,region-sector
2013,NL,EDU,exports,0.2217701552328493,region-sector
2013,NL,EDU,imports,0.6253535804674706,region-sector
2013,NL,HTH,exports,0.44280142996425087,region-sector
2013,NL,HTH,imports,0.9092819614711034,region-sector
2013,NL,ART,exports,0.6222043443282381,region-sector
2013,NL,ART,imports,0.621194605009634,region-sector
2013,NL,OSV,exports,0.4092356687898089,region-sector
2013,NL,OSV,imports,0.5965051628276409,region-sector
2013,PE,AGR,exports,0.5924109854022807,region-sector
2013,PE,AGR,imports,0.8333145115753812,region-sector
2013,PE,MIE,exports,0.9301460827653106,canada-sector
2013,PE,MIE,imports,0.16942422236929186,region-sector
2013,PE,MIN,exports,0.25194364839048256,canada-sector
2013,PE,MIN,imports,0.8734491315136477,region-sector
2013,PE,MIS,exports,0.38892805172179395,canada-sector
2013,PE,MIS,imports,0.7782306602938572,canada-sector
2013,PE,FOD,exports,0.7658486893094413,region-sector
2013,PE,FOD,imports,0.7773406932724235,region-sector
2013,PE,TEX,exports,0.20416124837451238,region-sector
2013,PE,TEX,imports,0.22192946136183989,region-sector
2013,PE,WOD,exports,0.30456852791878175,region-sector
2013,PE,WOD,imports,0.8868501529051988,region-sector
2013,PE,PAP,exports,0.861003861003861,region-sector
2013,PE,PAP,imports,0.8968894009216591,region-sector
2013,PE,PET,exports,0.8125,region-sector
2013,PE,PET,imports,0.25935186230703466,region-sector
2013,PE,CHM,exports,0.7247128566135607,region-sector
2013,PE,CHM,imports,0.7302081625962956,region-sector
2013,PE,RUB,exports,0.8686934282933688,canada-sector
2013,PE,RUB,imports,0.8110462422389029,region-sector
2013,PE,NMM,exports,0.6949152542372882,region-sector
2013,PE,NMM,imports,0.5185358986391365,region-sector
2013,PE,BMT,exports,0.921951219512195,region-sector
2013,PE,BMT,imports,0.9759549154664997,region-sector
2013,PE,FMT,exports,0.9151586368977673,region-sector
2013,PE,FMT,imports,0.707643674775677,region-sector
2013,PE,ELC,exports,0.9107142857142857,region-sector
2013,PE,ELC,imports,0.8113089805692711,region-sector
2013,PE,ELQ,exports,0.8098159509202454,region-sector
2013,PE,ELQ,imports,0.8083936180755129,region-sector
2013,PE,MAC,exports,0.7426900584795321,region-sector
2013,PE,MAC,imports,0.5804382068208768,region-sector
2013,PE,MTV,exports,0.9411764705882354,region-sector
2013,PE,MTV,imports,0.538998664465313,region-sector
2013,PE,OTE,exports,0.7436090497301464,region-sector
2013,PE,OTE,imports,0.9899621086219503,region-sector
2013,PE,MFN,exports,0.7365805168986084,region-sector
2013,PE,MFN,imports,0.4241117626767851,region-sector
2013,PE,UTL,exports,0.6872915894775843,region-sector
2013,PE,UTL,imports,0.7922077922077924,region-sector
2013,PE,CON,exports,0.5254237288135594,region-sector
2013,PE,CON,imports,0.8695652173913042,region-sector
2013,PE,TRD,exports,0.6572611959616877,region-sector
2013,PE,TRD,imports,0.9736897055752766,region-sector
2013,PE,TRN,exports,0.68131221116246,region-sector
2013,PE,TRN,imports,0.6716256072172102,region-sector
2013,PE,ACC,exports,0.4864292828685259,region-sector
2013,PE,ACC,imports,0.6091517930784205,region-sector
2013,PE,PUB,exports,0.8309438470728793,region-sector
2013,PE,PUB,imports,0.4882313939996685,region-sector
2013,PE,TEL,exports,0.5870452858203415,region-sector
2013,PE,TEL,imports,0.47425968109339406,region-sector
2013,PE,ITS,exports,0.6471962616822431,region-sector
2013,PE,ITS,imports,0.645403531935963,region-sector
2013,PE,FIN,exports,0.6069459003691718,region-sector
2013,PE,FIN,imports,0.5155032045730124,region-sector
2013,PE,REA,exports,0.09177442528735633,region-sector
2013,PE,REA,imports,0.28192771084337354,region-sector
2013,PE,PRF,exports,0.6244972577696526,region-sector
2013,PE,PRF,imports,0.6710610932475886,region-sector
2013,PE,ADM,exports,0.627116262732701,region-sector
2013,PE,ADM,imports,0.6601030689946927,region-sector
2013,PE,PAD,exports,0.5659567159051873,region-sector
2013,PE,PAD,imports,0.612,region-sector
2013,PE,EDU,exports,0.20724450194049157,region-sector
2013,PE,EDU,imports,0.6089221751872355,region-sector
2013,PE,HTH,exports,0.6120634920634921,region-sector
2013,PE,HTH,imports,0.8967707781895182,region-sector
2013,PE,ART,exports,0.5605246183616426,region-sector
2013,PE,ART,imports,0.6235799390412857,region-sector
2013,PE,OSV,exports,0.29545454545454547,region-sector
2013,PE,OSV,imports,0.6101485148514851,region-sector
2013,NS,AGR,exports,0.4648640277519669,region-sector
2013,NS,AGR,imports,0.04817104210602864,region-sector
2013,NS,MIE,exports,0.5981477298396205,region-sector
2013,NS,MIE,imports,0.030585423063036302,region-sector
2013,NS,MIN,exports,0.6739757914338919,region-sector
2013,NS,MIN,imports,0.09722043495045683,region-sector
2013,NS,MIS,exports,0.3799082100968893,region-sector
2013,NS,MIS,imports,0.75,region-sector
2013,NS,FOD,exports,0.517369250403709,region-sector
2013,NS,FOD,imports,0.11562654585088454,region-sector
2013,NS,TEX,exports,0.8642356167273111,region-sector
2013,NS,TEX,imports,0.02028458919093728,region-sector
2013,NS,WOD,exports,0.7353558713446733,region-sector
2013,NS,WOD,imports,0.30588609256879085,region-sector
2013,NS,PAP,exports,0.5439146300048547,region-sector
2013,NS,PAP,imports,0.2167956666987448,region-sector
2013,NS,PET,exports,0.30673356741352653,region-sector
2013,NS,PET,imports,0.6841106880294626,region-sector
2013,NS,CHM,exports,0.6361895492580326,region-sector
2013,NS,CHM,imports,0.2552747170826964,region-sector
2013,NS,RUB,exports,0.9316189215471243,region-sector
2013,NS,RUB,imports,0.09061754490765737,region-sector
2013,NS,NMM,exports,0.46496136424193985,region-sector
2013,NS,NMM,imports,0.03841768729871412,region-sector
2013,NS,BMT,exports,0.24258800198314326,region-sector
2013,NS,BMT,imports,0.07784860597732049,region-sector
2013,NS,FMT,exports,0.4183876531198868,region-sector
2013,NS,FMT,imports,0.1208721597429424,region-sector
2013,NS,ELC,exports,0.6008775911635648,region-sector
2013,NS,ELC,imports,0.467950949196502,region-sector
2013,NS,ELQ,exports,0.790020297699594,region-sector
2013,NS,ELQ,imports,0.20906977552947598,region-sector
2013,NS,MAC,exports,0.4566935677482502,region-sector
2013,NS,MAC,imports,0.11636370973640603,region-sector
2013,NS,MTV,exports,0.38243353328889873,region-sector
2013,NS,MTV,imports,0.09023877801608068,region-sector
2013,NS,OTE,exports,0.8877665750525434,region-sector
2013,NS,OTE,imports,0.2546919749244262,region-sector
2013,NS,MFN,exports,0.5570839064649243,region-sector
2013,NS,MFN,imports,0.1447419082060416,region-sector
2013,NS,UTL,exports,0.6867256637168141,region-sector
2013,NS,UTL,imports,0.8696369636963697,region-sector
2013,NS,CON,exports,0.913728432108027,region-sector
2013,NS,CON,imports,0.028469750889679714,region-sector
2013,NS,TRD,exports,0.6750998142072182,region-sector
2013,NS,TRD,imports,0.4019176987614862,region-sector
2013,NS,TRN,exports,0.4958091257721542,region-sector
2013,NS,TRN,imports,0.6516877446480634,region-sector
2013,NS,ACC,exports,0.4901951771647889,region-sector
2013,NS,ACC,imports,0.6090825199884146,region-sector
2013,NS,PUB,exports,0.8597454304156361,region-sector
2013,NS,PUB,imports,0.5462305611899934,region-sector
2013,NS,TEL,exports,0.5904222838085396,region-sector
2013,NS,TEL,imports,0.4790910873615061,region-sector
2013,NS,ITS,exports,0.719555859516434,region-sector
2013,NS,ITS,imports,0.6452616488912838,region-sector
2013,NS,FIN,exports,0.5401425757052623,region-sector
2013,NS,FIN,imports,0.4150824915742326,region-sector
2013,NS,REA,exports,0.11914843100787464,region-sector
2013,NS,REA,imports,0.28132387706855794,region-sector
2013,NS,PRF,exports,0.6019480298334638,region-sector
2013,NS,PRF,imports,0.7161281550757996,region-sector
2013,NS,ADM,exports,0.6271436158366313,region-sector
2013,NS,ADM,imports,0.6841481378876791,region-sector
2013,NS,PAD,exports,0.4903152470445589,region-sector
2013,NS,PAD,imports,0.5457423235201013,region-sector
2013,NS,EDU,exports,0.23088819675652456,region-sector
2013,NS,EDU,imports,0.6065999938832308,region-sector
2013,NS,HTH,exports,0.6389229959656201,region-sector
2013,NS,HTH,imports,0.9047835301241296,region-sector
2013,NS,ART,exports,0.5777999935502597,region-sector
2013,NS,ART,imports,0.6203260984328571,region-sector
2013,NS,OSV,exports,0.3666980687706077,region-sector
2013,NS,OSV,imports,0.6094045712621924,region-sector
2013,NB,AGR,exports,0.8446214859296554,region-sector
2013,NB,AGR,imports,0.9466603948994556,region-sector
2013,NB,MIE,exports,0.9301460827653106,canada-sector
2013,NB,MIE,imports,0.26841370677748055,region-sector
2013,NB,MIN,exports,0.014530409598676044,region-sector
2013,NB,MIN,imports,0.06418474673315624,region-sector
2013,NB,MIS,exports,0.3845620522301826,region-sector
2013,NB,MIS,imports,0.7804878048780488,region-sector
2013,NB,FOD,exports,0.732896092622709,region-sector
2013,NB,FOD,imports,0.860211212878914,region-sector
2013,NB,TEX,exports,0.7576763485477178,region-sector
2013,NB,TEX,imports,0.6344551738421311,region-sector
2013,NB,WOD,exports,0.9425837212862327,region-sector
2013,NB,WOD,imports,0.9420936265927129,region-sector
2013,NB,PAP,exports,0.6737282439120471,region-sector
2013,NB,PAP,imports,0.9748831816017062,region-sector
2013,NB,PET,exports,0.9595417864466891,region-sector
2013,NB,PET,imports,0.7679275059407318,region-sector
2013,NB,CHM,exports,0.954346220142822,region-sector
2013,NB,CHM,imports,0.9030549386838113,region-sector
2013,NB,RUB,exports,0.9185808940062248,region-sector
2013,NB,RUB,imports,0.8655466191944559,region-sector
2013,NB,NMM,exports,0.9636686620917897,region-sector
2013,NB,NMM,imports,0.8917608005543292,region-sector
2013,NB,BMT,exports,0.7648374778242173,region-sector
2013,NB,BMT,imports,0.9519192122186494,region-sector
2013,NB,FMT,exports,0.9312837683585723,region-sector
2013,NB,FMT,imports,0.9032973676756568,region-sector
2013,NB,ELC,exports,0.6487521670765634,region-sector
2013,NB,ELC,imports,0.6117655160976131,region-sector
2013,NB,ELQ,exports,0.418497868153493,region-sector
2013,NB,ELQ,imports,0.8532657174006408,region-sector
2013,NB,MAC,exports,0.7493275455877716,region-sector
2013,NB,MAC,imports,0.8623840792267798,region-sector
2013,NB,MTV,exports,0.41711754239442245,region-sector
2013,NB,MTV,imports,0.752693668357284,region-sector
2013,NB,OTE,exports,0.5425867507886436,region-sector
2013,NB,OTE,imports,0.8498652951261328,region-sector
2013,NB,MFN,exports,0.38417532667969956,region-sector
2013,NB,MFN,imports,0.7261582107468997,region-sector
2013,NB,UTL,exports,0.9113038443444591,region-sector
2013,NB,UTL,imports,0.9917201071515543,region-sector
2013,NB,CON,exports,0.5917312661498708,region-sector
2013,NB,CON,imports,0.9998342449859108,region-sector
2013,NB,TRD,exports,0.6642437359413869,region-sector
2013,NB,TRD,imports,0.9342992841409693,region-sector
2013,NB,TRN,exports,0.698612514138196,region-sector
2013,NB,TRN,imports,0.6838423494116074,region-sector
2013,NB,ACC,exports,0.48883196501682713,region-sector
2013,NB,ACC,imports,0.6089953390799612,region-sector
2013,NB,PUB,exports,0.7986150770988006,region-sector
2013,NB,PUB,imports,0.9290087105082638,region-sector
2013,NB,TEL,exports,0.5701532912533814,region-sector
2013,NB,TEL,imports,0.47576415744027123,region-sector
2013,NB,ITS,exports,0.7549858676101437,region-sector
2013,NB,ITS,imports,0.6378792930976993,region-sector
2013,NB,FIN,exports,0.5796140440363852,region-sector
2013,NB,FIN,imports,0.48012382454295893,region-sector
2013,NB,REA,exports,0.07427536231884056,region-sector
2013,NB,REA,imports,0.2732379979570991,region-sector
2013,NB,PRF,exports,0.5918189671914867,region-sector
2013,NB,PRF,imports,0.6715553760266808,region-sector
2013,NB,ADM,exports,0.6217564740582893,region-sector
2013,NB,ADM,imports,0.6772808586762075,region-sector
2013,NB,PAD,exports,0.5278539363080352,region-sector
2013,NB,PAD,imports,0.5273450447464368,region-sector
2013,NB,EDU,exports,0.20910521520664804,region-sector
2013,NB,EDU,imports,0.6026506716471517,region-sector
2013,NB,HTH,exports,0.581792651532881,region-sector
2013,NB,HTH,imports,0.8995668034655723,region-sector
2013,NB,ART,exports,0.5426356589147286,region-sector
2013,NB,ART,imports,0.6214302964438808,region-sector
2013,NB,OSV,exports,0.32280032688640703,region-sector
2013,NB,OSV,imports,0.6063726172255461,region-sector
2013,QC,AGR,exports,0.4951049870683988,region-sector
2013,QC,AGR,imports,0.5934201890886578,region-sector
2013,QC,MIE,exports,0.9301460827653106,canada-sector
2013,QC,MIE,imports,0.10033265607847526,region-sector
2013,QC,MIN,exports,0.10866985285219423,region-sector
2013,QC,MIN,imports,0.4862071165034528,region-sector
2013,QC,MIS,exports,0.5001063151180097,region-sector
2013,QC,MIS,imports,0.7782530531275185,region-sector
2013,QC,FOD,exports,0.6026621148431589,region-sector
2013,QC,FOD,imports,0.41594129806313473,region-sector
2013,QC,TEX,exports,0.5425996743973931,region-sector
2013,QC,TEX,imports,0.19422814531200594,region-sector
2013,QC,WOD,exports,0.9023741893771473,region-sector
2013,QC,WOD,imports,0.5144953392999417,region-sector
2013,QC,PAP,exports,0.7487381920891714,region-sector
2013,QC,PAP,imports,0.7982725623710197,region-sector
2013,QC,PET,exports,0.8113409479472571,region-sector
2013,QC,PET,imports,0.4300764559354616,region-sector
2013,QC,CHM,exports,0.7464929512735793,region-sector
2013,QC,CHM,imports,0.48901909395478677,region-sector
2013,QC,RUB,exports,0.8506476372198555,region-sector
2013,QC,RUB,imports,0.6523645285106792,region-sector
2013,QC,NMM,exports,0.821567015417882,region-sector
2013,QC,NMM,imports,0.3815269903404102,region-sector
2013,QC,BMT,exports,0.8418657741339619,region-sector
2013,QC,BMT,imports,0.3559877194662104,region-sector
2013,QC,FMT,exports,0.650160419106757,region-sector
2013,QC,FMT,imports,0.5630323097680959,region-sector
2013,QC,ELC,exports,0.6583677649468517,region-sector
2013,QC,ELC,imports,0.7414226216579429,region-sector
2013,QC,ELQ,exports,0.7928586276924061,region-sector
2013,QC,ELQ,imports,0.5849849095025509,region-sector
2013,QC,MAC,exports,0.5350034270030889,region-sector
2013,QC,MAC,imports,0.4753924652827228,region-sector
2013,QC,MTV,exports,0.8500919029053284,region-sector
2013,QC,MTV,imports,0.7248462195308734,region-sector
2013,QC,OTE,exports,0.6211549383752942,region-sector
2013,QC,OTE,imports,0.43597299009244017,region-sector
2013,QC,MFN,exports,0.7661014584512589,region-sector
2013,QC,MFN,imports,0.4304699950801266,region-sector
2013,QC,UTL,exports,0.9688688794718674,region-sector
2013,QC,UTL,imports,0.8467822133825827,region-sector
2013,QC,CON,exports,0.6470588235294118,region-sector
2013,QC,CON,imports,0.6389791401798748,region-sector
2013,QC,TRD,exports,0.6808471912847022,region-sector
2013,QC,TRD,imports,0.7187774236102068,region-sector
2013,QC,TRN,exports,0.5721090242075472,region-sector
2013,QC,TRN,imports,0.6365884036956481,region-sector
2013,QC,ACC,exports,0.4936690897630984,region-sector
2013,QC,ACC,imports,0.6089024354241763,region-sector
2013,QC,PUB,exports,0.7657898256392544,region-sector
2013,QC,PUB,imports,0.713775302783447,region-sector
2013,QC,TEL,exports,0.5736114516562167,region-sector
2013,QC,TEL,imports,0.47786428035885103,region-sector
2013,QC,ITS,exports,0.7491342413267909,region-sector
2013,QC,ITS,imports,0.6511470176312146,region-sector
2013,QC,FIN,exports,0.5184320587915583,region-sector
2013,QC,FIN,imports,0.4666234003264858,region-sector
2013,QC,REA,exports,0.11916843678703486,region-sector
2013,QC,REA,imports,0.24792668478639623,region-sector
2013,QC,PRF,exports,0.5519797339548314,region-sector
2013,QC,PRF,imports,0.7000583545803857,region-sector
2013,QC,ADM,exports,0.6099471795430271,region-sector
2013,QC,ADM,imports,0.6774911289369797,region-sector
2013,QC,PAD,exports,0.5657861718164717,region-sector
2013,QC,PAD,imports,0.5267107676913669,region-sector
2013,QC,EDU,exports,0.19243394889444837,region-sector
2013,QC,EDU,imports,0.6117373765291954,region-sector
2013,QC,HTH,exports,0.5810711408455637,region-sector
2013,QC,HTH,imports,0.8998454675336035,region-sector
2013,QC,ART,exports,0.6115566837118143,region-sector
2013,QC,ART,imports,0.6301310410644454,region-sector
2013,QC,OSV,exports,0.4554463062979889,region-sector
2013,QC,OSV,imports,0.6139261294079006,region-sector
2013,ON,AGR,exports,0.5331739071244942,region-sector
2013,ON,AGR,imports,0.7504235346706152,region-sector
2013,ON,MIE,exports,0.9301460827653106,canada-sector
2013,ON,MIE,imports,0.9957802554592994,region-sector
2013,ON,MIN,exports,0.38877011395956385,region-sector
2013,ON,MIN,imports,0.22247382924633713,region-sector
2013,ON,MIS,exports,0.3921817066754664,region-sector
2013,ON,MIS,imports,0.7782144862436834,region-sector
2013,ON,FOD,exports,0.8228486056971268,region-sector
2013,ON,FOD,imports,0.6927889262409965,region-sector
2013,ON,TEX,exports,0.574112614527875,region-sector
2013,ON,TEX,imports,0.4088507895603573,region-sector
2013,ON,WOD,exports,0.9337632360456788,region-sector
2013,ON,WOD,imports,0.7117114366129208,region-sector
2013,ON,PAP,exports,0.8780158181891177,region-sector
2013,ON,PAP,imports,0.9062961557864451,region-sector
2013,ON,PET,exports,0.8901937595604562,region-sector
2013,ON,PET,imports,0.7481847089747035,region-sector
2013,ON,CHM,exports,0.7561333909190047,region-sector
2013,ON,CHM,imports,0.7093892136899369,region-sector
2013,ON,RUB,exports,0.8687184102454595,region-sector
2013,ON,RUB,imports,0.7845164563394892,region-sector
2013,ON,NMM,exports,0.8545713712410037,region-sector
2013,ON,NMM,imports,0.7983702529096874,region-sector
2013,ON,BMT,exports,0.43706594228128215,region-sector
2013,ON,BMT,imports,0.610828834318992,region-sector
2013,ON,FMT,exports,0.8228874094229386,region-sector
2013,ON,FMT,imports,0.7382752975236772,region-sector
2013,ON,ELC,exports,0.6097848978289987,region-sector
2013,ON,ELC,imports,0.5597969314150317,region-sector
2013,ON,ELQ,exports,0.773164223438924,region-sector
2013,ON,ELQ,imports,0.691562549749117,region-sector
2013,ON,MAC,exports,0.7238183540499165,region-sector
2013,ON,MAC,imports,0.7669781713822744,region-sector
2013,ON,MTV,exports,0.9586428179925939,region-sector
2013,ON,MTV,imports,0.7104256589026369,region-sector
2013,ON,OTE,exports,0.5462454722149958,region-sector
2013,ON,OTE,imports,0.685689982835682,region-sector
2013,ON,MFN,exports,0.7346842982855072,region-sector
2013,ON,MFN,imports,0.6738554351938788,region-sector
2013,ON,UTL,exports,0.907923464264273,region-sector
2013,ON,UTL,imports,0.9300293853706605,region-sector
2013,ON,CON,exports,0.6059321626172721,region-sector
2013,ON,CON,imports,0.9566557683325548,region-sector
2013,ON,TRD,exports,0.6985069107233342,region-sector
2013,ON,TRD,imports,0.7333025312825171,region-sector
2013,ON,TRN,exports,0.5439435623172153,region-sector
2013,ON,TRN,imports,0.6633111320424567,region-sector
2013,ON,ACC,exports,0.4941637685821066,region-sector
2013,ON,ACC,imports,0.6091843018645234,region-sector
2013,ON,PUB,exports,0.771782831664779,region-sector
2013,ON,PUB,imports,0.9024189934093635,region-sector
2013,ON,TEL,exports,0.5952976661860426,region-sector
2013,ON,TEL,imports,0.47754127539726604,region-sector
2013,ON,ITS,exports,0.7493879868828234,region-sector
2013,ON,ITS,imports,0.658075838819619,region-sector
2013,ON,FIN,exports,0.5156903051239279,region-sector
2013,ON,FIN,imports,0.4648221135995238,region-sector
2013,ON,REA,exports,0.27580179883442335,region-sector
2013,ON,REA,imports,0.2528394445830215,region-sector
2013,ON,PRF,exports,0.5991259044967819,region-sector
2013,ON,PRF,imports,0.6585221969304449,region-sector
2013,ON,ADM,exports,0.6227347433852196,region-sector
2013,ON,ADM,imports,0.6824412453452855,region-sector
2013,ON,PAD,exports,0.39142065142949783,region-sector
2013,ON,PAD,imports,0.5176277344472364,region-sector
2013,ON,EDU,exports,0.19070844297280168,region-sector
2013,ON,EDU,imports,0.6105743317239474,region-sector
2013,ON,HTH,exports,0.5583652470096253,region-sector
2013,ON,HTH,imports,0.8940125919461414,region-sector
2013,ON,ART,exports,0.6545658777960983,region-sector
2013,ON,ART,imports,0.6297144918404489,region-sector
2013,ON,OSV,exports,0.47528384831904863,region-sector
2013,ON,OSV,imports,0.6131855752596123,region-sector
2013,MB,AGR,exports,0.35411655857392027,region-sector
2013,MB,AGR,imports,0.7893076200196033,region-sector
2013,MB,MIE,exports,1,region-sector
2013,MB,MIE,imports,0.9999598876855196,region-sector
2013,MB,MIN,exports,0.20646119012453049,region-sector
2013,MB,MIN,imports,0.13249568593615185,region-sector
2013,MB,MIS,exports,0.3798235942668136,region-sector
2013,MB,MIS,imports,0.778231266568764,region-sector
2013,MB,FOD,exports,0.5857342533130052,region-sector
2013,MB,FOD,imports,0.9153759793216503,region-sector
2013,MB,TEX,exports,0.7675640789231054,region-sector
2013,MB,TEX,imports,0.5657102880480585,region-sector
2013,MB,WOD,exports,0.9901828163688287,region-sector
2013,MB,WOD,imports,0.9068547271553584,region-sector
2013,MB,PAP,exports,0.5865237915031769,region-sector
2013,MB,PAP,imports,0.9520536520734789,region-sector
2013,MB,PET,exports,0.9851959475378935,region-sector
2013,MB,PET,imports,0.9973466729610903,region-sector
2013,MB,CHM,exports,0.7971715767049737,region-sector
2013,MB,CHM,imports,0.8664325284297055,region-sector
2013,MB,RUB,exports,0.9065368177678133,region-sector
2013,MB,RUB,imports,0.8799487595932792,region-sector
2013,MB,NMM,exports,0.5419795607249731,region-sector
2013,MB,NMM,imports,0.8916423102440423,region-sector
2013,MB,BMT,exports,0.3500844742115476,region-sector
2013,MB,BMT,imports,0.9085459772567672,region-sector
2013,MB,FMT,exports,0.8050951830202243,region-sector
2013,MB,FMT,imports,0.9100835843849411,region-sector
2013,MB,ELC,exports,0.22729742829027566,region-sector
2013,MB,ELC,imports,0.7958909304009102,region-sector
2013,MB,ELQ,exports,0.8524479286757357,region-sector
2013,MB,ELQ,imports,0.876342041161056,region-sector
2013,MB,MAC,exports,0.808410383980932,region-sector
2013,MB,MAC,imports,0.9227602970932423,region-sector
2013,MB,MTV,exports,0.9881291275572033,region-sector
2013,MB,MTV,imports,0.7711065342391158,region-sector
2013,MB,OTE,exports,0.8875597385416719,region-sector
2013,MB,OTE,imports,0.808717176386383,region-sector
2013,MB,MFN,exports,0.5787731391257455,region-sector
2013,MB,MFN,imports,0.7917291393274966,region-sector
2013,MB,UTL,exports,0.9983981567194715,region-sector
2013,MB,UTL,imports,0.9871071716357775,region-sector
2013,MB,CON,exports,0.6307324205768975,region-sector
2013,MB,CON,imports,0.996309963099631,region-sector
2013,MB,TRD,exports,0.5155409260070434,region-sector
2013,MB,TRD,imports,0.8462674543501612,region-sector
2013,MB,TRN,exports,0.6523876729523252,region-sector
2013,MB,TRN,imports,0.6609840170609368,region-sector
2013,MB,ACC,exports,0.4917337501232919,region-sector
2013,MB,ACC,imports,0.6087632643856725,region-sector
2013,MB,PUB,exports,0.8795083138786983,region-sector
2013,MB,PUB,imports,0.935490748225596,region-sector
2013,MB,TEL,exports,0.5845192393536291,region-sector
2013,MB,TEL,imports,0.48470559787208317,region-sector
2013,MB,ITS,exports,0.7184916313772939,region-sector
2013,MB,ITS,imports,0.6426981645338822,region-sector
2013,MB,FIN,exports,0.5280265322698211,region-sector
2013,MB,FIN,imports,0.4514378618381689,region-sector
2013,MB,REA,exports,0.09340274301731906,region-sector
2013,MB,REA,imports,0.2817373805131645,region-sector
2013,MB,PRF,exports,0.6330484916307154,region-sector
2013,MB,PRF,imports,0.6853287849642251,region-sector
2013,MB,ADM,exports,0.6082033772368223,region-sector
2013,MB,ADM,imports,0.6761156901307208,region-sector
2013,MB,PAD,exports,0.4873857535328868,region-sector
2013,MB,PAD,imports,0.5378517637732857,region-sector
2013,MB,EDU,exports,0.21327510470936764,region-sector
2013,MB,EDU,imports,0.6246714661181578,region-sector
2013,MB,HTH,exports,0.6445022699590299,region-sector
2013,MB,HTH,imports,0.8971677559912855,region-sector
2013,MB,ART,exports,0.6570474002923365,region-sector
2013,MB,ART,imports,0.6228188033606585,region-sector
2013,MB,OSV,exports,0.3892739875957679,region-sector
2013,MB,OSV,imports,0.6116846835904288,region-sector
2013,SK,AGR,exports,0.17859345700668655,region-sector
2013,SK,AGR,imports,0.8688786008230452,region-sector
2013,SK,MIE,exports,0.9976887950484795,region-sector
2013,SK,MIE,imports,1,region-sector
2013,SK,MIN,exports,0.5266179681533795,region-sector
2013,SK,MIN,imports,0.9172541416989778,region-sector
2013,SK,MIS,exports,0.404163052905464,region-sector
2013,SK,MIS,imports,0.7782405330941246,region-sector
2013,SK,FOD,exports,0.6897281422410114,region-sector
2013,SK,FOD,imports,0.8797055016436882,region-sector
2013,SK,TEX,exports,0.9385778156269959,region-sector
2013,SK,TEX,imports,0.3366196013289037,region-sector
2013,SK,WOD,exports,0.9775070453822801,region-sector
2013,SK,WOD,imports,0.8417047396505423,region-sector
2013,SK,PAP,exports,0.0423529411764706,region-sector
2013,SK,PAP,imports,0.9521374679508372,region-sector
2013,SK,PET,exports,0.928578107434009,region-sector
2013,SK,PET,imports,0.9998443704871717,region-sector
2013,SK,CHM,exports,0.7328801717243991,region-sector
2013,SK,CHM,imports,0.8617145320389572,region-sector
2013,SK,RUB,exports,0.9303246239113223,region-sector
2013,SK,RUB,imports,0.8590611813439442,region-sector
2013,SK,NMM,exports,0.8577866800200301,region-sector
2013,SK,NMM,imports,0.8715650757986949,region-sector
2013,SK,BMT,exports,0.9984932022875929,region-sector
2013,SK,BMT,imports,0.8890537918482618,region-sector
2013,SK,FMT,exports,0.8255933726358236,region-sector
2013,SK,FMT,imports,0.8823265105867253,region-sector
2013,SK,ELC,exports,0.9635083144803611,region-sector
2013,SK,ELC,imports,0.8289425069045315,region-sector
2013,SK,ELQ,exports,0.9629852264582803,region-sector
2013,SK,ELQ,imports,0.8981211858253229,region-sector
2013,SK,MAC,exports,0.7880415167962395,region-sector
2013,SK,MAC,imports,0.9463145074753486,region-sector
2013,SK,MTV,exports,0.941510668517898,region-sector
2013,SK,MTV,imports,0.9012761245777939,region-sector
2013,SK,OTE,exports,0.723404255319149,region-sector
2013,SK,OTE,imports,0.8876822474307203,region-sector
2013,SK,MFN,exports,0.791735265064208,region-sector
2013,SK,MFN,imports,0.8531079887829065,region-sector
2013,SK,UTL,exports,0.8573283858998144,region-sector
2013,SK,UTL,imports,0.98472713726951,region-sector
2013,SK,CON,exports,0.5446685878962536,region-sector
2013,SK,CON,imports,0.9928909952606635,region-sector
2013,SK,TRD,exports,0.5952468977230023,region-sector
2013,SK,TRD,imports,0.9426802560646901,region-sector
2013,SK,TRN,exports,0.7172230794119979,region-sector
2013,SK,TRN,imports,0.6437354435432306,region-sector
2013,SK,ACC,exports,0.4921298324850855,region-sector
2013,SK,ACC,imports,0.6089853364125939,region-sector
2013,SK,PUB,exports,0.8781885695834678,region-sector
2013,SK,PUB,imports,0.9364355157333747,region-sector
2013,SK,TEL,exports,0.5807792648524827,region-sector
2013,SK,TEL,imports,0.48321413929759033,region-sector
2013,SK,ITS,exports,0.7119359534206696,region-sector
2013,SK,ITS,imports,0.6438196527253881,region-sector
2013,SK,FIN,exports,0.5415905455703207,region-sector
2013,SK,FIN,imports,0.6257065737845237,region-sector
2013,SK,REA,exports,0.40053988643768035,region-sector
2013,SK,REA,imports,0.28208440999138673,region-sector
2013,SK,PRF,exports,0.6272579962067505,region-sector
2013,SK,PRF,imports,0.635327749636391,region-sector
2013,SK,ADM,exports,0.6295640218914418,region-sector
2013,SK,ADM,imports,0.6812600859717522,region-sector
2013,SK,PAD,exports,0.5342789598108747,region-sector
2013,SK,PAD,imports,0.5737851092287116,region-sector
2013,SK,EDU,exports,0.18051824248201753,region-sector
2013,SK,EDU,imports,0.6217289553932345,region-sector
2013,SK,HTH,exports,0.7138624668641822,region-sector
2013,SK,HTH,imports,0.8995340167753961,region-sector
2013,SK,ART,exports,0.6484239518514741,region-sector
2013,SK,ART,imports,0.6206837033130365,region-sector
2013,SK,OSV,exports,0.2851365015166835,region-sector
2013,SK,OSV,imports,0.6055658627087198,region-sector
2013,AB,AGR,exports,0.28625224312232267,region-sector
2013,AB,AGR,imports,0.8537146517477258,region-sector
2013,AB,MIE,exports,0.9883350919178724,region-sector
2013,AB,MIE,imports,0.9999417224610757,region-sector
2013,AB,MIN,exports,0.7865186918827779,region-sector
2013,AB,MIN,imports,0.1302145337684047,region-sector
2013,AB,MIS,exports,0.39259836384885083,region-sector
2013,AB,MIS,imports,0.7782302933190903,region-sector
2013,AB,FOD,exports,0.44119668120347283,region-sector
2013,AB,FOD,imports,0.6992184315984002,region-sector
2013,AB,TEX,exports,0.6332383288040477,region-sector
2013,AB,TEX,imports,0.47637340223007885,region-sector
2013,AB,WOD,exports,0.8982967128563383,region-sector
2013,AB,WOD,imports,0.5383834956511807,region-sector
2013,AB,PAP,exports,0.5042939319567051,region-sector
2013,AB,PAP,imports,0.890485582793275,region-sector
2013,AB,PET,exports,0.8231091186950839,region-sector
2013,AB,PET,imports,0.9542637287427943,region-sector
2013,AB,CHM,exports,0.7950026423280515,region-sector
2013,AB,CHM,imports,0.7747363114541763,region-sector
2013,AB,RUB,exports,0.8471806549555411,region-sector
2013,AB,RUB,imports,0.7224278122955183,region-sector
2013,AB,NMM,exports,0.899641184365499,region-sector
2013,AB,NMM,imports,0.6685935356575777,region-sector
2013,AB,BMT,exports,0.2894354904295494,region-sector
2013,AB,BMT,imports,0.7788402706447249,region-sector
2013,AB,FMT,exports,0.5924462277148969,region-sector
2013,AB,FMT,imports,0.6977773214531465,region-sector
2013,AB,ELC,exports,0.5407241007579753,region-sector
2013,AB,ELC,imports,0.6533499705550139,region-sector
2013,AB,ELQ,exports,0.6682716827770661,region-sector
2013,AB,ELQ,imports,0.687308999938207,region-sector
2013,AB,MAC,exports,0.5245508825549793,region-sector
2013,AB,MAC,imports,0.8252373426995894,region-sector
2013,AB,MTV,exports,0.5223429014740109,region-sector
2013,AB,MTV,imports,0.8923004092018256,region-sector
2013,AB,OTE,exports,0.5745541295639528,region-sector
2013,AB,OTE,imports,0.7016461777193991,region-sector
2013,AB,MFN,exports,0.7056444681289967,region-sector
2013,AB,MFN,imports,0.6739251813114625,region-sector
2013,AB,UTL,exports,0.8962493561254926,region-sector
2013,AB,UTL,imports,0.9639032130107101,region-sector
2013,AB,CON,exports,0.622057140713227,region-sector
2013,AB,CON,imports,0.959090909090909,region-sector
2013,AB,TRD,exports,0.7063336424560396,region-sector
2013,AB,TRD,imports,0.8808192833233344,region-sector
2013,AB,TRN,exports,0.781878813543144,region-sector
2013,AB,TRN,imports,0.6343197540353575,region-sector
2013,AB,ACC,exports,0.48664735145037924,region-sector
2013,AB,ACC,imports,0.6095291291962242,region-sector
2013,AB,PUB,exports,0.6760021255143474,region-sector
2013,AB,PUB,imports,0.9321176118267277,region-sector
2013,AB,TEL,exports,0.5987912064219855,region-sector
2013,AB,TEL,imports,0.47995709144428295,region-sector
2013,AB,ITS,exports,0.7371765702306521,region-sector
2013,AB,ITS,imports,0.6538384771368814,region-sector
2013,AB,FIN,exports,0.49243290855430233,region-sector
2013,AB,FIN,imports,0.39473662226566253,region-sector
2013,AB,REA,exports,0.18037491705374917,region-sector
2013,AB,REA,imports,0.2807954336218008,region-sector
2013,AB,PRF,exports,0.5517214131809627,region-sector
2013,AB,PRF,imports,0.6402976618054665,region-sector
2013,AB,ADM,exports,0.5930208175392526,region-sector
2013,AB,ADM,imports,0.6830589411031068,region-sector
2013,AB,PAD,exports,0.497849683812662,region-sector
2013,AB,PAD,imports,0.5850012929919834,region-sector
2013,AB,EDU,exports,0.20530052672017182,region-sector
2013,AB,EDU,imports,0.6185542092707994,region-sector
2013,AB,HTH,exports,0.5955862723578441,region-sector
2013,AB,HTH,imports,0.9077386145524342,region-sector
2013,AB,ART,exports,0.605856212402189,region-sector
2013,AB,ART,imports,0.6186379988888349,region-sector
2013,AB,OSV,exports,0.37142857142857144,region-sector
2013,AB,OSV,imports,0.6140597963864634,region-sector
2013,BC,AGR,exports,0.4658989193084349,region-sector
2013,BC,AGR,imports,0.7917825802712303,region-sector
2013,BC,MIE,exports,0.3840593978907813,region-sector
2013,BC,MIE,imports,0.31496948281400583,region-sector
2013,BC,MIN,exports,0.06973692209521956,region-sector
2013,BC,MIN,imports,0.36808514244346296,region-sector
2013,BC,MIS,exports,0.38160513466796137,region-sector
2013,BC,MIS,imports,0.7782311407213783,region-sector
2013,BC,FOD,exports,0.6109480069820014,region-sector
2013,BC,FOD,imports,0.686061080363156,region-sector
2013,BC,TEX,exports,0.4566029748190603,region-sector
2013,BC,TEX,imports,0.26948129906341495,region-sector
2013,BC,WOD,exports,0.5404313676513961,region-sector
2013,BC,WOD,imports,0.7939973814079968,region-sector
2013,BC,PAP,exports,0.29014416553740846,region-sector
2013,BC,PAP,imports,0.8727455425906472,region-sector
2013,BC,PET,exports,0.6123122137731299,region-sector
2013,BC,PET,imports,0.9340152964035233,region-sector
2013,BC,CHM,exports,0.5088999357378696,region-sector
2013,BC,CHM,imports,0.7199499980278936,region-sector
2013,BC,RUB,exports,0.7908413592585862,region-sector
2013,BC,RUB,imports,0.625225284550783,region-sector
2013,BC,NMM,exports,0.8766781741465287,region-sector
2013,BC,NMM,imports,0.6211529452469072,region-sector
2013,BC,BMT,exports,0.6394433178176406,region-sector
2013,BC,BMT,imports,0.5443569388109405,region-sector
2013,BC,FMT,exports,0.784602505139563,region-sector
2013,BC,FMT,imports,0.5874367880950286,region-sector
2013,BC,ELC,exports,0.5573599226472564,region-sector
2013,BC,ELC,imports,0.4168438722137885,region-sector
2013,BC,ELQ,exports,0.6481369810841691,region-sector
2013,BC,ELQ,imports,0.6141758122778392,region-sector
2013,BC,MAC,exports,0.6255262757547487,region-sector
2013,BC,MAC,imports,0.6035268727267472,region-sector
2013,BC,MTV,exports,0.7172142250799213,region-sector
2013,BC,MTV,imports,0.5691939026825534,region-sector
2013,BC,OTE,exports,0.5991620975034627,region-sector
2013,BC,OTE,imports,0.6821843919320122,region-sector
2013,BC,MFN,exports,0.7188466876328958,region-sector
2013,BC,MFN,imports,0.5374571353204959,region-sector
2013,BC,UTL,exports,0.9669900590267274,region-sector
2013,BC,UTL,imports,0.996068611596977,region-sector
2013,BC,CON,exports,0.6491025852132389,region-sector
2013,BC,CON,imports,0.48123980424143553,region-sector
2013,BC,TRD,exports,0.6931477083002384,region-sector
2013,BC,TRD,imports,0.921733696567994,region-sector
2013,BC,TRN,exports,0.505378484036979,region-sector
2013,BC,TRN,imports,0.6348694470939773,region-sector
2013,BC,ACC,exports,0.49329176927647334,region-sector
2013,BC,ACC,imports,0.6090774555320487,region-sector
2013,BC,PUB,exports,0.8010936527493745,region-sector
2013,BC,PUB,imports,0.9151628733140654,region-sector
2013,BC,TEL,exports,0.5875635691169673,region-sector
2013,BC,TEL,imports,0.47847262962685894,region-sector
2013,BC,ITS,exports,0.7508427053802299,region-sector
2013,BC,ITS,imports,0.6636011410567548,region-sector
2013,BC,FIN,exports,0.5160205114805501,region-sector
2013,BC,FIN,imports,0.40163141572182176,region-sector
2013,BC,REA,exports,0.12957248808377245,region-sector
2013,BC,REA,imports,0.2761627906976744,region-sector
2013,BC,PRF,exports,0.6026765992273372,region-sector
2013,BC,PRF,imports,0.7002892653569216,region-sector
2013,BC,ADM,exports,0.6280104981206619,region-sector
2013,BC,ADM,imports,0.674130511659886,region-sector
2013,BC,PAD,exports,0.5406077942313618,region-sector
2013,BC,PAD,imports,0.5842611468297527,region-sector
2013,BC,EDU,exports,0.17577430972388955,region-sector
2013,BC,EDU,imports,0.6096996486692174,region-sector
2013,BC,HTH,exports,0.5572392601072483,region-sector
2013,BC,HTH,imports,0.9025853633414018,region-sector
2013,BC,ART,exports,0.5686479804223327,region-sector
2013,BC,ART,imports,0.622399973285661,region-sector
2013,BC,OSV,exports,0.534184221962991,region-sector
2013,BC,OSV,imports,0.6089414921654128,region-sector
2013,YT,AGR,exports,0.09269662921348315,region-sector
2013,YT,AGR,imports,0.9201217192848992,region-sector
2013,YT,MIE,exports,0.9301460827653106,canada-sector
2013,YT,MIE,imports,0.9090909090909092,region-sector
2013,YT,MIN,exports,0.3077990667215166,region-sector
2013,YT,MIN,imports,1,region-sector
2013,YT,MIS,exports,0.38892805172179395,canada-sector
2013,YT,MIS,imports,0.7782306602938572,canada-sector
2013,YT,FOD,exports,0.6666666666666666,region-sector
2013,YT,FOD,imports,0.7802082743788556,region-sector
2013,YT,TEX,exports,0.41012658227848103,region-sector
2013,YT,TEX,imports,0.9294456867129575,region-sector
2013,YT,WOD,exports,0.9793103448275862,region-sector
2013,YT,WOD,imports,0.9046699760985475,region-sector
2013,YT,PAP,exports,0.2654867256637168,region-sector
2013,YT,PAP,imports,0.9017463546965073,region-sector
2013,YT,PET,exports,0.8504131145155165,canada-sector
2013,YT,PET,imports,0.9980835462726363,region-sector
2013,YT,CHM,exports,0.7586216849440743,canada-sector
2013,YT,CHM,imports,0.9350994354868465,region-sector
2013,YT,RUB,exports,0.8165680473372782,region-sector
2013,YT,RUB,imports,0.9618684461391802,region-sector
2013,YT,NMM,exports,0.8493382722277909,canada-sector
2013,YT,NMM,imports,0.9104290278411682,region-sector
2013,YT,BMT,exports,0.557024260990585,canada-sector
2013,YT,BMT,imports,0.8650870406189556,region-sector
2013,YT,FMT,exports,0.5499999999999999,region-sector
2013,YT,FMT,imports,0.9406939838094219,region-sector
2013,YT,ELC,exports,0.4700854700854701,region-sector
2013,YT,ELC,imports,0.8737163425909588,region-sector
2013,YT,ELQ,exports,0.7670146490951265,canada-sector
2013,YT,ELQ,imports,0.8070933477360699,region-sector
2013,YT,MAC,exports,0.6622438652119038,canada-sector
2013,YT,MAC,imports,0.8796270132805878,region-sector
2013,YT,MTV,exports,0.9527133690472692,canada-sector
2013,YT,MTV,imports,0.7642859337710359,region-sector
2013,YT,OTE,exports,0.6143950412168916,canada-sector
2013,YT,OTE,imports,0.6887295641171948,region-sector
2013,YT,MFN,exports,0.6558823529411766,region-sector
2013,YT,MFN,imports,0.9286237676525446,region-sector
2013,YT,UTL,exports,0.6858108108108107,region-sector
2013,YT,UTL,imports,0.7811577752553915,region-sector
2013,YT,CON,exports,0.6593245227606461,region-sector
2013,YT,CON,imports,1,region-sector
2013,YT,TRD,exports,0.6633875106928999,region-sector
2013,YT,TRD,imports,0.8710217755443886,region-sector
2013,YT,TRN,exports,0.2956939990838296,region-sector
2013,YT,TRN,imports,0.6323444976076555,region-sector
2013,YT,ACC,exports,0.5052876480541454,region-sector
2013,YT,ACC,imports,0.609033312895974,region-sector
2013,YT,PUB,exports,0.8599078341013825,region-sector
2013,YT,PUB,imports,0.9525229927914494,region-sector
2013,YT,TEL,exports,0.5780928424422593,region-sector
2013,YT,TEL,imports,0.4713129605024762,region-sector
2013,YT,ITS,exports,0.7333333333333333,region-sector
2013,YT,ITS,imports,0.6846024948799107,region-sector
2013,YT,FIN,exports,0.5813125988402742,region-sector
2013,YT,FIN,imports,0.5057627118644068,region-sector
2013,YT,REA,exports,0.07990314769975787,region-sector
2013,YT,REA,imports,0.2758620689655173,region-sector
2013,YT,PRF,exports,0.5911815896345001,region-sector
2013,YT,PRF,imports,0.6853915075964161,region-sector
2013,YT,ADM,exports,0.634190077704722,region-sector
2013,YT,ADM,imports,0.6579941797333101,region-sector
2013,YT,PAD,exports,0.5690388432095266,region-sector
2013,YT,PAD,imports,0.5862068965517242,region-sector
2013,YT,EDU,exports,0.5862068965517242,region-sector
2013,YT,EDU,imports,0.6532476319350473,region-sector
2013,YT,HTH,exports,0.6140463917525774,region-sector
2013,YT,HTH,imports,0.8993288590604027,region-sector
2013,YT,ART,exports,0.5097369320122993,region-sector
2013,YT,ART,imports,0.613658536585366,region-sector
2013,YT,OSV,exports,0.495774647887324,region-sector
2013,YT,OSV,imports,0.592964824120603,region-sector
2013,NT,AGR,exports,0.0015698587127158557,region-sector
2013,NT,AGR,imports,0.9307095343680709,region-sector
2013,NT,MIE,exports,0.3,region-sector
2013,NT,MIE,imports,0.9675324675324675,region-sector
2013,NT,MIN,exports,0.007113128688931424,region-sector
2013,NT,MIN,imports,0.8617543859649124,region-sector
2013,NT,MIS,exports,0.38892805172179395,canada-sector
2013,NT,MIS,imports,1,region-sector
2013,NT,FOD,exports,0.6641822012622345,canada-sector
2013,NT,FOD,imports,0.7512837033132236,region-sector
2013,NT,TEX,exports,0.2631578947368421,region-sector
2013,NT,TEX,imports,0.707034921553033,region-sector
2013,NT,WOD,exports,0.9444444444444445,region-sector
2013,NT,WOD,imports,0.8713845627246279,region-sector
2013,NT,PAP,exports,0,region-sector
2013,NT,PAP,imports,0.929565816678153,region-sector
2013,NT,PET,exports,0.8504131145155165,canada-sector
2013,NT,PET,imports,0.3602077642414212,region-sector
2013,NT,CHM,exports,0.59375,region-sector
2013,NT,CHM,imports,0.7931886039568045,region-sector
2013,NT,RUB,exports,0,region-sector
2013,NT,RUB,imports,0.8369680287952572,region-sector
2013,NT,NMM,exports,1,region-sector
2013,NT,NMM,imports,0.8254638373514055,region-sector
2013,NT,BMT,exports,1,region-sector
2013,NT,BMT,imports,0.8484060892165702,region-sector
2013,NT,FMT,exports,0.754601319240756,canada-sector
2013,NT,FMT,imports,0.7259705832050624,region-sector
2013,NT,ELC,exports,0.6119967020590001,canada-sector
2013,NT,ELC,imports,0.8811502934084928,region-sector
2013,NT,ELQ,exports,0.7670146490951265,canada-sector
2013,NT,ELQ,imports,0.809551804693906,region-sector
2013,NT,MAC,exports,0.619047619047619,region-sector
2013,NT,MAC,imports,0.8756536535736024,region-sector
2013,NT,MTV,exports,0.9527133690472692,canada-sector
2013,NT,MTV,imports,0.8050219668228181,region-sector
2013,NT,OTE,exports,0.6143950412168916,canada-sector
2013,NT,OTE,imports,0.9185113891562401,region-sector
2013,NT,MFN,exports,0.981218697829716,region-sector
2013,NT,MFN,imports,0.8411298335259647,region-sector
2013,NT,UTL,exports,0.6536964980544746,region-sector
2013,NT,UTL,imports,0.7813267813267812,region-sector
2013,NT,CON,exports,0.2445598417408506,region-sector
2013,NT,CON,imports,0.8729216152019003,region-sector
2013,NT,TRD,exports,0.7014976303317536,region-sector
2013,NT,TRD,imports,0.6475283213182286,region-sector
2013,NT,TRN,exports,0.4144151995816629,region-sector
2013,NT,TRN,imports,0.6275016616202643,region-sector
2013,NT,ACC,exports,0.49315833566043005,region-sector
2013,NT,ACC,imports,0.6093283222511322,region-sector
2013,NT,PUB,exports,0.8794233289646134,region-sector
2013,NT,PUB,imports,0.8940816326530612,region-sector
2013,NT,TEL,exports,0.5937344604674291,region-sector
2013,NT,TEL,imports,0.5020591148412658,region-sector
2013,NT,ITS,exports,0.6428571428571428,region-sector
2013,NT,ITS,imports,0.6455818445195557,region-sector
2013,NT,FIN,exports,0.6445412608918504,region-sector
2013,NT,FIN,imports,0.5609212481426449,region-sector
2013,NT,REA,exports,0.11553784860557768,region-sector
2013,NT,REA,imports,0.2838709677419355,region-sector
2013,NT,PRF,exports,0.6004192534064339,region-sector
2013,NT,PRF,imports,0.6301986437016144,region-sector
2013,NT,ADM,exports,0.6449627849733341,region-sector
2013,NT,ADM,imports,0.6679090842651466,region-sector
2013,NT,PAD,exports,0.6231805929919138,region-sector
2013,NT,PAD,imports,0.5571428571428572,region-sector
2013,NT,EDU,exports,0.6284424379232506,region-sector
2013,NT,EDU,imports,0.6527369040612125,region-sector
2013,NT,HTH,exports,0.6470268802606571,region-sector
2013,NT,HTH,imports,0.8992537313432837,region-sector
2013,NT,ART,exports,0.5107789594711124,region-sector
2013,NT,ART,imports,0.6491097922848665,region-sector
2013,NT,OSV,exports,0.47033898305084754,region-sector
2013,NT,OSV,imports,0.46618357487922696,region-sector
2013,NU,AGR,exports,0.0287664553876158,region-sector
2013,NU,AGR,imports,0.9176090468497576,region-sector
2013,NU,MIE,exports,0.9301460827653106,canada-sector
2013,NU,MIE,imports,0.9473684210526315,region-sector
2013,NU,MIN,exports,0.25194364839048256,canada-sector
2013,NU,MIN,imports,0.8531353135313531,region-sector
2013,NU,MIS,exports,0.38892805172179395,canada-sector
2013,NU,MIS,imports,0.7782306602938572,canada-sector
2013,NU,FOD,exports,0.0398671096345515,region-sector
2013,NU,FOD,imports,0.7648437500000002,region-sector
2013,NU,TEX,exports,0.08219178082191782,region-sector
2013,NU,TEX,imports,0.7018392697824446,region-sector
2013,NU,WOD,exports,0.7037231704149133,canada-sector
2013,NU,WOD,imports,0.7172434638053499,region-sector
2013,NU,PAP,exports,0,region-sector
2013,NU,PAP,imports,0.9232392915980231,region-sector
2013,NU,PET,exports,0.8504131145155165,canada-sector
2013,NU,PET,imports,0.32379145355551886,region-sector
2013,NU,CHM,exports,0.7586216849440743,canada-sector
2013,NU,CHM,imports,0.6913331486285672,region-sector
2013,NU,RUB,exports,0.8686934282933688,canada-sector
2013,NU,RUB,imports,0.864017521902378,region-sector
2013,NU,NMM,exports,0.8493382722277909,canada-sector
2013,NU,NMM,imports,0.7992017193736567,region-sector
2013,NU,BMT,exports,0.557024260990585,canada-sector
2013,NU,BMT,imports,0.7964724671897785,region-sector
2013,NU,FMT,exports,0.754601319240756,canada-sector
2013,NU,FMT,imports,0.7844341331309402,region-sector
2013,NU,ELC,exports,0.6119967020590001,canada-sector
2013,NU,ELC,imports,0.849626775824705,region-sector
2013,NU,ELQ,exports,0.7670146490951265,canada-sector
2013,NU,ELQ,imports,0.853971876610469,region-sector
2013,NU,MAC,exports,0.6622438652119038,canada-sector
2013,NU,MAC,imports,0.8915999544940154,region-sector
2013,NU,MTV,exports,0.9527133690472692,canada-sector
2013,NU,MTV,imports,0.8626439678907978,region-sector
2013,NU,OTE,exports,0.6143950412168916,canada-sector
2013,NU,OTE,imports,0.7921937766053119,region-sector
2013,NU,MFN,exports,0,region-sector
2013,NU,MFN,imports,0.7968910774658239,region-sector
2013,NU,UTL,exports,0.6882793017456359,region-sector
2013,NU,UTL,imports,0.7823497563616676,region-sector
2013,NU,CON,exports,0.5306122448979591,region-sector
2013,NU,CON,imports,0.8741258741258741,region-sector
2013,NU,TRD,exports,0.4460227272727273,region-sector
2013,NU,TRD,imports,0.810843373493976,region-sector
2013,NU,TRN,exports,0.36014686248331107,region-sector
2013,NU,TRN,imports,0.6813198859899144,region-sector
2013,NU,ACC,exports,0.4909136171272093,region-sector
2013,NU,ACC,imports,0.6092260770110561,region-sector
2013,NU,PUB,exports,0.7586206896551725,region-sector
2013,NU,PUB,imports,0.89509834530128,region-sector
2013,NU,TEL,exports,0.5829694323144105,region-sector
2013,NU,TEL,imports,0.4919953143303397,region-sector
2013,NU,ITS,exports,0.7486544544091923,canada-sector
2013,NU,ITS,imports,0.64213611201563,region-sector
2013,NU,FIN,exports,0.6089686098654709,region-sector
2013,NU,FIN,imports,0.47568093385214005,region-sector
2013,NU,REA,exports,0.25,region-sector
2013,NU,REA,imports,0.27868852459016397,region-sector
2013,NU,PRF,exports,0.634920634920635,region-sector
2013,NU,PRF,imports,0.6471165071211767,region-sector
2013,NU,ADM,exports,0.5914958238420653,region-sector
2013,NU,ADM,imports,0.6840847538633105,region-sector
2013,NU,PAD,exports,0.4887307236061685,region-sector
2013,NU,PAD,imports,0.6166666666666667,region-sector
2013,NU,EDU,exports,0.5910780669144982,region-sector
2013,NU,EDU,imports,0.6542288557213931,region-sector
2013,NU,HTH,exports,0.5,region-sector
2013,NU,HTH,imports,0.9014423076923077,region-sector
2013,NU,ART,exports,0.48859934853420195,region-sector
2013,NU,ART,imports,0.622093023255814,region-sector
2013,NU,OSV,exports,0.4831460674157303,region-sector
2013,NU,OSV,imports,0.5302013422818792,region-sector
2014,NL,AGR,exports,0.25077635335737286,region-sector
2014,NL,AGR,imports,0.6288885843497327,region-sector
2014,NL,MIE,exports,0.5109925689654093,region-sector
2014,NL,MIE,imports,0.37491341472293715,region-sector
2014,NL,MIN,exports,8.304786244586268e-4,region-sector
2014,NL,MIN,imports,0.990675915470237,region-sector
2014,NL,MIS,exports,0.30038022813688214,region-sector
2014,NL,MIS,imports,0.84,region-sector
2014,NL,FOD,exports,0.33588633989844474,region-sector
2014,NL,FOD,imports,0.2414150223481958,region-sector
2014,NL,TEX,exports,0.14087636654519597,region-sector
2014,NL,TEX,imports,0.4076805923966431,region-sector
2014,NL,WOD,exports,0.9957507082152975,region-sector
2014,NL,WOD,imports,0.7989773016497373,region-sector
2014,NL,PAP,exports,0.40617644537920394,region-sector
2014,NL,PAP,imports,0.7062850471422759,region-sector
2014,NL,PET,exports,0.4851793987109689,region-sector
2014,NL,PET,imports,0.5906147239328775,region-sector
2014,NL,CHM,exports,0.020399666944213156,region-sector
2014,NL,CHM,imports,0.4830796172735633,region-sector
2014,NL,RUB,exports,0.16968911917098448,region-sector
2014,NL,RUB,imports,0.23880458057908943,region-sector
2014,NL,NMM,exports,0.6588235294117646,region-sector
2014,NL,NMM,imports,0.30360260090211477,region-sector
2014,NL,BMT,exports,0.9104477611940298,region-sector
2014,NL,BMT,imports,0.055239757371282956,region-sector
2014,NL,FMT,exports,0.022816877778709835,region-sector
2014,NL,FMT,imports,0.42938710235902855,region-sector
2014,NL,ELC,exports,0.3027121609798775,region-sector
2014,NL,ELC,imports,0.5465438121920588,region-sector
2014,NL,ELQ,exports,0.5985163204747774,region-sector
2014,NL,ELQ,imports,0.3561980090004091,region-sector
2014,NL,MAC,exports,0.1308577692518498,region-sector
2014,NL,MAC,imports,0.4238294042332022,region-sector
2014,NL,MTV,exports,0.7517006802721088,region-sector
2014,NL,MTV,imports,0.5891987166792095,region-sector
2014,NL,OTE,exports,0.020213716213980874,region-sector
2014,NL,OTE,imports,0.31382824599090775,region-sector
2014,NL,MFN,exports,0.6124579124579124,region-sector
2014,NL,MFN,imports,0.581444052653475,region-sector
2014,NL,UTL,exports,0.7057291666666667,region-sector
2014,NL,UTL,imports,0.7572254335260117,region-sector
2014,NL,CON,exports,0.2313780260707635,region-sector
2014,NL,CON,imports,1,region-sector
2014,NL,TRD,exports,0.6634271973135646,region-sector
2014,NL,TRD,imports,0.7643278550358197,region-sector
2014,NL,TRN,exports,0.45090339677186225,region-sector
2014,NL,TRN,imports,0.5715976739375274,region-sector
2014,NL,ACC,exports,0.4764266759256963,region-sector
2014,NL,ACC,imports,0.5863836833473975,region-sector
2014,NL,PUB,exports,0.7776686772338335,region-sector
2014,NL,PUB,imports,0.46228579139117526,region-sector
2014,NL,TEL,exports,0.5842538675988875,region-sector
2014,NL,TEL,imports,0.46766912512716174,region-sector
2014,NL,ITS,exports,0.6566265060240963,region-sector
2014,NL,ITS,imports,0.644497875939671,region-sector
2014,NL,FIN,exports,0.6453154229304244,region-sector
2014,NL,FIN,imports,0.41739194262105994,region-sector
2014,NL,REA,exports,0.09357025472473296,region-sector
2014,NL,REA,imports,0.49578968987471755,region-sector
2014,NL,PRF,exports,0.5622347514095335,region-sector
2014,NL,PRF,imports,0.6797171078153442,region-sector
2014,NL,ADM,exports,0.6368371307338067,region-sector
2014,NL,ADM,imports,0.6512243276712073,region-sector
2014,NL,PAD,exports,0.4731726668650203,region-sector
2014,NL,PAD,imports,0.5145705521472392,region-sector
2014,NL,EDU,exports,0.15088476932799663,region-sector
2014,NL,EDU,imports,0.6112008335504037,region-sector
2014,NL,HTH,exports,0.4241758241758242,region-sector
2014,NL,HTH,imports,0.9238754325259515,region-sector
2014,NL,ART,exports,0.5722687577971842,region-sector
2014,NL,ART,imports,0.5966093243580155,region-sector
2014,NL,OSV,exports,0.33445692883895134,region-sector
2014,NL,OSV,imports,0.5886227544910179,region-sector
2014,PE,AGR,exports,0.6754191925161683,region-sector
2014,PE,AGR,imports,0.6312752949280979,region-sector
2014,PE,MIE,exports,0.9447222359597088,canada-sector
2014,PE,MIE,imports,0.5803193222548061,region-sector
2014,PE,MIN,exports,0.2516878034942907,canada-sector
2014,PE,MIN,imports,0.8812392426850257,region-sector
2014,PE,MIS,exports,0.125,region-sector
2014,PE,MIS,imports,0.8390773537693276,canada-sector
2014,PE,FOD,exports,0.7110150804659388,region-sector
2014,PE,FOD,imports,0.7576713545325611,region-sector
2014,PE,TEX,exports,0.40636042402826855,region-sector
2014,PE,TEX,imports,0.38249028583288175,region-sector
2014,PE,WOD,exports,0.7632850241545894,region-sector
2014,PE,WOD,imports,0.755520504731861,region-sector
2014,PE,PAP,exports,0.7142857142857142,region-sector
2014,PE,PAP,imports,0.9969341161121983,region-sector
2014,PE,PET,exports,0.7777777777777779,region-sector
2014,PE,PET,imports,0.40477866967093834,region-sector
2014,PE,CHM,exports,0.5088911946760171,region-sector
2014,PE,CHM,imports,0.8330974748938638,region-sector
2014,PE,RUB,exports,0.8853008740801639,canada-sector
2014,PE,RUB,imports,0.9884305835010059,region-sector
2014,PE,NMM,exports,0.7723880597014925,region-sector
2014,PE,NMM,imports,0.6092660926609266,region-sector
2014,PE,BMT,exports,0.717391304347826,region-sector
2014,PE,BMT,imports,0.9699757602468047,region-sector
2014,PE,FMT,exports,0.9099575054553807,region-sector
2014,PE,FMT,imports,0.8279546271518152,region-sector
2014,PE,ELC,exports,0.9907120743034056,region-sector
2014,PE,ELC,imports,0.6972959514719863,region-sector
2014,PE,ELQ,exports,0.9049255441008018,region-sector
2014,PE,ELQ,imports,0.8810655835622986,region-sector
2014,PE,MAC,exports,0.6348702374378796,region-sector
2014,PE,MAC,imports,0.8500267522739433,region-sector
2014,PE,MTV,exports,0.96875,region-sector
2014,PE,MTV,imports,0.6272989304578108,region-sector
2014,PE,OTE,exports,0.7353900045983189,region-sector
2014,PE,OTE,imports,0.6945941638413168,region-sector
2014,PE,MFN,exports,0.5186513629842181,region-sector
2014,PE,MFN,imports,0.8192873627183004,region-sector
2014,PE,UTL,exports,0.79342865835108,region-sector
2014,PE,UTL,imports,0.7962085308056871,region-sector
2014,PE,CON,exports,0.5783132530120482,region-sector
2014,PE,CON,imports,0.888888888888889,region-sector
2014,PE,TRD,exports,0.6135875402792695,region-sector
2014,PE,TRD,imports,0.8963197467352592,region-sector
2014,PE,TRN,exports,0.7292013352598276,region-sector
2014,PE,TRN,imports,0.6803317913542829,region-sector
2014,PE,ACC,exports,0.45505542642588953,region-sector
2014,PE,ACC,imports,0.5859203065530902,region-sector
2014,PE,PUB,exports,0.7752747252747253,region-sector
2014,PE,PUB,imports,0.9332400715007383,region-sector
2014,PE,TEL,exports,0.570048309178744,region-sector
2014,PE,TEL,imports,0.4675563736769443,region-sector
2014,PE,ITS,exports,0.7307692307692308,region-sector
2014,PE,ITS,imports,0.6336677814938685,region-sector
2014,PE,FIN,exports,0.6338391992250565,region-sector
2014,PE,FIN,imports,0.5011230733483077,region-sector
2014,PE,REA,exports,0.10071942446043165,region-sector
2014,PE,REA,imports,0.49457700650759223,region-sector
2014,PE,PRF,exports,0.6415579280347963,region-sector
2014,PE,PRF,imports,0.6935347738014855,region-sector
2014,PE,ADM,exports,0.6682027649769586,region-sector
2014,PE,ADM,imports,0.6625797536091264,region-sector
2014,PE,PAD,exports,0.6420960698689956,region-sector
2014,PE,PAD,imports,0.5884353741496599,region-sector
2014,PE,EDU,exports,0.1425614054719409,region-sector
2014,PE,EDU,imports,0.5989281886387996,region-sector
2014,PE,HTH,exports,0.6086278586278586,region-sector
2014,PE,HTH,imports,0.9255846917080085,region-sector
2014,PE,ART,exports,0.53328025477707,region-sector
2014,PE,ART,imports,0.6016750831383175,region-sector
2014,PE,OSV,exports,0.3548387096774194,region-sector
2014,PE,OSV,imports,0.5948275862068966,region-sector
2014,NS,AGR,exports,0.5654821571262715,region-sector
2014,NS,AGR,imports,0.20909366883664451,region-sector
2014,NS,MIE,exports,0.9624435171823871,region-sector
2014,NS,MIE,imports,0.3422921504540561,region-sector
2014,NS,MIN,exports,0.6751058516990556,region-sector
2014,NS,MIN,imports,0.31309675772274703,region-sector
2014,NS,MIS,exports,0.40384615384615385,region-sector
2014,NS,MIS,imports,0.8571428571428571,region-sector
2014,NS,FOD,exports,0.5206211533558562,region-sector
2014,NS,FOD,imports,0.1545666519736548,region-sector
2014,NS,TEX,exports,0.8759116482600543,region-sector
2014,NS,TEX,imports,0.04428521707549597,region-sector
2014,NS,WOD,exports,0.7698460458352139,region-sector
2014,NS,WOD,imports,0.23569315243756164,region-sector
2014,NS,PAP,exports,0.5195496830059598,region-sector
2014,NS,PAP,imports,0.4210724289178315,region-sector
2014,NS,PET,exports,0.08787878787878788,region-sector
2014,NS,PET,imports,0.8545589299470108,region-sector
2014,NS,CHM,exports,0.6250845673908142,region-sector
2014,NS,CHM,imports,0.31348069075536966,region-sector
2014,NS,RUB,exports,0.9407191829105126,region-sector
2014,NS,RUB,imports,0.09952311875738779,region-sector
2014,NS,NMM,exports,0.5193565976008724,region-sector
2014,NS,NMM,imports,0.06091303340285363,region-sector
2014,NS,BMT,exports,0.28804601274677444,region-sector
2014,NS,BMT,imports,0.05905914685846271,region-sector
2014,NS,FMT,exports,0.5927771948233648,region-sector
2014,NS,FMT,imports,0.10806196635206519,region-sector
2014,NS,ELC,exports,0.5834406302511839,region-sector
2014,NS,ELC,imports,0.5589101516944617,region-sector
2014,NS,ELQ,exports,0.8130023816612088,region-sector
2014,NS,ELQ,imports,0.1325812257447646,region-sector
2014,NS,MAC,exports,0.27828465443917794,region-sector
2014,NS,MAC,imports,0.11750403299959727,region-sector
2014,NS,MTV,exports,0.4424268318735313,region-sector
2014,NS,MTV,imports,0.0993465897940226,region-sector
2014,NS,OTE,exports,0.8576220609457386,region-sector
2014,NS,OTE,imports,0.3121416510493014,region-sector
2014,NS,MFN,exports,0.46694929625233167,region-sector
2014,NS,MFN,imports,0.18078436124237648,region-sector
2014,NS,UTL,exports,0.76474105968185635,region-sector
2014,NS,UTL,imports,0.7033898305084746,region-sector
2014,NS,CON,exports,0.5843160377358491,region-sector
2014,NS,CON,imports,0.0018678496381041325,region-sector
2014,NS,TRD,exports,0.681135139244906,region-sector
2014,NS,TRD,imports,0.6163015463917525,region-sector
2014,NS,TRN,exports,0.541168986912769,region-sector
2014,NS,TRN,imports,0.6636502374207293,region-sector
2014,NS,ACC,exports,0.46756505617927097,region-sector
2014,NS,ACC,imports,0.5864759668278432,region-sector
2014,NS,PUB,exports,0.8152056081520561,region-sector
2014,NS,PUB,imports,0.8576489533011271,region-sector
2014,NS,TEL,exports,0.6031585441085751,region-sector
2014,NS,TEL,imports,0.4733679807326657,region-sector
2014,NS,ITS,exports,0.5981956442622636,region-sector
2014,NS,ITS,imports,0.6442137658981161,region-sector
2014,NS,FIN,exports,0.559450279815793,region-sector
2014,NS,FIN,imports,0.4197296329946863,region-sector
2014,NS,REA,exports,0.10615521855486174,region-sector
2014,NS,REA,imports,0.44532110091743127,region-sector
2014,NS,PRF,exports,0.5872342203099544,region-sector
2014,NS,PRF,imports,0.7126374969445124,region-sector
2014,NS,ADM,exports,0.6403801465768933,region-sector
2014,NS,ADM,imports,0.6476680385896174,region-sector
2014,NS,PAD,exports,0.4676170632744818,region-sector
2014,NS,PAD,imports,0.5329062317996505,region-sector
2014,NS,EDU,exports,0.16765519290546718,region-sector
2014,NS,EDU,imports,0.5979688810211498,region-sector
2014,NS,HTH,exports,0.6393280255990248,region-sector
2014,NS,HTH,imports,0.9242721622505726,region-sector
2014,NS,ART,exports,0.5687715879904349,region-sector
2014,NS,ART,imports,0.5982581784819313,region-sector
2014,NS,OSV,exports,0.372078130003202,region-sector
2014,NS,OSV,imports,0.5836728298339078,region-sector
2014,NB,AGR,exports,0.8718103546260514,region-sector
2014,NB,AGR,imports,0.9604557891974961,region-sector
2014,NB,MIE,exports,0.9447222359597088,canada-sector
2014,NB,MIE,imports,0.5233664145717342,region-sector
2014,NB,MIN,exports,0.3314035512252138,region-sector
2014,NB,MIN,imports,0.035727655363461466,region-sector
2014,NB,MIS,exports,0.40880115155253954,region-sector
2014,NB,MIS,imports,0.8402366863905326,region-sector
2014,NB,FOD,exports,0.7498428333818306,region-sector
2014,NB,FOD,imports,0.8691307075816477,region-sector
2014,NB,TEX,exports,0.7761437908496732,region-sector
2014,NB,TEX,imports,0.5460573957901075,region-sector
2014,NB,WOD,exports,0.9450627812827521,region-sector
2014,NB,WOD,imports,0.9581725993110477,region-sector
2014,NB,PAP,exports,0.7010556348615772,region-sector
2014,NB,PAP,imports,0.977924145123223,region-sector
2014,NB,PET,exports,0.9826644847501721,region-sector
2014,NB,PET,imports,0.2972861382479383,region-sector
2014,NB,CHM,exports,0.8727570284645507,region-sector
2014,NB,CHM,imports,0.9219454409222384,region-sector
2014,NB,RUB,exports,0.9272186465457845,region-sector
2014,NB,RUB,imports,0.8571212587259466,region-sector
2014,NB,NMM,exports,0.9589514809144186,region-sector
2014,NB,NMM,imports,0.9054681777050029,region-sector
2014,NB,BMT,exports,0.8782496123797624,region-sector
2014,NB,BMT,imports,0.9190283100690145,region-sector
2014,NB,FMT,exports,0.9291852426180784,region-sector
2014,NB,FMT,imports,0.9147933170876458,region-sector
2014,NB,ELC,exports,0.49055539892867217,region-sector
2014,NB,ELC,imports,0.7844406160639907,region-sector
2014,NB,ELQ,exports,0.3221967963386728,region-sector
2014,NB,ELQ,imports,0.8382289571962079,region-sector
2014,NB,MAC,exports,0.7175787599659417,region-sector
2014,NB,MAC,imports,0.8604940425744055,region-sector
2014,NB,MTV,exports,0.5074055583291729,region-sector
2014,NB,MTV,imports,0.790746726432978,region-sector
2014,NB,OTE,exports,0.632495164410058,region-sector
2014,NB,OTE,imports,0.8503608631955492,region-sector
2014,NB,MFN,exports,0.59466828007589,region-sector
2014,NB,MFN,imports,0.7498841116586655,region-sector
2014,NB,UTL,exports,0.9693620321892575,region-sector
2014,NB,UTL,imports,0.9953311545387847,region-sector
2014,NB,CON,exports,0.52834008097166,region-sector
2014,NB,CON,imports,0.9996540989277067,region-sector
2014,NB,TRD,exports,0.7080021163886251,region-sector
2014,NB,TRD,imports,0.8860620982081794,region-sector
2014,NB,TRN,exports,0.7073116385364344,region-sector
2014,NB,TRN,imports,0.7172182875541183,region-sector
2014,NB,ACC,exports,0.4642046285018271,region-sector
2014,NB,ACC,imports,0.5859488218560464,region-sector
2014,NB,PUB,exports,0.6029847529766715,region-sector
2014,NB,PUB,imports,0.9347324239244491,region-sector
2014,NB,TEL,exports,0.5727680518347766,region-sector
2014,NB,TEL,imports,0.46982124079915877,region-sector
2014,NB,ITS,exports,0.7274715660542431,region-sector
2014,NB,ITS,imports,0.6344868746759028,region-sector
2014,NB,FIN,exports,0.604623732012267,region-sector
2014,NB,FIN,imports,0.47531389657373907,region-sector
2014,NB,REA,exports,0.0753711685823755,region-sector
2014,NB,REA,imports,0.4357986027463262,region-sector
2014,NB,PRF,exports,0.5958310381816599,region-sector
2014,NB,PRF,imports,0.6816564582958026,region-sector
2014,NB,ADM,exports,0.6462851088769668,region-sector
2014,NB,ADM,imports,0.662387357727401,region-sector
2014,NB,PAD,exports,0.5662654930842466,region-sector
2014,NB,PAD,imports,0.5117866004962779,region-sector
2014,NB,EDU,exports,0.22353091942774594,region-sector
2014,NB,EDU,imports,0.6036195400734794,region-sector
2014,NB,HTH,exports,0.6188497559688696,region-sector
2014,NB,HTH,imports,0.9242807825086307,region-sector
2014,NB,ART,exports,0.5347837765243084,region-sector
2014,NB,ART,imports,0.601360641649957,region-sector
2014,NB,OSV,exports,0.3234750462107209,region-sector
2014,NB,OSV,imports,0.5848158356301679,region-sector
2014,QC,AGR,exports,0.5243625586978998,region-sector
2014,QC,AGR,imports,0.5625464748974499,region-sector
2014,QC,MIE,exports,0.9447222359597088,canada-sector
2014,QC,MIE,imports,0.5656415507523992,region-sector
2014,QC,MIN,exports,0.16248468874207145,region-sector
2014,QC,MIN,imports,0.5402699970814974,region-sector
2014,QC,MIS,exports,0.5129941434846266,region-sector
2014,QC,MIS,imports,0.8390949617293296,region-sector
2014,QC,FOD,exports,0.6257030571699799,region-sector
2014,QC,FOD,imports,0.4408362633836489,region-sector
2014,QC,TEX,exports,0.5966145154819952,region-sector
2014,QC,TEX,imports,0.1991627635893021,region-sector
2014,QC,WOD,exports,0.9083003260888122,region-sector
2014,QC,WOD,imports,0.5477162091574035,region-sector
2014,QC,PAP,exports,0.7647292315018182,region-sector
2014,QC,PAP,imports,0.7666834018355052,region-sector
2014,QC,PET,exports,0.6863343621816691,region-sector
2014,QC,PET,imports,0.47907069463219804,region-sector
2014,QC,CHM,exports,0.7534282799641546,region-sector
2014,QC,CHM,imports,0.49040513491190224,region-sector
2014,QC,RUB,exports,0.8765708562176425,region-sector
2014,QC,RUB,imports,0.6483902444716388,region-sector
2014,QC,NMM,exports,0.8060047425689179,region-sector
2014,QC,NMM,imports,0.34526965710844804,region-sector
2014,QC,BMT,exports,0.8405089663211043,region-sector
2014,QC,BMT,imports,0.35783506358245004,region-sector
2014,QC,FMT,exports,0.7025681168572105,region-sector
2014,QC,FMT,imports,0.552268371578236,region-sector
2014,QC,ELC,exports,0.647559533620461,region-sector
2014,QC,ELC,imports,0.7632375432928441,region-sector
2014,QC,ELQ,exports,0.7268352648671527,region-sector
2014,QC,ELQ,imports,0.5908979254240361,region-sector
2014,QC,MAC,exports,0.5893607744767759,region-sector
2014,QC,MAC,imports,0.48393200914036094,region-sector
2014,QC,MTV,exports,0.9040593513250632,region-sector
2014,QC,MTV,imports,0.7321714255994928,region-sector
2014,QC,OTE,exports,0.6034354825950345,region-sector
2014,QC,OTE,imports,0.512384051462409,region-sector
2014,QC,MFN,exports,0.7703009849163167,region-sector
2014,QC,MFN,imports,0.4572708367006088,region-sector
2014,QC,UTL,exports,0.9614646322479559,region-sector
2014,QC,UTL,imports,0.9797949702607561,region-sector
2014,QC,CON,exports,0.6654718272987232,region-sector
2014,QC,CON,imports,0.6909698996655519,region-sector
2014,QC,TRD,exports,0.6485137793186879,region-sector
2014,QC,TRD,imports,0.6336856376914307,region-sector
2014,QC,TRN,exports,0.6144501405063473,region-sector
2014,QC,TRN,imports,0.6528877598589208,region-sector
2014,QC,ACC,exports,0.4709676676353342,region-sector
2014,QC,ACC,imports,0.5861250173772844,region-sector
2014,QC,PUB,exports,0.6808846094934462,region-sector
2014,QC,PUB,imports,0.6877695637333995,region-sector
2014,QC,TEL,exports,0.5964606843240573,region-sector
2014,QC,TEL,imports,0.46968384404090485,region-sector
2014,QC,ITS,exports,0.728066736042083,region-sector
2014,QC,ITS,imports,0.6513402486210588,region-sector
2014,QC,FIN,exports,0.5339030231316608,region-sector
2014,QC,FIN,imports,0.4545942698290062,region-sector
2014,QC,REA,exports,0.12173376554416593,region-sector
2014,QC,REA,imports,0.4086554083129155,region-sector
2014,QC,PRF,exports,0.5100003095587482,region-sector
2014,QC,PRF,imports,0.667560014158715,region-sector
2014,QC,ADM,exports,0.6224137800740089,region-sector
2014,QC,ADM,imports,0.6434441996519822,region-sector
2014,QC,PAD,exports,0.5367523599865677,region-sector
2014,QC,PAD,imports,0.51070906616943,region-sector
2014,QC,EDU,exports,0.12792040294118154,region-sector
2014,QC,EDU,imports,0.6188703392886679,region-sector
2014,QC,HTH,exports,0.5925907393339489,region-sector
2014,QC,HTH,imports,0.925308650414952,region-sector
2014,QC,ART,exports,0.575997349293145,region-sector
2014,QC,ART,imports,0.6047759023000698,region-sector
2014,QC,OSV,exports,0.4422397905578808,region-sector
2014,QC,OSV,imports,0.5880479138982349,region-sector
2014,ON,AGR,exports,0.46266472000826286,region-sector
2014,ON,AGR,imports,0.733546890919035,region-sector
2014,ON,MIE,exports,0.9447222359597088,canada-sector
2014,ON,MIE,imports,0.9993335892396248,region-sector
2014,ON,MIN,exports,0.41684207914840177,region-sector
2014,ON,MIN,imports,0.2528907898544363,region-sector
2014,ON,MIS,exports,0.4045938419166427,region-sector
2014,ON,MIS,imports,0.839080776870448,region-sector
2014,ON,FOD,exports,0.8288221929025026,region-sector
2014,ON,FOD,imports,0.6941790349809527,region-sector
2014,ON,TEX,exports,0.6307539720573337,region-sector
2014,ON,TEX,imports,0.4009192256775355,region-sector
2014,ON,WOD,exports,0.94825386446196,region-sector
2014,ON,WOD,imports,0.7154767704352241,region-sector
2014,ON,PAP,exports,0.8970632448147777,region-sector
2014,ON,PAP,imports,0.9023556400485373,region-sector
2014,ON,PET,exports,0.8659192536154847,region-sector
2014,ON,PET,imports,0.8072848556015294,region-sector
2014,ON,CHM,exports,0.7359977392724129,region-sector
2014,ON,CHM,imports,0.707589899890108,region-sector
2014,ON,RUB,exports,0.8799572658213972,region-sector
2014,ON,RUB,imports,0.778447416849834,region-sector
2014,ON,NMM,exports,0.8840888914711659,region-sector
2014,ON,NMM,imports,0.7818317720145942,region-sector
2014,ON,BMT,exports,0.4354157075691992,region-sector
2014,ON,BMT,imports,0.5910065969361146,region-sector
2014,ON,FMT,exports,0.8332914311357658,region-sector
2014,ON,FMT,imports,0.7411666048476834,region-sector
2014,ON,ELC,exports,0.6426792889408838,region-sector
2014,ON,ELC,imports,0.580370911404489,region-sector
2014,ON,ELQ,exports,0.8073550817972743,region-sector
2014,ON,ELQ,imports,0.6967349182387258,region-sector
2014,ON,MAC,exports,0.7329500749636936,region-sector
2014,ON,MAC,imports,0.7634056993192824,region-sector
2014,ON,MTV,exports,0.9599992061972202,region-sector
2014,ON,MTV,imports,0.712195207610568,region-sector
2014,ON,OTE,exports,0.5858022241675047,region-sector
2014,ON,OTE,imports,0.7427178231164548,region-sector
2014,ON,MFN,exports,0.7225431034016531,region-sector
2014,ON,MFN,imports,0.6809084708116157,region-sector
2014,ON,UTL,exports,0.836507989458585,region-sector
2014,ON,UTL,imports,0.8545278776033458,region-sector
2014,ON,CON,exports,0.6294580939171786,region-sector
2014,ON,CON,imports,0.9513302058342629,region-sector
2014,ON,TRD,exports,0.7131270524647273,region-sector
2014,ON,TRD,imports,0.6356839936992609,region-sector
2014,ON,TRN,exports,0.5861765910107658,region-sector
2014,ON,TRN,imports,0.6602087686659485,region-sector
2014,ON,ACC,exports,0.47293532868341953,region-sector
2014,ON,ACC,imports,0.586322526924332,region-sector
2014,ON,PUB,exports,0.7476866768667688,region-sector
2014,ON,PUB,imports,0.9070964409461921,region-sector
2014,ON,TEL,exports,0.6068267255700683,region-sector
2014,ON,TEL,imports,0.47085558618817375,region-sector
2014,ON,ITS,exports,0.7373093264861967,region-sector
2014,ON,ITS,imports,0.6575237817454292,region-sector
2014,ON,FIN,exports,0.5377566890972174,region-sector
2014,ON,FIN,imports,0.4708971592594618,region-sector
2014,ON,REA,exports,0.21697499657475447,region-sector
2014,ON,REA,imports,0.40023637442487087,region-sector
2014,ON,PRF,exports,0.5580100653454539,region-sector
2014,ON,PRF,imports,0.6610610317788831,region-sector
2014,ON,ADM,exports,0.6389887618725725,region-sector
2014,ON,ADM,imports,0.6449652734058252,region-sector
2014,ON,PAD,exports,0.38516583112756064,region-sector
2014,ON,PAD,imports,0.5084302325581395,region-sector
2014,ON,EDU,exports,0.12443253875251613,region-sector
2014,ON,EDU,imports,0.6041856486732738,region-sector
2014,ON,HTH,exports,0.544043727516139,region-sector
2014,ON,HTH,imports,0.9249918479526715,region-sector
2014,ON,ART,exports,0.5860294698925212,region-sector
2014,ON,ART,imports,0.6015553538954349,region-sector
2014,ON,OSV,exports,0.4387009274448974,region-sector
2014,ON,OSV,imports,0.5894304726646028,region-sector
2014,MB,AGR,exports,0.4100483030968414,region-sector
2014,MB,AGR,imports,0.79440240269052,region-sector
2014,MB,MIE,exports,0.9999990105514791,region-sector
2014,MB,MIE,imports,0.9989236895920783,region-sector
2014,MB,MIN,exports,0.10933106218016021,region-sector
2014,MB,MIN,imports,0.455801322418136,region-sector
2014,MB,MIS,exports,0.4017539701351031,region-sector
2014,MB,MIS,imports,0.8390860816098379,region-sector
2014,MB,FOD,exports,0.5528945602411038,region-sector
2014,MB,FOD,imports,0.896135908132363,region-sector
2014,MB,TEX,exports,0.8127158210576687,region-sector
2014,MB,TEX,imports,0.5364285174749304,region-sector
2014,MB,WOD,exports,0.9910098082730651,region-sector
2014,MB,WOD,imports,0.9048534508289992,region-sector
2014,MB,PAP,exports,0.5244863479010857,region-sector
2014,MB,PAP,imports,0.9422566696397321,region-sector
2014,MB,PET,exports,0.9962394091794662,region-sector
2014,MB,PET,imports,0.9634121686563306,region-sector
2014,MB,CHM,exports,0.8556703906947433,region-sector
2014,MB,CHM,imports,0.8464706343745436,region-sector
2014,MB,RUB,exports,0.8999137618161295,region-sector
2014,MB,RUB,imports,0.8797018811821627,region-sector
2014,MB,NMM,exports,0.6049943246311009,region-sector
2014,MB,NMM,imports,0.902581973705053,region-sector
2014,MB,BMT,exports,0.35841434766746405,region-sector
2014,MB,BMT,imports,0.8653024023803102,region-sector
2014,MB,FMT,exports,0.7872730301515908,region-sector
2014,MB,FMT,imports,0.9049745196930702,region-sector
2014,MB,ELC,exports,0.20584201603840072,region-sector
2014,MB,ELC,imports,0.7779150046399091,region-sector
2014,MB,ELQ,exports,0.8706030313638542,region-sector
2014,MB,ELQ,imports,0.8125808105151215,region-sector
2014,MB,MAC,exports,0.8037402683235972,region-sector
2014,MB,MAC,imports,0.9207611653894873,region-sector
2014,MB,MTV,exports,0.9886414624716743,region-sector
2014,MB,MTV,imports,0.7917258474830784,region-sector
2014,MB,OTE,exports,0.877307214237457,region-sector
2014,MB,OTE,imports,0.8233263815760921,region-sector
2014,MB,MFN,exports,0.5645795671785749,region-sector
2014,MB,MFN,imports,0.7760007764827023,region-sector
2014,MB,UTL,exports,0.9775915431803254,region-sector
2014,MB,UTL,imports,0.9866063723290415,region-sector
2014,MB,CON,exports,0.6703917475132015,region-sector
2014,MB,CON,imports,1,region-sector
2014,MB,TRD,exports,0.47171219759332245,region-sector
2014,MB,TRD,imports,0.7587213158243798,region-sector
2014,MB,TRN,exports,0.6623196370327161,region-sector
2014,MB,TRN,imports,0.6646496927838279,region-sector
2014,MB,ACC,exports,0.4594773075259769,region-sector
2014,MB,ACC,imports,0.5861868105939951,region-sector
2014,MB,PUB,exports,0.8276991972038664,region-sector
2014,MB,PUB,imports,0.9389563548819814,region-sector
2014,MB,TEL,exports,0.5982738627074501,region-sector
2014,MB,TEL,imports,0.481535797942764,region-sector
2014,MB,ITS,exports,0.6983659509785295,region-sector
2014,MB,ITS,imports,0.655906959923437,region-sector
2014,MB,FIN,exports,0.5462420074797926,region-sector
2014,MB,FIN,imports,0.4656920387732401,region-sector
2014,MB,REA,exports,0.09005635614054994,region-sector
2014,MB,REA,imports,0.4689668718083017,region-sector
2014,MB,PRF,exports,0.6563365417423803,region-sector
2014,MB,PRF,imports,0.6822789175254818,region-sector
2014,MB,ADM,exports,0.6215053923170624,region-sector
2014,MB,ADM,imports,0.6544022610479284,region-sector
2014,MB,PAD,exports,0.46192155605429086,region-sector
2014,MB,PAD,imports,0.5203989120580236,region-sector
2014,MB,EDU,exports,0.0920448939319191,region-sector
2014,MB,EDU,imports,0.6230703780235809,region-sector
2014,MB,HTH,exports,0.5982362078468707,region-sector
2014,MB,HTH,imports,0.9318831375039694,region-sector
2014,MB,ART,exports,0.618038357426712,region-sector
2014,MB,ART,imports,0.601588771382621,region-sector
2014,MB,OSV,exports,0.3683260252772762,region-sector
2014,MB,OSV,imports,0.5885941912061314,region-sector
2014,SK,AGR,exports,0.20277465998069147,region-sector
2014,SK,AGR,imports,0.8492574800090771,region-sector
2014,SK,MIE,exports,0.9977261896182403,region-sector
2014,SK,MIE,imports,0.9996832918875805,region-sector
2014,SK,MIN,exports,0.545835245536659,region-sector
2014,SK,MIN,imports,0.8710377431605053,region-sector
2014,SK,MIS,exports,0.49016949152542366,region-sector
2014,SK,MIS,imports,0.839086659475009,region-sector
2014,SK,FOD,exports,0.7781998331038789,region-sector
2014,SK,FOD,imports,0.8473208511410477,region-sector
2014,SK,TEX,exports,0.85375060493628,region-sector
2014,SK,TEX,imports,0.28984271398886174,region-sector
2014,SK,WOD,exports,0.9747169692696662,region-sector
2014,SK,WOD,imports,0.8839791940872734,region-sector
2014,SK,PAP,exports,0.011758463214582078,region-sector
2014,SK,PAP,imports,0.9462927661282232,region-sector
2014,SK,PET,exports,0.9599461716296884,region-sector
2014,SK,PET,imports,0.9322842113193499,region-sector
2014,SK,CHM,exports,0.564479993861971,region-sector
2014,SK,CHM,imports,0.8869417205639478,region-sector
2014,SK,RUB,exports,0.7220509736110068,region-sector
2014,SK,RUB,imports,0.8494323968192607,region-sector
2014,SK,NMM,exports,0.9443456162642949,region-sector
2014,SK,NMM,imports,0.8804953275330295,region-sector
2014,SK,BMT,exports,0.9996516757100862,region-sector
2014,SK,BMT,imports,0.8548491639694314,region-sector
2014,SK,FMT,exports,0.8792357689727754,region-sector
2014,SK,FMT,imports,0.8665632845960715,region-sector
2014,SK,ELC,exports,0.9149774839293694,region-sector
2014,SK,ELC,imports,0.8312568412267344,region-sector
2014,SK,ELQ,exports,0.9062036675770581,region-sector
2014,SK,ELQ,imports,0.9072076201549519,region-sector
2014,SK,MAC,exports,0.81253988941466615,region-sector
2014,SK,MAC,imports,0.9141711354540618,region-sector
2014,SK,MTV,exports,0.9978422595085505,region-sector
2014,SK,MTV,imports,0.9513510661284253,region-sector
2014,SK,OTE,exports,0.8240740740740742,region-sector
2014,SK,OTE,imports,0.9003124343447352,region-sector
2014,SK,MFN,exports,0.8638631503920172,region-sector
2014,SK,MFN,imports,0.8210527584005012,region-sector
2014,SK,UTL,exports,0.7761353690557231,region-sector
2014,SK,UTL,imports,0.9652518656716418,region-sector
2014,SK,CON,exports,0.613126079447323,region-sector
2014,SK,CON,imports,0.9955357142857143,region-sector
2014,SK,TRD,exports,0.5667059964938671,region-sector
2014,SK,TRD,imports,0.9130291549991764,region-sector
2014,SK,TRN,exports,0.7114922225307346,region-sector
2014,SK,TRN,imports,0.6475377657736879,region-sector
2014,SK,ACC,exports,0.4651730048407452,region-sector
2014,SK,ACC,imports,0.586506941501683,region-sector
2014,SK,PUB,exports,0.8261427496791894,region-sector
2014,SK,PUB,imports,0.939651600030696,region-sector
2014,SK,TEL,exports,0.5993582651028989,region-sector
2014,SK,TEL,imports,0.4783221552802092,region-sector
2014,SK,ITS,exports,0.5774818401937046,region-sector
2014,SK,ITS,imports,0.6464343373395737,region-sector
2014,SK,FIN,exports,0.5690986520254813,region-sector
2014,SK,FIN,imports,0.57284053981183225,region-sector
2014,SK,REA,exports,0.2063011082977045,region-sector
2014,SK,REA,imports,0.48638307449921225,region-sector
2014,SK,PRF,exports,0.6122746255220186,region-sector
2014,SK,PRF,imports,0.6481031182326813,region-sector
2014,SK,ADM,exports,0.6390881388944156,region-sector
2014,SK,ADM,imports,0.6472962198322509,region-sector
2014,SK,PAD,exports,0.5020617228271375,region-sector
2014,SK,PAD,imports,0.5485465691121217,region-sector
2014,SK,EDU,exports,0.08107758248712713,region-sector
2014,SK,EDU,imports,0.6167346344305271,region-sector
2014,SK,HTH,exports,0.6307808130780813,region-sector
2014,SK,HTH,imports,0.9290946381482567,region-sector
2014,SK,ART,exports,0.6080402010050251,region-sector
2014,SK,ART,imports,0.5976647600708243,region-sector
2014,SK,OSV,exports,0.3157254138266797,region-sector
2014,SK,OSV,imports,0.5879516167285951,region-sector
2014,AB,AGR,exports,0.31793437264921787,region-sector
2014,AB,AGR,imports,0.8425635869756941,region-sector
2014,AB,MIE,exports,0.9929120905029504,region-sector
2014,AB,MIE,imports,0.9971780262515249,region-sector
2014,AB,MIN,exports,0.5750241816423154,region-sector
2014,AB,MIN,imports,0.10166201355301274,region-sector
2014,AB,MIS,exports,0.4213666877044007,region-sector
2014,AB,MIS,imports,0.8390770234277329,region-sector
2014,AB,FOD,exports,0.5238122626433118,region-sector
2014,AB,FOD,imports,0.6708603334798428,region-sector
2014,AB,TEX,exports,0.5788656955498823,region-sector
2014,AB,TEX,imports,0.47614464704154347,region-sector
2014,AB,WOD,exports,0.9404898043670197,region-sector
2014,AB,WOD,imports,0.4875481581707231,region-sector
2014,AB,PAP,exports,0.5599554282599077,region-sector
2014,AB,PAP,imports,0.883777167745631,region-sector
2014,AB,PET,exports,0.8389029665759723,region-sector
2014,AB,PET,imports,0.9141839351222297,region-sector
2014,AB,CHM,exports,0.8170618152628404,region-sector
2014,AB,CHM,imports,0.7769547899828335,region-sector
2014,AB,RUB,exports,0.8728252712014736,region-sector
2014,AB,RUB,imports,0.7145255932060837,region-sector
2014,AB,NMM,exports,0.9165476024533037,region-sector
2014,AB,NMM,imports,0.6838798791100557,region-sector
2014,AB,BMT,exports,0.3083436614730878,region-sector
2014,AB,BMT,imports,0.7036255481475955,region-sector
2014,AB,FMT,exports,0.642017030003861,region-sector
2014,AB,FMT,imports,0.6883179560277709,region-sector
2014,AB,ELC,exports,0.6269525343692572,region-sector
2014,AB,ELC,imports,0.6979462695173898,region-sector
2014,AB,ELQ,exports,0.7323232013162824,region-sector
2014,AB,ELQ,imports,0.7069865937130503,region-sector
2014,AB,MAC,exports,0.5925603101796517,region-sector
2014,AB,MAC,imports,0.7956835823425288,region-sector
2014,AB,MTV,exports,0.6527741333566577,region-sector
2014,AB,MTV,imports,0.9117574064222247,region-sector
2014,AB,OTE,exports,0.6480121098793464,region-sector
2014,AB,OTE,imports,0.7728719081108162,region-sector
2014,AB,MFN,exports,0.7211258613112661,region-sector
2014,AB,MFN,imports,0.664387286987022,region-sector
2014,AB,UTL,exports,0.8930326808657412,region-sector
2014,AB,UTL,imports,0.8757711125292492,region-sector
2014,AB,CON,exports,0.5936329843003227,region-sector
2014,AB,CON,imports,0.9658068386322736,region-sector
2014,AB,TRD,exports,0.6875181656342532,region-sector
2014,AB,TRD,imports,0.7189218653389307,region-sector
2014,AB,TRN,exports,0.7881322836939024,region-sector
2014,AB,TRN,imports,0.6344459597564235,region-sector
2014,AB,ACC,exports,0.4651301505907845,region-sector
2014,AB,ACC,imports,0.5868516323268255,region-sector
2014,AB,PUB,exports,0.7141052696437099,region-sector
2014,AB,PUB,imports,0.9436621664423994,region-sector
2014,AB,TEL,exports,0.6093757080494842,region-sector
2014,AB,TEL,imports,0.47326023635925124,region-sector
2014,AB,ITS,exports,0.7239865064545294,region-sector
2014,AB,ITS,imports,0.6603903095035427,region-sector
2014,AB,FIN,exports,0.5194653642035731,region-sector
2014,AB,FIN,imports,0.43003807562566554,region-sector
2014,AB,REA,exports,0.15596682001951762,region-sector
2014,AB,REA,imports,0.4923147556691153,region-sector
2014,AB,PRF,exports,0.5149562715100428,region-sector
2014,AB,PRF,imports,0.6547444063367631,region-sector
2014,AB,ADM,exports,0.6367453354270847,region-sector
2014,AB,ADM,imports,0.6518611807336974,region-sector
2014,AB,PAD,exports,0.5334688507417084,region-sector
2014,AB,PAD,imports,0.5593502519798417,region-sector
2014,AB,EDU,exports,0.12037346424715983,region-sector
2014,AB,EDU,imports,0.6123079263654344,region-sector
2014,AB,HTH,exports,0.6174342685724368,region-sector
2014,AB,HTH,imports,0.9293846426671396,region-sector
2014,AB,ART,exports,0.5651292448048657,region-sector
2014,AB,ART,imports,0.5955444365022636,region-sector
2014,AB,OSV,exports,0.4958531282711974,region-sector
2014,AB,OSV,imports,0.5865661715805809,region-sector
2014,BC,AGR,exports,0.6044924362581116,region-sector
2014,BC,AGR,imports,0.8020069771248182,region-sector
2014,BC,MIE,exports,0.5031408623387527,region-sector
2014,BC,MIE,imports,0.9939413285664123,region-sector
2014,BC,MIN,exports,0.06740092692674816,region-sector
2014,BC,MIN,imports,0.42428959273282857,region-sector
2014,BC,MIS,exports,0.4055774573203767,region-sector
2014,BC,MIS,imports,0.8390524943067909,region-sector
2014,BC,FOD,exports,0.6120704699775318,region-sector
2014,BC,FOD,imports,0.6764769603605226,region-sector
2014,BC,TEX,exports,0.4067355988070946,region-sector
2014,BC,TEX,imports,0.3023578966401189,region-sector
2014,BC,WOD,exports,0.5773378156883384,region-sector
2014,BC,WOD,imports,0.8061779318431961,region-sector
2014,BC,PAP,exports,0.2885477679080966,region-sector
2014,BC,PAP,imports,0.8660406585209951,region-sector
2014,BC,PET,exports,0.9883244799529488,region-sector
2014,BC,PET,imports,0.9383653502961397,region-sector
2014,BC,CHM,exports,0.5231615555670477,region-sector
2014,BC,CHM,imports,0.7068356592631563,region-sector
2014,BC,RUB,exports,0.8843755737024973,region-sector
2014,BC,RUB,imports,0.6415544993331735,region-sector
2014,BC,NMM,exports,0.8471320891611916,region-sector
2014,BC,NMM,imports,0.6321292744775412,region-sector
2014,BC,BMT,exports,0.7078444944844083,region-sector
2014,BC,BMT,imports,0.43988051512017323,region-sector
2014,BC,FMT,exports,0.7798398322920637,region-sector
2014,BC,FMT,imports,0.5843359792164006,region-sector
2014,BC,ELC,exports,0.5638859055280797,region-sector
2014,BC,ELC,imports,0.4649643984111222,region-sector
2014,BC,ELQ,exports,0.673915325445087,region-sector
2014,BC,ELQ,imports,0.598559080817507,region-sector
2014,BC,MAC,exports,0.6696969352782329,region-sector
2014,BC,MAC,imports,0.5703193133684162,region-sector
2014,BC,MTV,exports,0.7535573257080611,region-sector
2014,BC,MTV,imports,0.5641358277417384,region-sector
2014,BC,OTE,exports,0.5450289875296537,region-sector
2014,BC,OTE,imports,0.5243467276056379,region-sector
2014,BC,MFN,exports,0.6994859741649468,region-sector
2014,BC,MFN,imports,0.53481068055002845,region-sector
2014,BC,UTL,exports,0.9568445667784673,region-sector
2014,BC,UTL,imports,0.9962861366451867,region-sector
2014,BC,CON,exports,0.6501098901098902,region-sector
2014,BC,CON,imports,0.45057034220532316,region-sector
2014,BC,TRD,exports,0.7078971746049003,region-sector
2014,BC,TRD,imports,0.7907103059929814,region-sector
2014,BC,TRN,exports,0.5110621401579557,region-sector
2014,BC,TRN,imports,0.6221943186692975,region-sector
2014,BC,ACC,exports,0.46172229619168115,region-sector
2014,BC,ACC,imports,0.5861214334691125,region-sector
2014,BC,PUB,exports,0.8004059988875173,region-sector
2014,BC,PUB,imports,0.9307357856119449,region-sector
2014,BC,TEL,exports,0.593270175257199,region-sector
2014,BC,TEL,imports,0.4711406777663539,region-sector
2014,BC,ITS,exports,0.668196683057485,region-sector
2014,BC,ITS,imports,0.664356393414655,region-sector
2014,BC,FIN,exports,0.5232966932573677,region-sector
2014,BC,FIN,imports,0.4152446033570644,region-sector
2014,BC,REA,exports,0.12098819702397962,region-sector
2014,BC,REA,imports,0.4553553680177819,region-sector
2014,BC,PRF,exports,0.566594826185747,region-sector
2014,BC,PRF,imports,0.7100317342946052,region-sector
2014,BC,ADM,exports,0.633651281132738,region-sector
2014,BC,ADM,imports,0.6399340960705112,region-sector
2014,BC,PAD,exports,0.5131984019830664,region-sector
2014,BC,PAD,imports,0.555696797192362,region-sector
2014,BC,EDU,exports,0.09031855875866332,region-sector
2014,BC,EDU,imports,0.6023804339105818,region-sector
2014,BC,HTH,exports,0.5459667416486219,region-sector
2014,BC,HTH,imports,0.926510100507513,region-sector
2014,BC,ART,exports,0.5209353647061764,region-sector
2014,BC,ART,imports,0.6004671561730566,region-sector
2014,BC,OSV,exports,0.3952481250369087,region-sector
2014,BC,OSV,imports,0.5827374288912751,region-sector
2014,YT,AGR,exports,0.10389610389610389,region-sector
2014,YT,AGR,imports,0.5242648385350893,region-sector
2014,YT,MIE,exports,0.9447222359597088,canada-sector
2014,YT,MIE,imports,0.9230769230769231,region-sector
2014,YT,MIN,exports,0.38612173952301954,region-sector
2014,YT,MIN,imports,0.7227050516023901,region-sector
2014,YT,MIS,exports,0,region-sector
2014,YT,MIS,imports,0.8390773537693276,canada-sector
2014,YT,FOD,exports,0.6817012532021887,canada-sector
2014,YT,FOD,imports,0.7749682314591428,region-sector
2014,YT,TEX,exports,0.9115281501340483,region-sector
2014,YT,TEX,imports,0.6737042682926829,region-sector
2014,YT,WOD,exports,0.9365079365079364,region-sector
2014,YT,WOD,imports,0.8550976138828633,region-sector
2014,YT,PAP,exports,0,region-sector
2014,YT,PAP,imports,0.9505540553124128,region-sector
2014,YT,PET,exports,0.8459673236362469,canada-sector
2014,YT,PET,imports,0.9624093890231274,region-sector
2014,YT,CHM,exports,1,region-sector
2014,YT,CHM,imports,0.9475606936416184,region-sector
2014,YT,RUB,exports,0,region-sector
2014,YT,RUB,imports,0.7554489973844812,region-sector
2014,YT,NMM,exports,0.8620096195889811,canada-sector
2014,YT,NMM,imports,0.6351765640967413,region-sector
2014,YT,BMT,exports,0.5208333333333333,region-sector
2014,YT,BMT,imports,0.8790658882402002,region-sector
2014,YT,FMT,exports,0.44230769230769235,region-sector
2014,YT,FMT,imports,0.899023816117419,region-sector
2014,YT,ELC,exports,0.7389033942558747,region-sector
2014,YT,ELC,imports,0.6284496178884801,region-sector
2014,YT,ELQ,exports,0.7700152381108012,canada-sector
2014,YT,ELQ,imports,0.7966384934280297,region-sector
2014,YT,MAC,exports,0.6823587969795265,canada-sector
2014,YT,MAC,imports,0.7704768214946652,region-sector
2014,YT,MTV,exports,0.9564951317212536,canada-sector
2014,YT,MTV,imports,0.779241952853895,region-sector
2014,YT,OTE,exports,0.6122819444114517,canada-sector
2014,YT,OTE,imports,0.6155554967868193,region-sector
2014,YT,MFN,exports,0.6961538461538462,region-sector
2014,YT,MFN,imports,0.7826689912037404,region-sector
2014,YT,UTL,exports,0.6540880503144654,region-sector
2014,YT,UTL,imports,0.8262099308610935,region-sector
2014,YT,CON,exports,0.5370370370370371,region-sector
2014,YT,CON,imports,1,region-sector
2014,YT,TRD,exports,0.6419665122907019,region-sector
2014,YT,TRD,imports,0.6308562197092085,region-sector
2014,YT,TRN,exports,0.32364854338682036,region-sector
2014,YT,TRN,imports,0.6369531464060645,region-sector
2014,YT,ACC,exports,0.4951405477927943,region-sector
2014,YT,ACC,imports,0.5863198716234288,region-sector
2014,YT,PUB,exports,0.8320610687022901,region-sector
2014,YT,PUB,imports,0.962301033230941,region-sector
2014,YT,TEL,exports,0.5843037974683544,region-sector
2014,YT,TEL,imports,0.4629286376274328,region-sector
2014,YT,ITS,exports,0.8333333333333334,region-sector
2014,YT,ITS,imports,0.6693196405648267,region-sector
2014,YT,FIN,exports,0.594534518828452,region-sector
2014,YT,FIN,imports,0.4818181818181818,region-sector
2014,YT,REA,exports,0.11009174311926606,region-sector
2014,YT,REA,imports,0.48756218905472637,region-sector
2014,YT,PRF,exports,0.536503047381873,region-sector
2014,YT,PRF,imports,0.705664311363373,region-sector
2014,YT,ADM,exports,0.6335776149233844,region-sector
2014,YT,ADM,imports,0.6474959612277869,region-sector
2014,YT,PAD,exports,0.5032882011605416,region-sector
2014,YT,PAD,imports,0.5592105263157895,region-sector
2014,YT,EDU,exports,0.15730337078651685,region-sector
2014,YT,EDU,imports,0.6688243526941917,region-sector
2014,YT,HTH,exports,0.6481481481481481,region-sector
2014,YT,HTH,imports,0.93205574912892,region-sector
2014,YT,ART,exports,0.537984496124031,region-sector
2014,YT,ART,imports,0.5894705708370306,region-sector
2014,YT,OSV,exports,0.4723756906077349,region-sector
2014,YT,OSV,imports,0.5727272727272728,region-sector
2014,NT,AGR,exports,0.12738853503184713,region-sector
2014,NT,AGR,imports,0.5047914317925591,region-sector
2014,NT,MIE,exports,0.15789473684210528,region-sector
2014,NT,MIE,imports,0.8619718309859156,region-sector
2014,NT,MIN,exports,3.0331217966315824e-4,region-sector
2014,NT,MIN,imports,0.788375725122713,region-sector
2014,NT,MIS,exports,0.40850377060975085,canada-sector
2014,NT,MIS,imports,1,region-sector
2014,NT,FOD,exports,0.6817012532021887,canada-sector
2014,NT,FOD,imports,0.7455020833084609,region-sector
2014,NT,TEX,exports,0.1111111111111111,region-sector
2014,NT,TEX,imports,0.6437323429514649,region-sector
2014,NT,WOD,exports,0.7142857142857143,region-sector
2014,NT,WOD,imports,0.8562391124965619,region-sector
2014,NT,PAP,exports,0,region-sector
2014,NT,PAP,imports,0.9225652779650353,region-sector
2014,NT,PET,exports,0.8459673236362469,canada-sector
2014,NT,PET,imports,0.5595262069091774,region-sector
2014,NT,CHM,exports,0.6267605633802817,region-sector
2014,NT,CHM,imports,0.8090645954240665,region-sector
2014,NT,RUB,exports,0.8853008740801639,canada-sector
2014,NT,RUB,imports,0.8500200561572402,region-sector
2014,NT,NMM,exports,0,region-sector
2014,NT,NMM,imports,0.8261910462054105,region-sector
2014,NT,BMT,exports,0.5620825371611764,canada-sector
2014,NT,BMT,imports,0.8034345922276956,region-sector
2014,NT,FMT,exports,0.7741662573806282,canada-sector
2014,NT,FMT,imports,0.804881106083207,region-sector
2014,NT,ELC,exports,0.6319559033137572,canada-sector
2014,NT,ELC,imports,0.8915472577825116,region-sector
2014,NT,ELQ,exports,0.7700152381108012,canada-sector
2014,NT,ELQ,imports,0.8328749856766358,region-sector
2014,NT,MAC,exports,0.6823587969795265,canada-sector
2014,NT,MAC,imports,0.8658692168730034,region-sector
2014,NT,MTV,exports,0.9564951317212536,canada-sector
2014,NT,MTV,imports,0.852652790129572,region-sector
2014,NT,OTE,exports,0.6122819444114517,canada-sector
2014,NT,OTE,imports,0.7589554453346898,region-sector
2014,NT,MFN,exports,0.0641891891891892,region-sector
2014,NT,MFN,imports,0.8249867091972356,region-sector
2014,NT,UTL,exports,0.5775462962962963,region-sector
2014,NT,UTL,imports,0.8257221458046767,region-sector
2014,NT,CON,exports,0.44518760195758567,region-sector
2014,NT,CON,imports,0.8924264351181863,region-sector
2014,NT,TRD,exports,0.6443422864210208,region-sector
2014,NT,TRD,imports,0.567318757192175,region-sector
2014,NT,TRN,exports,0.4638506355932203,region-sector
2014,NT,TRN,imports,0.6316068002910631,region-sector
2014,NT,ACC,exports,0.4859578736208625,region-sector
2014,NT,ACC,imports,0.5871053950225489,region-sector
2014,NT,PUB,exports,0.8399999999999999,region-sector
2014,NT,PUB,imports,0.933684383741978,region-sector
2014,NT,TEL,exports,0.6104882459312838,region-sector
2014,NT,TEL,imports,0.50879391155042,region-sector
2014,NT,ITS,exports,0.6153846153846154,region-sector
2014,NT,ITS,imports,0.6455961895535642,region-sector
2014,NT,FIN,exports,0.6647620672010917,region-sector
2014,NT,FIN,imports,0.5324427480916031,region-sector
2014,NT,REA,exports,0.15277777777777776,region-sector
2014,NT,REA,imports,0.504424778761062,region-sector
2014,NT,PRF,exports,0.5518394648829431,region-sector
2014,NT,PRF,imports,0.6397868277123974,region-sector
2014,NT,ADM,exports,0.6508758568164509,region-sector
2014,NT,ADM,imports,0.6521318298407782,region-sector
2014,NT,PAD,exports,0.6453223837531905,region-sector
2014,NT,PAD,imports,0.5211267605633804,region-sector
2014,NT,EDU,exports,0.577577045696068,region-sector
2014,NT,EDU,imports,0.6744621141253507,region-sector
2014,NT,HTH,exports,0.6537065837221357,region-sector
2014,NT,HTH,imports,0.927295918367347,region-sector
2014,NT,ART,exports,0.4192721681189134,region-sector
2014,NT,ART,imports,0.6230019493177389,region-sector
2014,NT,OSV,exports,0.48736462093862815,region-sector
2014,NT,OSV,imports,0.46613545816733065,region-sector
2014,NU,AGR,exports,0.026076409945421465,region-sector
2014,NU,AGR,imports,0.5026828146558332,region-sector
2014,NU,MIE,exports,0.9447222359597088,canada-sector
2014,NU,MIE,imports,0.6666666666666666,region-sector
2014,NU,MIN,exports,0.2516878034942907,canada-sector
2014,NU,MIN,imports,0.9969574036511156,region-sector
2014,NU,MIS,exports,0.40850377060975085,canada-sector
2014,NU,MIS,imports,0.8390773537693276,canada-sector
2014,NU,FOD,exports,0.031746031746031744,region-sector
2014,NU,FOD,imports,0.768076807680768,region-sector
2014,NU,TEX,exports,0,region-sector
2014,NU,TEX,imports,0.20237674776141107,region-sector
2014,NU,WOD,exports,0.7365979394907147,canada-sector
2014,NU,WOD,imports,0.8180599647266313,region-sector
2014,NU,PAP,exports,0.6412389587078532,canada-sector
2014,NU,PAP,imports,0.8960337948838301,region-sector
2014,NU,PET,exports,0.8459673236362469,canada-sector
2014,NU,PET,imports,0.4409425451092117,region-sector
2014,NU,CHM,exports,0.7543274079950874,canada-sector
2014,NU,CHM,imports,0.7915113714155321,region-sector
2014,NU,RUB,exports,0.8853008740801639,canada-sector
2014,NU,RUB,imports,0.7111211282117328,region-sector
2014,NU,NMM,exports,0.8620096195889811,canada-sector
2014,NU,NMM,imports,0.8551287844554903,region-sector
2014,NU,BMT,exports,0.5620825371611764,canada-sector
2014,NU,BMT,imports,0.7327035476417018,region-sector
2014,NU,FMT,exports,0.7741662573806282,canada-sector
2014,NU,FMT,imports,0.6671435738308032,region-sector
2014,NU,ELC,exports,0.6319559033137572,canada-sector
2014,NU,ELC,imports,0.702949847856591,region-sector
2014,NU,ELQ,exports,0.7700152381108012,canada-sector
2014,NU,ELQ,imports,0.741869312248247,region-sector
2014,NU,MAC,exports,0.6823587969795265,canada-sector
2014,NU,MAC,imports,0.7132051282051283,region-sector
2014,NU,MTV,exports,0.9564951317212536,canada-sector
2014,NU,MTV,imports,0.8350731600786198,region-sector
2014,NU,OTE,exports,0.6122819444114517,canada-sector
2014,NU,OTE,imports,0.5774632900617153,region-sector
2014,NU,MFN,exports,0,region-sector
2014,NU,MFN,imports,0.6067122920675126,region-sector
2014,NU,UTL,exports,0.7960396039603961,region-sector
2014,NU,UTL,imports,0.8328445747800588,region-sector
2014,NU,CON,exports,0.5319148936170213,region-sector
2014,NU,CON,imports,1,region-sector
2014,NU,TRD,exports,0.8084752804320732,region-sector
2014,NU,TRD,imports,0.6697635135135136,region-sector
2014,NU,TRN,exports,0.3904214559386973,region-sector
2014,NU,TRN,imports,0.7855648535564853,region-sector
2014,NU,ACC,exports,0.4902557856272838,region-sector
2014,NU,ACC,imports,0.5858781994704325,region-sector
2014,NU,PUB,exports,0.76056338028169,region-sector
2014,NU,PUB,imports,0.9170087976539589,region-sector
2014,NU,TEL,exports,0.612540192926045,region-sector
2014,NU,TEL,imports,0.4761301225179552,region-sector
2014,NU,ITS,exports,0.722865159557808,canada-sector
2014,NU,ITS,imports,0.6190328580285183,region-sector
2014,NU,FIN,exports,0.6221590909090909,region-sector
2014,NU,FIN,imports,0.5109004739336493,region-sector
2014,NU,REA,exports,0.1693109994713551,canada-sector
2014,NU,REA,imports,0.555045871559633,region-sector
2014,NU,PRF,exports,0.7639593908629444,region-sector
2014,NU,PRF,imports,0.6557836755132699,region-sector
2014,NU,ADM,exports,0.5425243770314193,region-sector
2014,NU,ADM,imports,0.6481455563331001,region-sector
2014,NU,PAD,exports,0.2343324250681199,region-sector
2014,NU,PAD,imports,0.5686274509803922,region-sector
2014,NU,EDU,exports,0.5441176470588235,region-sector
2014,NU,EDU,imports,0.6529482551143201,region-sector
2014,NU,HTH,exports,0.6666666666666666,region-sector
2014,NU,HTH,imports,0.926470588235294,region-sector
2014,NU,ART,exports,0.381125226860254,region-sector
2014,NU,ART,imports,0.5884955752212391,region-sector
2014,NU,OSV,exports,0.491166077738516,region-sector
2014,NU,OSV,imports,0.5222222222222223,region-sector
2015,NL,AGR,exports,0.30984555033166755,region-sector
2015,NL,AGR,imports,0.6996611810261375,region-sector
2015,NL,MIE,exports,0.79304557745058335,region-sector
2015,NL,MIE,imports,0.9430202295478461,region-sector
2015,NL,MIN,exports,0.0013989633799767235,region-sector
2015,NL,MIN,imports,0.794098781270045,region-sector
2015,NL,MIS,exports,0.26495726495726496,region-sector
2015,NL,MIS,imports,0.7333333333333333,region-sector
2015,NL,FOD,exports,0.3661925204615927,region-sector
2015,NL,FOD,imports,0.3046326248055482,region-sector
2015,NL,TEX,exports,0.11544566034583578,region-sector
2015,NL,TEX,imports,0.09742709719595619,region-sector
2015,NL,WOD,exports,0.9919121894858464,region-sector
2015,NL,WOD,imports,0.40559708213256485,region-sector
2015,NL,PAP,exports,0.5592804022562274,region-sector
2015,NL,PAP,imports,0.7350544304567292,region-sector
2015,NL,PET,exports,0.7999654789614304,region-sector
2015,NL,PET,imports,0.242284238752607,region-sector
2015,NL,CHM,exports,0.26186291739894546,region-sector
2015,NL,CHM,imports,0.08488116368156527,region-sector
2015,NL,RUB,exports,0.3055091819699499,region-sector
2015,NL,RUB,imports,0.43401413982717985,region-sector
2015,NL,NMM,exports,0.6568047337278106,region-sector
2015,NL,NMM,imports,0.2686511137151061,region-sector
2015,NL,BMT,exports,0.008314118693850996,region-sector
2015,NL,BMT,imports,0.05282738095238096,region-sector
2015,NL,FMT,exports,0.2799240883828114,region-sector
2015,NL,FMT,imports,0.456601946551127,region-sector
2015,NL,ELC,exports,0.2765546543066821,region-sector
2015,NL,ELC,imports,0.567391213022065,region-sector
2015,NL,ELQ,exports,0.7797010228166797,region-sector
2015,NL,ELQ,imports,0.17551336045875274,region-sector
2015,NL,MAC,exports,0.15038179834813778,region-sector
2015,NL,MAC,imports,0.14059070110586278,region-sector
2015,NL,MTV,exports,0.7720364741641337,region-sector
2015,NL,MTV,imports,0.6234819565919529,region-sector
2015,NL,OTE,exports,0.44888888888888895,region-sector
2015,NL,OTE,imports,0.17037615455682495,region-sector
2015,NL,MFN,exports,0.3126619770455387,region-sector
2015,NL,MFN,imports,0.31503355065911576,region-sector
2015,NL,UTL,exports,0.7206053550640279,region-sector
2015,NL,UTL,imports,0.6798029556650247,region-sector
2015,NL,CON,exports,0.2072741493938209,region-sector
2015,NL,CON,imports,1,region-sector
2015,NL,TRD,exports,0.6007728638900816,region-sector
2015,NL,TRD,imports,0.7696682464454977,region-sector
2015,NL,TRN,exports,0.4851981753462979,region-sector
2015,NL,TRN,imports,0.5713161855246957,region-sector
2015,NL,ACC,exports,0.48616158126124415,region-sector
2015,NL,ACC,imports,0.5406958897381589,region-sector
2015,NL,PUB,exports,0.7144827586206896,region-sector
2015,NL,PUB,imports,0.3020488469324051,region-sector
2015,NL,TEL,exports,0.4528986165349802,region-sector
2015,NL,TEL,imports,0.4289377831321906,region-sector
2015,NL,ITS,exports,0.6734693877551021,region-sector
2015,NL,ITS,imports,0.5775942734163001,region-sector
2015,NL,FIN,exports,0.6666218190205274,region-sector
2015,NL,FIN,imports,0.4674285607838754,region-sector
2015,NL,REA,exports,0.09334828746441205,region-sector
2015,NL,REA,imports,0.5480509455808568,region-sector
2015,NL,PRF,exports,0.6240739296576464,region-sector
2015,NL,PRF,imports,0.7143574159753971,region-sector
2015,NL,ADM,exports,0.6441221449361156,region-sector
2015,NL,ADM,imports,0.6993316201575639,region-sector
2015,NL,PAD,exports,0.48347963309991127,region-sector
2015,NL,PAD,imports,0.4744680851063829,region-sector
2015,NL,EDU,exports,0.13784242646721423,region-sector
2015,NL,EDU,imports,0.5967373009365154,region-sector
2015,NL,HTH,exports,0.2815972222222223,region-sector
2015,NL,HTH,imports,0.9245102723363592,region-sector
2015,NL,ART,exports,0.5364209922569544,region-sector
2015,NL,ART,imports,0.554361520788557,region-sector
2015,NL,OSV,exports,0.3284329058492337,region-sector
2015,NL,OSV,imports,0.5397286821705426,region-sector
2015,PE,AGR,exports,0.6587802986378319,region-sector
2015,PE,AGR,imports,0.7357504491262452,region-sector
2015,PE,MIE,exports,0.9561293710972109,canada-sector
2015,PE,MIE,imports,0.6168741355463347,region-sector
2015,PE,MIN,exports,0.27644412757418996,canada-sector
2015,PE,MIN,imports,0.43009118541033436,region-sector
2015,PE,MIS,exports,0.3291529856714116,canada-sector
2015,PE,MIS,imports,0.7279360306301669,canada-sector
2015,PE,FOD,exports,0.7175301553595242,region-sector
2015,PE,FOD,imports,0.7623074799889594,region-sector
2015,PE,TEX,exports,0.5263157894736842,region-sector
2015,PE,TEX,imports,0.362590931324085,region-sector
2015,PE,WOD,exports,0.9562289562289562,region-sector
2015,PE,WOD,imports,0.7220820912634717,region-sector
2015,PE,PAP,exports,0.7476038338658146,region-sector
2015,PE,PAP,imports,0.9837443294172387,region-sector
2015,PE,PET,exports,0.8125,region-sector
2015,PE,PET,imports,0.37387573421439063,region-sector
2015,PE,CHM,exports,0.5676664914783393,region-sector
2015,PE,CHM,imports,0.8107421875,region-sector
2015,PE,RUB,exports,0.8857512305719216,canada-sector
2015,PE,RUB,imports,0.8679309872655072,region-sector
2015,PE,NMM,exports,0.7948717948717948,region-sector
2015,PE,NMM,imports,0.9372681281618885,region-sector
2015,PE,BMT,exports,0.9137055837563453,region-sector
2015,PE,BMT,imports,0.9358194774346794,region-sector
2015,PE,FMT,exports,0.8448045757864632,region-sector
2015,PE,FMT,imports,0.7683836403109462,region-sector
2015,PE,ELC,exports,0.21085080147965474,region-sector
2015,PE,ELC,imports,0.8556453127935374,region-sector
2015,PE,ELQ,exports,0.015125555496064678,region-sector
2015,PE,ELQ,imports,0.7994772915166547,region-sector
2015,PE,MAC,exports,0.7155530118758048,region-sector
2015,PE,MAC,imports,0.9108213644954859,region-sector
2015,PE,MTV,exports,0.9116279069767442,region-sector
2015,PE,MTV,imports,0.6261973826227739,region-sector
2015,PE,OTE,exports,0.6540887434510588,region-sector
2015,PE,OTE,imports,0.48891338449145716,region-sector
2015,PE,MFN,exports,0.2966207759699625,region-sector
2015,PE,MFN,imports,0.49140168976856147,region-sector
2015,PE,UTL,exports,0.7210031347962382,region-sector
2015,PE,UTL,imports,0.8115884903429248,region-sector
2015,PE,CON,exports,0.625,region-sector
2015,PE,CON,imports,0.43457943925233644,region-sector
2015,PE,TRD,exports,0.7059576940343836,region-sector
2015,PE,TRD,imports,0.8707165109034268,region-sector
2015,PE,TRN,exports,0.7063818310330717,region-sector
2015,PE,TRN,imports,0.6835777831209425,region-sector
2015,PE,ACC,exports,0.4603646607715784,region-sector
2015,PE,ACC,imports,0.5391012812849235,region-sector
2015,PE,PUB,exports,0.6675862068965517,region-sector
2015,PE,PUB,imports,0.9607111675529804,region-sector
2015,PE,TEL,exports,0.4476953907815631,region-sector
2015,PE,TEL,imports,0.42726368159203976,region-sector
2015,PE,ITS,exports,0.6877551020408164,region-sector
2015,PE,ITS,imports,0.5577332452470087,region-sector
2015,PE,FIN,exports,0.6489803554724042,region-sector
2015,PE,FIN,imports,0.5669637551990494,region-sector
2015,PE,REA,exports,0.06677265500794913,region-sector
2015,PE,REA,imports,0.5440105890138982,region-sector
2015,PE,PRF,exports,0.6028455998594765,region-sector
2015,PE,PRF,imports,0.6632653061224489,region-sector
2015,PE,ADM,exports,0.6566222292340459,region-sector
2015,PE,ADM,imports,0.6859279401767506,region-sector
2015,PE,PAD,exports,0.5861910241657078,region-sector
2015,PE,PAD,imports,0.5285714285714286,region-sector
2015,PE,EDU,exports,0.0922290681568515,region-sector
2015,PE,EDU,imports,0.6001405481377371,region-sector
2015,PE,HTH,exports,0.6605424321959755,region-sector
2015,PE,HTH,imports,0.9218377088305489,region-sector
2015,PE,ART,exports,0.5426728869374314,region-sector
2015,PE,ART,imports,0.5587712617415588,region-sector
2015,PE,OSV,exports,0.35902636916835706,region-sector
2015,PE,OSV,imports,0.5498199279711884,region-sector
2015,NS,AGR,exports,0.540619832858209,region-sector
2015,NS,AGR,imports,0.21370042110704027,region-sector
2015,NS,MIE,exports,0.941212759697427,region-sector
2015,NS,MIE,imports,0.208603315125259,region-sector
2015,NS,MIN,exports,0.7404880507045529,region-sector
2015,NS,MIN,imports,0.18001865038996268,region-sector
2015,NS,MIS,exports,0.2987331426236207,region-sector
2015,NS,MIS,imports,0.75,region-sector
2015,NS,FOD,exports,0.5181688193120485,region-sector
2015,NS,FOD,imports,0.10213289533050937,region-sector
2015,NS,TEX,exports,0.9137066788492533,region-sector
2015,NS,TEX,imports,0.04156676832931833,region-sector
2015,NS,WOD,exports,0.733710435769487,region-sector
2015,NS,WOD,imports,0.11430971492573135,region-sector
2015,NS,PAP,exports,0.49583029627406416,region-sector
2015,NS,PAP,imports,0.46119423224698275,region-sector
2015,NS,PET,exports,0.06274509803921569,region-sector
2015,NS,PET,imports,0.5841198257467708,region-sector
2015,NS,CHM,exports,0.5369888669233169,region-sector
2015,NS,CHM,imports,0.3402871157086022,region-sector
2015,NS,RUB,exports,0.9237950373194478,region-sector
2015,NS,RUB,imports,0.07411199636522953,region-sector
2015,NS,NMM,exports,0.5120817843866171,region-sector
2015,NS,NMM,imports,0.012783870080482174,region-sector
2015,NS,BMT,exports,0.3709524220706329,region-sector
2015,NS,BMT,imports,0.04084579243659143,region-sector
2015,NS,FMT,exports,0.6026257121624969,region-sector
2015,NS,FMT,imports,0.139891804856018,region-sector
2015,NS,ELC,exports,0.5816324849682892,region-sector
2015,NS,ELC,imports,0.40574189950296935,region-sector
2015,NS,ELQ,exports,0.7774962987333442,region-sector
2015,NS,ELQ,imports,0.25379956091718625,region-sector
2015,NS,MAC,exports,0.4019032481558463,region-sector
2015,NS,MAC,imports,0.17441210895935305,region-sector
2015,NS,MTV,exports,0.5282276723739009,region-sector
2015,NS,MTV,imports,0.06094315845986742,region-sector
2015,NS,OTE,exports,0.7916059881412312,region-sector
2015,NS,OTE,imports,0.6078653072531497,region-sector
2015,NS,MFN,exports,0.6940949259671094,region-sector
2015,NS,MFN,imports,0.19315263822965073,region-sector
2015,NS,UTL,exports,0.7298341248077053,region-sector
2015,NS,UTL,imports,0.6351351351351352,region-sector
2015,NS,CON,exports,0.7859865912974893,region-sector
2015,NS,CON,imports,0.004072134962187318,region-sector
2015,NS,TRD,exports,0.7232619909548667,region-sector
2015,NS,TRD,imports,0.4751092328629754,region-sector
2015,NS,TRN,exports,0.5378103340643158,region-sector
2015,NS,TRN,imports,0.6648880911853214,region-sector
2015,NS,ACC,exports,0.4803675958401055,region-sector
2015,NS,ACC,imports,0.539848339207519,region-sector
2015,NS,PUB,exports,0.8306415199194193,region-sector
2015,NS,PUB,imports,0.7816573277799419,region-sector
2015,NS,TEL,exports,0.49487321951712293,region-sector
2015,NS,TEL,imports,0.43223975036837997,region-sector
2015,NS,ITS,exports,0.6243578387953942,region-sector
2015,NS,ITS,imports,0.577954198864583,region-sector
2015,NS,FIN,exports,0.5598656094905089,region-sector
2015,NS,FIN,imports,0.5176749357177505,region-sector
2015,NS,REA,exports,0.08649122341131796,region-sector
2015,NS,REA,imports,0.513878809869376,region-sector
2015,NS,PRF,exports,0.6566283984464245,region-sector
2015,NS,PRF,imports,0.7256303704747148,region-sector
2015,NS,ADM,exports,0.6327835358428274,region-sector
2015,NS,ADM,imports,0.7023270577865984,region-sector
2015,NS,PAD,exports,0.5582833642043136,region-sector
2015,NS,PAD,imports,0.47363717605004463,region-sector
2015,NS,EDU,exports,0.12075844551961894,region-sector
2015,NS,EDU,imports,0.5934455478085311,region-sector
2015,NS,HTH,exports,0.6490155131264915,region-sector
2015,NS,HTH,imports,0.9200259235255994,region-sector
2015,NS,ART,exports,0.578243548428024,region-sector
2015,NS,ART,imports,0.5567984235539584,region-sector
2015,NS,OSV,exports,0.3725132877752467,region-sector
2015,NS,OSV,imports,0.5431727984554329,region-sector
2015,NB,AGR,exports,0.8724946110750971,region-sector
2015,NB,AGR,imports,0.9625633538153443,region-sector
2015,NB,MIE,exports,0.9561293710972109,canada-sector
2015,NB,MIE,imports,0.4083136488486086,region-sector
2015,NB,MIN,exports,0.1749098323306122,region-sector
2015,NB,MIN,imports,0.029373114383823867,region-sector
2015,NB,MIS,exports,0.3026469443363176,region-sector
2015,NB,MIS,imports,0.7277227722772276,region-sector
2015,NB,FOD,exports,0.7674584439674221,region-sector
2015,NB,FOD,imports,0.8888201990143585,region-sector
2015,NB,TEX,exports,0.5674590596936081,region-sector
2015,NB,TEX,imports,0.5621979195079976,region-sector
2015,NB,WOD,exports,0.9468864795640219,region-sector
2015,NB,WOD,imports,0.9667893272134953,region-sector
2015,NB,PAP,exports,0.6925519315989415,region-sector
2015,NB,PAP,imports,0.9742341611454156,region-sector
2015,NB,PET,exports,0.9893970678813999,region-sector
2015,NB,PET,imports,0.271608779882042,region-sector
2015,NB,CHM,exports,0.9208239277652371,region-sector
2015,NB,CHM,imports,0.9388410757125841,region-sector
2015,NB,RUB,exports,0.840637806689454,region-sector
2015,NB,RUB,imports,0.8372238858209535,region-sector
2015,NB,NMM,exports,0.9529955422783393,region-sector
2015,NB,NMM,imports,0.9142863105755986,region-sector
2015,NB,BMT,exports,0.8938474244428144,region-sector
2015,NB,BMT,imports,0.8782679937377817,region-sector
2015,NB,FMT,exports,0.8599639963996399,region-sector
2015,NB,FMT,imports,0.8990190395897003,region-sector
2015,NB,ELC,exports,0.4640508751890841,region-sector
2015,NB,ELC,imports,0.7025599893959333,region-sector
2015,NB,ELQ,exports,0.7339324308952339,region-sector
2015,NB,ELQ,imports,0.8346122630757015,region-sector
2015,NB,MAC,exports,0.7224528666874991,region-sector
2015,NB,MAC,imports,0.835439370705498,region-sector
2015,NB,MTV,exports,0.70841269103916,region-sector
2015,NB,MTV,imports,0.6592716441571148,region-sector
2015,NB,OTE,exports,0.7097334878331403,region-sector
2015,NB,OTE,imports,0.8534878710844931,region-sector
2015,NB,MFN,exports,0.6009850419554906,region-sector
2015,NB,MFN,imports,0.7836862027679241,region-sector
2015,NB,UTL,exports,0.9597301739437826,region-sector
2015,NB,UTL,imports,0.9954198159710813,region-sector
2015,NB,CON,exports,0.24225526641883519,region-sector
2015,NB,CON,imports,0.8529081202584995,region-sector
2015,NB,TRD,exports,0.76977535815646,region-sector
2015,NB,TRD,imports,0.8427607319279204,region-sector
2015,NB,TRN,exports,0.7262054785434768,region-sector
2015,NB,TRN,imports,0.698788673713448,region-sector
2015,NB,ACC,exports,0.47465940054495914,region-sector
2015,NB,ACC,imports,0.539877718365182,region-sector
2015,NB,PUB,exports,0.524566239662721,region-sector
2015,NB,PUB,imports,0.9454317209995684,region-sector
2015,NB,TEL,exports,0.4482047505063524,region-sector
2015,NB,TEL,imports,0.4296459988950746,region-sector
2015,NB,ITS,exports,0.6825034350627988,region-sector
2015,NB,ITS,imports,0.5458887604145279,region-sector
2015,NB,FIN,exports,0.6121395436764726,region-sector
2015,NB,FIN,imports,0.5316889877104987,region-sector
2015,NB,REA,exports,0.06572518174234299,region-sector
2015,NB,REA,imports,0.5104484907735549,region-sector
2015,NB,PRF,exports,0.5901186728021313,region-sector
2015,NB,PRF,imports,0.6964177765644196,region-sector
2015,NB,ADM,exports,0.6338585272595425,region-sector
2015,NB,ADM,imports,0.693124492891664,region-sector
2015,NB,PAD,exports,0.5603721571330117,region-sector
2015,NB,PAD,imports,0.45926616915422885,region-sector
2015,NB,EDU,exports,0.1077344017198417,region-sector
2015,NB,EDU,imports,0.591903437598555,region-sector
2015,NB,HTH,exports,0.6821736354931375,region-sector
2015,NB,HTH,imports,0.9132926603808467,region-sector
2015,NB,ART,exports,0.5458208096182132,region-sector
2015,NB,ART,imports,0.5670701281667451,region-sector
2015,NB,OSV,exports,0.4206440117093038,region-sector
2015,NB,OSV,imports,0.544250604864383,region-sector
2015,QC,AGR,exports,0.6163857762501337,region-sector
2015,QC,AGR,imports,0.5470192840524747,region-sector
2015,QC,MIE,exports,0.9561293710972109,canada-sector
2015,QC,MIE,imports,0.5877695648260082,region-sector
2015,QC,MIN,exports,0.17979373968043189,region-sector
2015,QC,MIN,imports,0.436149868228711,region-sector
2015,QC,MIS,exports,0.5886713689362313,region-sector
2015,QC,MIS,imports,0.7278849351513135,region-sector
2015,QC,FOD,exports,0.7022306083457435,region-sector
2015,QC,FOD,imports,0.45272174412387467,region-sector
2015,QC,TEX,exports,0.643452779795078,region-sector
2015,QC,TEX,imports,0.19107341477520584,region-sector
2015,QC,WOD,exports,0.927824376741814,region-sector
2015,QC,WOD,imports,0.5598788894830401,region-sector
2015,QC,PAP,exports,0.7885535436428586,region-sector
2015,QC,PAP,imports,0.7612849136755989,region-sector
2015,QC,PET,exports,0.668885712867615,region-sector
2015,QC,PET,imports,0.4182690558418443,region-sector
2015,QC,CHM,exports,0.7820651546329677,region-sector
2015,QC,CHM,imports,0.5095994646617233,region-sector
2015,QC,RUB,exports,0.86718254437551745,region-sector
2015,QC,RUB,imports,0.6338239066915697,region-sector
2015,QC,NMM,exports,0.8327286962449505,region-sector
2015,QC,NMM,imports,0.33777142847578256,region-sector
2015,QC,BMT,exports,0.8658504218075664,region-sector
2015,QC,BMT,imports,0.3257662298524751,region-sector
2015,QC,FMT,exports,0.7133810775536229,region-sector
2015,QC,FMT,imports,0.5333938934290877,region-sector
2015,QC,ELC,exports,0.6467233905379154,region-sector
2015,QC,ELC,imports,0.7533137121339787,region-sector
2015,QC,ELQ,exports,0.7419145267983718,region-sector
2015,QC,ELQ,imports,0.5771524163617301,region-sector
2015,QC,MAC,exports,0.6531655538948116,region-sector
2015,QC,MAC,imports,0.5000853084162545,region-sector
2015,QC,MTV,exports,0.9085410590784528,region-sector
2015,QC,MTV,imports,0.743704308475055,region-sector
2015,QC,OTE,exports,0.5760292543775003,region-sector
2015,QC,OTE,imports,0.4505822320683918,region-sector
2015,QC,MFN,exports,0.789185692222447,region-sector
2015,QC,MFN,imports,0.4441673455149738,region-sector
2015,QC,UTL,exports,0.954094391950784,region-sector
2015,QC,UTL,imports,0.8086154864833891,region-sector
2015,QC,CON,exports,0.6377433297585389,region-sector
2015,QC,CON,imports,0.7400271661424078,region-sector
2015,QC,TRD,exports,0.7163464777527757,region-sector
2015,QC,TRD,imports,0.6500154881490129,region-sector
2015,QC,TRN,exports,0.6133489423710354,region-sector
2015,QC,TRN,imports,0.6225480138851296,region-sector
2015,QC,ACC,exports,0.4855874944628821,region-sector
2015,QC,ACC,imports,0.5399339839073577,region-sector
2015,QC,PUB,exports,0.6727599047112428,region-sector
2015,QC,PUB,imports,0.7513213891389502,region-sector
2015,QC,TEL,exports,0.47466564389616556,region-sector
2015,QC,TEL,imports,0.4290433356166853,region-sector
2015,QC,ITS,exports,0.6970007896517846,region-sector
2015,QC,ITS,imports,0.5612250902903415,region-sector
2015,QC,FIN,exports,0.5349214271218778,region-sector
2015,QC,FIN,imports,0.47307160059754627,region-sector
2015,QC,REA,exports,0.1727716678600449,region-sector
2015,QC,REA,imports,0.5227355364173739,region-sector
2015,QC,PRF,exports,0.5769846809991582,region-sector
2015,QC,PRF,imports,0.7090087380920039,region-sector
2015,QC,ADM,exports,0.616942962986098,region-sector
2015,QC,ADM,imports,0.6852757733354559,region-sector
2015,QC,PAD,exports,0.5315858298191647,region-sector
2015,QC,PAD,imports,0.4667688679245283,region-sector
2015,QC,EDU,exports,0.1173618658755104,region-sector
2015,QC,EDU,imports,0.5990907187931445,region-sector
2015,QC,HTH,exports,0.6519519084522344,region-sector
2015,QC,HTH,imports,0.9304731826444612,region-sector
2015,QC,ART,exports,0.5615706163054633,region-sector
2015,QC,ART,imports,0.5837450830396743,region-sector
2015,QC,OSV,exports,0.4372568692682755,region-sector
2015,QC,OSV,imports,0.5460864475296786,region-sector
2015,ON,AGR,exports,0.49753866910144706,region-sector
2015,ON,AGR,imports,0.7090250223842546,region-sector
2015,ON,MIE,exports,0.15384615384615385,region-sector
2015,ON,MIE,imports,0.9992383574042063,region-sector
2015,ON,MIN,exports,0.4932303880744719,region-sector
2015,ON,MIN,imports,0.2771319732723774,region-sector
2015,ON,MIS,exports,0.29916062601458127,region-sector
2015,ON,MIS,imports,0.727949480283021,region-sector
2015,ON,FOD,exports,0.8503314607488097,region-sector
2015,ON,FOD,imports,0.6973150511538039,region-sector
2015,ON,TEX,exports,0.6294932054566269,region-sector
2015,ON,TEX,imports,0.396819539376916,region-sector
2015,ON,WOD,exports,0.9445747635008547,region-sector
2015,ON,WOD,imports,0.6902978537747722,region-sector
2015,ON,PAP,exports,0.8891863604102439,region-sector
2015,ON,PAP,imports,0.8999682763512897,region-sector
2015,ON,PET,exports,0.7937342076789506,region-sector
2015,ON,PET,imports,0.8243109223235647,region-sector
2015,ON,CHM,exports,0.7692422354081191,region-sector
2015,ON,CHM,imports,0.7025435428016653,region-sector
2015,ON,RUB,exports,0.888397811572249,region-sector
2015,ON,RUB,imports,0.7730425973645794,region-sector
2015,ON,NMM,exports,0.8846453674121407,region-sector
2015,ON,NMM,imports,0.7809581734818004,region-sector
2015,ON,BMT,exports,0.4181085051039968,region-sector
2015,ON,BMT,imports,0.6079077350798102,region-sector
2015,ON,FMT,exports,0.8372481826829755,region-sector
2015,ON,FMT,imports,0.7250496710557032,region-sector
2015,ON,ELC,exports,0.6377538698402443,region-sector
2015,ON,ELC,imports,0.5750932993726886,region-sector
2015,ON,ELQ,exports,0.8233360042207115,region-sector
2015,ON,ELQ,imports,0.6974244127234989,region-sector
2015,ON,MAC,exports,0.7391302211761842,region-sector
2015,ON,MAC,imports,0.7426089893895446,region-sector
2015,ON,MTV,exports,0.9483366896252073,region-sector
2015,ON,MTV,imports,0.7132687269638651,region-sector
2015,ON,OTE,exports,0.7249034918131022,region-sector
2015,ON,OTE,imports,0.7294975283139195,region-sector
2015,ON,MFN,exports,0.7868781993769718,region-sector
2015,ON,MFN,imports,0.6677270580253646,region-sector
2015,ON,UTL,exports,0.8681335960011894,region-sector
2015,ON,UTL,imports,0.85412455685486,region-sector
2015,ON,CON,exports,0.6421832074353694,region-sector
2015,ON,CON,imports,0.9653900338402104,region-sector
2015,ON,TRD,exports,0.7567716535633303,region-sector
2015,ON,TRD,imports,0.6627620909033171,region-sector
2015,ON,TRN,exports,0.5895870754753767,region-sector
2015,ON,TRN,imports,0.6342084866657204,region-sector
2015,ON,ACC,exports,0.486410246160763,region-sector
2015,ON,ACC,imports,0.5396880212123203,region-sector
2015,ON,PUB,exports,0.7858943398936272,region-sector
2015,ON,PUB,imports,0.917835352204556,region-sector
2015,ON,TEL,exports,0.5073812406963202,region-sector
2015,ON,TEL,imports,0.4303376074972226,region-sector
2015,ON,ITS,exports,0.717212597100392,region-sector
2015,ON,ITS,imports,0.5681384051712414,region-sector
2015,ON,FIN,exports,0.5330270952719991,region-sector
2015,ON,FIN,imports,0.4934997629827363,region-sector
2015,ON,REA,exports,0.18446614748651619,region-sector
2015,ON,REA,imports,0.5072077562326869,region-sector
2015,ON,PRF,exports,0.6261994357597833,region-sector
2015,ON,PRF,imports,0.6669241836207702,region-sector
2015,ON,ADM,exports,0.6325483584791955,region-sector
2015,ON,ADM,imports,0.6854571626598922,region-sector
2015,ON,PAD,exports,0.3805362208233631,region-sector
2015,ON,PAD,imports,0.4682069869950093,region-sector
2015,ON,EDU,exports,0.11995330344181522,region-sector
2015,ON,EDU,imports,0.5931446622180817,region-sector
2015,ON,HTH,exports,0.5528742236449699,region-sector
2015,ON,HTH,imports,0.9230765665983892,region-sector
2015,ON,ART,exports,0.5708522279217402,region-sector
2015,ON,ART,imports,0.5847333573931727,region-sector
2015,ON,OSV,exports,0.44225053078556265,region-sector
2015,ON,OSV,imports,0.5446717594467965,region-sector
2015,MB,AGR,exports,0.3972405743023232,region-sector
2015,MB,AGR,imports,0.7780619540174067,region-sector
2015,MB,MIE,exports,0.9998277948654168,region-sector
2015,MB,MIE,imports,0.9985536388330335,region-sector
2015,MB,MIN,exports,0.21494736383252327,region-sector
2015,MB,MIN,imports,0.7269804458968007,region-sector
2015,MB,MIS,exports,0.3106752841542233,region-sector
2015,MB,MIS,imports,0.7279461153817449,region-sector
2015,MB,FOD,exports,0.5772410006012528,region-sector
2015,MB,FOD,imports,0.9010755919493063,region-sector
2015,MB,TEX,exports,0.8470163572696311,region-sector
2015,MB,TEX,imports,0.5578918290387445,region-sector
2015,MB,WOD,exports,0.9926078605893099,region-sector
2015,MB,WOD,imports,0.9159181395136899,region-sector
2015,MB,PAP,exports,0.6135662319526094,region-sector
2015,MB,PAP,imports,0.933534873349078,region-sector
2015,MB,PET,exports,0.9931460674157302,region-sector
2015,MB,PET,imports,0.93803526540062665,region-sector
2015,MB,CHM,exports,0.9184176228077829,region-sector
2015,MB,CHM,imports,0.8444241741848743,region-sector
2015,MB,RUB,exports,0.9018552817289379,region-sector
2015,MB,RUB,imports,0.8551515301754138,region-sector
2015,MB,NMM,exports,0.6097050938337801,region-sector
2015,MB,NMM,imports,0.8995418678966256,region-sector
2015,MB,BMT,exports,0.37071207633914727,region-sector
2015,MB,BMT,imports,0.8883930536822767,region-sector
2015,MB,FMT,exports,0.8139778250011236,region-sector
2015,MB,FMT,imports,0.8924709370202614,region-sector
2015,MB,ELC,exports,0.2501762992488119,region-sector
2015,MB,ELC,imports,0.7390915121441161,region-sector
2015,MB,ELQ,exports,0.861491707781014,region-sector
2015,MB,ELQ,imports,0.838834188464843,region-sector
2015,MB,MAC,exports,0.839600363785641,region-sector
2015,MB,MAC,imports,0.9165738497651111,region-sector
2015,MB,MTV,exports,0.9828141311146861,region-sector
2015,MB,MTV,imports,0.6947894928505104,region-sector
2015,MB,OTE,exports,0.8617485036385513,region-sector
2015,MB,OTE,imports,0.7677797807075349,region-sector
2015,MB,MFN,exports,0.6154162625995475,region-sector
2015,MB,MFN,imports,0.763078476041663,region-sector
2015,MB,UTL,exports,0.9801065823952577,region-sector
2015,MB,UTL,imports,0.8503341882334654,region-sector
2015,MB,CON,exports,0.6636195451082816,region-sector
2015,MB,CON,imports,1,region-sector
2015,MB,TRD,exports,0.5244106682493463,region-sector
2015,MB,TRD,imports,0.7446024693563151,region-sector
2015,MB,TRN,exports,0.6573925280261087,region-sector
2015,MB,TRN,imports,0.6375799354865653,region-sector
2015,MB,ACC,exports,0.4705737914748891,region-sector
2015,MB,ACC,imports,0.539666255017435,region-sector
2015,MB,PUB,exports,0.8607413692527975,region-sector
2015,MB,PUB,imports,0.9425705724376744,region-sector
2015,MB,TEL,exports,0.4765350256679736,region-sector
2015,MB,TEL,imports,0.43928539204186595,region-sector
2015,MB,ITS,exports,0.6817556848228451,region-sector
2015,MB,ITS,imports,0.5635153429602888,region-sector
2015,MB,FIN,exports,0.5392394425951309,region-sector
2015,MB,FIN,imports,0.5064045668770408,region-sector
2015,MB,REA,exports,0.07339771169965262,region-sector
2015,MB,REA,imports,0.53404995650553,region-sector
2015,MB,PRF,exports,0.5913694287409813,region-sector
2015,MB,PRF,imports,0.6968139033700271,region-sector
2015,MB,ADM,exports,0.6255444839857651,region-sector
2015,MB,ADM,imports,0.6943188319060737,region-sector
2015,MB,PAD,exports,0.40675864616033974,region-sector
2015,MB,PAD,imports,0.5545124167171411,region-sector
2015,MB,EDU,exports,0.09236931664173637,region-sector
2015,MB,EDU,imports,0.6016881028938907,region-sector
2015,MB,HTH,exports,0.6517920921047103,region-sector
2015,MB,HTH,imports,0.928288370675202,region-sector
2015,MB,ART,exports,0.5704231560387892,region-sector
2015,MB,ART,imports,0.5689730200174065,region-sector
2015,MB,OSV,exports,0.342916522341531,region-sector
2015,MB,OSV,imports,0.5411518722676297,region-sector
2015,SK,AGR,exports,0.15578190952197193,region-sector
2015,SK,AGR,imports,0.8421519756838906,region-sector
2015,SK,MIE,exports,0.9999898646912987,region-sector
2015,SK,MIE,imports,0.9978356442340209,region-sector
2015,SK,MIN,exports,0.5584054979521087,region-sector
2015,SK,MIN,imports,0.94109396914446,region-sector
2015,SK,MIS,exports,0.36067997043606803,region-sector
2015,SK,MIS,imports,0.727846200060078,region-sector
2015,SK,FOD,exports,0.6930935681509682,region-sector
2015,SK,FOD,imports,0.8544267007376786,region-sector
2015,SK,TEX,exports,0.7781284934569607,region-sector
2015,SK,TEX,imports,0.2541781436914455,region-sector
2015,SK,WOD,exports,0.9768665094161127,region-sector
2015,SK,WOD,imports,0.8595287059717328,region-sector
2015,SK,PAP,exports,0.02752015851611305,region-sector
2015,SK,PAP,imports,0.9374115024710793,region-sector
2015,SK,PET,exports,0.9454919200445201,region-sector
2015,SK,PET,imports,0.9383145151903154,region-sector
2015,SK,CHM,exports,0.5249678241354555,region-sector
2015,SK,CHM,imports,0.8708074529081563,region-sector
2015,SK,RUB,exports,0.7891009726913841,region-sector
2015,SK,RUB,imports,0.8577715706218468,region-sector
2015,SK,NMM,exports,0.9060869565217391,region-sector
2015,SK,NMM,imports,0.8720270726153326,region-sector
2015,SK,BMT,exports,0.9953721954647516,region-sector
2015,SK,BMT,imports,0.8529857863647551,region-sector
2015,SK,FMT,exports,0.8824689819861912,region-sector
2015,SK,FMT,imports,0.8731568770830911,region-sector
2015,SK,ELC,exports,0.9350626695955553,region-sector
2015,SK,ELC,imports,0.8099198828567216,region-sector
2015,SK,ELQ,exports,0.9472366963443154,region-sector
2015,SK,ELQ,imports,0.9227074385451888,region-sector
2015,SK,MAC,exports,0.7483494757158157,region-sector
2015,SK,MAC,imports,0.9190744925320866,region-sector
2015,SK,MTV,exports,0.9674371492145727,region-sector
2015,SK,MTV,imports,0.8224598168316911,region-sector
2015,SK,OTE,exports,0.9389312977099236,region-sector
2015,SK,OTE,imports,0.9274694325717584,region-sector
2015,SK,MFN,exports,0.7893685051958433,region-sector
2015,SK,MFN,imports,0.8197535487552607,region-sector
2015,SK,UTL,exports,0.767242023462602,region-sector
2015,SK,UTL,imports,0.9857937806873976,region-sector
2015,SK,CON,exports,0.6528776978417266,region-sector
2015,SK,CON,imports,0.9748953974895398,region-sector
2015,SK,TRD,exports,0.6062365435827886,region-sector
2015,SK,TRD,imports,0.8609437451530155,region-sector
2015,SK,TRN,exports,0.7388487360111529,region-sector
2015,SK,TRN,imports,0.6361920183409019,region-sector
2015,SK,ACC,exports,0.46919022419543194,region-sector
2015,SK,ACC,imports,0.5397559469003858,region-sector
2015,SK,PUB,exports,0.8500186358553856,region-sector
2015,SK,PUB,imports,0.9530090457998508,region-sector
2015,SK,TEL,exports,0.4716448496507883,region-sector
2015,SK,TEL,imports,0.4390057611731844,region-sector
2015,SK,ITS,exports,0.626744923857868,region-sector
2015,SK,ITS,imports,0.583892851624223,region-sector
2015,SK,FIN,exports,0.5577756333844204,region-sector
2015,SK,FIN,imports,0.5604450078130226,region-sector
2015,SK,REA,exports,0.23516942023621254,region-sector
2015,SK,REA,imports,0.5440989399293287,region-sector
2015,SK,PRF,exports,0.6256521126098604,region-sector
2015,SK,PRF,imports,0.6542172059409181,region-sector
2015,SK,ADM,exports,0.6364731696804654,region-sector
2015,SK,ADM,imports,0.6915148933868766,region-sector
2015,SK,PAD,exports,0.48875275829134146,region-sector
2015,SK,PAD,imports,0.5472083101465406,region-sector
2015,SK,EDU,exports,0.07886984970605562,region-sector
2015,SK,EDU,imports,0.6016421168273609,region-sector
2015,SK,HTH,exports,0.6057661505605981,region-sector
2015,SK,HTH,imports,0.9271641032159654,region-sector
2015,SK,ART,exports,0.5730670287265971,region-sector
2015,SK,ART,imports,0.5601919754897167,region-sector
2015,SK,OSV,exports,0.3500889679715302,region-sector
2015,SK,OSV,imports,0.5414287051774177,region-sector
2015,AB,AGR,exports,0.26183156058975615,region-sector
2015,AB,AGR,imports,0.8504622098479634,region-sector
2015,AB,MIE,exports,0.9914370372060188,region-sector
2015,AB,MIE,imports,0.9994653595509301,region-sector
2015,AB,MIN,exports,0.3124074759437454,region-sector
2015,AB,MIN,imports,0.0627112001466732,region-sector
2015,AB,MIS,exports,0.42940430361156234,region-sector
2015,AB,MIS,imports,0.7279415103764588,region-sector
2015,AB,FOD,exports,0.5341586822301705,region-sector
2015,AB,FOD,imports,0.6961786750273281,region-sector
2015,AB,TEX,exports,0.5998595073978136,region-sector
2015,AB,TEX,imports,0.48587132305033365,region-sector
2015,AB,WOD,exports,0.9529514897392297,region-sector
2015,AB,WOD,imports,0.4971279510961214,region-sector
2015,AB,PAP,exports,0.5060739166226393,region-sector
2015,AB,PAP,imports,0.8736329307602828,region-sector
2015,AB,PET,exports,0.8448979937931387,region-sector
2015,AB,PET,imports,0.9250538466186196,region-sector
2015,AB,CHM,exports,0.8047016929455157,region-sector
2015,AB,CHM,imports,0.765563906143857,region-sector
2015,AB,RUB,exports,0.870855254769125,region-sector
2015,AB,RUB,imports,0.6857153222041363,region-sector
2015,AB,NMM,exports,0.9174393601139522,region-sector
2015,AB,NMM,imports,0.6452197464107379,region-sector
2015,AB,BMT,exports,0.3041095566256611,region-sector
2015,AB,BMT,imports,0.6902163933696492,region-sector
2015,AB,FMT,exports,0.6657482623838731,region-sector
2015,AB,FMT,imports,0.6444024895220167,region-sector
2015,AB,ELC,exports,0.5864171724503261,region-sector
2015,AB,ELC,imports,0.6965238167523046,region-sector
2015,AB,ELQ,exports,0.7292993791967567,region-sector
2015,AB,ELQ,imports,0.6948068091541091,region-sector
2015,AB,MAC,exports,0.6155970974935637,region-sector
2015,AB,MAC,imports,0.7629218780374682,region-sector
2015,AB,MTV,exports,0.7930436547879854,region-sector
2015,AB,MTV,imports,0.8842189906509246,region-sector
2015,AB,OTE,exports,0.5752494102265298,region-sector
2015,AB,OTE,imports,0.7699431400126221,region-sector
2015,AB,MFN,exports,0.7018827214198712,region-sector
2015,AB,MFN,imports,0.6497928429733368,region-sector
2015,AB,UTL,exports,0.8590348887117543,region-sector
2015,AB,UTL,imports,0.9711759719026282,region-sector
2015,AB,CON,exports,0.595251563432953,region-sector
2015,AB,CON,imports,0.9932098765432098,region-sector
2015,AB,TRD,exports,0.7515172907683356,region-sector
2015,AB,TRD,imports,0.6987733544834299,region-sector
2015,AB,TRN,exports,0.8005387285485546,region-sector
2015,AB,TRN,imports,0.6062951404896155,region-sector
2015,AB,ACC,exports,0.4777429076208172,region-sector
2015,AB,ACC,imports,0.5400512641807496,region-sector
2015,AB,PUB,exports,0.764490585734109,region-sector
2015,AB,PUB,imports,0.9476558422546686,region-sector
2015,AB,TEL,exports,0.5034287673581348,region-sector
2015,AB,TEL,imports,0.43118147575166477,region-sector
2015,AB,ITS,exports,0.6994371169653827,region-sector
2015,AB,ITS,imports,0.5905490687564136,region-sector
2015,AB,FIN,exports,0.5310947619945922,region-sector
2015,AB,FIN,imports,0.44708295598016706,region-sector
2015,AB,REA,exports,0.12596414480225218,region-sector
2015,AB,REA,imports,0.5467326217130956,region-sector
2015,AB,PRF,exports,0.5764585390358399,region-sector
2015,AB,PRF,imports,0.6668324902535684,region-sector
2015,AB,ADM,exports,0.6475653754464162,region-sector
2015,AB,ADM,imports,0.7024353094340586,region-sector
2015,AB,PAD,exports,0.5301056247094674,region-sector
2015,AB,PAD,imports,0.5260954872465664,region-sector
2015,AB,EDU,exports,0.12236353761202136,region-sector
2015,AB,EDU,imports,0.5974944475004446,region-sector
2015,AB,HTH,exports,0.6333441173298825,region-sector
2015,AB,HTH,imports,0.927249145147978,region-sector
2015,AB,ART,exports,0.5509569907197709,region-sector
2015,AB,ART,imports,0.5560783255994179,region-sector
2015,AB,OSV,exports,0.534999290075252,region-sector
2015,AB,OSV,imports,0.5402434827497204,region-sector
2015,BC,AGR,exports,0.6188051510550489,region-sector
2015,BC,AGR,imports,0.7871841963422528,region-sector
2015,BC,MIE,exports,0.3829005107080285,region-sector
2015,BC,MIE,imports,0.9793358749102161,region-sector
2015,BC,MIN,exports,0.025677104474882036,region-sector
2015,BC,MIN,imports,0.5035335824356488,region-sector
2015,BC,MIS,exports,0.3021965437700064,region-sector
2015,BC,MIS,imports,0.7279216872367757,region-sector
2015,BC,FOD,exports,0.6449677368923459,region-sector
2015,BC,FOD,imports,0.6611138360934513,region-sector
2015,BC,TEX,exports,0.47316271403290056,region-sector
2015,BC,TEX,imports,0.2923617988022385,region-sector
2015,BC,WOD,exports,0.626577136468742,region-sector
2015,BC,WOD,imports,0.803333078165015,region-sector
2015,BC,PAP,exports,0.2759152116526393,region-sector
2015,BC,PAP,imports,0.8576596458993184,region-sector
2015,BC,PET,exports,0.9915391727134499,region-sector
2015,BC,PET,imports,0.9182714448387813,region-sector
2015,BC,CHM,exports,0.5395088155537715,region-sector
2015,BC,CHM,imports,0.70961465135637,region-sector
2015,BC,RUB,exports,0.9081479781077456,region-sector
2015,BC,RUB,imports,0.6198289483451574,region-sector
2015,BC,NMM,exports,0.9055722625154787,region-sector
2015,BC,NMM,imports,0.6328960532465691,region-sector
2015,BC,BMT,exports,0.7479407067157294,region-sector
2015,BC,BMT,imports,0.43673270412920917,region-sector
2015,BC,FMT,exports,0.8195500680053235,region-sector
2015,BC,FMT,imports,0.5575754625486328,region-sector
2015,BC,ELC,exports,0.614074314600472,region-sector
2015,BC,ELC,imports,0.49056876116606385,region-sector
2015,BC,ELQ,exports,0.6814649107787596,region-sector
2015,BC,ELQ,imports,0.5977229098065076,region-sector
2015,BC,MAC,exports,0.6918818423838535,region-sector
2015,BC,MAC,imports,0.5774384659024548,region-sector
2015,BC,MTV,exports,0.7527847770310844,region-sector
2015,BC,MTV,imports,0.539888427784034,region-sector
2015,BC,OTE,exports,0.5796201337044098,region-sector
2015,BC,OTE,imports,0.7409183971278989,region-sector
2015,BC,MFN,exports,0.7403084929291469,region-sector
2015,BC,MFN,imports,0.5254068436014055,region-sector
2015,BC,UTL,exports,0.9513574218749999,region-sector
2015,BC,UTL,imports,0.9765778873964194,region-sector
2015,BC,CON,exports,0.7727361057131753,region-sector
2015,BC,CON,imports,0.535031847133758,region-sector
2015,BC,TRD,exports,0.7514019015782645,region-sector
2015,BC,TRD,imports,0.7372090769521108,region-sector
2015,BC,TRN,exports,0.508074282393908,region-sector
2015,BC,TRN,imports,0.599402439086319,region-sector
2015,BC,ACC,exports,0.47554761329024725,region-sector
2015,BC,ACC,imports,0.5398684820460965,region-sector
2015,BC,PUB,exports,0.8362947614999993,region-sector
2015,BC,PUB,imports,0.9209245824744579,region-sector
2015,BC,TEL,exports,0.4733417296389588,region-sector
2015,BC,TEL,imports,0.4307204031356658,region-sector
2015,BC,ITS,exports,0.6732906261074588,region-sector
2015,BC,ITS,imports,0.6002678931592672,region-sector
2015,BC,FIN,exports,0.5308972192874136,region-sector
2015,BC,FIN,imports,0.4370029718446163,region-sector
2015,BC,REA,exports,0.10780735017897013,region-sector
2015,BC,REA,imports,0.5288201847903341,region-sector
2015,BC,PRF,exports,0.6245352320240309,region-sector
2015,BC,PRF,imports,0.72201590789402,region-sector
2015,BC,ADM,exports,0.6287063800941571,region-sector
2015,BC,ADM,imports,0.6836836253944951,region-sector
2015,BC,PAD,exports,0.5338363825422252,region-sector
2015,BC,PAD,imports,0.5022989113201565,region-sector
2015,BC,EDU,exports,0.08486370224039731,region-sector
2015,BC,EDU,imports,0.5933436220895122,region-sector
2015,BC,HTH,exports,0.5712124979280623,region-sector
2015,BC,HTH,imports,0.9351822670448577,region-sector
2015,BC,ART,exports,0.5361126513983523,region-sector
2015,BC,ART,imports,0.56244295612603,region-sector
2015,BC,OSV,exports,0.4080786208045307,region-sector
2015,BC,OSV,imports,0.5388360507246376,region-sector
2015,YT,AGR,exports,0.013793103448275864,region-sector
2015,YT,AGR,imports,0.530365831681384,region-sector
2015,YT,MIE,exports,0.9561293710972109,canada-sector
2015,YT,MIE,imports,0.9333333333333333,region-sector
2015,YT,MIN,exports,0.6416806318727173,region-sector
2015,YT,MIN,imports,0.7815449143656066,region-sector
2015,YT,MIS,exports,0.3291529856714116,canada-sector
2015,YT,MIS,imports,0.7279360306301669,canada-sector
2015,YT,FOD,exports,0.705840980399319,canada-sector
2015,YT,FOD,imports,0.7237889218720394,region-sector
2015,YT,TEX,exports,0.2968299711815562,region-sector
2015,YT,TEX,imports,0.6859936476303169,region-sector
2015,YT,WOD,exports,0.9779005524861878,region-sector
2015,YT,WOD,imports,0.9022982582706379,region-sector
2015,YT,PAP,exports,0.16666666666666666,region-sector
2015,YT,PAP,imports,0.9738339988106364,region-sector
2015,YT,PET,exports,0.8616615656256444,canada-sector
2015,YT,PET,imports,0.8071820071820072,region-sector
2015,YT,CHM,exports,0.6663326653306614,region-sector
2015,YT,CHM,imports,0.8418963534517936,region-sector
2015,YT,RUB,exports,0.8777777777777778,region-sector
2015,YT,RUB,imports,0.9753963914707491,region-sector
2015,YT,NMM,exports,0.8743665966695635,canada-sector
2015,YT,NMM,imports,0.3543170954947626,region-sector
2015,YT,BMT,exports,0.5588461539368096,canada-sector
2015,YT,BMT,imports,0.9354327589621706,region-sector
2015,YT,FMT,exports,0.5365853658536585,region-sector
2015,YT,FMT,imports,0.9231346081739782,region-sector
2015,YT,ELC,exports,0.634818031907549,canada-sector
2015,YT,ELC,imports,0.6186894280103883,region-sector
2015,YT,ELQ,exports,0.7756070952960418,canada-sector
2015,YT,ELQ,imports,0.9665913170666844,region-sector
2015,YT,MAC,exports,0.7078614155113513,canada-sector
2015,YT,MAC,imports,0.6726761721963257,region-sector
2015,YT,MTV,exports,0.9459943887707599,canada-sector
2015,YT,MTV,imports,0.8047026741957476,region-sector
2015,YT,OTE,exports,0.6393066906264022,canada-sector
2015,YT,OTE,imports,0.32463976128873867,region-sector
2015,YT,MFN,exports,0.19101123595505615,region-sector
2015,YT,MFN,imports,0.8965356584245733,region-sector
2015,YT,UTL,exports,0.681159420289855,region-sector
2015,YT,UTL,imports,0.8141670310450372,region-sector
2015,YT,CON,exports,0.5441176470588235,region-sector
2015,YT,CON,imports,1,region-sector
2015,YT,TRD,exports,0.4826291079812207,region-sector
2015,YT,TRD,imports,0.6644981412639405,region-sector
2015,YT,TRN,exports,0.3554061903576467,region-sector
2015,YT,TRN,imports,0.6104893778452201,region-sector
2015,YT,ACC,exports,0.5105630243606591,region-sector
2015,YT,ACC,imports,0.5391064798179422,region-sector
2015,YT,PUB,exports,0.8796778777830411,region-sector
2015,YT,PUB,imports,0.9578891257995735,region-sector
2015,YT,TEL,exports,0.47602608362102034,region-sector
2015,YT,TEL,imports,0.42407743496672723,region-sector
2015,YT,ITS,exports,0.7499999999999999,region-sector
2015,YT,ITS,imports,0.5935604293047131,region-sector
2015,YT,FIN,exports,0.6019267364414843,region-sector
2015,YT,FIN,imports,0.5490196078431372,region-sector
2015,YT,REA,exports,0.08403361344537814,region-sector
2015,YT,REA,imports,0.5446009389671362,region-sector
2015,YT,PRF,exports,0.6251524390243902,region-sector
2015,YT,PRF,imports,0.7720566538802007,region-sector
2015,YT,ADM,exports,0.62627365356623,region-sector
2015,YT,ADM,imports,0.6991430320342787,region-sector
2015,YT,PAD,exports,0.5215686274509804,region-sector
2015,YT,PAD,imports,0.5032679738562091,region-sector
2015,YT,EDU,exports,0.5818181818181818,region-sector
2015,YT,EDU,imports,0.6302462712452306,region-sector
2015,YT,HTH,exports,0.6774193548387096,region-sector
2015,YT,HTH,imports,0.9429133858267716,region-sector
2015,YT,ART,exports,0.5854806739345888,region-sector
2015,YT,ART,imports,0.5440878866724487,region-sector
2015,YT,OSV,exports,0.47987616099071206,region-sector
2015,YT,OSV,imports,0.5384615384615384,region-sector
2015,NT,AGR,exports,0.27901785714285715,region-sector
2015,NT,AGR,imports,0.5144794462494703,region-sector
2015,NT,MIE,exports,0.1764705882352941,region-sector
2015,NT,MIE,imports,0.9963768115942029,region-sector
2015,NT,MIN,exports,3.080549829744104e-4,region-sector
2015,NT,MIN,imports,0.7409171315825283,region-sector
2015,NT,MIS,exports,0.2,region-sector
2015,NT,MIS,imports,1,region-sector
2015,NT,FOD,exports,0.705840980399319,canada-sector
2015,NT,FOD,imports,0.7127644368210406,region-sector
2015,NT,TEX,exports,0.6,region-sector
2015,NT,TEX,imports,0.6601185379203814,region-sector
2015,NT,WOD,exports,0.7142857142857143,region-sector
2015,NT,WOD,imports,0.8007340867381435,region-sector
2015,NT,PAP,exports,0,region-sector
2015,NT,PAP,imports,0.9232087481638649,region-sector
2015,NT,PET,exports,0.8616615656256444,canada-sector
2015,NT,PET,imports,0.48953128857435074,region-sector
2015,NT,CHM,exports,0.6649137001078749,region-sector
2015,NT,CHM,imports,0.8240349599417334,region-sector
2015,NT,RUB,exports,0.8857512305719216,canada-sector
2015,NT,RUB,imports,0.8367113435763321,region-sector
2015,NT,NMM,exports,0.6153846153846153,region-sector
2015,NT,NMM,imports,0.8497517926089354,region-sector
2015,NT,BMT,exports,0.5588461539368096,canada-sector
2015,NT,BMT,imports,0.7828282828282828,region-sector
2015,NT,FMT,exports,0.7860749964591793,canada-sector
2015,NT,FMT,imports,0.7990196078431373,region-sector
2015,NT,ELC,exports,0.634818031907549,canada-sector
2015,NT,ELC,imports,0.8801017970833225,region-sector
2015,NT,ELQ,exports,0.7756070952960418,canada-sector
2015,NT,ELQ,imports,0.7558022199798186,region-sector
2015,NT,MAC,exports,0.7078614155113513,canada-sector
2015,NT,MAC,imports,0.8706300717904841,region-sector
2015,NT,MTV,exports,0.9459943887707599,canada-sector
2015,NT,MTV,imports,0.8223423761303497,region-sector
2015,NT,OTE,exports,0.6393066906264022,canada-sector
2015,NT,OTE,imports,0.6330223842597307,region-sector
2015,NT,MFN,exports,0.08615567439096852,region-sector
2015,NT,MFN,imports,0.805423598085789,region-sector
2015,NT,UTL,exports,0.6323987538940811,region-sector
2015,NT,UTL,imports,0.8141796083727211,region-sector
2015,NT,CON,exports,0.6600296547341665,region-sector
2015,NT,CON,imports,0.9138426191843767,region-sector
2015,NT,TRD,exports,0.6956823133293721,region-sector
2015,NT,TRD,imports,0.6315524193548386,region-sector
2015,NT,TRN,exports,0.4480410079936911,region-sector
2015,NT,TRN,imports,0.6119560494133713,region-sector
2015,NT,ACC,exports,0.5062606972344834,region-sector
2015,NT,ACC,imports,0.5415655085809963,region-sector
2015,NT,PUB,exports,0.8774774774774776,region-sector
2015,NT,PUB,imports,0.9417558159280014,region-sector
2015,NT,TEL,exports,0.48544010589013903,region-sector
2015,NT,TEL,imports,0.4533507170795306,region-sector
2015,NT,ITS,exports,0.7037385234452713,canada-sector
2015,NT,ITS,imports,0.6233204134366925,region-sector
2015,NT,FIN,exports,0.6867982193874161,region-sector
2015,NT,FIN,imports,0.5336560627017058,region-sector
2015,NT,REA,exports,0.1271186440677966,region-sector
2015,NT,REA,imports,0.5491143317230274,region-sector
2015,NT,PRF,exports,0.6450121858979746,region-sector
2015,NT,PRF,imports,0.6308040948326736,region-sector
2015,NT,ADM,exports,0.6607284003161672,region-sector
2015,NT,ADM,imports,0.6792295366537588,region-sector
2015,NT,PAD,exports,0.6510938924339107,region-sector
2015,NT,PAD,imports,0.6082474226804124,region-sector
2015,NT,EDU,exports,0.6176236044657097,region-sector
2015,NT,EDU,imports,0.6343233772734859,region-sector
2015,NT,HTH,exports,0.6574093264248705,region-sector
2015,NT,HTH,imports,0.9226993865030676,region-sector
2015,NT,ART,exports,0.4479465138490927,region-sector
2015,NT,ART,imports,0.6075268817204301,region-sector
2015,NT,OSV,exports,0.5257142857142857,region-sector
2015,NT,OSV,imports,0.46498599439775906,region-sector
2015,NU,AGR,exports,0.06928104575163399,region-sector
2015,NU,AGR,imports,0.5064092664092665,region-sector
2015,NU,MIE,exports,0.9561293710972109,canada-sector
2015,NU,MIE,imports,0.6666666666666666,region-sector
2015,NU,MIN,exports,0.11644928490916809,region-sector
2015,NU,MIN,imports,0.7251540316099652,region-sector
2015,NU,MIS,exports,0.3291529856714116,canada-sector
2015,NU,MIS,imports,0.7279360306301669,canada-sector
2015,NU,FOD,exports,0.0438871473354232,region-sector
2015,NU,FOD,imports,0.7983659956212955,region-sector
2015,NU,TEX,exports,0,region-sector
2015,NU,TEX,imports,0.6524781566535219,region-sector
2015,NU,WOD,exports,0.772225787507401,canada-sector
2015,NU,WOD,imports,0.7422943918207789,region-sector
2015,NU,PAP,exports,0.6499476624978793,canada-sector
2015,NU,PAP,imports,0.5069189676256678,region-sector
2015,NU,PET,exports,0.8616615656256444,canada-sector
2015,NU,PET,imports,0.6098708983324368,region-sector
2015,NU,CHM,exports,1,region-sector
2015,NU,CHM,imports,0.6614971572962729,region-sector
2015,NU,RUB,exports,0.8857512305719216,canada-sector
2015,NU,RUB,imports,0.8416913148695887,region-sector
2015,NU,NMM,exports,0.8743665966695635,canada-sector
2015,NU,NMM,imports,0.7968888888888889,region-sector
2015,NU,BMT,exports,0.5588461539368096,canada-sector
2015,NU,BMT,imports,0.704464738711314,region-sector
2015,NU,FMT,exports,0.7860749964591793,canada-sector
2015,NU,FMT,imports,0.6817793350995642,region-sector
2015,NU,ELC,exports,0.634818031907549,canada-sector
2015,NU,ELC,imports,0.8435351117856518,region-sector
2015,NU,ELQ,exports,0.7756070952960418,canada-sector
2015,NU,ELQ,imports,0.8356482377065036,region-sector
2015,NU,MAC,exports,0.7078614155113513,canada-sector
2015,NU,MAC,imports,0.8516075560313568,region-sector
2015,NU,MTV,exports,0.9459943887707599,canada-sector
2015,NU,MTV,imports,0.8617185421654695,region-sector
2015,NU,OTE,exports,0.6393066906264022,canada-sector
2015,NU,OTE,imports,0.2531700081343605,region-sector
2015,NU,MFN,exports,0.7757667736480646,canada-sector
2015,NU,MFN,imports,0.7868740515933232,region-sector
2015,NU,UTL,exports,0.7419962335216572,region-sector
2015,NU,UTL,imports,0.8124999999999999,region-sector
2015,NU,CON,exports,0.7285714285714285,region-sector
2015,NU,CON,imports,0.9145907473309609,region-sector
2015,NU,TRD,exports,0.7523629489603024,region-sector
2015,NU,TRD,imports,0.6971326164874552,region-sector
2015,NU,TRN,exports,0.3928041543026706,region-sector
2015,NU,TRN,imports,0.7683997299122214,region-sector
2015,NU,ACC,exports,0.5047812228339612,region-sector
2015,NU,ACC,imports,0.5402398497326976,region-sector
2015,NU,PUB,exports,0.4444444444444445,region-sector
2015,NU,PUB,imports,0.9304556354916067,region-sector
2015,NU,TEL,exports,0.47104247104247104,region-sector
2015,NU,TEL,imports,0.4318389752973467,region-sector
2015,NU,ITS,exports,0.7037385234452713,canada-sector
2015,NU,ITS,imports,0.5375286791215995,region-sector
2015,NU,FIN,exports,0.6695876288659793,region-sector
2015,NU,FIN,imports,0.4870719776380153,region-sector
2015,NU,REA,exports,0.15665746303073133,canada-sector
2015,NU,REA,imports,0.574757281553398,region-sector
2015,NU,PRF,exports,0.547029702970297,region-sector
2015,NU,PRF,imports,0.6897633484925045,region-sector
2015,NU,ADM,exports,0.6267266302601991,region-sector
2015,NU,ADM,imports,0.6946698488464598,region-sector
2015,NU,PAD,exports,0.5039903628971542,region-sector
2015,NU,PAD,imports,0.6749999999999999,region-sector
2015,NU,EDU,exports,0.6319018404907975,region-sector
2015,NU,EDU,imports,0.6191011235955056,region-sector
2015,NU,HTH,exports,0.6666666666666666,region-sector
2015,NU,HTH,imports,0.9328358208955223,region-sector
2015,NU,ART,exports,0.44065040650406506,region-sector
2015,NU,ART,imports,0.5539257981018119,region-sector
2015,NU,OSV,exports,0.5241935483870968,region-sector
2015,NU,OSV,imports,0.30254777070063693,region-sector
2016,NL,AGR,exports,0.39839866977534383,region-sector
2016,NL,AGR,imports,0.6404628027681661,region-sector
2016,NL,MIE,exports,0.770744153787977,region-sector
2016,NL,MIE,imports,0.7554755872020482,region-sector
2016,NL,MIN,exports,0.0022448214480077352,region-sector
2016,NL,MIN,imports,0.9139455168681221,region-sector
2016,NL,MIS,exports,0.39622641509433965,region-sector
2016,NL,MIS,imports,0.7105263157894737,region-sector
2016,NL,FOD,exports,0.4732043769533783,region-sector
2016,NL,FOD,imports,0.4028866832592306,region-sector
2016,NL,TEX,exports,0.3517925247902365,region-sector
2016,NL,TEX,imports,0.12537466898177335,region-sector
2016,NL,WOD,exports,0.9951876804619828,region-sector
2016,NL,WOD,imports,0.3881184575467478,region-sector
2016,NL,PAP,exports,0.5368757872337097,region-sector
2016,NL,PAP,imports,0.31584229390681,region-sector
2016,NL,PET,exports,0.6696386853649514,region-sector
2016,NL,PET,imports,0.6830428012034531,region-sector
2016,NL,CHM,exports,0.23943661971830985,region-sector
2016,NL,CHM,imports,0.13163659937853486,region-sector
2016,NL,RUB,exports,0.4959543074726321,region-sector
2016,NL,RUB,imports,0.12744079292940827,region-sector
2016,NL,NMM,exports,0.896265560165975,region-sector
2016,NL,NMM,imports,0.2557524994838823,region-sector
2016,NL,BMT,exports,0.050341274267654626,region-sector
2016,NL,BMT,imports,0.5199933404762096,region-sector
2016,NL,FMT,exports,0.43286573146292584,region-sector
2016,NL,FMT,imports,0.35900622608647953,region-sector
2016,NL,ELC,exports,0.10472043996333637,region-sector
2016,NL,ELC,imports,0.530432956260234,region-sector
2016,NL,ELQ,exports,0.6435897435897435,region-sector
2016,NL,ELQ,imports,0.12872299236987234,region-sector
2016,NL,MAC,exports,0.7169524965852178,region-sector
2016,NL,MAC,imports,0.07340044714695806,region-sector
2016,NL,MTV,exports,0.6792899408284023,region-sector
2016,NL,MTV,imports,0.6180193919505809,region-sector
2016,NL,OTE,exports,0.061553634623194284,region-sector
2016,NL,OTE,imports,0.16038356948618862,region-sector
2016,NL,MFN,exports,0.19147109330280482,region-sector
2016,NL,MFN,imports,0.4760459671857241,region-sector
2016,NL,UTL,exports,0.8302469135802469,region-sector
2016,NL,UTL,imports,0.610062893081761,region-sector
2016,NL,CON,exports,0.4623760451098581,region-sector
2016,NL,CON,imports,1,region-sector
2016,NL,TRD,exports,0.8119282839370655,region-sector
2016,NL,TRD,imports,0.5555799487742408,region-sector
2016,NL,TRN,exports,0.48172388177051423,region-sector
2016,NL,TRN,imports,0.5638448047225906,region-sector
2016,NL,ACC,exports,0.48074776785714285,region-sector
2016,NL,ACC,imports,0.5234989271134315,region-sector
2016,NL,PUB,exports,0.44247123561780893,region-sector
2016,NL,PUB,imports,0.4305140466228332,region-sector
2016,NL,TEL,exports,0.46538771450681715,region-sector
2016,NL,TEL,imports,0.45809110251603663,region-sector
2016,NL,ITS,exports,0.654046158340637,region-sector
2016,NL,ITS,imports,0.5864998389002256,region-sector
2016,NL,FIN,exports,0.6716556789610184,region-sector
2016,NL,FIN,imports,0.522866306349112,region-sector
2016,NL,REA,exports,0.09403469856610949,region-sector
2016,NL,REA,imports,0.5317460317460317,region-sector
2016,NL,PRF,exports,0.648169683925503,region-sector
2016,NL,PRF,imports,0.6992552378562712,region-sector
2016,NL,ADM,exports,0.6728151186491859,region-sector
2016,NL,ADM,imports,0.6737446006773007,region-sector
2016,NL,PAD,exports,0.45826757846747335,region-sector
2016,NL,PAD,imports,0.45812090313182813,region-sector
2016,NL,EDU,exports,0.14146790459420522,region-sector
2016,NL,EDU,imports,0.58418053848732,region-sector
2016,NL,HTH,exports,0.48278985507246375,region-sector
2016,NL,HTH,imports,0.9009454232917922,region-sector
2016,NL,ART,exports,0.5691162570888468,region-sector
2016,NL,ART,imports,0.5332746546247752,region-sector
2016,NL,OSV,exports,0.3401080524826344,region-sector
2016,NL,OSV,imports,0.5232668566001899,region-sector
2016,PE,AGR,exports,0.7541503037626288,region-sector
2016,PE,AGR,imports,0.8401136248351426,region-sector
2016,PE,MIE,exports,0.9310631680063871,canada-sector
2016,PE,MIE,imports,0.7626112759643918,region-sector
2016,PE,MIN,exports,0.6670235546038543,region-sector
2016,PE,MIN,imports,0.7877428998505231,region-sector
2016,PE,MIS,exports,0.6867300864545997,canada-sector
2016,PE,MIS,imports,0.7231795928537276,canada-sector
2016,PE,FOD,exports,0.7287561217107786,region-sector
2016,PE,FOD,imports,0.6758995262513144,region-sector
2016,PE,TEX,exports,0.7137176938369783,region-sector
2016,PE,TEX,imports,0.7722262149386078,region-sector
2016,PE,WOD,exports,0.7469879518072289,region-sector
2016,PE,WOD,imports,0.6946424933795071,region-sector
2016,PE,PAP,exports,0.4971830985915492,region-sector
2016,PE,PAP,imports,0.9831673548700509,region-sector
2016,PE,PET,exports,0.8311008685561793,canada-sector
2016,PE,PET,imports,0.22499611539856015,region-sector
2016,PE,CHM,exports,0.5389294403892944,region-sector
2016,PE,CHM,imports,0.8760899323069998,region-sector
2016,PE,RUB,exports,0.8888191595926735,canada-sector
2016,PE,RUB,imports,0.8802423925364024,region-sector
2016,PE,NMM,exports,0.861111111111111,region-sector
2016,PE,NMM,imports,0.695813953488372,region-sector
2016,PE,BMT,exports,0.9310344827586208,region-sector
2016,PE,BMT,imports,0.7220381110190555,region-sector
2016,PE,FMT,exports,0.8447665056360709,region-sector
2016,PE,FMT,imports,0.8031409355040913,region-sector
2016,PE,ELC,exports,0.18749999999999997,region-sector
2016,PE,ELC,imports,0.8892606707317073,region-sector
2016,PE,ELQ,exports,0.5331779115487665,region-sector
2016,PE,ELQ,imports,0.4878497039003471,region-sector
2016,PE,MAC,exports,0.7625094974492564,region-sector
2016,PE,MAC,imports,0.7951327921554656,region-sector
2016,PE,MTV,exports,0.884,region-sector
2016,PE,MTV,imports,0.6226282826570937,region-sector
2016,PE,OTE,exports,0.6497046866610416,region-sector
2016,PE,OTE,imports,0.8670360110803323,region-sector
2016,PE,MFN,exports,0.7319461444308446,region-sector
2016,PE,MFN,imports,0.5823760686152426,region-sector
2016,PE,UTL,exports,0.7658730158730159,region-sector
2016,PE,UTL,imports,0.703757225433526,region-sector
2016,PE,CON,exports,0.5864661654135338,region-sector
2016,PE,CON,imports,0.9553072625698326,region-sector
2016,PE,TRD,exports,0.6543600812234639,region-sector
2016,PE,TRD,imports,0.4928173556141894,region-sector
2016,PE,TRN,exports,0.6720600608374863,region-sector
2016,PE,TRN,imports,0.7114004287978125,region-sector
2016,PE,ACC,exports,0.4741841286140615,region-sector
2016,PE,ACC,imports,0.5232831795224371,region-sector
2016,PE,PUB,exports,0.5725308641975309,region-sector
2016,PE,PUB,imports,0.9427919252443112,region-sector
2016,PE,TEL,exports,0.4492948287441236,region-sector
2016,PE,TEL,imports,0.45483321158996837,region-sector
2016,PE,ITS,exports,0.6994047619047619,region-sector
2016,PE,ITS,imports,0.5797896367038782,region-sector
2016,PE,FIN,exports,0.6553055868016499,region-sector
2016,PE,FIN,imports,0.6128342245989306,region-sector
2016,PE,REA,exports,0.07065096645189958,region-sector
2016,PE,REA,imports,0.5294818344252531,region-sector
2016,PE,PRF,exports,0.5855217691776088,region-sector
2016,PE,PRF,imports,0.688818036893646,region-sector
2016,PE,ADM,exports,0.69897732325478,region-sector
2016,PE,ADM,imports,0.657215162317342,region-sector
2016,PE,PAD,exports,0.5707727620504973,region-sector
2016,PE,PAD,imports,0.5155709342560554,region-sector
2016,PE,EDU,exports,0.09879598343882359,region-sector
2016,PE,EDU,imports,0.5834704467788887,region-sector
2016,PE,HTH,exports,0.5689900426742531,region-sector
2016,PE,HTH,imports,0.9203980099502489,region-sector
2016,PE,ART,exports,0.578161628624306,region-sector
2016,PE,ART,imports,0.5397906419472821,region-sector
2016,PE,OSV,exports,0.3806620209059233,region-sector
2016,PE,OSV,imports,0.5337995337995338,region-sector
2016,NS,AGR,exports,0.5170019498739715,region-sector
2016,NS,AGR,imports,0.16943081380957234,region-sector
2016,NS,MIE,exports,0.9928669212479285,region-sector
2016,NS,MIE,imports,0.2704575738828345,region-sector
2016,NS,MIN,exports,0.8960384703457753,region-sector
2016,NS,MIN,imports,0.3190560997328584,region-sector
2016,NS,MIS,exports,0.6944,region-sector
2016,NS,MIS,imports,0.6666666666666666,region-sector
2016,NS,FOD,exports,0.5250959053944804,region-sector
2016,NS,FOD,imports,0.10147474856623263,region-sector
2016,NS,TEX,exports,0.9029623698959168,region-sector
2016,NS,TEX,imports,0.0605961460023651,region-sector
2016,NS,WOD,exports,0.7366257219966201,region-sector
2016,NS,WOD,imports,0.1831984869181465,region-sector
2016,NS,PAP,exports,0.4360373914759274,region-sector
2016,NS,PAP,imports,0.26928856321306,region-sector
2016,NS,PET,exports,0.7136363636363636,region-sector
2016,NS,PET,imports,0.4056806898175477,region-sector
2016,NS,CHM,exports,0.6075508434614625,region-sector
2016,NS,CHM,imports,0.21620653675869267,region-sector
2016,NS,RUB,exports,0.9285464933784839,region-sector
2016,NS,RUB,imports,0.09244667519665914,region-sector
2016,NS,NMM,exports,0.6827358879274825,region-sector
2016,NS,NMM,imports,0.0176172297874765,region-sector
2016,NS,BMT,exports,0.28889088944904573,region-sector
2016,NS,BMT,imports,0.06648342544128971,region-sector
2016,NS,FMT,exports,0.7840106554330319,region-sector
2016,NS,FMT,imports,0.2774155861155449,region-sector
2016,NS,ELC,exports,0.5249514212508383,region-sector
2016,NS,ELC,imports,0.3921951444862905,region-sector
2016,NS,ELQ,exports,0.6872816793639176,region-sector
2016,NS,ELQ,imports,0.19490699839507158,region-sector
2016,NS,MAC,exports,0.5736023765129729,region-sector
2016,NS,MAC,imports,0.12806074546711585,region-sector
2016,NS,MTV,exports,0.4408653846153846,region-sector
2016,NS,MTV,imports,0.07149669740205236,region-sector
2016,NS,OTE,exports,0.691020915087768,region-sector
2016,NS,OTE,imports,0.5594366488496844,region-sector
2016,NS,MFN,exports,0.6890833295157818,region-sector
2016,NS,MFN,imports,0.11782409126695285,region-sector
2016,NS,UTL,exports,0.6517045454545455,region-sector
2016,NS,UTL,imports,0.6540983606557378,region-sector
2016,NS,CON,exports,0.9246861924686192,region-sector
2016,NS,CON,imports,0,region-sector
2016,NS,TRD,exports,0.7597801177969449,region-sector
2016,NS,TRD,imports,0.4423515114689351,region-sector
2016,NS,TRN,exports,0.47471533167489344,region-sector
2016,NS,TRN,imports,0.6659109381015529,region-sector
2016,NS,ACC,exports,0.48333801572606994,region-sector
2016,NS,ACC,imports,0.5224498247849635,region-sector
2016,NS,PUB,exports,0.8797995507171246,region-sector
2016,NS,PUB,imports,0.5709069560983991,region-sector
2016,NS,TEL,exports,0.5260616001457991,region-sector
2016,NS,TEL,imports,0.4621813101831064,region-sector
2016,NS,ITS,exports,0.6888417201629047,region-sector
2016,NS,ITS,imports,0.582590137765902,region-sector
2016,NS,FIN,exports,0.5520545661077357,region-sector
2016,NS,FIN,imports,0.586232264456455,region-sector
2016,NS,REA,exports,0.09182456941379398,region-sector
2016,NS,REA,imports,0.4998324958123953,region-sector
2016,NS,PRF,exports,0.6742987362155479,region-sector
2016,NS,PRF,imports,0.7204648616188912,region-sector
2016,NS,ADM,exports,0.6360362896368104,region-sector
2016,NS,ADM,imports,0.6757132894511464,region-sector
2016,NS,PAD,exports,0.5088217899855434,region-sector
2016,NS,PAD,imports,0.4608395989974937,region-sector
2016,NS,EDU,exports,0.14864057917404283,region-sector
2016,NS,EDU,imports,0.5835951932049743,region-sector
2016,NS,HTH,exports,0.6469753221227343,region-sector
2016,NS,HTH,imports,0.9243353783231085,region-sector
2016,NS,ART,exports,0.5992886178861789,region-sector
2016,NS,ART,imports,0.5387809047680616,region-sector
2016,NS,OSV,exports,0.38011273305390947,region-sector
2016,NS,OSV,imports,0.5270885028949547,region-sector
2016,NB,AGR,exports,0.8716589427934335,region-sector
2016,NB,AGR,imports,0.9635541264737406,region-sector
2016,NB,MIE,exports,1,region-sector
2016,NB,MIE,imports,0.350657982121415,region-sector
2016,NB,MIN,exports,0.6195596025040494,region-sector
2016,NB,MIN,imports,0.007973824336759975,region-sector
2016,NB,MIS,exports,0.6945397815912636,region-sector
2016,NB,MIS,imports,0.7205882352941176,region-sector
2016,NB,FOD,exports,0.7686934189669644,region-sector
2016,NB,FOD,imports,0.8675481908608892,region-sector
2016,NB,TEX,exports,0.717714360862704,region-sector
2016,NB,TEX,imports,0.5475617720913064,region-sector
2016,NB,WOD,exports,0.9412847024615937,region-sector
2016,NB,WOD,imports,0.9646066463207866,region-sector
2016,NB,PAP,exports,0.6887741781822679,region-sector
2016,NB,PAP,imports,0.9644391926353478,region-sector
2016,NB,PET,exports,0.999490496960045,region-sector
2016,NB,PET,imports,0.2601971924758652,region-sector
2016,NB,CHM,exports,0.9033111235440718,region-sector
2016,NB,CHM,imports,0.9394954330317487,region-sector
2016,NB,RUB,exports,0.8500052498162565,region-sector
2016,NB,RUB,imports,0.8591703908725307,region-sector
2016,NB,NMM,exports,0.9460245343025899,region-sector
2016,NB,NMM,imports,0.9020253164556961,region-sector
2016,NB,BMT,exports,0.9430833354512413,region-sector
2016,NB,BMT,imports,0.926135315136976,region-sector
2016,NB,FMT,exports,0.8665804946484025,region-sector
2016,NB,FMT,imports,0.9123158965614981,region-sector
2016,NB,ELC,exports,0.5975469195137333,region-sector
2016,NB,ELC,imports,0.8038938315582028,region-sector
2016,NB,ELQ,exports,0.886604265766457,region-sector
2016,NB,ELQ,imports,0.8492997312922401,region-sector
2016,NB,MAC,exports,0.7822189104541908,region-sector
2016,NB,MAC,imports,0.8619287070691354,region-sector
2016,NB,MTV,exports,0.7646262450439997,region-sector
2016,NB,MTV,imports,0.6678750922875792,region-sector
2016,NB,OTE,exports,0.8585582300024313,region-sector
2016,NB,OTE,imports,0.9274643465781685,region-sector
2016,NB,MFN,exports,0.5900662887885484,region-sector
2016,NB,MFN,imports,0.7654236233467141,region-sector
2016,NB,UTL,exports,0.9443444768306466,region-sector
2016,NB,UTL,imports,0.9971098961971051,region-sector
2016,NB,CON,exports,0.7090909090909091,region-sector
2016,NB,CON,imports,0.2021198292359782,region-sector
2016,NB,TRD,exports,0.7979341369072911,region-sector
2016,NB,TRD,imports,0.8179713175978487,region-sector
2016,NB,TRN,exports,0.717176432220504,region-sector
2016,NB,TRN,imports,0.6963637133954467,region-sector
2016,NB,ACC,exports,0.47689448801683376,region-sector
2016,NB,ACC,imports,0.5231947650087504,region-sector
2016,NB,PUB,exports,0.5062718786464411,region-sector
2016,NB,PUB,imports,0.9239728203749419,region-sector
2016,NB,TEL,exports,0.45944607767290735,region-sector
2016,NB,TEL,imports,0.4570952092177077,region-sector
2016,NB,ITS,exports,0.7089102258058811,region-sector
2016,NB,ITS,imports,0.5530635188308038,region-sector
2016,NB,FIN,exports,0.6197053918843801,region-sector
2016,NB,FIN,imports,0.5908031272210378,region-sector
2016,NB,REA,exports,0.06638253906754488,region-sector
2016,NB,REA,imports,0.496738757294885,region-sector
2016,NB,PRF,exports,0.6002048176677501,region-sector
2016,NB,PRF,imports,0.6959555908009517,region-sector
2016,NB,ADM,exports,0.6706879332337904,region-sector
2016,NB,ADM,imports,0.6707697178639273,region-sector
2016,NB,PAD,exports,0.5104123980181053,region-sector
2016,NB,PAD,imports,0.4501707544240919,region-sector
2016,NB,EDU,exports,0.24786792182597034,region-sector
2016,NB,EDU,imports,0.579935420890591,region-sector
2016,NB,HTH,exports,0.6250900113157082,region-sector
2016,NB,HTH,imports,0.9215795328142382,region-sector
2016,NB,ART,exports,0.5584952459694089,region-sector
2016,NB,ART,imports,0.5463193183405503,region-sector
2016,NB,OSV,exports,0.48060220034742324,region-sector
2016,NB,OSV,imports,0.5281759762728621,region-sector
2016,QC,AGR,exports,0.5780643924220071,region-sector
2016,QC,AGR,imports,0.5465266014826456,region-sector
2016,QC,MIE,exports,1,region-sector
2016,QC,MIE,imports,0.6237137220989284,region-sector
2016,QC,MIN,exports,0.10412514718829985,region-sector
2016,QC,MIN,imports,0.4056955751093157,region-sector
2016,QC,MIS,exports,0.6777262747011465,region-sector
2016,QC,MIS,imports,0.7232192933258552,region-sector
2016,QC,FOD,exports,0.6890995948575867,region-sector
2016,QC,FOD,imports,0.43410976517725325,region-sector
2016,QC,TEX,exports,0.6478157632382429,region-sector
2016,QC,TEX,imports,0.18060962336236594,region-sector
2016,QC,WOD,exports,0.9259517344807994,region-sector
2016,QC,WOD,imports,0.5277839530909055,region-sector
2016,QC,PAP,exports,0.7719043135818914,region-sector
2016,QC,PAP,imports,0.7702501269472064,region-sector
2016,QC,PET,exports,0.6043086545644488,region-sector
2016,QC,PET,imports,0.3725663097568857,region-sector
2016,QC,CHM,exports,0.7713565171962599,region-sector
2016,QC,CHM,imports,0.47992686283378794,region-sector
2016,QC,RUB,exports,0.8631689025347737,region-sector
2016,QC,RUB,imports,0.6320975151146799,region-sector
2016,QC,NMM,exports,0.8520499544217054,region-sector
2016,QC,NMM,imports,0.357323851693993,region-sector
2016,QC,BMT,exports,0.8756630059002605,region-sector
2016,QC,BMT,imports,0.3020971506141779,region-sector
2016,QC,FMT,exports,0.7521588495544,region-sector
2016,QC,FMT,imports,0.5635637491063606,region-sector
2016,QC,ELC,exports,0.6026441154546635,region-sector
2016,QC,ELC,imports,0.7579053859764378,region-sector
2016,QC,ELQ,exports,0.789834025181722,region-sector
2016,QC,ELQ,imports,0.5380914134396414,region-sector
2016,QC,MAC,exports,0.6429906248375935,region-sector
2016,QC,MAC,imports,0.5069661599450622,region-sector
2016,QC,MTV,exports,0.9085467927774686,region-sector
2016,QC,MTV,imports,0.6806262544853016,region-sector
2016,QC,OTE,exports,0.5881626369605558,region-sector
2016,QC,OTE,imports,0.5361185501771195,region-sector
2016,QC,MFN,exports,0.8024340569447376,region-sector
2016,QC,MFN,imports,0.4354424140703996,region-sector
2016,QC,UTL,exports,0.9557129798278611,region-sector
2016,QC,UTL,imports,0.7174843035011174,region-sector
2016,QC,CON,exports,0.6817350313093647,region-sector
2016,QC,CON,imports,0.6674614664055182,region-sector
2016,QC,TRD,exports,0.7105956048882597,region-sector
2016,QC,TRD,imports,0.6766867211663885,region-sector
2016,QC,TRN,exports,0.5835425302748828,region-sector
2016,QC,TRN,imports,0.6247666053031816,region-sector
2016,QC,ACC,exports,0.48077596908431774,region-sector
2016,QC,ACC,imports,0.522531524286099,region-sector
2016,QC,PUB,exports,0.7665707873384832,region-sector
2016,QC,PUB,imports,0.7387378018272385,region-sector
2016,QC,TEL,exports,0.48353155460074204,region-sector
2016,QC,TEL,imports,0.4593355348297559,region-sector
2016,QC,ITS,exports,0.7158697984513936,region-sector
2016,QC,ITS,imports,0.5606799920668583,region-sector
2016,QC,FIN,exports,0.5345061608613084,region-sector
2016,QC,FIN,imports,0.5452462920763368,region-sector
2016,QC,REA,exports,0.12347692267335866,region-sector
2016,QC,REA,imports,0.506593787957661,region-sector
2016,QC,PRF,exports,0.6102164687331981,region-sector
2016,QC,PRF,imports,0.686097143384639,region-sector
2016,QC,ADM,exports,0.6426797859577269,region-sector
2016,QC,ADM,imports,0.6651953042567939,region-sector
2016,QC,PAD,exports,0.5514833050967104,region-sector
2016,QC,PAD,imports,0.45678507907513344,region-sector
2016,QC,EDU,exports,0.11899508574867115,region-sector
2016,QC,EDU,imports,0.5807426010621752,region-sector
2016,QC,HTH,exports,0.5671978476821192,region-sector
2016,QC,HTH,imports,0.9051217388963179,region-sector
2016,QC,ART,exports,0.588018710198561,region-sector
2016,QC,ART,imports,0.5677231313569165,region-sector
2016,QC,OSV,exports,0.43082482221525564,region-sector
2016,QC,OSV,imports,0.5298913531471671,region-sector
2016,ON,AGR,exports,0.5022725280396751,region-sector
2016,ON,AGR,imports,0.7250841757369658,region-sector
2016,ON,MIE,exports,0.971746807932627,region-sector
2016,ON,MIE,imports,0.9989704040087691,region-sector
2016,ON,MIN,exports,0.36422705360035057,region-sector
2016,ON,MIN,imports,0.2364094870239729,region-sector
2016,ON,MIS,exports,0.6912199966091022,region-sector
2016,ON,MIS,imports,0.7231623302789112,region-sector
2016,ON,FOD,exports,0.8498778248926342,region-sector
2016,ON,FOD,imports,0.6915218739210391,region-sector
2016,ON,TEX,exports,0.6342848818527558,region-sector
2016,ON,TEX,imports,0.3959935140314628,region-sector
2016,ON,WOD,exports,0.952098045374019,region-sector
2016,ON,WOD,imports,0.6714523919341213,region-sector
2016,ON,PAP,exports,0.8829592814772451,region-sector
2016,ON,PAP,imports,0.906459562157289,region-sector
2016,ON,PET,exports,0.7956304339231102,region-sector
2016,ON,PET,imports,0.7805008406370036,region-sector
2016,ON,CHM,exports,0.7520671538365006,region-sector
2016,ON,CHM,imports,0.7083418131420469,region-sector
2016,ON,RUB,exports,0.8980134817715402,region-sector
2016,ON,RUB,imports,0.7759199956057831,region-sector
2016,ON,NMM,exports,0.9001239893840495,region-sector
2016,ON,NMM,imports,0.7866397937202166,region-sector
2016,ON,BMT,exports,0.4481774713353452,region-sector
2016,ON,BMT,imports,0.6666789405555295,region-sector
2016,ON,FMT,exports,0.8401953427343847,region-sector
2016,ON,FMT,imports,0.7280915106344579,region-sector
2016,ON,ELC,exports,0.6536899989242967,region-sector
2016,ON,ELC,imports,0.5946193560844127,region-sector
2016,ON,ELQ,exports,0.8255459095380684,region-sector
2016,ON,ELQ,imports,0.6875819909447575,region-sector
2016,ON,MAC,exports,0.7287665618423794,region-sector
2016,ON,MAC,imports,0.7293945832471743,region-sector
2016,ON,MTV,exports,0.9400382552605522,region-sector
2016,ON,MTV,imports,0.735969258199408,region-sector
2016,ON,OTE,exports,0.55594861053534,region-sector
2016,ON,OTE,imports,0.726063599238694,region-sector
2016,ON,MFN,exports,0.8047974694159883,region-sector
2016,ON,MFN,imports,0.6592020392708063,region-sector
2016,ON,UTL,exports,0.8759429133074174,region-sector
2016,ON,UTL,imports,0.7702576067624166,region-sector
2016,ON,CON,exports,0.6761945186196077,region-sector
2016,ON,CON,imports,0.9905767643256546,region-sector
2016,ON,TRD,exports,0.7575331029631212,region-sector
2016,ON,TRD,imports,0.6852861777876432,region-sector
2016,ON,TRN,exports,0.5793779925190434,region-sector
2016,ON,TRN,imports,0.6323505782254131,region-sector
2016,ON,ACC,exports,0.4864534145541846,region-sector
2016,ON,ACC,imports,0.522565768718497,region-sector
2016,ON,PUB,exports,0.8251131726345073,region-sector
2016,ON,PUB,imports,0.8920856369860664,region-sector
2016,ON,TEL,exports,0.4976165369527467,region-sector
2016,ON,TEL,imports,0.4573282236392259,region-sector
2016,ON,ITS,exports,0.7369157267459087,region-sector
2016,ON,ITS,imports,0.5611400139144652,region-sector
2016,ON,FIN,exports,0.5401584851672375,region-sector
2016,ON,FIN,imports,0.5734693605543273,region-sector
2016,ON,REA,exports,0.21098355615210415,region-sector
2016,ON,REA,imports,0.49266216612855884,region-sector
2016,ON,PRF,exports,0.6536262420323159,region-sector
2016,ON,PRF,imports,0.6932075137972513,region-sector
2016,ON,ADM,exports,0.6556898021568307,region-sector
2016,ON,ADM,imports,0.6654112719270666,region-sector
2016,ON,PAD,exports,0.3983969496775993,region-sector
2016,ON,PAD,imports,0.4509749277745264,region-sector
2016,ON,EDU,exports,0.14038221144621174,region-sector
2016,ON,EDU,imports,0.5797340052397245,region-sector
2016,ON,HTH,exports,0.5621052594218663,region-sector
2016,ON,HTH,imports,0.9234272005986377,region-sector
2016,ON,ART,exports,0.5882011564525182,region-sector
2016,ON,ART,imports,0.5588481952798264,region-sector
2016,ON,OSV,exports,0.4544727561035624,region-sector
2016,ON,OSV,imports,0.5283847228397677,region-sector
2016,MB,AGR,exports,0.3290168611197464,region-sector
2016,MB,AGR,imports,0.7742458286444918,region-sector
2016,MB,MIE,exports,1,region-sector
2016,MB,MIE,imports,0.9973255531242402,region-sector
2016,MB,MIN,exports,0.3159946094493183,region-sector
2016,MB,MIN,imports,0.874712454814328,region-sector
2016,MB,MIS,exports,0.6862385321100918,region-sector
2016,MB,MIS,imports,0.7231668289967997,region-sector
2016,MB,FOD,exports,0.5904877382922887,region-sector
2016,MB,FOD,imports,0.8736512826274904,region-sector
2016,MB,TEX,exports,0.8315424445394518,region-sector
2016,MB,TEX,imports,0.5719554288205949,region-sector
2016,MB,WOD,exports,0.9963279266424658,region-sector
2016,MB,WOD,imports,0.895679780292005,region-sector
2016,MB,PAP,exports,0.5894228762878886,region-sector
2016,MB,PAP,imports,0.9386223400318524,region-sector
2016,MB,PET,exports,0.9956536602041315,region-sector
2016,MB,PET,imports,0.7547227482145252,region-sector
2016,MB,CHM,exports,0.8890598446941087,region-sector
2016,MB,CHM,imports,0.8513206455918632,region-sector
2016,MB,RUB,exports,0.9194510940159022,region-sector
2016,MB,RUB,imports,0.8449163165531552,region-sector
2016,MB,NMM,exports,0.6046570810535692,region-sector
2016,MB,NMM,imports,0.8821933123836506,region-sector
2016,MB,BMT,exports,0.23182155790154882,region-sector
2016,MB,BMT,imports,0.8793551928484211,region-sector
2016,MB,FMT,exports,0.8110163255294214,region-sector
2016,MB,FMT,imports,0.8739270590242133,region-sector
2016,MB,ELC,exports,0.8408338905175814,region-sector
2016,MB,ELC,imports,0.7193618584565095,region-sector
2016,MB,ELQ,exports,0.8271581390173731,region-sector
2016,MB,ELQ,imports,0.8145557514158197,region-sector
2016,MB,MAC,exports,0.8008810689166878,region-sector
2016,MB,MAC,imports,0.9033483367325409,region-sector
2016,MB,MTV,exports,0.9872964988176294,region-sector
2016,MB,MTV,imports,0.75304934462133,region-sector
2016,MB,OTE,exports,0.8832527437779154,region-sector
2016,MB,OTE,imports,0.785577232019622,region-sector
2016,MB,MFN,exports,0.570964010929145,region-sector
2016,MB,MFN,imports,0.7418149526909221,region-sector
2016,MB,UTL,exports,0.9822205861137504,region-sector
2016,MB,UTL,imports,0.7870697263901149,region-sector
2016,MB,CON,exports,0.712798374809548,region-sector
2016,MB,CON,imports,1,region-sector
2016,MB,TRD,exports,0.5291530680739763,region-sector
2016,MB,TRD,imports,0.745906267645398,region-sector
2016,MB,TRN,exports,0.6388389572409168,region-sector
2016,MB,TRN,imports,0.6324700559199424,region-sector
2016,MB,ACC,exports,0.4705872012796963,region-sector
2016,MB,ACC,imports,0.5223147739559117,region-sector
2016,MB,PUB,exports,0.9401339455444098,region-sector
2016,MB,PUB,imports,0.9223085793654535,region-sector
2016,MB,TEL,exports,0.49853240359677586,region-sector
2016,MB,TEL,imports,0.45959000670225797,region-sector
2016,MB,ITS,exports,0.7194116146586176,region-sector
2016,MB,ITS,imports,0.5525705437484216,region-sector
2016,MB,FIN,exports,0.5296703127228983,region-sector
2016,MB,FIN,imports,0.5848201939161559,region-sector
2016,MB,REA,exports,0.07432584269662922,region-sector
2016,MB,REA,imports,0.5201042020613886,region-sector
2016,MB,PRF,exports,0.5917972124343588,region-sector
2016,MB,PRF,imports,0.7071674471978414,region-sector
2016,MB,ADM,exports,0.6505876742685629,region-sector
2016,MB,ADM,imports,0.6673109017934921,region-sector
2016,MB,PAD,exports,0.4449530990530048,region-sector
2016,MB,PAD,imports,0.4597743665618642,region-sector
2016,MB,EDU,exports,0.09852166230159982,region-sector
2016,MB,EDU,imports,0.5822524736875276,region-sector
2016,MB,HTH,exports,0.6476765459202343,region-sector
2016,MB,HTH,imports,0.9135004616149421,region-sector
2016,MB,ART,exports,0.613050295232906,region-sector
2016,MB,ART,imports,0.5459609084675746,region-sector
2016,MB,OSV,exports,0.3533268101761252,region-sector
2016,MB,OSV,imports,0.5255913978494624,region-sector
2016,SK,AGR,exports,0.11491729200279142,region-sector
2016,SK,AGR,imports,0.8607561590269974,region-sector
2016,SK,MIE,exports,0.9980779723061878,region-sector
2016,SK,MIE,imports,0.9971226570207169,region-sector
2016,SK,MIN,exports,0.5531558648588423,region-sector
2016,SK,MIN,imports,0.9449736428373254,region-sector
2016,SK,MIS,exports,0.6013179571663921,region-sector
2016,SK,MIS,imports,0.723130586439939,region-sector
2016,SK,FOD,exports,0.702760952016957,region-sector
2016,SK,FOD,imports,0.8707509107736396,region-sector
2016,SK,TEX,exports,0.770780024762691,region-sector
2016,SK,TEX,imports,0.35641968708475946,region-sector
2016,SK,WOD,exports,0.9927797962781866,region-sector
2016,SK,WOD,imports,0.8784239050827596,region-sector
2016,SK,PAP,exports,0.01134645864062371,region-sector
2016,SK,PAP,imports,0.9247931978762315,region-sector
2016,SK,PET,exports,0.9505633751086554,region-sector
2016,SK,PET,imports,0.9787530387797287,region-sector
2016,SK,CHM,exports,0.46481405943893234,region-sector
2016,SK,CHM,imports,0.8959459427067477,region-sector
2016,SK,RUB,exports,0.8179002456477625,region-sector
2016,SK,RUB,imports,0.8353601959399438,region-sector
2016,SK,NMM,exports,0.9500150557061127,region-sector
2016,SK,NMM,imports,0.8420452010810082,region-sector
2016,SK,BMT,exports,0.7842627279741027,region-sector
2016,SK,BMT,imports,0.861642506318693,region-sector
2016,SK,FMT,exports,0.8104300454578253,region-sector
2016,SK,FMT,imports,0.8588182270009292,region-sector
2016,SK,ELC,exports,0.9491154936902237,region-sector
2016,SK,ELC,imports,0.8930198050708298,region-sector
2016,SK,ELQ,exports,0.8925095287170175,region-sector
2016,SK,ELQ,imports,0.8746068875193018,region-sector
2016,SK,MAC,exports,0.6799576713440798,region-sector
2016,SK,MAC,imports,0.9162076451723934,region-sector
2016,SK,MTV,exports,0.9215300093293252,region-sector
2016,SK,MTV,imports,0.9271075077199331,region-sector
2016,SK,OTE,exports,0.4047619047619048,region-sector
2016,SK,OTE,imports,0.8554278328174562,region-sector
2016,SK,MFN,exports,0.8805523142746013,region-sector
2016,SK,MFN,imports,0.826290917393741,region-sector
2016,SK,UTL,exports,0.8329690707993906,region-sector
2016,SK,UTL,imports,0.9821238399513159,region-sector
2016,SK,CON,exports,0.6598639455782314,region-sector
2016,SK,CON,imports,0.9950248756218906,region-sector
2016,SK,TRD,exports,0.5996048352034247,region-sector
2016,SK,TRD,imports,0.8528553834186815,region-sector
2016,SK,TRN,exports,0.7240255159901444,region-sector
2016,SK,TRN,imports,0.6422964191999299,region-sector
2016,SK,ACC,exports,0.4652818620898608,region-sector
2016,SK,ACC,imports,0.523303191302206,region-sector
2016,SK,PUB,exports,0.855751893256401,region-sector
2016,SK,PUB,imports,0.9367870457960046,region-sector
2016,SK,TEL,exports,0.6595264466782303,region-sector
2016,SK,TEL,imports,0.4653449809070461,region-sector
2016,SK,ITS,exports,0.6927911275415898,region-sector
2016,SK,ITS,imports,0.5881611314655683,region-sector
2016,SK,FIN,exports,0.5607586244614459,region-sector
2016,SK,FIN,imports,0.6613736044024399,region-sector
2016,SK,REA,exports,0.24442279896939612,region-sector
2016,SK,REA,imports,0.528528132823824,region-sector
2016,SK,PRF,exports,0.6474536558472883,region-sector
2016,SK,PRF,imports,0.6932807930063751,region-sector
2016,SK,ADM,exports,0.6641559977734484,region-sector
2016,SK,ADM,imports,0.6688676926641338,region-sector
2016,SK,PAD,exports,0.491645522618974,region-sector
2016,SK,PAD,imports,0.48747390396659707,region-sector
2016,SK,EDU,exports,0.07757828901329601,region-sector
2016,SK,EDU,imports,0.5845231101334828,region-sector
2016,SK,HTH,exports,0.5701637892872953,region-sector
2016,SK,HTH,imports,0.9192074979238344,region-sector
2016,SK,ART,exports,0.5966292494163549,region-sector
2016,SK,ART,imports,0.5369767378931511,region-sector
2016,SK,OSV,exports,0.3099980280023664,region-sector
2016,SK,OSV,imports,0.5240821519447473,region-sector
2016,AB,AGR,exports,0.25766360073359773,region-sector
2016,AB,AGR,imports,0.8186783638310708,region-sector
2016,AB,MIE,exports,0.9957069082096233,region-sector
2016,AB,MIE,imports,0.9986182838078601,region-sector
2016,AB,MIN,exports,0.6575035063113605,region-sector
2016,AB,MIN,imports,0.09763386067417582,region-sector
2016,AB,MIS,exports,0.6702455294647531,region-sector
2016,AB,MIS,imports,0.7231686253259728,region-sector
2016,AB,FOD,exports,0.5301199632899223,region-sector
2016,AB,FOD,imports,0.7033395022077683,region-sector
2016,AB,TEX,exports,0.6149796541200407,region-sector
2016,AB,TEX,imports,0.4639147036787155,region-sector
2016,AB,WOD,exports,0.9593138106245861,region-sector
2016,AB,WOD,imports,0.45946992424533517,region-sector
2016,AB,PAP,exports,0.49400312037944427,region-sector
2016,AB,PAP,imports,0.8872965937781074,region-sector
2016,AB,PET,exports,0.6945952652657396,region-sector
2016,AB,PET,imports,0.8778046297682067,region-sector
2016,AB,CHM,exports,0.7949401622197855,region-sector
2016,AB,CHM,imports,0.7815060932677346,region-sector
2016,AB,RUB,exports,0.8444681880493508,region-sector
2016,AB,RUB,imports,0.6374551718087871,region-sector
2016,AB,NMM,exports,0.9338629142078982,region-sector
2016,AB,NMM,imports,0.5935387108768619,region-sector
2016,AB,BMT,exports,0.24409446785321817,region-sector
2016,AB,BMT,imports,0.7018872982141903,region-sector
2016,AB,FMT,exports,0.634532178330083,region-sector
2016,AB,FMT,imports,0.6712370115906786,region-sector
2016,AB,ELC,exports,0.6183830290874749,region-sector
2016,AB,ELC,imports,0.686644551486621,region-sector
2016,AB,ELQ,exports,0.7523007295577665,region-sector
2016,AB,ELQ,imports,0.6767068260500687,region-sector
2016,AB,MAC,exports,0.6363399678598041,region-sector
2016,AB,MAC,imports,0.7351467484844102,region-sector
2016,AB,MTV,exports,0.8088298913909697,region-sector
2016,AB,MTV,imports,0.8984027469454933,region-sector
2016,AB,OTE,exports,0.5304624333155217,region-sector
2016,AB,OTE,imports,0.819440860751655,region-sector
2016,AB,MFN,exports,0.7510569010711391,region-sector
2016,AB,MFN,imports,0.6510913809280673,region-sector
2016,AB,UTL,exports,0.857901242506734,region-sector
2016,AB,UTL,imports,0.9661057010494469,region-sector
2016,AB,CON,exports,0.6246112005501806,region-sector
2016,AB,CON,imports,0.997904662126768,region-sector
2016,AB,TRD,exports,0.7307806039768397,region-sector
2016,AB,TRD,imports,0.7102026510323731,region-sector
2016,AB,TRN,exports,0.7968423486830574,region-sector
2016,AB,TRN,imports,0.6032519981156134,region-sector
2016,AB,ACC,exports,0.4747628439231802,region-sector
2016,AB,ACC,imports,0.5225708343728704,region-sector
2016,AB,PUB,exports,0.7438967821739654,region-sector
2016,AB,PUB,imports,0.9313160818305856,region-sector
2016,AB,TEL,exports,0.48968382143381495,region-sector
2016,AB,TEL,imports,0.45776358297113195,region-sector
2016,AB,ITS,exports,0.7089153850955817,region-sector
2016,AB,ITS,imports,0.5836742571027276,region-sector
2016,AB,FIN,exports,0.5215227399895945,region-sector
2016,AB,FIN,imports,0.5004744985875007,region-sector
2016,AB,REA,exports,0.1529139072847682,region-sector
2016,AB,REA,imports,0.53032648466085,region-sector
2016,AB,PRF,exports,0.6228091515058517,region-sector
2016,AB,PRF,imports,0.6918775322060213,region-sector
2016,AB,ADM,exports,0.6726440465518473,region-sector
2016,AB,ADM,imports,0.6792588472370529,region-sector
2016,AB,PAD,exports,0.5404520750988142,region-sector
2016,AB,PAD,imports,0.5139652118624825,region-sector
2016,AB,EDU,exports,0.13087194945462416,region-sector
2016,AB,EDU,imports,0.5826619572118913,region-sector
2016,AB,HTH,exports,0.6292289033575897,region-sector
2016,AB,HTH,imports,0.9015001339405304,region-sector
2016,AB,ART,exports,0.5884510045786205,region-sector
2016,AB,ART,imports,0.5385665542080089,region-sector
2016,AB,OSV,exports,0.5433844228964655,region-sector
2016,AB,OSV,imports,0.523950411501198,region-sector
2016,BC,AGR,exports,0.6009264734870884,region-sector
2016,BC,AGR,imports,0.8042199967868044,region-sector
2016,BC,MIE,exports,0.3894105903395455,region-sector
2016,BC,MIE,imports,0.985186139379106,region-sector
2016,BC,MIN,exports,0.024958604195357056,region-sector
2016,BC,MIN,imports,0.5999955771446185,region-sector
2016,BC,MIS,exports,0.6897277459900573,region-sector
2016,BC,MIS,imports,0.7232313923313851,region-sector
2016,BC,FOD,exports,0.6537693803070241,region-sector
2016,BC,FOD,imports,0.6562957796544444,region-sector
2016,BC,TEX,exports,0.4790878086373759,region-sector
2016,BC,TEX,imports,0.2973693257287944,region-sector
2016,BC,WOD,exports,0.66841737580214855,region-sector
2016,BC,WOD,imports,0.7741499002940071,region-sector
2016,BC,PAP,exports,0.25767990301963895,region-sector
2016,BC,PAP,imports,0.8483510065979817,region-sector
2016,BC,PET,exports,0.9536944396920445,region-sector
2016,BC,PET,imports,0.8563260583617188,region-sector
2016,BC,CHM,exports,0.6360039843632536,region-sector
2016,BC,CHM,imports,0.716398709310291,region-sector
2016,BC,RUB,exports,0.8912474703029117,region-sector
2016,BC,RUB,imports,0.6412668262982187,region-sector
2016,BC,NMM,exports,0.9508169690474105,region-sector
2016,BC,NMM,imports,0.6294638062444023,region-sector
2016,BC,BMT,exports,0.6760488702144886,region-sector
2016,BC,BMT,imports,0.3933443600293021,region-sector
2016,BC,FMT,exports,0.8183382882178063,region-sector
2016,BC,FMT,imports,0.5795733769038899,region-sector
2016,BC,ELC,exports,0.6103672971054325,region-sector
2016,BC,ELC,imports,0.47924178619043245,region-sector
2016,BC,ELQ,exports,0.6800051459392203,region-sector
2016,BC,ELQ,imports,0.5971107215463927,region-sector
2016,BC,MAC,exports,0.7352856374041876,region-sector
2016,BC,MAC,imports,0.6149530012043972,region-sector
2016,BC,MTV,exports,0.7147194818886965,region-sector
2016,BC,MTV,imports,0.45229930396151785,region-sector
2016,BC,OTE,exports,0.478457553249487,region-sector
2016,BC,OTE,imports,0.6656465199711743,region-sector
2016,BC,MFN,exports,0.7629678606431879,region-sector
2016,BC,MFN,imports,0.5347688474620282,region-sector
2016,BC,UTL,exports,0.9521597746046877,region-sector
2016,BC,UTL,imports,0.9678638765824255,region-sector
2016,BC,CON,exports,0.7440820771479336,region-sector
2016,BC,CON,imports,0.7332268370607029,region-sector
2016,BC,TRD,exports,0.753788590661359,region-sector
2016,BC,TRD,imports,0.7233753427883225,region-sector
2016,BC,TRN,exports,0.5100161257513426,region-sector
2016,BC,TRN,imports,0.5924269464216041,region-sector
2016,BC,ACC,exports,0.4755066201352895,region-sector
2016,BC,ACC,imports,0.5237892879810752,region-sector
2016,BC,PUB,exports,0.928354588406602,region-sector
2016,BC,PUB,imports,0.9078377360267458,region-sector
2016,BC,TEL,exports,0.4982219649354945,region-sector
2016,BC,TEL,imports,0.46028351876778384,region-sector
2016,BC,ITS,exports,0.7062548481638099,region-sector
2016,BC,ITS,imports,0.605783452351116,region-sector
2016,BC,FIN,exports,0.5170079228594687,region-sector
2016,BC,FIN,imports,0.4934720531132145,region-sector
2016,BC,REA,exports,0.10489589771534523,region-sector
2016,BC,REA,imports,0.5150643028648488,region-sector
2016,BC,PRF,exports,0.6423523227699997,region-sector
2016,BC,PRF,imports,0.7082011492249325,region-sector
2016,BC,ADM,exports,0.6533706746036396,region-sector
2016,BC,ADM,imports,0.6565482275704686,region-sector
2016,BC,PAD,exports,0.5204152230648613,region-sector
2016,BC,PAD,imports,0.4851075489793123,region-sector
2016,BC,EDU,exports,0.09074343316855675,region-sector
2016,BC,EDU,imports,0.5783554549717618,region-sector
2016,BC,HTH,exports,0.5605106020575056,region-sector
2016,BC,HTH,imports,0.868350469378632,region-sector
2016,BC,ART,exports,0.5587612900259884,region-sector
2016,BC,ART,imports,0.5443073597576933,region-sector
2016,BC,OSV,exports,0.4242686765427821,region-sector
2016,BC,OSV,imports,0.5221627675460427,region-sector
2016,YT,AGR,exports,0.12348178137651822,region-sector
2016,YT,AGR,imports,0.5373382624768946,region-sector
2016,YT,MIE,exports,0.9310631680063871,canada-sector
2016,YT,MIE,imports,0.888888888888889,region-sector
2016,YT,MIN,exports,0.8870719882771056,region-sector
2016,YT,MIN,imports,0.5519549137020078,region-sector
2016,YT,MIS,exports,0.6867300864545997,canada-sector
2016,YT,MIS,imports,0.7231795928537276,canada-sector
2016,YT,FOD,exports,0.0462962962962963,region-sector
2016,YT,FOD,imports,0.7185747954269319,region-sector
2016,YT,TEX,exports,0.4470588235294117,region-sector
2016,YT,TEX,imports,0.8137480397281756,region-sector
2016,YT,WOD,exports,0.7964417301310123,canada-sector
2016,YT,WOD,imports,0.8853826623141094,region-sector
2016,YT,PAP,exports,0.6289308176100629,region-sector
2016,YT,PAP,imports,0.9960095770151636,region-sector
2016,YT,PET,exports,0.8311008685561793,canada-sector
2016,YT,PET,imports,0.9325875486381323,region-sector
2016,YT,CHM,exports,0.6493506493506493,region-sector
2016,YT,CHM,imports,0.9101489175322236,region-sector
2016,YT,RUB,exports,0.3463687150837989,region-sector
2016,YT,RUB,imports,0.9384042553191491,region-sector
2016,YT,NMM,exports,0.891689671455113,canada-sector
2016,YT,NMM,imports,0.8474878675421067,region-sector
2016,YT,BMT,exports,0.5658815411755483,canada-sector
2016,YT,BMT,imports,0.9997051017398998,region-sector
2016,YT,FMT,exports,0.9235668789808918,region-sector
2016,YT,FMT,imports,0.9351382336081838,region-sector
2016,YT,ELC,exports,0.6377940317827779,canada-sector
2016,YT,ELC,imports,0.49804687499999994,region-sector
2016,YT,ELQ,exports,0.7950730721517112,canada-sector
2016,YT,ELQ,imports,0.7846684726522188,region-sector
2016,YT,MAC,exports,0.7065142206591523,canada-sector
2016,YT,MAC,imports,0.8241303017464576,region-sector
2016,YT,MTV,exports,0.9382777891842362,canada-sector
2016,YT,MTV,imports,0.7427701501997759,region-sector
2016,YT,OTE,exports,0.5917390871715213,canada-sector
2016,YT,OTE,imports,0.8534324709716848,region-sector
2016,YT,MFN,exports,0.8329048843187662,region-sector
2016,YT,MFN,imports,0.8870741623440347,region-sector
2016,YT,UTL,exports,0.6792452830188679,region-sector
2016,YT,UTL,imports,0.7053411131059246,region-sector
2016,YT,CON,exports,0.5441176470588235,region-sector
2016,YT,CON,imports,1,region-sector
2016,YT,TRD,exports,0.7242239467849224,region-sector
2016,YT,TRD,imports,0.685785536159601,region-sector
2016,YT,TRN,exports,0.3485997666277713,region-sector
2016,YT,TRN,imports,0.6124588998489292,region-sector
2016,YT,ACC,exports,0.49730251062418995,region-sector
2016,YT,ACC,imports,0.5221043851286941,region-sector
2016,YT,PUB,exports,0.8919239904988124,region-sector
2016,YT,PUB,imports,0.9433619121849832,region-sector
2016,YT,TEL,exports,0.4880306415576125,region-sector
2016,YT,TEL,imports,0.5004996114133452,region-sector
2016,YT,ITS,exports,0.7142857142857143,region-sector
2016,YT,ITS,imports,0.5702992659514399,region-sector
2016,YT,FIN,exports,0.5871656499296104,region-sector
2016,YT,FIN,imports,0.5915020499440925,region-sector
2016,YT,REA,exports,0.07303370786516854,region-sector
2016,YT,REA,imports,0.5300429184549356,region-sector
2016,YT,PRF,exports,0.7524898143956541,region-sector
2016,YT,PRF,imports,0.710277656636139,region-sector
2016,YT,ADM,exports,0.6477331943720687,region-sector
2016,YT,ADM,imports,0.6617011598817375,region-sector
2016,YT,PAD,exports,0.5332390381895332,region-sector
2016,YT,PAD,imports,0.5165562913907285,region-sector
2016,YT,EDU,exports,0.11695906432748537,region-sector
2016,YT,EDU,imports,0.6106463878326996,region-sector
2016,YT,HTH,exports,0.6346604215456675,region-sector
2016,YT,HTH,imports,0.8348968105065666,region-sector
2016,YT,ART,exports,0.5473968565815325,region-sector
2016,YT,ART,imports,0.525633470830878,region-sector
2016,YT,OSV,exports,0.4757894736842105,region-sector
2016,YT,OSV,imports,0.5233853006681515,region-sector
2016,NT,AGR,exports,0.2262210796915167,region-sector
2016,NT,AGR,imports,0.5154224407688869,region-sector
2016,NT,MIE,exports,0.14285714285714285,region-sector
2016,NT,MIE,imports,0.9421487603305786,region-sector
2016,NT,MIN,exports,5.868743951471558e-4,region-sector
2016,NT,MIN,imports,0.6785056564062087,region-sector
2016,NT,MIS,exports,0,region-sector
2016,NT,MIS,imports,1,region-sector
2016,NT,FOD,exports,0.7070092371298992,canada-sector
2016,NT,FOD,imports,0.7075476848161939,region-sector
2016,NT,TEX,exports,0.21428571428571427,region-sector
2016,NT,TEX,imports,0.6737501745024741,region-sector
2016,NT,WOD,exports,0.7964417301310123,canada-sector
2016,NT,WOD,imports,0.76013143483023,region-sector
2016,NT,PAP,exports,0.5652173913043478,region-sector
2016,NT,PAP,imports,0.9201991773111061,region-sector
2016,NT,PET,exports,0.8311008685561793,canada-sector
2016,NT,PET,imports,0.39259239924827727,region-sector
2016,NT,CHM,exports,0.6500106769165064,region-sector
2016,NT,CHM,imports,0.8063343162269109,region-sector
2016,NT,RUB,exports,0.625,region-sector
2016,NT,RUB,imports,0.81952977162558,region-sector
2016,NT,NMM,exports,0.5,region-sector
2016,NT,NMM,imports,0.8271084176522413,region-sector
2016,NT,BMT,exports,0.5658815411755483,canada-sector
2016,NT,BMT,imports,0.7625541125541127,region-sector
2016,NT,FMT,exports,0.7970757295161683,canada-sector
2016,NT,FMT,imports,0.8102698632466175,region-sector
2016,NT,ELC,exports,0.6377940317827779,canada-sector
2016,NT,ELC,imports,0.8867414871944123,region-sector
2016,NT,ELQ,exports,0.7950730721517112,canada-sector
2016,NT,ELQ,imports,0.8518303585432416,region-sector
2016,NT,MAC,exports,0.5714285714285714,region-sector
2016,NT,MAC,imports,0.8220316309686667,region-sector
2016,NT,MTV,exports,0.9382777891842362,canada-sector
2016,NT,MTV,imports,0.7826269370034932,region-sector
2016,NT,OTE,exports,0.5917390871715213,canada-sector
2016,NT,OTE,imports,0.7943465830489717,region-sector
2016,NT,MFN,exports,0.7151767151767152,region-sector
2016,NT,MFN,imports,0.822606267751408,region-sector
2016,NT,UTL,exports,0.6923076923076923,region-sector
2016,NT,UTL,imports,0.7051828186013489,region-sector
2016,NT,CON,exports,0.670763579854489,region-sector
2016,NT,CON,imports,0.9519595448798989,region-sector
2016,NT,TRD,exports,0.6090111190254857,region-sector
2016,NT,TRD,imports,0.66787494336203,region-sector
2016,NT,TRN,exports,0.42053554228472356,region-sector
2016,NT,TRN,imports,0.6083169774288518,region-sector
2016,NT,ACC,exports,0.4982154445165477,region-sector
2016,NT,ACC,imports,0.5237256941666,region-sector
2016,NT,PUB,exports,0.9035785288270378,region-sector
2016,NT,PUB,imports,0.9188575137942226,region-sector
2016,NT,TEL,exports,0.49850908105177555,region-sector
2016,NT,TEL,imports,0.5221466093600764,region-sector
2016,NT,ITS,exports,0.7244912746611306,canada-sector
2016,NT,ITS,imports,0.5731029758733541,region-sector
2016,NT,FIN,exports,0.6923357664233578,region-sector
2016,NT,FIN,imports,0.6231443391164371,region-sector
2016,NT,REA,exports,0.27499999999999997,region-sector
2016,NT,REA,imports,0.5329341317365269,region-sector
2016,NT,PRF,exports,0.7638946928541579,region-sector
2016,NT,PRF,imports,0.6787247647757377,region-sector
2016,NT,ADM,exports,0.7100081366965013,region-sector
2016,NT,ADM,imports,0.6294006987368986,region-sector
2016,NT,PAD,exports,0.6933438985736925,region-sector
2016,NT,PAD,imports,0.4788732394366198,region-sector
2016,NT,EDU,exports,0.5505540166204986,region-sector
2016,NT,EDU,imports,0.6139819987585351,region-sector
2016,NT,HTH,exports,0.6663049376017363,region-sector
2016,NT,HTH,imports,0.926595744680851,region-sector
2016,NT,ART,exports,0.5063989962358845,region-sector
2016,NT,ART,imports,0.591474245115453,region-sector
2016,NT,OSV,exports,0.5212765957446809,region-sector
2016,NT,OSV,imports,0.448087431693989,region-sector
2016,NU,AGR,exports,1,region-sector
2016,NU,AGR,imports,0.5076002587322122,region-sector
2016,NU,MIE,exports,0.9310631680063871,canada-sector
2016,NU,MIE,imports,0.6666666666666666,region-sector
2016,NU,MIN,exports,0.016063872764772173,region-sector
2016,NU,MIN,imports,0.7257634153572488,region-sector
2016,NU,MIS,exports,0.6867300864545997,canada-sector
2016,NU,MIS,imports,0.7231795928537276,canada-sector
2016,NU,FOD,exports,0.5826330532212884,region-sector
2016,NU,FOD,imports,0.7897736892601162,region-sector
2016,NU,TEX,exports,0.011904761904761904,region-sector
2016,NU,TEX,imports,0.2036279297795712,region-sector
2016,NU,WOD,exports,0.7964417301310123,canada-sector
2016,NU,WOD,imports,0.7459543338505874,region-sector
2016,NU,PAP,exports,0.6413127299957965,canada-sector
2016,NU,PAP,imports,0.2667573833282935,region-sector
2016,NU,PET,exports,0.8311008685561793,canada-sector
2016,NU,PET,imports,0.23604728800911198,region-sector
2016,NU,CHM,exports,0.7618648874307735,canada-sector
2016,NU,CHM,imports,0.6477147897872907,region-sector
2016,NU,RUB,exports,0.8888191595926735,canada-sector
2016,NU,RUB,imports,0.5645190290680251,region-sector
2016,NU,NMM,exports,0.891689671455113,canada-sector
2016,NU,NMM,imports,0.7977229866592164,region-sector
2016,NU,BMT,exports,0.5658815411755483,canada-sector
2016,NU,BMT,imports,0.6971864193649796,region-sector
2016,NU,FMT,exports,0.7970757295161683,canada-sector
2016,NU,FMT,imports,0.7477506491415229,region-sector
2016,NU,ELC,exports,0.6377940317827779,canada-sector
2016,NU,ELC,imports,0.8630655234939895,region-sector
2016,NU,ELQ,exports,0.7950730721517112,canada-sector
2016,NU,ELQ,imports,0.8390176432884661,region-sector
2016,NU,MAC,exports,0.7065142206591523,canada-sector
2016,NU,MAC,imports,0.8252377623153666,region-sector
2016,NU,MTV,exports,0.9382777891842362,canada-sector
2016,NU,MTV,imports,0.863637394281568,region-sector
2016,NU,OTE,exports,0.5917390871715213,canada-sector
2016,NU,OTE,imports,0.728371040723982,region-sector
2016,NU,MFN,exports,0.7907213114219198,canada-sector
2016,NU,MFN,imports,0.77660575555312406,region-sector
2016,NU,UTL,exports,0.75,region-sector
2016,NU,UTL,imports,0.7051094890510948,region-sector
2016,NU,CON,exports,0.7662721893491125,region-sector
2016,NU,CON,imports,0.9516539440203562,region-sector
2016,NU,TRD,exports,0.7430463576158941,region-sector
2016,NU,TRD,imports,0.7207843137254901,region-sector
2016,NU,TRN,exports,0.3869579609400861,region-sector
2016,NU,TRN,imports,0.783293488960765,region-sector
2016,NU,ACC,exports,0.49436763952892987,region-sector
2016,NU,ACC,imports,0.5189722507708119,region-sector
2016,NU,PUB,exports,0.6875,region-sector
2016,NU,PUB,imports,0.9072039072039072,region-sector
2016,NU,TEL,exports,0.4794078061911171,region-sector
2016,NU,TEL,imports,0.4574132492113565,region-sector
2016,NU,ITS,exports,0.7244912746611306,canada-sector
2016,NU,ITS,imports,0.5232415902140674,region-sector
2016,NU,FIN,exports,0.6888536714210248,region-sector
2016,NU,FIN,imports,0.5430283224400871,region-sector
2016,NU,REA,exports,0.16321132002598268,canada-sector
2016,NU,REA,imports,0.5565529622980251,region-sector
2016,NU,PRF,exports,0.882384105960265,region-sector
2016,NU,PRF,imports,0.693022780672183,region-sector
2016,NU,ADM,exports,0.5964912280701755,region-sector
2016,NU,ADM,imports,0.6607642124883504,region-sector
2016,NU,PAD,exports,0.588235294117647,region-sector
2016,NU,PAD,imports,0.5,region-sector
2016,NU,EDU,exports,0.5555555555555555,region-sector
2016,NU,EDU,imports,0.5988398036590807,region-sector
2016,NU,HTH,exports,0.625,region-sector
2016,NU,HTH,imports,0.88218793828892,region-sector
2016,NU,ART,exports,0.5605786618444847,region-sector
2016,NU,ART,imports,0.5244215938303342,region-sector
2016,NU,OSV,exports,0.5209790209790209,region-sector
2016,NU,OSV,imports,0.2641509433962264,region-sector
2017,NL,AGR,exports,0.34224513660040395,region-sector
2017,NL,AGR,imports,0.7317843676755325,region-sector
2017,NL,MIE,exports,0.7634695732975799,region-sector
2017,NL,MIE,imports,0.7561315937034291,region-sector
2017,NL,MIN,exports,0.005805706419623185,region-sector
2017,NL,MIN,imports,0.9389494272143057,region-sector
2017,NL,MIS,exports,0.7941176470588235,region-sector
2017,NL,MIS,imports,0.657142857142857,region-sector
2017,NL,FOD,exports,0.4249680529448464,region-sector
2017,NL,FOD,imports,0.2615548265678814,region-sector
2017,NL,TEX,exports,0.6282883198877586,region-sector
2017,NL,TEX,imports,0.0635564324526342,region-sector
2017,NL,WOD,exports,0.9946173988943848,region-sector
2017,NL,WOD,imports,0.6334050796383986,region-sector
2017,NL,PAP,exports,0.7184889624186982,region-sector
2017,NL,PAP,imports,0.23969516340696,region-sector
2017,NL,PET,exports,0.5536911079012584,region-sector
2017,NL,PET,imports,0.5806252887725243,region-sector
2017,NL,CHM,exports,0.2867867867867868,region-sector
2017,NL,CHM,imports,0.14987223905718194,region-sector
2017,NL,RUB,exports,0.47974068071312803,region-sector
2017,NL,RUB,imports,0.1326692363835417,region-sector
2017,NL,NMM,exports,0.8447412353923204,region-sector
2017,NL,NMM,imports,0.03250166464298304,region-sector
2017,NL,BMT,exports,0.13266188847769397,region-sector
2017,NL,BMT,imports,0.21602133150047712,region-sector
2017,NL,FMT,exports,0.08451871288496064,region-sector
2017,NL,FMT,imports,0.13408844181755983,region-sector
2017,NL,ELC,exports,0.15331981753674612,region-sector
2017,NL,ELC,imports,0.5427854428883597,region-sector
2017,NL,ELQ,exports,0.5882137628111274,region-sector
2017,NL,ELQ,imports,0.07873971587279138,region-sector
2017,NL,MAC,exports,0.07867523756288429,region-sector
2017,NL,MAC,imports,0.31114581958583354,region-sector
2017,NL,MTV,exports,0.5714285714285713,region-sector
2017,NL,MTV,imports,0.7069671681079749,region-sector
2017,NL,OTE,exports,0.10489672777906706,region-sector
2017,NL,OTE,imports,0.5508702168394971,region-sector
2017,NL,MFN,exports,0.23678160919540228,region-sector
2017,NL,MFN,imports,0.17079856334385016,region-sector
2017,NL,UTL,exports,0.8210526315789474,region-sector
2017,NL,UTL,imports,0.5507246376811593,region-sector
2017,NL,CON,exports,0.6384927188109893,region-sector
2017,NL,CON,imports,1,region-sector
2017,NL,TRD,exports,0.6413705675250237,region-sector
2017,NL,TRD,imports,0.7436549464521494,region-sector
2017,NL,TRN,exports,0.49751087784970716,region-sector
2017,NL,TRN,imports,0.5245009447137107,region-sector
2017,NL,ACC,exports,0.46935149281819216,region-sector
2017,NL,ACC,imports,0.5252528938648605,region-sector
2017,NL,PUB,exports,0.7692672141503475,region-sector
2017,NL,PUB,imports,0.2852041400908987,region-sector
2017,NL,TEL,exports,0.4870429103446752,region-sector
2017,NL,TEL,imports,0.5423155576529809,region-sector
2017,NL,ITS,exports,0.7749877839252218,region-sector
2017,NL,ITS,imports,0.5619439537073279,region-sector
2017,NL,FIN,exports,0.6420509576802198,region-sector
2017,NL,FIN,imports,0.4707944017658647,region-sector
2017,NL,REA,exports,0.08678246709187135,region-sector
2017,NL,REA,imports,0.4889601139601139,region-sector
2017,NL,PRF,exports,0.6573410445642918,region-sector
2017,NL,PRF,imports,0.6184709582371195,region-sector
2017,NL,ADM,exports,0.6204461563151981,region-sector
2017,NL,ADM,imports,0.6747611436939823,region-sector
2017,NL,PAD,exports,0.42558911908903996,region-sector
2017,NL,PAD,imports,0.4503982621288921,region-sector
2017,NL,EDU,exports,0.1151276461073212,region-sector
2017,NL,EDU,imports,0.5402778752368256,region-sector
2017,NL,HTH,exports,0.45703125,region-sector
2017,NL,HTH,imports,0.8759139784946238,region-sector
2017,NL,ART,exports,0.555375909458367,region-sector
2017,NL,ART,imports,0.5372565622353938,region-sector
2017,NL,OSV,exports,0.29531216245409375,region-sector
2017,NL,OSV,imports,0.5251581801747515,region-sector
2017,PE,AGR,exports,0.7316397346596096,region-sector
2017,PE,AGR,imports,0.8548193674111828,region-sector
2017,PE,MIE,exports,0.9177036281802021,canada-sector
2017,PE,MIE,imports,0.9242424242424242,region-sector
2017,PE,MIN,exports,0.7826610475617098,region-sector
2017,PE,MIN,imports,0.8661137440758293,region-sector
2017,PE,MIS,exports,0.787445875113947,canada-sector
2017,PE,MIS,imports,0.6658363837206783,canada-sector
2017,PE,FOD,exports,0.7952816910298164,region-sector
2017,PE,FOD,imports,0.7518724588059063,region-sector
2017,PE,TEX,exports,0.27286585365853655,region-sector
2017,PE,TEX,imports,0.5060252820297194,region-sector
2017,PE,WOD,exports,0.9884393063583815,region-sector
2017,PE,WOD,imports,0.6658917303221521,region-sector
2017,PE,PAP,exports,0.39083969465648855,region-sector
2017,PE,PAP,imports,0.8619127555361373,region-sector
2017,PE,PET,exports,0.819717315256479,canada-sector
2017,PE,PET,imports,0.2004439606411816,region-sector
2017,PE,CHM,exports,0.4881135362229737,region-sector
2017,PE,CHM,imports,0.7426307499437462,region-sector
2017,PE,RUB,exports,0.878448699026063,canada-sector
2017,PE,RUB,imports,0.8174513724777314,region-sector
2017,PE,NMM,exports,0.9230769230769231,region-sector
2017,PE,NMM,imports,0.9805825242718449,region-sector
2017,PE,BMT,exports,1,region-sector
2017,PE,BMT,imports,0.989060841028281,region-sector
2017,PE,FMT,exports,0.4271898010770414,region-sector
2017,PE,FMT,imports,0.8897073130055314,region-sector
2017,PE,ELC,exports,0.33365019011406843,region-sector
2017,PE,ELC,imports,0.5260822871532792,region-sector
2017,PE,ELQ,exports,0.047200583291761,region-sector
2017,PE,ELQ,imports,0.8964454489418533,region-sector
2017,PE,MAC,exports,0.6527160255171081,region-sector
2017,PE,MAC,imports,0.8089879376287143,region-sector
2017,PE,MTV,exports,0.9355828220858895,region-sector
2017,PE,MTV,imports,0.7496454231762184,region-sector
2017,PE,OTE,exports,0.6974888057531645,region-sector
2017,PE,OTE,imports,0.4720442820924583,region-sector
2017,PE,MFN,exports,0.8221153846153846,region-sector
2017,PE,MFN,imports,0.8778859600517164,region-sector
2017,PE,UTL,exports,0.8070175438596491,region-sector
2017,PE,UTL,imports,0.7096673919801056,region-sector
2017,PE,CON,exports,0.5671641791044776,region-sector
2017,PE,CON,imports,0.9864864864864865,region-sector
2017,PE,TRD,exports,0.6915540960081685,region-sector
2017,PE,TRD,imports,0.8454689354966364,region-sector
2017,PE,TRN,exports,0.7107945590930921,region-sector
2017,PE,TRN,imports,0.6927494199535963,region-sector
2017,PE,ACC,exports,0.46733979894601657,region-sector
2017,PE,ACC,imports,0.5232247016642586,region-sector
2017,PE,PUB,exports,0.660287081339713,region-sector
2017,PE,PUB,imports,0.40428561258631734,region-sector
2017,PE,TEL,exports,0.48563432835820897,region-sector
2017,PE,TEL,imports,0.6688584219362058,region-sector
2017,PE,ITS,exports,0.7120879120879121,region-sector
2017,PE,ITS,imports,0.5433428497274851,region-sector
2017,PE,FIN,exports,0.6202081746636202,region-sector
2017,PE,FIN,imports,0.5292010208087946,region-sector
2017,PE,REA,exports,0.07335267302113552,region-sector
2017,PE,REA,imports,0.5049970605526161,region-sector
2017,PE,PRF,exports,0.6719967477471374,region-sector
2017,PE,PRF,imports,0.6624546397096942,region-sector
2017,PE,ADM,exports,0.6357662314904057,region-sector
2017,PE,ADM,imports,0.683938757129991,region-sector
2017,PE,PAD,exports,0.5352213231794384,region-sector
2017,PE,PAD,imports,0.5040650406504065,region-sector
2017,PE,EDU,exports,0.09589402973809344,region-sector
2017,PE,EDU,imports,0.5398320183252736,region-sector
2017,PE,HTH,exports,0.548773841961853,region-sector
2017,PE,HTH,imports,0.9186626746506986,region-sector
2017,PE,ART,exports,0.564062336575672,region-sector
2017,PE,ART,imports,0.5502632238656304,region-sector
2017,PE,OSV,exports,0.2846661775495231,region-sector
2017,PE,OSV,imports,0.5339702760084926,region-sector
2017,NS,AGR,exports,0.4915853873563262,region-sector
2017,NS,AGR,imports,0.14601061324457565,region-sector
2017,NS,MIE,exports,0.779640587332895,region-sector
2017,NS,MIE,imports,0.32807550585041045,region-sector
2017,NS,MIN,exports,0.7863495618947229,region-sector
2017,NS,MIN,imports,0.0628464151618094,region-sector
2017,NS,MIS,exports,0.8003992015968064,region-sector
2017,NS,MIS,imports,0.6666666666666666,region-sector
2017,NS,FOD,exports,0.4653134450151203,region-sector
2017,NS,FOD,imports,0.11225976465614262,region-sector
2017,NS,TEX,exports,0.8954304744226675,region-sector
2017,NS,TEX,imports,0.026867063634407058,region-sector
2017,NS,WOD,exports,0.7934519096556171,region-sector
2017,NS,WOD,imports,0.04089335045328976,region-sector
2017,NS,PAP,exports,0.40637810410479713,region-sector
2017,NS,PAP,imports,0.26219825987050754,region-sector
2017,NS,PET,exports,0.07636363636363636,region-sector
2017,NS,PET,imports,0.2866118374702432,region-sector
2017,NS,CHM,exports,0.6016746013250325,region-sector
2017,NS,CHM,imports,0.3859803655303077,region-sector
2017,NS,RUB,exports,0.9336439473646525,region-sector
2017,NS,RUB,imports,0.03913843343346562,region-sector
2017,NS,NMM,exports,0.7562700964630227,region-sector
2017,NS,NMM,imports,0.01858225441707186,region-sector
2017,NS,BMT,exports,0.25363498568461235,region-sector
2017,NS,BMT,imports,0.03255370161961149,region-sector
2017,NS,FMT,exports,0.8061528391425297,region-sector
2017,NS,FMT,imports,0.2179698944596145,region-sector
2017,NS,ELC,exports,0.48866424657994695,region-sector
2017,NS,ELC,imports,0.3554579496222759,region-sector
2017,NS,ELQ,exports,0.6525458906004981,region-sector
2017,NS,ELQ,imports,0.1432877037461219,region-sector
2017,NS,MAC,exports,0.6066889754420611,region-sector
2017,NS,MAC,imports,0.1337916459597709,region-sector
2017,NS,MTV,exports,0.16081904981019213,region-sector
2017,NS,MTV,imports,0.05932644464969387,region-sector
2017,NS,OTE,exports,0.8038665725778837,region-sector
2017,NS,OTE,imports,0.4136441083242614,region-sector
2017,NS,MFN,exports,0.7982231664332964,region-sector
2017,NS,MFN,imports,0.1614130482756186,region-sector
2017,NS,UTL,exports,0.7082536752587515,region-sector
2017,NS,UTL,imports,0.6191489361702128,region-sector
2017,NS,CON,exports,0.9217281152076804,region-sector
2017,NS,CON,imports,0,region-sector
2017,NS,TRD,exports,0.7094223970209829,region-sector
2017,NS,TRD,imports,0.3973272288560292,region-sector
2017,NS,TRN,exports,0.5081927976679089,region-sector
2017,NS,TRN,imports,0.6195860043143675,region-sector
2017,NS,ACC,exports,0.477413536956423,region-sector
2017,NS,ACC,imports,0.524555907230735,region-sector
2017,NS,PUB,exports,0.8735785331391566,region-sector
2017,NS,PUB,imports,0.628690886577135,region-sector
2017,NS,TEL,exports,0.5219957537154989,region-sector
2017,NS,TEL,imports,0.6573470328657051,region-sector
2017,NS,ITS,exports,0.7397501647422857,region-sector
2017,NS,ITS,imports,0.5569172128076625,region-sector
2017,NS,FIN,exports,0.5197691321536043,region-sector
2017,NS,FIN,imports,0.5212937783271528,region-sector
2017,NS,REA,exports,0.10158744235544519,region-sector
2017,NS,REA,imports,0.4520774315391879,region-sector
2017,NS,PRF,exports,0.694499603556067,region-sector
2017,NS,PRF,imports,0.6739925197115708,region-sector
2017,NS,ADM,exports,0.6305449414478901,region-sector
2017,NS,ADM,imports,0.6840055181368174,region-sector
2017,NS,PAD,exports,0.5580063404713482,region-sector
2017,NS,PAD,imports,0.44935064935064933,region-sector
2017,NS,EDU,exports,0.12260774456591507,region-sector
2017,NS,EDU,imports,0.5403284779730023,region-sector
2017,NS,HTH,exports,0.6342555286954964,region-sector
2017,NS,HTH,imports,0.9109356147855655,region-sector
2017,NS,ART,exports,0.5785492367958935,region-sector
2017,NS,ART,imports,0.5445387569880127,region-sector
2017,NS,OSV,exports,0.33068618935351785,region-sector
2017,NS,OSV,imports,0.5279343419361218,region-sector
2017,NB,AGR,exports,0.889922614410792,region-sector
2017,NB,AGR,imports,0.9526805606434885,region-sector
2017,NB,MIE,exports,1,region-sector
2017,NB,MIE,imports,0.1605173873506632,region-sector
2017,NB,MIN,exports,0.6412380457580481,region-sector
2017,NB,MIN,imports,0.018721569332037533,region-sector
2017,NB,MIS,exports,0.7972932330827066,region-sector
2017,NB,MIS,imports,0.6692913385826772,region-sector
2017,NB,FOD,exports,0.7337296892940398,region-sector
2017,NB,FOD,imports,0.849509828174808,region-sector
2017,NB,TEX,exports,0.67105572537032665,region-sector
2017,NB,TEX,imports,0.5652966612374715,region-sector
2017,NB,WOD,exports,0.9475966872688151,region-sector
2017,NB,WOD,imports,0.9612885538039754,region-sector
2017,NB,PAP,exports,0.635699234938125,region-sector
2017,NB,PAP,imports,0.9599344200469326,region-sector
2017,NB,PET,exports,0.9386735353644151,region-sector
2017,NB,PET,imports,0.23655688000604505,region-sector
2017,NB,CHM,exports,0.8871621172876403,region-sector
2017,NB,CHM,imports,0.8588910374191961,region-sector
2017,NB,RUB,exports,0.8965495059695349,region-sector
2017,NB,RUB,imports,0.8384180464294122,region-sector
2017,NB,NMM,exports,0.8857994041708045,region-sector
2017,NB,NMM,imports,0.8621117226545202,region-sector
2017,NB,BMT,exports,0.928310730579339,region-sector
2017,NB,BMT,imports,0.9394539292388584,region-sector
2017,NB,FMT,exports,0.8754292014490471,region-sector
2017,NB,FMT,imports,0.8988242843816602,region-sector
2017,NB,ELC,exports,0.5206262817479097,region-sector
2017,NB,ELC,imports,0.876224086845335,region-sector
2017,NB,ELQ,exports,0.9611650485436894,region-sector
2017,NB,ELQ,imports,0.827367202518451,region-sector
2017,NB,MAC,exports,0.7884931630285419,region-sector
2017,NB,MAC,imports,0.8654335647208004,region-sector
2017,NB,MTV,exports,0.6601937710507714,region-sector
2017,NB,MTV,imports,0.603754841798957,region-sector
2017,NB,OTE,exports,0.8406410841097139,region-sector
2017,NB,OTE,imports,0.9104849178170696,region-sector
2017,NB,MFN,exports,0.707227138643068,region-sector
2017,NB,MFN,imports,0.749534450651769,region-sector
2017,NB,UTL,exports,0.9435012882908674,region-sector
2017,NB,UTL,imports,0.9974687447800892,region-sector
2017,NB,CON,exports,0.6327503974562798,region-sector
2017,NB,CON,imports,0.48022598870056493,region-sector
2017,NB,TRD,exports,0.7801819896325578,region-sector
2017,NB,TRD,imports,0.8254862752226867,region-sector
2017,NB,TRN,exports,0.7155098498879665,region-sector
2017,NB,TRN,imports,0.6856634737286941,region-sector
2017,NB,ACC,exports,0.46826958348617737,region-sector
2017,NB,ACC,imports,0.5246442261167372,region-sector
2017,NB,PUB,exports,0.3794261721483555,region-sector
2017,NB,PUB,imports,0.9376648380630868,region-sector
2017,NB,TEL,exports,0.4855748651656537,region-sector
2017,NB,TEL,imports,0.6518652771484669,region-sector
2017,NB,ITS,exports,0.6718883558656781,region-sector
2017,NB,ITS,imports,0.5114267738305168,region-sector
2017,NB,FIN,exports,0.5782399367472856,region-sector
2017,NB,FIN,imports,0.5171692953208706,region-sector
2017,NB,REA,exports,0.06617208716963635,region-sector
2017,NB,REA,imports,0.46166873659252566,region-sector
2017,NB,PRF,exports,0.656350630515474,region-sector
2017,NB,PRF,imports,0.6468339670468949,region-sector
2017,NB,ADM,exports,0.6399661529392748,region-sector
2017,NB,ADM,imports,0.6919955892794623,region-sector
2017,NB,PAD,exports,0.5248379475374084,region-sector
2017,NB,PAD,imports,0.4413685847589425,region-sector
2017,NB,EDU,exports,0.14131095875262636,region-sector
2017,NB,EDU,imports,0.5360133579578517,region-sector
2017,NB,HTH,exports,0.5881413455779597,region-sector
2017,NB,HTH,imports,0.9175418125243096,region-sector
2017,NB,ART,exports,0.5504633873103167,region-sector
2017,NB,ART,imports,0.5467741935483872,region-sector
2017,NB,OSV,exports,0.4099785298026786,region-sector
2017,NB,OSV,imports,0.5300374712921551,region-sector
2017,QC,AGR,exports,0.5386375938605431,region-sector
2017,QC,AGR,imports,0.5348165030224327,region-sector
2017,QC,MIE,exports,0.6997742663656884,region-sector
2017,QC,MIE,imports,0.8409580663122586,region-sector
2017,QC,MIN,exports,0.1096528673340983,region-sector
2017,QC,MIN,imports,0.425722243433483,region-sector
2017,QC,MIS,exports,0.7177487709781318,region-sector
2017,QC,MIS,imports,0.66587333068888,region-sector
2017,QC,FOD,exports,0.6689772685705171,region-sector
2017,QC,FOD,imports,0.4200664763582106,region-sector
2017,QC,TEX,exports,0.6464563228565086,region-sector
2017,QC,TEX,imports,0.17145150007419363,region-sector
2017,QC,WOD,exports,0.9278082575365961,region-sector
2017,QC,WOD,imports,0.5047736810355858,region-sector
2017,QC,PAP,exports,0.7588159330109394,region-sector
2017,QC,PAP,imports,0.7609136855995146,region-sector
2017,QC,PET,exports,0.6397083920725923,region-sector
2017,QC,PET,imports,0.4275683799739699,region-sector
2017,QC,CHM,exports,0.7547723862113387,region-sector
2017,QC,CHM,imports,0.45552471060859095,region-sector
2017,QC,RUB,exports,0.8715571459873457,region-sector
2017,QC,RUB,imports,0.6011105317852578,region-sector
2017,QC,NMM,exports,0.8534562293482522,region-sector
2017,QC,NMM,imports,0.32072101871312453,region-sector
2017,QC,BMT,exports,0.884410928455273,region-sector
2017,QC,BMT,imports,0.20247513466961617,region-sector
2017,QC,FMT,exports,0.7462991176142075,region-sector
2017,QC,FMT,imports,0.5147462808419554,region-sector
2017,QC,ELC,exports,0.6120613671661316,region-sector
2017,QC,ELC,imports,0.7450936577995394,region-sector
2017,QC,ELQ,exports,0.7643576233089967,region-sector
2017,QC,ELQ,imports,0.5188035142664214,region-sector
2017,QC,MAC,exports,0.6701325577140262,region-sector
2017,QC,MAC,imports,0.4994035603431446,region-sector
2017,QC,MTV,exports,0.9248036921539657,region-sector
2017,QC,MTV,imports,0.5608863960937935,region-sector
2017,QC,OTE,exports,0.5579044558726697,region-sector
2017,QC,OTE,imports,0.5044827893758722,region-sector
2017,QC,MFN,exports,0.7903724765068243,region-sector
2017,QC,MFN,imports,0.4270789803593815,region-sector
2017,QC,UTL,exports,0.9528672039437812,region-sector
2017,QC,UTL,imports,0.7249629150659922,region-sector
2017,QC,CON,exports,0.6324444758806054,region-sector
2017,QC,CON,imports,0.8287746687230493,region-sector
2017,QC,TRD,exports,0.7077136916621986,region-sector
2017,QC,TRD,imports,0.6465430814081438,region-sector
2017,QC,TRN,exports,0.5956968101376038,region-sector
2017,QC,TRN,imports,0.5930132061178788,region-sector
2017,QC,ACC,exports,0.47452512451570567,region-sector
2017,QC,ACC,imports,0.5238501326192796,region-sector
2017,QC,PUB,exports,0.7272991461624267,region-sector
2017,QC,PUB,imports,0.7144088086313756,region-sector
2017,QC,TEL,exports,0.5064846554562876,region-sector
2017,QC,TEL,imports,0.5713520812296207,region-sector
2017,QC,ITS,exports,0.7206699598364449,region-sector
2017,QC,ITS,imports,0.534305693259556,region-sector
2017,QC,FIN,exports,0.49535081576012235,region-sector
2017,QC,FIN,imports,0.5112480568731079,region-sector
2017,QC,REA,exports,0.11514075175717207,region-sector
2017,QC,REA,imports,0.48260810124604514,region-sector
2017,QC,PRF,exports,0.6190767877161812,region-sector
2017,QC,PRF,imports,0.6734367596152803,region-sector
2017,QC,ADM,exports,0.6358945681546543,region-sector
2017,QC,ADM,imports,0.679091553716702,region-sector
2017,QC,PAD,exports,0.5237015987697642,region-sector
2017,QC,PAD,imports,0.4466438857700757,region-sector
2017,QC,EDU,exports,0.09776449608979515,region-sector
2017,QC,EDU,imports,0.5397048348766151,region-sector
2017,QC,HTH,exports,0.5571718069011465,region-sector
2017,QC,HTH,imports,0.9104751578787186,region-sector
2017,QC,ART,exports,0.5789396893610812,region-sector
2017,QC,ART,imports,0.5913721014719465,region-sector
2017,QC,OSV,exports,0.493048491013903,region-sector
2017,QC,OSV,imports,0.5310671520680732,region-sector
2017,ON,AGR,exports,0.5104519337787584,region-sector
2017,ON,AGR,imports,0.7176606026302448,region-sector
2017,ON,MIE,exports,0.9985417017219138,region-sector
2017,ON,MIE,imports,0.998744060189931,region-sector
2017,ON,MIN,exports,0.36864534642078356,region-sector
2017,ON,MIN,imports,0.24909349093211566,region-sector
2017,ON,MIS,exports,0.78856015217711,region-sector
2017,ON,MIS,imports,0.6658296165810877,region-sector
2017,ON,FOD,exports,0.8369970716152519,region-sector
2017,ON,FOD,imports,0.6791403321978606,region-sector
2017,ON,TEX,exports,0.6203032432630412,region-sector
2017,ON,TEX,imports,0.3813519581254133,region-sector
2017,ON,WOD,exports,0.955690465942138,region-sector
2017,ON,WOD,imports,0.6563883670153347,region-sector
2017,ON,PAP,exports,0.876796973728483,region-sector
2017,ON,PAP,imports,0.9020049024118171,region-sector
2017,ON,PET,exports,0.8503129385006263,region-sector
2017,ON,PET,imports,0.7383081646110604,region-sector
2017,ON,CHM,exports,0.7533222355709099,region-sector
2017,ON,CHM,imports,0.7032619124668246,region-sector
2017,ON,RUB,exports,0.869010337766648,region-sector
2017,ON,RUB,imports,0.7580829139906837,region-sector
2017,ON,NMM,exports,0.8912621680388512,region-sector
2017,ON,NMM,imports,0.7752280595389315,region-sector
2017,ON,BMT,exports,0.434973256134774,region-sector
2017,ON,BMT,imports,0.6225979300415315,region-sector
2017,ON,FMT,exports,0.8406942704016461,region-sector
2017,ON,FMT,imports,0.7221740395661147,region-sector
2017,ON,ELC,exports,0.673554098053136,region-sector
2017,ON,ELC,imports,0.5753048489381807,region-sector
2017,ON,ELQ,exports,0.8266855942531838,region-sector
2017,ON,ELQ,imports,0.6844241324222757,region-sector
2017,ON,MAC,exports,0.747788096756968,region-sector
2017,ON,MAC,imports,0.7266053783676217,region-sector
2017,ON,MTV,exports,0.9432495606799197,region-sector
2017,ON,MTV,imports,0.7672800474364113,region-sector
2017,ON,OTE,exports,0.5372694205639186,region-sector
2017,ON,OTE,imports,0.7823813923302999,region-sector
2017,ON,MFN,exports,0.6719098821417979,region-sector
2017,ON,MFN,imports,0.6555246472631153,region-sector
2017,ON,UTL,exports,0.8614418078487354,region-sector
2017,ON,UTL,imports,0.7733989002429695,region-sector
2017,ON,CON,exports,0.6446882048283351,region-sector
2017,ON,CON,imports,0.9960150084098848,region-sector
2017,ON,TRD,exports,0.7418330506077492,region-sector
2017,ON,TRD,imports,0.6652705140212738,region-sector
2017,ON,TRN,exports,0.5822088501845106,region-sector
2017,ON,TRN,imports,0.592886615238067,region-sector
2017,ON,ACC,exports,0.47977059412904177,region-sector
2017,ON,ACC,imports,0.5238071171870526,region-sector
2017,ON,PUB,exports,0.7686804928177422,region-sector
2017,ON,PUB,imports,0.9132729651057334,region-sector
2017,ON,TEL,exports,0.5196826586843387,region-sector
2017,ON,TEL,imports,0.659096965988897,region-sector
2017,ON,ITS,exports,0.7296825217519279,region-sector
2017,ON,ITS,imports,0.5223733487190265,region-sector
2017,ON,FIN,exports,0.5028754115552864,region-sector
2017,ON,FIN,imports,0.5428240250788002,region-sector
2017,ON,REA,exports,0.2151076749212955,region-sector
2017,ON,REA,imports,0.46508357063266065,region-sector
2017,ON,PRF,exports,0.660952689126621,region-sector
2017,ON,PRF,imports,0.671857686437666,region-sector
2017,ON,ADM,exports,0.6440558123441771,region-sector
2017,ON,ADM,imports,0.6811765061002413,region-sector
2017,ON,PAD,exports,0.39937525112240796,region-sector
2017,ON,PAD,imports,0.4599091175608326,region-sector
2017,ON,EDU,exports,0.10459779211572903,region-sector
2017,ON,EDU,imports,0.5397173474141947,region-sector
2017,ON,HTH,exports,0.5616297105662859,region-sector
2017,ON,HTH,imports,0.9202553390856206,region-sector
2017,ON,ART,exports,0.5848928003597411,region-sector
2017,ON,ART,imports,0.5819587993269897,region-sector
2017,ON,OSV,exports,0.4150236889397157,region-sector
2017,ON,OSV,imports,0.5295067982799742,region-sector
2017,MB,AGR,exports,0.2843756857581742,region-sector
2017,MB,AGR,imports,0.7727259775660812,region-sector
2017,MB,MIE,exports,1,region-sector
2017,MB,MIE,imports,0.9983691991349665,region-sector
2017,MB,MIN,exports,0.3244089747449192,region-sector
2017,MB,MIN,imports,0.8698193152486242,region-sector
2017,MB,MIS,exports,0.8003696857670979,region-sector
2017,MB,MIS,imports,0.6658594175697766,region-sector
2017,MB,FOD,exports,0.5447976093128327,region-sector
2017,MB,FOD,imports,0.8680398316683313,region-sector
2017,MB,TEX,exports,0.8244179889458058,region-sector
2017,MB,TEX,imports,0.5867792911263258,region-sector
2017,MB,WOD,exports,0.983354468930672,region-sector
2017,MB,WOD,imports,0.9202467647426185,region-sector
2017,MB,PAP,exports,0.54184134636078,region-sector
2017,MB,PAP,imports,0.9346904553741094,region-sector
2017,MB,PET,exports,0.9926127197079054,region-sector
2017,MB,PET,imports,0.940947623532898,region-sector
2017,MB,CHM,exports,0.8131884428234561,region-sector
2017,MB,CHM,imports,0.8462272987545139,region-sector
2017,MB,RUB,exports,0.9275172476095835,region-sector
2017,MB,RUB,imports,0.8338992748687822,region-sector
2017,MB,NMM,exports,0.5301702992501226,region-sector
2017,MB,NMM,imports,0.8659278464922017,region-sector
2017,MB,BMT,exports,0.40159676162389757,region-sector
2017,MB,BMT,imports,0.8287066380202375,region-sector
2017,MB,FMT,exports,0.781043517885623,region-sector
2017,MB,FMT,imports,0.8782895598971453,region-sector
2017,MB,ELC,exports,0.7639819702271514,region-sector
2017,MB,ELC,imports,0.7478160776558735,region-sector
2017,MB,ELQ,exports,0.8113375591751585,region-sector
2017,MB,ELQ,imports,0.7294931169794271,region-sector
2017,MB,MAC,exports,0.7541777733626936,region-sector
2017,MB,MAC,imports,0.9024286742504372,region-sector
2017,MB,MTV,exports,0.9797728033811895,region-sector
2017,MB,MTV,imports,0.8340422109598722,region-sector
2017,MB,OTE,exports,0.9130948094616577,region-sector
2017,MB,OTE,imports,0.7913209944459679,region-sector
2017,MB,MFN,exports,0.6366127652481696,region-sector
2017,MB,MFN,imports,0.7476237168233997,region-sector
2017,MB,UTL,exports,0.9820348718238204,region-sector
2017,MB,UTL,imports,0.8077763392134649,region-sector
2017,MB,CON,exports,0.6488999773191201,region-sector
2017,MB,CON,imports,1,region-sector
2017,MB,TRD,exports,0.5217940474914768,region-sector
2017,MB,TRD,imports,0.745954523625582,region-sector
2017,MB,TRN,exports,0.6399668051873735,region-sector
2017,MB,TRN,imports,0.5910299031898743,region-sector
2017,MB,ACC,exports,0.4719496404000062,region-sector
2017,MB,ACC,imports,0.5224208413310085,region-sector
2017,MB,PUB,exports,0.8976835468467494,region-sector
2017,MB,PUB,imports,0.9365829021053378,region-sector
2017,MB,TEL,exports,0.4990353456834061,region-sector
2017,MB,TEL,imports,0.6569352775645946,region-sector
2017,MB,ITS,exports,0.6395266272189348,region-sector
2017,MB,ITS,imports,0.5243033128950154,region-sector
2017,MB,FIN,exports,0.49347512132501226,region-sector
2017,MB,FIN,imports,0.5612260545102427,region-sector
2017,MB,REA,exports,0.07618179450449276,region-sector
2017,MB,REA,imports,0.49175378766702077,region-sector
2017,MB,PRF,exports,0.6772288898024221,region-sector
2017,MB,PRF,imports,0.6832535229685719,region-sector
2017,MB,ADM,exports,0.6408183271001862,region-sector
2017,MB,ADM,imports,0.6785126932392428,region-sector
2017,MB,PAD,exports,0.42729275950156975,region-sector
2017,MB,PAD,imports,0.4435711406690851,region-sector
2017,MB,EDU,exports,0.08108204688393367,region-sector
2017,MB,EDU,imports,0.5385770660921624,region-sector
2017,MB,HTH,exports,0.596003691084611,region-sector
2017,MB,HTH,imports,0.8408551068883611,region-sector
2017,MB,ART,exports,0.6202626431964235,region-sector
2017,MB,ART,imports,0.5534769140710748,region-sector
2017,MB,OSV,exports,0.3481243874186937,region-sector
2017,MB,OSV,imports,0.5276388116855044,region-sector
2017,SK,AGR,exports,0.132569117463787,region-sector
2017,SK,AGR,imports,0.8906553123480623,region-sector
2017,SK,MIE,exports,0.9959677610259545,region-sector
2017,SK,MIE,imports,0.9920994038641098,region-sector
2017,SK,MIN,exports,0.6061215566414844,region-sector
2017,SK,MIN,imports,0.9795958795562599,region-sector
2017,SK,MIS,exports,0.8529862174578867,region-sector
2017,SK,MIS,imports,0.6658986175115207,region-sector
2017,SK,FOD,exports,0.6754729473170459,region-sector
2017,SK,FOD,imports,0.8816422318699831,region-sector
2017,SK,TEX,exports,0.3255558428128232,region-sector
2017,SK,TEX,imports,0.35479040221675384,region-sector
2017,SK,WOD,exports,0.993143840738544,region-sector
2017,SK,WOD,imports,0.8485146580243503,region-sector
2017,SK,PAP,exports,0.001918656560475675,region-sector
2017,SK,PAP,imports,0.9040599247157928,region-sector
2017,SK,PET,exports,0.9442337242351302,region-sector
2017,SK,PET,imports,0.9807081898889862,region-sector
2017,SK,CHM,exports,0.5406314744316018,region-sector
2017,SK,CHM,imports,0.8944999324178721,region-sector
2017,SK,RUB,exports,0.883661007377078,region-sector
2017,SK,RUB,imports,0.8523563437372552,region-sector
2017,SK,NMM,exports,0.9493378503233755,region-sector
2017,SK,NMM,imports,0.8727532397079419,region-sector
2017,SK,BMT,exports,0.9917915116129861,region-sector
2017,SK,BMT,imports,0.8227238623003893,region-sector
2017,SK,FMT,exports,0.9026834845994426,region-sector
2017,SK,FMT,imports,0.87138673885098,region-sector
2017,SK,ELC,exports,0.972964293360611,region-sector
2017,SK,ELC,imports,0.8327813800072502,region-sector
2017,SK,ELQ,exports,0.8403515195898936,region-sector
2017,SK,ELQ,imports,0.8471168682249846,region-sector
2017,SK,MAC,exports,0.7158344623454069,region-sector
2017,SK,MAC,imports,0.929729986213296,region-sector
2017,SK,MTV,exports,0.9130157189738614,region-sector
2017,SK,MTV,imports,0.8981698107981733,region-sector
2017,SK,OTE,exports,0.1851851851851852,region-sector
2017,SK,OTE,imports,0.9445167405693721,region-sector
2017,SK,MFN,exports,0.6720705037536722,region-sector
2017,SK,MFN,imports,0.855523891035702,region-sector
2017,SK,UTL,exports,0.8430479083602304,region-sector
2017,SK,UTL,imports,0.9780241342097518,region-sector
2017,SK,CON,exports,0.6312949640287769,region-sector
2017,SK,CON,imports,0.9931034482758623,region-sector
2017,SK,TRD,exports,0.594938196513438,region-sector
2017,SK,TRD,imports,0.8720566901015512,region-sector
2017,SK,TRN,exports,0.7238816307649993,region-sector
2017,SK,TRN,imports,0.6040948570587018,region-sector
2017,SK,ACC,exports,0.46786939256241095,region-sector
2017,SK,ACC,imports,0.5234156880901272,region-sector
2017,SK,PUB,exports,0.9252419690042158,region-sector
2017,SK,PUB,imports,0.9473710374997929,region-sector
2017,SK,TEL,exports,0.6244958587558406,region-sector
2017,SK,TEL,imports,0.7132285172133369,region-sector
2017,SK,ITS,exports,0.7589072282299375,region-sector
2017,SK,ITS,imports,0.5816547354389103,region-sector
2017,SK,FIN,exports,0.5463618618832548,region-sector
2017,SK,FIN,imports,0.6375148594137806,region-sector
2017,SK,REA,exports,0.2761372145263946,region-sector
2017,SK,REA,imports,0.5175627738749392,region-sector
2017,SK,PRF,exports,0.6810637707463043,region-sector
2017,SK,PRF,imports,0.6695236573828053,region-sector
2017,SK,ADM,exports,0.6546983049154954,region-sector
2017,SK,ADM,imports,0.6808150353859773,region-sector
2017,SK,PAD,exports,0.5217625436070333,region-sector
2017,SK,PAD,imports,0.47485902255639095,region-sector
2017,SK,EDU,exports,0.07651901296598115,region-sector
2017,SK,EDU,imports,0.5368551144308228,region-sector
2017,SK,HTH,exports,0.4932990031029247,region-sector
2017,SK,HTH,imports,0.8927434030937216,region-sector
2017,SK,ART,exports,0.5768389937494228,region-sector
2017,SK,ART,imports,0.5439643097992426,region-sector
2017,SK,OSV,exports,0.28529664660361137,region-sector
2017,SK,OSV,imports,0.5273813770959687,region-sector
2017,AB,AGR,exports,0.2350658960097111,region-sector
2017,AB,AGR,imports,0.8206230629736652,region-sector
2017,AB,MIE,exports,0.9950421423223742,region-sector
2017,AB,MIE,imports,0.9989918448250433,region-sector
2017,AB,MIN,exports,0.7316073502288405,region-sector
2017,AB,MIN,imports,0.09954063459570113,region-sector
2017,AB,MIS,exports,0.7765516013838984,region-sector
2017,AB,MIS,imports,0.665822609178258,region-sector
2017,AB,FOD,exports,0.5129927344534682,region-sector
2017,AB,FOD,imports,0.676415677403448,region-sector
2017,AB,TEX,exports,0.6837670139403216,region-sector
2017,AB,TEX,imports,0.48563958976316984,region-sector
2017,AB,WOD,exports,0.9554411588845564,region-sector
2017,AB,WOD,imports,0.47190423766517614,region-sector
2017,AB,PAP,exports,0.4643813990158324,region-sector
2017,AB,PAP,imports,0.8757153601089703,region-sector
2017,AB,PET,exports,0.8138120804968528,region-sector
2017,AB,PET,imports,0.8472974606795102,region-sector
2017,AB,CHM,exports,0.7926224453542259,region-sector
2017,AB,CHM,imports,0.7802342679695993,region-sector
2017,AB,RUB,exports,0.842104962186736,region-sector
2017,AB,RUB,imports,0.610754398490638,region-sector
2017,AB,NMM,exports,0.924821883861129,region-sector
2017,AB,NMM,imports,0.5469554809712329,region-sector
2017,AB,BMT,exports,0.25872767645962147,region-sector
2017,AB,BMT,imports,0.6023332331775465,region-sector
2017,AB,FMT,exports,0.6801302053939114,region-sector
2017,AB,FMT,imports,0.6779781254507952,region-sector
2017,AB,ELC,exports,0.6709350529709811,region-sector
2017,AB,ELC,imports,0.6755407020821679,region-sector
2017,AB,ELQ,exports,0.8315951237356066,region-sector
2017,AB,ELQ,imports,0.662262661049457,region-sector
2017,AB,MAC,exports,0.7004118269842423,region-sector
2017,AB,MAC,imports,0.7652879426784521,region-sector
2017,AB,MTV,exports,0.8288986613830763,region-sector
2017,AB,MTV,imports,0.872548971866742,region-sector
2017,AB,OTE,exports,0.47613463926058763,region-sector
2017,AB,OTE,imports,0.7802262873568511,region-sector
2017,AB,MFN,exports,0.7530931032538206,region-sector
2017,AB,MFN,imports,0.6635703940920604,region-sector
2017,AB,UTL,exports,0.7459960350165951,region-sector
2017,AB,UTL,imports,0.9670761887926463,region-sector
2017,AB,CON,exports,0.6209769263171032,region-sector
2017,AB,CON,imports,0.9993275050437121,region-sector
2017,AB,TRD,exports,0.717739965315304,region-sector
2017,AB,TRD,imports,0.6778182965484856,region-sector
2017,AB,TRN,exports,0.7935366002529319,region-sector
2017,AB,TRN,imports,0.5544213012569065,region-sector
2017,AB,ACC,exports,0.4712540612219298,region-sector
2017,AB,ACC,imports,0.5242842271507054,region-sector
2017,AB,PUB,exports,0.607548731843155,region-sector
2017,AB,PUB,imports,0.9411513517548443,region-sector
2017,AB,TEL,exports,0.5261404720315229,region-sector
2017,AB,TEL,imports,0.628038818455104,region-sector
2017,AB,ITS,exports,0.7110983797196523,region-sector
2017,AB,ITS,imports,0.5723016612922538,region-sector
2017,AB,FIN,exports,0.48604678552443525,region-sector
2017,AB,FIN,imports,0.49629391377042387,region-sector
2017,AB,REA,exports,0.17326336387085298,region-sector
2017,AB,REA,imports,0.5081285928746658,region-sector
2017,AB,PRF,exports,0.6321051219162095,region-sector
2017,AB,PRF,imports,0.6484352069269151,region-sector
2017,AB,ADM,exports,0.6511296220227473,region-sector
2017,AB,ADM,imports,0.6844014064014832,region-sector
2017,AB,PAD,exports,0.520921689357002,region-sector
2017,AB,PAD,imports,0.4878169817875044,region-sector
2017,AB,EDU,exports,0.12165905665450544,region-sector
2017,AB,EDU,imports,0.5435888927900364,region-sector
2017,AB,HTH,exports,0.6075825581103783,region-sector
2017,AB,HTH,imports,0.8657167643734062,region-sector
2017,AB,ART,exports,0.5802287328081287,region-sector
2017,AB,ART,imports,0.5430924675924483,region-sector
2017,AB,OSV,exports,0.3996064726439752,region-sector
2017,AB,OSV,imports,0.526067319286342,region-sector
2017,BC,AGR,exports,0.584618854143554,region-sector
2017,BC,AGR,imports,0.7743688723551401,region-sector
2017,BC,MIE,exports,0.35420413736910406,region-sector
2017,BC,MIE,imports,0.9929512637752821,region-sector
2017,BC,MIN,exports,0.03233160400241212,region-sector
2017,BC,MIN,imports,0.6065856612246977,region-sector
2017,BC,MIS,exports,0.7927522228740352,region-sector
2017,BC,MIS,imports,0.6658205332493377,region-sector
2017,BC,FOD,exports,0.6487946721793539,region-sector
2017,BC,FOD,imports,0.6483195057337415,region-sector
2017,BC,TEX,exports,0.4611894009467326,region-sector
2017,BC,TEX,imports,0.300203665876065,region-sector
2017,BC,WOD,exports,0.6709180856399551,region-sector
2017,BC,WOD,imports,0.7683531539669992,region-sector
2017,BC,PAP,exports,0.20823942200365314,region-sector
2017,BC,PAP,imports,0.8399448602879995,region-sector
2017,BC,PET,exports,0.8942343127506139,region-sector
2017,BC,PET,imports,0.805397570121598,region-sector
2017,BC,CHM,exports,0.6172926800828771,region-sector
2017,BC,CHM,imports,0.6881908319618034,region-sector
2017,BC,RUB,exports,0.8955805822304604,region-sector
2017,BC,RUB,imports,0.6305342532519577,region-sector
2017,BC,NMM,exports,0.9378665163516975,region-sector
2017,BC,NMM,imports,0.639161316250192,region-sector
2017,BC,BMT,exports,0.5647899187390705,region-sector
2017,BC,BMT,imports,0.35232619676319094,region-sector
2017,BC,FMT,exports,0.8443109914716238,region-sector
2017,BC,FMT,imports,0.5609960330262089,region-sector
2017,BC,ELC,exports,0.5924105756777097,region-sector
2017,BC,ELC,imports,0.4552735016751534,region-sector
2017,BC,ELQ,exports,0.7248657578824004,region-sector
2017,BC,ELQ,imports,0.5964314411332772,region-sector
2017,BC,MAC,exports,0.7483273410287555,region-sector
2017,BC,MAC,imports,0.6031081810492972,region-sector
2017,BC,MTV,exports,0.7339487940327761,region-sector
2017,BC,MTV,imports,0.30023646239827745,region-sector
2017,BC,OTE,exports,0.5746252337056206,region-sector
2017,BC,OTE,imports,0.5966558275063607,region-sector
2017,BC,MFN,exports,0.7348123783990189,region-sector
2017,BC,MFN,imports,0.5369156519173834,region-sector
2017,BC,UTL,exports,0.9585817446383484,region-sector
2017,BC,UTL,imports,0.9555407400352397,region-sector
2017,BC,CON,exports,0.7279014844804318,region-sector
2017,BC,CON,imports,0.8782894736842106,region-sector
2017,BC,TRD,exports,0.7461630572135143,region-sector
2017,BC,TRD,imports,0.731573019123109,region-sector
2017,BC,TRN,exports,0.5153373379889218,region-sector
2017,BC,TRN,imports,0.5464336123803922,region-sector
2017,BC,ACC,exports,0.4692288399074874,region-sector
2017,BC,ACC,imports,0.524929162622257,region-sector
2017,BC,PUB,exports,0.9028490920238611,region-sector
2017,BC,PUB,imports,0.9157441487851852,region-sector
2017,BC,TEL,exports,0.5200509399377637,region-sector
2017,BC,TEL,imports,0.6454754346512173,region-sector
2017,BC,ITS,exports,0.7368616962880342,region-sector
2017,BC,ITS,imports,0.5833898463436754,region-sector
2017,BC,FIN,exports,0.4697395171916268,region-sector
2017,BC,FIN,imports,0.47443920801589445,region-sector
2017,BC,REA,exports,0.10148146888234993,region-sector
2017,BC,REA,imports,0.48654803344285763,region-sector
2017,BC,PRF,exports,0.6573787832784814,region-sector
2017,BC,PRF,imports,0.6667805418387734,region-sector
2017,BC,ADM,exports,0.6410387596309911,region-sector
2017,BC,ADM,imports,0.6683034638908533,region-sector
2017,BC,PAD,exports,0.5061528573372178,region-sector
2017,BC,PAD,imports,0.48386560212907515,region-sector
2017,BC,EDU,exports,0.08790407723855814,region-sector
2017,BC,EDU,imports,0.5401561854615501,region-sector
2017,BC,HTH,exports,0.5428157255881377,region-sector
2017,BC,HTH,imports,0.7764555886102849,region-sector
2017,BC,ART,exports,0.54142548010203,region-sector
2017,BC,ART,imports,0.5513597176863905,region-sector
2017,BC,OSV,exports,0.45248006015522196,region-sector
2017,BC,OSV,imports,0.5246685079707073,region-sector
2017,YT,AGR,exports,0.0326295585412668,region-sector
2017,YT,AGR,imports,0.5365085613068293,region-sector
2017,YT,MIE,exports,0.9177036281802021,canada-sector
2017,YT,MIE,imports,0.888888888888889,region-sector
2017,YT,MIN,exports,0.7237762237762239,region-sector
2017,YT,MIN,imports,0.7678686413393432,region-sector
2017,YT,MIS,exports,0,region-sector
2017,YT,MIS,imports,0.6658363837206783,canada-sector
2017,YT,FOD,exports,0.05454545454545455,region-sector
2017,YT,FOD,imports,0.7293926570509,region-sector
2017,YT,TEX,exports,0.4555555555555556,region-sector
2017,YT,TEX,imports,0.7639775216687303,region-sector
2017,YT,WOD,exports,0.8000213011325168,canada-sector
2017,YT,WOD,imports,0.8816029143897997,region-sector
2017,YT,PAP,exports,0.6172839506172839,region-sector
2017,YT,PAP,imports,0.9813670325615717,region-sector
2017,YT,PET,exports,0.819717315256479,canada-sector
2017,YT,PET,imports,0.7885097243765661,region-sector
2017,YT,CHM,exports,0.6666666666666666,region-sector
2017,YT,CHM,imports,0.96401299970935606,region-sector
2017,YT,RUB,exports,1,region-sector
2017,YT,RUB,imports,0.923578660436137,region-sector
2017,YT,NMM,exports,0.8846522274752736,canada-sector
2017,YT,NMM,imports,0.7770519371321389,region-sector
2017,YT,BMT,exports,0.5733246461745563,canada-sector
2017,YT,BMT,imports,0.9544430538172716,region-sector
2017,YT,FMT,exports,0.7,region-sector
2017,YT,FMT,imports,0.8634073210344396,region-sector
2017,YT,ELC,exports,0.6492118950777225,canada-sector
2017,YT,ELC,imports,0.8725810823019243,region-sector
2017,YT,ELQ,exports,0.7952697551976016,canada-sector
2017,YT,ELQ,imports,0.8412427449641515,region-sector
2017,YT,MAC,exports,0.7257463314459472,canada-sector
2017,YT,MAC,imports,0.8433051437248245,region-sector
2017,YT,MTV,exports,0.9416626270537226,canada-sector
2017,YT,MTV,imports,0.8889053803339517,region-sector
2017,YT,OTE,exports,0.5791729377584278,canada-sector
2017,YT,OTE,imports,0.9206413547718777,region-sector
2017,YT,MFN,exports,0.9525547445255476,region-sector
2017,YT,MFN,imports,0.8367291706939881,region-sector
2017,YT,UTL,exports,0.746268656716418,region-sector
2017,YT,UTL,imports,0.7113372914899633,region-sector
2017,YT,CON,exports,0.5342465753424658,region-sector
2017,YT,CON,imports,1,region-sector
2017,YT,TRD,exports,0.4555555555555555,region-sector
2017,YT,TRD,imports,0.6634241245136187,region-sector
2017,YT,TRN,exports,0.3464378367591299,region-sector
2017,YT,TRN,imports,0.5803519788482194,region-sector
2017,YT,ACC,exports,0.4937366167023555,region-sector
2017,YT,ACC,imports,0.5231398476019722,region-sector
2017,YT,PUB,exports,0.894736842105263,region-sector
2017,YT,PUB,imports,0.9380576089727249,region-sector
2017,YT,TEL,exports,0.5031592949783837,region-sector
2017,YT,TEL,imports,0.5357105401153645,region-sector
2017,YT,ITS,exports,0.6923076923076923,region-sector
2017,YT,ITS,imports,0.5933247753530166,region-sector
2017,YT,FIN,exports,0.5619791666666666,region-sector
2017,YT,FIN,imports,0.5459873760144274,region-sector
2017,YT,REA,exports,0.07035175879396983,region-sector
2017,YT,REA,imports,0.46704331450094166,region-sector
2017,YT,PRF,exports,0.7412298803136608,region-sector
2017,YT,PRF,imports,0.6373642081189251,region-sector
2017,YT,ADM,exports,0.605132823052679,region-sector
2017,YT,ADM,imports,0.6811276761110718,region-sector
2017,YT,PAD,exports,0.5498409331919406,region-sector
2017,YT,PAD,imports,0.43786982248520706,region-sector
2017,YT,EDU,exports,0.11926605504587155,region-sector
2017,YT,EDU,imports,0.535987404408457,region-sector
2017,YT,HTH,exports,0.6148955495004542,region-sector
2017,YT,HTH,imports,0.7297560975609757,region-sector
2017,YT,ART,exports,0.5420537897310513,region-sector
2017,YT,ART,imports,0.5277698661350042,region-sector
2017,YT,OSV,exports,0.46530612244897956,region-sector
2017,YT,OSV,imports,0.5239179954441914,region-sector
2017,NT,AGR,exports,0.007092198581560284,region-sector
2017,NT,AGR,imports,0.5135217259191734,region-sector
2017,NT,MIE,exports,0.9177036281802021,canada-sector
2017,NT,MIE,imports,0.9042125502534522,region-sector
2017,NT,MIN,exports,0.002868298006843531,region-sector
2017,NT,MIN,imports,0.6449408672798949,region-sector
2017,NT,MIS,exports,0.787445875113947,canada-sector
2017,NT,MIS,imports,0.75,region-sector
2017,NT,FOD,exports,0.6885337571938607,canada-sector
2017,NT,FOD,imports,0.6980794694491913,region-sector
2017,NT,TEX,exports,1,region-sector
2017,NT,TEX,imports,0.6631285532055623,region-sector
2017,NT,WOD,exports,0.8000213011325168,canada-sector
2017,NT,WOD,imports,0.7430981595092023,region-sector
2017,NT,PAP,exports,0.46153846153846156,region-sector
2017,NT,PAP,imports,0.9080558980682286,region-sector
2017,NT,PET,exports,0.819717315256479,canada-sector
2017,NT,PET,imports,0.6220328667072429,region-sector
2017,NT,CHM,exports,0.653153153153153,region-sector
2017,NT,CHM,imports,0.7434443348610547,region-sector
2017,NT,RUB,exports,0.8,region-sector
2017,NT,RUB,imports,0.7919137941159199,region-sector
2017,NT,NMM,exports,0.6470588235294117,region-sector
2017,NT,NMM,imports,0.8537723449001052,region-sector
2017,NT,BMT,exports,0.5733246461745563,canada-sector
2017,NT,BMT,imports,0.7632865646258504,region-sector
2017,NT,FMT,exports,0.8022667944497868,canada-sector
2017,NT,FMT,imports,0.8660356075494517,region-sector
2017,NT,ELC,exports,0.6492118950777225,canada-sector
2017,NT,ELC,imports,0.871800379145149,region-sector
2017,NT,ELQ,exports,0.7952697551976016,canada-sector
2017,NT,ELQ,imports,0.8547465362003042,region-sector
2017,NT,MAC,exports,0.7257463314459472,canada-sector
2017,NT,MAC,imports,0.8589278516727126,region-sector
2017,NT,MTV,exports,0.9416626270537226,canada-sector
2017,NT,MTV,imports,0.8415167930660888,region-sector
2017,NT,OTE,exports,0.5791729377584278,canada-sector
2017,NT,OTE,imports,0.9317253832971027,region-sector
2017,NT,MFN,exports,0.6197552447552448,region-sector
2017,NT,MFN,imports,0.8039832694863576,region-sector
2017,NT,UTL,exports,0.6708860759493671,region-sector
2017,NT,UTL,imports,0.7109198006343453,region-sector
2017,NT,CON,exports,0.6753136787006391,region-sector
2017,NT,CON,imports,0.9849340866290018,region-sector
2017,NT,TRD,exports,0.6728220775080832,region-sector
2017,NT,TRD,imports,0.6457182320441989,region-sector
2017,NT,TRN,exports,0.5021155741030545,region-sector
2017,NT,TRN,imports,0.5591188856494979,region-sector
2017,NT,ACC,exports,0.4938465941614196,region-sector
2017,NT,ACC,imports,0.5246395523993974,region-sector
2017,NT,PUB,exports,0.8830584707646179,region-sector
2017,NT,PUB,imports,0.9381996626284312,region-sector
2017,NT,TEL,exports,0.510582587824569,region-sector
2017,NT,TEL,imports,0.5344927164217417,region-sector
2017,NT,ITS,exports,0.7273253046018451,canada-sector
2017,NT,ITS,imports,0.5859194395796848,region-sector
2017,NT,FIN,exports,0.6561226935058712,region-sector
2017,NT,FIN,imports,0.5737594993294591,region-sector
2017,NT,REA,exports,0.2727272727272727,region-sector
2017,NT,REA,imports,0.5393634840871022,region-sector
2017,NT,PRF,exports,0.7291713961407491,region-sector
2017,NT,PRF,imports,0.6447089947089947,region-sector
2017,NT,ADM,exports,0.6691412742382271,region-sector
2017,NT,ADM,imports,0.6632306430830501,region-sector
2017,NT,PAD,exports,0.6288581175998396,region-sector
2017,NT,PAD,imports,0.46376811594202894,region-sector
2017,NT,EDU,exports,0.5363179534033805,region-sector
2017,NT,EDU,imports,0.5341684794839096,region-sector
2017,NT,HTH,exports,0.6521084337349398,region-sector
2017,NT,HTH,imports,0.9070707070707071,region-sector
2017,NT,ART,exports,0.5180779099603453,region-sector
2017,NT,ART,imports,0.6030092592592592,region-sector
2017,NT,OSV,exports,0.5168067226890757,region-sector
2017,NT,OSV,imports,0.41527446300715987,region-sector
2017,NU,AGR,exports,0.6893203883495146,region-sector
2017,NU,AGR,imports,0.5054712319096364,region-sector
2017,NU,MIE,exports,0.9177036281802021,canada-sector
2017,NU,MIE,imports,0.6666666666666666,region-sector
2017,NU,MIN,exports,0.007822918917308021,region-sector
2017,NU,MIN,imports,0.035176628409599044,region-sector
2017,NU,MIS,exports,0.787445875113947,canada-sector
2017,NU,MIS,imports,0.6658363837206783,canada-sector
2017,NU,FOD,exports,0.2837209302325581,region-sector
2017,NU,FOD,imports,0.7624231971542526,region-sector
2017,NU,TEX,exports,0.375,region-sector
2017,NU,TEX,imports,0.6398399891518071,region-sector
2017,NU,WOD,exports,0.8000213011325168,canada-sector
2017,NU,WOD,imports,0.7662517289073305,region-sector
2017,NU,PAP,exports,0.6116145671959845,canada-sector
2017,NU,PAP,imports,0.7194650107475519,region-sector
2017,NU,PET,exports,0.819717315256479,canada-sector
2017,NU,PET,imports,0.23884002502484084,region-sector
2017,NU,CHM,exports,1,region-sector
2017,NU,CHM,imports,0.280005511919526,region-sector
2017,NU,RUB,exports,0.878448699026063,canada-sector
2017,NU,RUB,imports,0.4032523382055741,region-sector
2017,NU,NMM,exports,0.8846522274752736,canada-sector
2017,NU,NMM,imports,0.2605731453663046,region-sector
2017,NU,BMT,exports,0.5733246461745563,canada-sector
2017,NU,BMT,imports,0.14472910092528213,region-sector
2017,NU,FMT,exports,0.8022667944497868,canada-sector
2017,NU,FMT,imports,0.3298117004455944,region-sector
2017,NU,ELC,exports,0.6492118950777225,canada-sector
2017,NU,ELC,imports,0.07048384396450695,region-sector
2017,NU,ELQ,exports,0.7952697551976016,canada-sector
2017,NU,ELQ,imports,0.265865598575879,region-sector
2017,NU,MAC,exports,0.7257463314459472,canada-sector
2017,NU,MAC,imports,0.20138049250830284,region-sector
2017,NU,MTV,exports,0.9416626270537226,canada-sector
2017,NU,MTV,imports,0.6982231963811033,region-sector
2017,NU,OTE,exports,0.5791729377584278,canada-sector
2017,NU,OTE,imports,0.2819175672279467,region-sector
2017,NU,MFN,exports,0.7024226064418245,canada-sector
2017,NU,MFN,imports,0.6147999836554571,region-sector
2017,NU,UTL,exports,0.7333333333333335,region-sector
2017,NU,UTL,imports,0.7102110667427267,region-sector
2017,NU,CON,exports,0.7106918238993711,region-sector
2017,NU,CON,imports,0,region-sector
2017,NU,TRD,exports,0.7288428324697755,region-sector
2017,NU,TRD,imports,0.6889671361502347,region-sector
2017,NU,TRN,exports,0.3784584980237154,region-sector
2017,NU,TRN,imports,0.7791255613987947,region-sector
2017,NU,ACC,exports,0.4922196796338672,region-sector
2017,NU,ACC,imports,0.5192534755284708,region-sector
2017,NU,PUB,exports,0.6666666666666666,region-sector
2017,NU,PUB,imports,0.9449317738791422,region-sector
2017,NU,TEL,exports,0.4993963782696177,region-sector
2017,NU,TEL,imports,0.6472027972027973,region-sector
2017,NU,ITS,exports,0.6666666666666666,region-sector
2017,NU,ITS,imports,0.511456412957598,region-sector
2017,NU,FIN,exports,0.6405178979436406,region-sector
2017,NU,FIN,imports,0.5309687665431446,region-sector
2017,NU,REA,exports,0.16762331666096997,canada-sector
2017,NU,REA,imports,0.5230496453900708,region-sector
2017,NU,PRF,exports,0.8615844544095667,region-sector
2017,NU,PRF,imports,0.6591819762606789,region-sector
2017,NU,ADM,exports,0.6364846870838882,region-sector
2017,NU,ADM,imports,0.6893648941490249,region-sector
2017,NU,PAD,exports,0.6393332210809901,region-sector
2017,NU,PAD,imports,0.5,region-sector
2017,NU,EDU,exports,0.6341463414634145,region-sector
2017,NU,EDU,imports,0.5372252422595132,region-sector
2017,NU,HTH,exports,0.5454545454545455,region-sector
2017,NU,HTH,imports,0.8300561797752809,region-sector
2017,NU,ART,exports,0.5700483091787439,region-sector
2017,NU,ART,imports,0.5293631100082713,region-sector
2017,NU,OSV,exports,0.5196629213483146,region-sector
2017,NU,OSV,imports,0.28353658536585363,region-sector
2018,NL,AGR,exports,0.3571724955542383,region-sector
2018,NL,AGR,imports,0.7166718864182063,region-sector
2018,NL,MIE,exports,0.4808344826076487,region-sector
2018,NL,MIE,imports,0.9482427612699674,region-sector
2018,NL,MIN,exports,0.001348742890969895,region-sector
2018,NL,MIN,imports,0.9196397644613787,region-sector
2018,NL,MIS,exports,0.6901408450704225,region-sector
2018,NL,MIS,imports,0.5806451612903225,region-sector
2018,NL,FOD,exports,0.43679661761725974,region-sector
2018,NL,FOD,imports,0.3166026648607166,region-sector
2018,NL,TEX,exports,0.6434382447201905,region-sector
2018,NL,TEX,imports,0.11326780850465751,region-sector
2018,NL,WOD,exports,0.9969984992496247,region-sector
2018,NL,WOD,imports,0.4019675765553554,region-sector
2018,NL,PAP,exports,0.4185968424111323,region-sector
2018,NL,PAP,imports,0.026585251291686242,region-sector
2018,NL,PET,exports,0.749992427684386,region-sector
2018,NL,PET,imports,0.34561746679334565,region-sector
2018,NL,CHM,exports,0.1414141414141414,region-sector
2018,NL,CHM,imports,0.15881729001197253,region-sector
2018,NL,RUB,exports,0.2762605042016807,region-sector
2018,NL,RUB,imports,0.08930996070694251,region-sector
2018,NL,NMM,exports,0.38524590163934425,region-sector
2018,NL,NMM,imports,0.03980756686236138,region-sector
2018,NL,BMT,exports,0.2542283784053887,region-sector
2018,NL,BMT,imports,0.01758989947587494,region-sector
2018,NL,FMT,exports,0.026090232645756804,region-sector
2018,NL,FMT,imports,0.14396590889969543,region-sector
2018,NL,ELC,exports,0.09173789173789175,region-sector
2018,NL,ELC,imports,0.4942002186726632,region-sector
2018,NL,ELQ,exports,0.6384382242824033,region-sector
2018,NL,ELQ,imports,0.2321709198045183,region-sector
2018,NL,MAC,exports,0.13412477898459207,region-sector
2018,NL,MAC,imports,0.3200174949731638,region-sector
2018,NL,MTV,exports,0.747957992998833,region-sector
2018,NL,MTV,imports,0.619455479185188,region-sector
2018,NL,OTE,exports,0.16199027310138422,region-sector
2018,NL,OTE,imports,0.14932552849298,region-sector
2018,NL,MFN,exports,0.515598217346589,region-sector
2018,NL,MFN,imports,0.22424703716396618,region-sector
2018,NL,UTL,exports,0.8418079096045199,region-sector
2018,NL,UTL,imports,0.7731092436974789,region-sector
2018,NL,CON,exports,0.11857529305680795,region-sector
2018,NL,CON,imports,0.9633507853403142,region-sector
2018,NL,TRD,exports,0.7806520423164509,region-sector
2018,NL,TRD,imports,0.7476141785957737,region-sector
2018,NL,TRN,exports,0.45914590525955645,region-sector
2018,NL,TRN,imports,0.5292612644079636,region-sector
2018,NL,ACC,exports,0.4666175501182675,region-sector
2018,NL,ACC,imports,0.5365902263685814,region-sector
2018,NL,PUB,exports,0.6309612241865993,region-sector
2018,NL,PUB,imports,0.5616135427787097,region-sector
2018,NL,TEL,exports,0.5563994458832742,region-sector
2018,NL,TEL,imports,0.5269018665158371,region-sector
2018,NL,ITS,exports,0.6173184095911581,region-sector
2018,NL,ITS,imports,0.5717992421360198,region-sector
2018,NL,FIN,exports,0.687323501725761,region-sector
2018,NL,FIN,imports,0.5178639974016004,region-sector
2018,NL,REA,exports,0.07332964533775894,region-sector
2018,NL,REA,imports,0.5197662426950842,region-sector
2018,NL,PRF,exports,0.6468215553404324,region-sector
2018,NL,PRF,imports,0.6018637407104782,region-sector
2018,NL,ADM,exports,0.6499187982135607,region-sector
2018,NL,ADM,imports,0.6642399631319169,region-sector
2018,NL,PAD,exports,0.426895634296771,region-sector
2018,NL,PAD,imports,0.46584302325581395,region-sector
2018,NL,EDU,exports,0.13855201413858248,region-sector
2018,NL,EDU,imports,0.5664261382366946,region-sector
2018,NL,HTH,exports,0.40746300664808066,region-sector
2018,NL,HTH,imports,0.8736206537580679,region-sector
2018,NL,ART,exports,0.5743790120011163,region-sector
2018,NL,ART,imports,0.5447515808491419,region-sector
2018,NL,OSV,exports,0.30100640439158277,region-sector
2018,NL,OSV,imports,0.3104413921856247,region-sector
2018,PE,AGR,exports,0.7158409482566753,region-sector
2018,PE,AGR,imports,0.8944925255704169,region-sector
2018,PE,MIE,exports,0.8903422798794302,canada-sector
2018,PE,MIE,imports,0.7575757575757576,region-sector
2018,PE,MIN,exports,0.7687400318979267,region-sector
2018,PE,MIN,imports,0.8546341463414633,region-sector
2018,PE,MIS,exports,0.6851481415942822,canada-sector
2018,PE,MIS,imports,0.5833752774500178,canada-sector
2018,PE,FOD,exports,0.794015652173913,region-sector
2018,PE,FOD,imports,0.7776782727851449,region-sector
2018,PE,TEX,exports,0.272239263803681,region-sector
2018,PE,TEX,imports,0.6755704148956981,region-sector
2018,PE,WOD,exports,0.5538971807628524,region-sector
2018,PE,WOD,imports,0.6054626054626056,region-sector
2018,PE,PAP,exports,0.2879581151832461,region-sector
2018,PE,PAP,imports,0.9805139420448333,region-sector
2018,PE,PET,exports,0.8139281529456248,canada-sector
2018,PE,PET,imports,0.23810650887573964,region-sector
2018,PE,CHM,exports,0.606032968517768,region-sector
2018,PE,CHM,imports,0.8268619220250588,region-sector
2018,PE,RUB,exports,0,region-sector
2018,PE,RUB,imports,0.8453271560399499,region-sector
2018,PE,NMM,exports,0.09919571045576409,region-sector
2018,PE,NMM,imports,0.9663865546218489,region-sector
2018,PE,BMT,exports,1,region-sector
2018,PE,BMT,imports,0.594734679687747,region-sector
2018,PE,FMT,exports,0.8743888045860733,region-sector
2018,PE,FMT,imports,0.8950299672056995,region-sector
2018,PE,ELC,exports,0.5867924528301889,region-sector
2018,PE,ELC,imports,0.8466174275163039,region-sector
2018,PE,ELQ,exports,0.078643720710432,region-sector
2018,PE,ELQ,imports,0.6215071696015435,region-sector
2018,PE,MAC,exports,0.5343014521782673,region-sector
2018,PE,MAC,imports,0.8679327865420846,region-sector
2018,PE,MTV,exports,0.8587177255584566,region-sector
2018,PE,MTV,imports,0.6938078098859587,region-sector
2018,PE,OTE,exports,0.6645716309903344,region-sector
2018,PE,OTE,imports,0.9023793849336971,region-sector
2018,PE,MFN,exports,0.7325490196078432,region-sector
2018,PE,MFN,imports,0.8511484988917992,region-sector
2018,PE,UTL,exports,0.7770034843205575,region-sector
2018,PE,UTL,imports,0.7970618380594466,region-sector
2018,PE,CON,exports,0.547008547008547,region-sector
2018,PE,CON,imports,0.984,region-sector
2018,PE,TRD,exports,0.5934800369661011,region-sector
2018,PE,TRD,imports,0.4304302567661346,region-sector
2018,PE,TRN,exports,0.6905511662549735,region-sector
2018,PE,TRN,imports,0.6554059612273437,region-sector
2018,PE,ACC,exports,0.46245716661648534,region-sector
2018,PE,ACC,imports,0.540013936535163,region-sector
2018,PE,PUB,exports,0.5602678571428571,region-sector
2018,PE,PUB,imports,0.8780634793089596,region-sector
2018,PE,TEL,exports,0.5505530758781292,region-sector
2018,PE,TEL,imports,0.6930065750149431,region-sector
2018,PE,ITS,exports,0.6395563770794824,region-sector
2018,PE,ITS,imports,0.580614522486584,region-sector
2018,PE,FIN,exports,0.659254092643499,region-sector
2018,PE,FIN,imports,0.5285407725321888,region-sector
2018,PE,REA,exports,0.062625250501002,region-sector
2018,PE,REA,imports,0.536322360953462,region-sector
2018,PE,PRF,exports,0.6537203354547076,region-sector
2018,PE,PRF,imports,0.6028258330088446,region-sector
2018,PE,ADM,exports,0.6924033149171271,region-sector
2018,PE,ADM,imports,0.6495865412033076,region-sector
2018,PE,PAD,exports,0.54140832595217,region-sector
2018,PE,PAD,imports,0.516,region-sector
2018,PE,EDU,exports,0.09528103396453262,region-sector
2018,PE,EDU,imports,0.5715012075759502,region-sector
2018,PE,HTH,exports,0.5498938428874734,region-sector
2018,PE,HTH,imports,0.8351866560762511,region-sector
2018,PE,ART,exports,0.5611818354550636,region-sector
2018,PE,ART,imports,0.5637902295166047,region-sector
2018,PE,OSV,exports,0.28973843058350096,region-sector
2018,PE,OSV,imports,0.3208990913438546,region-sector
2018,NS,AGR,exports,0.44201588497271005,region-sector
2018,NS,AGR,imports,0.09944103858636855,region-sector
2018,NS,MIE,exports,0.11219658375786636,region-sector
2018,NS,MIE,imports,0.20634528014317258,region-sector
2018,NS,MIN,exports,0.8949887215753215,region-sector
2018,NS,MIN,imports,0.13329392640756613,region-sector
2018,NS,MIS,exports,0.6880846873461348,region-sector
2018,NS,MIS,imports,0.6,region-sector
2018,NS,FOD,exports,0.43409814792416174,region-sector
2018,NS,FOD,imports,0.0920593965065873,region-sector
2018,NS,TEX,exports,0.9124400461417036,region-sector
2018,NS,TEX,imports,0.03681432773836304,region-sector
2018,NS,WOD,exports,0.7769307152695474,region-sector
2018,NS,WOD,imports,0.03906562045018232,region-sector
2018,NS,PAP,exports,0.36739821103662673,region-sector
2018,NS,PAP,imports,0.2603360381638332,region-sector
2018,NS,PET,exports,0.15827338129496404,region-sector
2018,NS,PET,imports,0.445052152166399,region-sector
2018,NS,CHM,exports,0.5229492595127978,region-sector
2018,NS,CHM,imports,0.35954693299538276,region-sector
2018,NS,RUB,exports,0.942155266678477,region-sector
2018,NS,RUB,imports,0.05113550460133146,region-sector
2018,NS,NMM,exports,0.4766355140186917,region-sector
2018,NS,NMM,imports,0.020247524752475248,region-sector
2018,NS,BMT,exports,0.1618613653776362,region-sector
2018,NS,BMT,imports,0.09595157343407892,region-sector
2018,NS,FMT,exports,0.758594009063778,region-sector
2018,NS,FMT,imports,0.22844124548831432,region-sector
2018,NS,ELC,exports,0.5325844108067367,region-sector
2018,NS,ELC,imports,0.37138773884916026,region-sector
2018,NS,ELQ,exports,0.7008676623027604,region-sector
2018,NS,ELQ,imports,0.2700251701159816,region-sector
2018,NS,MAC,exports,0.6414967734566844,region-sector
2018,NS,MAC,imports,0.177940179448051,region-sector
2018,NS,MTV,exports,0.3293708321252537,region-sector
2018,NS,MTV,imports,0.06754416016120161,region-sector
2018,NS,OTE,exports,0.7598591228576198,region-sector
2018,NS,OTE,imports,0.3879269460830901,region-sector
2018,NS,MFN,exports,0.577014335145823,region-sector
2018,NS,MFN,imports,0.11301889232433195,region-sector
2018,NS,UTL,exports,0.6713004484304933,region-sector
2018,NS,UTL,imports,0.7811284046692607,region-sector
2018,NS,CON,exports,0.9076418547895058,region-sector
2018,NS,CON,imports,4.947229551451188e-4,region-sector
2018,NS,TRD,exports,0.7217394500958849,region-sector
2018,NS,TRD,imports,0.41841273557298375,region-sector
2018,NS,TRN,exports,0.4640421117495321,region-sector
2018,NS,TRN,imports,0.6345484459467022,region-sector
2018,NS,ACC,exports,0.472889660967343,region-sector
2018,NS,ACC,imports,0.5352473583869195,region-sector
2018,NS,PUB,exports,0.7625247068124917,region-sector
2018,NS,PUB,imports,0.5311394474929639,region-sector
2018,NS,TEL,exports,0.5713141942125128,region-sector
2018,NS,TEL,imports,0.6811625590158964,region-sector
2018,NS,ITS,exports,0.6201923550200328,region-sector
2018,NS,ITS,imports,0.5738265675011733,region-sector
2018,NS,FIN,exports,0.5478057360920636,region-sector
2018,NS,FIN,imports,0.4964724518970713,region-sector
2018,NS,REA,exports,0.08670109624282452,region-sector
2018,NS,REA,imports,0.48105111263006006,region-sector
2018,NS,PRF,exports,0.6911653376400524,region-sector
2018,NS,PRF,imports,0.6336141255882232,region-sector
2018,NS,ADM,exports,0.6234960221011155,region-sector
2018,NS,ADM,imports,0.6740419500790426,region-sector
2018,NS,PAD,exports,0.5011205677543288,region-sector
2018,NS,PAD,imports,0.45628238341968913,region-sector
2018,NS,EDU,exports,0.12020192231453013,region-sector
2018,NS,EDU,imports,0.5713395274547615,region-sector
2018,NS,HTH,exports,0.6079115764979639,region-sector
2018,NS,HTH,imports,0.8198783989191014,region-sector
2018,NS,ART,exports,0.5779877268111784,region-sector
2018,NS,ART,imports,0.5553565932682354,region-sector
2018,NS,OSV,exports,0.3288743882544861,region-sector
2018,NS,OSV,imports,0.372736590365562,region-sector
2018,NB,AGR,exports,0.8433478996690998,region-sector
2018,NB,AGR,imports,0.9431018180286509,region-sector
2018,NB,MIE,exports,1,region-sector
2018,NB,MIE,imports,0.2176205251530357,region-sector
2018,NB,MIN,exports,0.7278828203532622,region-sector
2018,NB,MIN,imports,0.1675952699573742,region-sector
2018,NB,MIS,exports,0.6869388937156096,region-sector
2018,NB,MIS,imports,0.5803571428571429,region-sector
2018,NB,FOD,exports,0.7626002362325829,region-sector
2018,NB,FOD,imports,0.8506931937493774,region-sector
2018,NB,TEX,exports,0.8219432038425886,region-sector
2018,NB,TEX,imports,0.5367410155074138,region-sector
2018,NB,WOD,exports,0.9553038306183143,region-sector
2018,NB,WOD,imports,0.9523172139401234,region-sector
2018,NB,PAP,exports,0.6323980324023335,region-sector
2018,NB,PAP,imports,0.9498696845357212,region-sector
2018,NB,PET,exports,0.9264976547827732,region-sector
2018,NB,PET,imports,0.28850668627024045,region-sector
2018,NB,CHM,exports,0.8741149926087295,region-sector
2018,NB,CHM,imports,0.7659420529781021,region-sector
2018,NB,RUB,exports,0.8553660270078183,region-sector
2018,NB,RUB,imports,0.8556848159840852,region-sector
2018,NB,NMM,exports,0.8383813306852036,region-sector
2018,NB,NMM,imports,0.820095744870175,region-sector
2018,NB,BMT,exports,0.8034010703482508,region-sector
2018,NB,BMT,imports,0.9160961538461538,region-sector
2018,NB,FMT,exports,0.8604946818553717,region-sector
2018,NB,FMT,imports,0.8394391831167833,region-sector
2018,NB,ELC,exports,0.5714014005360075,region-sector
2018,NB,ELC,imports,0.7993846116276656,region-sector
2018,NB,ELQ,exports,0.8428081352609653,region-sector
2018,NB,ELQ,imports,0.8372700998423542,region-sector
2018,NB,MAC,exports,0.8925202839756593,region-sector
2018,NB,MAC,imports,0.8673257477561709,region-sector
2018,NB,MTV,exports,0.3904776239213325,region-sector
2018,NB,MTV,imports,0.6477160684337477,region-sector
2018,NB,OTE,exports,0.9184738392481412,region-sector
2018,NB,OTE,imports,0.4514448263871075,region-sector
2018,NB,MFN,exports,0.6743266674372904,region-sector
2018,NB,MFN,imports,0.7634809569698746,region-sector
2018,NB,UTL,exports,0.9291486536125003,region-sector
2018,NB,UTL,imports,0.9968238862784748,region-sector
2018,NB,CON,exports,0.5580448065173117,region-sector
2018,NB,CON,imports,0.3221193135385454,region-sector
2018,NB,TRD,exports,0.7667477592829706,region-sector
2018,NB,TRD,imports,0.785235624729788,region-sector
2018,NB,TRN,exports,0.7001498362731301,region-sector
2018,NB,TRN,imports,0.664611815787071,region-sector
2018,NB,ACC,exports,0.4615052599707529,region-sector
2018,NB,ACC,imports,0.5372799215195907,region-sector
2018,NB,PUB,exports,0.4819947879649372,region-sector
2018,NB,PUB,imports,0.9315630286563797,region-sector
2018,NB,TEL,exports,0.555672268907563,region-sector
2018,NB,TEL,imports,0.675352278989215,region-sector
2018,NB,ITS,exports,0.6237147232553052,region-sector
2018,NB,ITS,imports,0.5562024951422313,region-sector
2018,NB,FIN,exports,0.617957492559231,region-sector
2018,NB,FIN,imports,0.49906513367193167,region-sector
2018,NB,REA,exports,0.05711859609397112,region-sector
2018,NB,REA,imports,0.4910081743869209,region-sector
2018,NB,PRF,exports,0.6379670985868823,region-sector
2018,NB,PRF,imports,0.5998644522339875,region-sector
2018,NB,ADM,exports,0.6503512002182215,region-sector
2018,NB,ADM,imports,0.6623612103956826,region-sector
2018,NB,PAD,exports,0.5120795150958031,region-sector
2018,NB,PAD,imports,0.4566708229426434,region-sector
2018,NB,EDU,exports,0.1364464573897652,region-sector
2018,NB,EDU,imports,0.5542106212244161,region-sector
2018,NB,HTH,exports,0.5470549522869366,region-sector
2018,NB,HTH,imports,0.8373373373373374,region-sector
2018,NB,ART,exports,0.5531999601871205,region-sector
2018,NB,ART,imports,0.5648583615881002,region-sector
2018,NB,OSV,exports,0.4065985130111524,region-sector
2018,NB,OSV,imports,0.37026442475406407,region-sector
2018,QC,AGR,exports,0.5001055174288562,region-sector
2018,QC,AGR,imports,0.5346096988644751,region-sector
2018,QC,MIE,exports,0,region-sector
2018,QC,MIE,imports,0.943276952296202,region-sector
2018,QC,MIN,exports,0.09006511776248265,region-sector
2018,QC,MIN,imports,0.3995820602060552,region-sector
2018,QC,MIS,exports,0.6580706781279847,region-sector
2018,QC,MIS,imports,0.58345498783455,region-sector
2018,QC,FOD,exports,0.6714317657988682,region-sector
2018,QC,FOD,imports,0.4106812915428932,region-sector
2018,QC,TEX,exports,0.686580845913102,region-sector
2018,QC,TEX,imports,0.17219302274305842,region-sector
2018,QC,WOD,exports,0.9277331402195297,region-sector
2018,QC,WOD,imports,0.4970079887076914,region-sector
2018,QC,PAP,exports,0.7388408748300401,region-sector
2018,QC,PAP,imports,0.7431343838063246,region-sector
2018,QC,PET,exports,0.6013395796738595,region-sector
2018,QC,PET,imports,0.5245719470214474,region-sector
2018,QC,CHM,exports,0.7608429114385943,region-sector
2018,QC,CHM,imports,0.4371930509292032,region-sector
2018,QC,RUB,exports,0.8768363909839922,region-sector
2018,QC,RUB,imports,0.5807631412418494,region-sector
2018,QC,NMM,exports,0.8592053001302655,region-sector
2018,QC,NMM,imports,0.29674965432326866,region-sector
2018,QC,BMT,exports,0.8654532398821599,region-sector
2018,QC,BMT,imports,0.21048250334725932,region-sector
2018,QC,FMT,exports,0.7590130372333226,region-sector
2018,QC,FMT,imports,0.5035756376285174,region-sector
2018,QC,ELC,exports,0.6493580670154827,region-sector
2018,QC,ELC,imports,0.73345773434647,region-sector
2018,QC,ELQ,exports,0.7974127991834196,region-sector
2018,QC,ELQ,imports,0.5315336565779079,region-sector
2018,QC,MAC,exports,0.6430813160383665,region-sector
2018,QC,MAC,imports,0.4854313987303182,region-sector
2018,QC,MTV,exports,0.9279939879837271,region-sector
2018,QC,MTV,imports,0.6157939023470312,region-sector
2018,QC,OTE,exports,0.5653334283493892,region-sector
2018,QC,OTE,imports,0.5194877319741553,region-sector
2018,QC,MFN,exports,0.7843165055892479,region-sector
2018,QC,MFN,imports,0.437939424038803,region-sector
2018,QC,UTL,exports,0.9502361522910817,region-sector
2018,QC,UTL,imports,0.7983666398564623,region-sector
2018,QC,CON,exports,0.6453842723353649,region-sector
2018,QC,CON,imports,0.780004895428214,region-sector
2018,QC,TRD,exports,0.6886150679994114,region-sector
2018,QC,TRD,imports,0.663824134583676,region-sector
2018,QC,TRN,exports,0.5900672983271014,region-sector
2018,QC,TRN,imports,0.6031959449340194,region-sector
2018,QC,ACC,exports,0.47175301808660175,region-sector
2018,QC,ACC,imports,0.5384455043622292,region-sector
2018,QC,PUB,exports,0.7248484498707434,region-sector
2018,QC,PUB,imports,0.6888113706287646,region-sector
2018,QC,TEL,exports,0.5738381195077078,region-sector
2018,QC,TEL,imports,0.5675769093493466,region-sector
2018,QC,ITS,exports,0.6514464068671402,region-sector
2018,QC,ITS,imports,0.5701281347319281,region-sector
2018,QC,FIN,exports,0.5366539910746684,region-sector
2018,QC,FIN,imports,0.5414840415409499,region-sector
2018,QC,REA,exports,0.09576165986877107,region-sector
2018,QC,REA,imports,0.5129777175039084,region-sector
2018,QC,PRF,exports,0.6137962782364244,region-sector
2018,QC,PRF,imports,0.6180545007050766,region-sector
2018,QC,ADM,exports,0.6213649383618343,region-sector
2018,QC,ADM,imports,0.6597570066739262,region-sector
2018,QC,PAD,exports,0.5092701650866982,region-sector
2018,QC,PAD,imports,0.4523943661971831,region-sector
2018,QC,EDU,exports,0.09204123675113436,region-sector
2018,QC,EDU,imports,0.5684212576612764,region-sector
2018,QC,HTH,exports,0.5339148140965746,region-sector
2018,QC,HTH,imports,0.9255632785348901,region-sector
2018,QC,ART,exports,0.5731009698222812,region-sector
2018,QC,ART,imports,0.607388983595562,region-sector
2018,QC,OSV,exports,0.43125976094385426,region-sector
2018,QC,OSV,imports,0.39512560306105476,region-sector
2018,ON,AGR,exports,0.455975612136286,region-sector
2018,ON,AGR,imports,0.7244739775005236,region-sector
2018,ON,MIE,exports,0.9978850565722928,region-sector
2018,ON,MIE,imports,0.9961686257123611,region-sector
2018,ON,MIN,exports,0.27767274866927816,region-sector
2018,ON,MIN,imports,0.30134682759074827,region-sector
2018,ON,MIS,exports,0.6874942587863534,region-sector
2018,ON,MIS,imports,0.5833724152632701,region-sector
2018,ON,FOD,exports,0.8321184102925916,region-sector
2018,ON,FOD,imports,0.67212672430414655,region-sector
2018,ON,TEX,exports,0.6576031109973602,region-sector
2018,ON,TEX,imports,0.3662087896221071,region-sector
2018,ON,WOD,exports,0.9573467648846923,region-sector
2018,ON,WOD,imports,0.6596428092223018,region-sector
2018,ON,PAP,exports,0.8819525113861248,region-sector
2018,ON,PAP,imports,0.8890148315131066,region-sector
2018,ON,PET,exports,0.8065515315430697,region-sector
2018,ON,PET,imports,0.7184073487272843,region-sector
2018,ON,CHM,exports,0.7345837084268887,region-sector
2018,ON,CHM,imports,0.6623098026509361,region-sector
2018,ON,RUB,exports,0.8953528811785989,region-sector
2018,ON,RUB,imports,0.7565118966633445,region-sector
2018,ON,NMM,exports,0.8914620351293319,region-sector
2018,ON,NMM,imports,0.7648762183206672,region-sector
2018,ON,BMT,exports,0.4497183633822994,region-sector
2018,ON,BMT,imports,0.6916428579697393,region-sector
2018,ON,FMT,exports,0.8311099484452478,region-sector
2018,ON,FMT,imports,0.7096890402567781,region-sector
2018,ON,ELC,exports,0.6930320919703493,region-sector
2018,ON,ELC,imports,0.555010866030693,region-sector
2018,ON,ELQ,exports,0.8340167927593899,region-sector
2018,ON,ELQ,imports,0.6848382457923197,region-sector
2018,ON,MAC,exports,0.7623400484312618,region-sector
2018,ON,MAC,imports,0.7266249758700752,region-sector
2018,ON,MTV,exports,0.9363815351233764,region-sector
2018,ON,MTV,imports,0.7441532012101305,region-sector
2018,ON,OTE,exports,0.46493320059843735,region-sector
2018,ON,OTE,imports,0.6860404846372655,region-sector
2018,ON,MFN,exports,0.6974653798055689,region-sector
2018,ON,MFN,imports,0.6585842974208165,region-sector
2018,ON,UTL,exports,0.8600279450476025,region-sector
2018,ON,UTL,imports,0.8089586694641252,region-sector
2018,ON,CON,exports,0.6798460181249499,region-sector
2018,ON,CON,imports,0.9949528168919554,region-sector
2018,ON,TRD,exports,0.7286363723693167,region-sector
2018,ON,TRD,imports,0.6831621738573963,region-sector
2018,ON,TRN,exports,0.5723296972552049,region-sector
2018,ON,TRN,imports,0.5955320850697067,region-sector
2018,ON,ACC,exports,0.4757246565136788,region-sector
2018,ON,ACC,imports,0.5365630744862554,region-sector
2018,ON,PUB,exports,0.7351195916262571,region-sector
2018,ON,PUB,imports,0.9119259573225765,region-sector
2018,ON,TEL,exports,0.5947815627096075,region-sector
2018,ON,TEL,imports,0.6836899213666504,region-sector
2018,ON,ITS,exports,0.671276311911211,region-sector
2018,ON,ITS,imports,0.5662183587194783,region-sector
2018,ON,FIN,exports,0.5402630974553227,region-sector
2018,ON,FIN,imports,0.5601489736962022,region-sector
2018,ON,REA,exports,0.18318867959389176,region-sector
2018,ON,REA,imports,0.49451551312649167,region-sector
2018,ON,PRF,exports,0.6548403420222911,region-sector
2018,ON,PRF,imports,0.606303122125119,region-sector
2018,ON,ADM,exports,0.6295357907707517,region-sector
2018,ON,ADM,imports,0.6604056637444006,region-sector
2018,ON,PAD,exports,0.38150368627417747,region-sector
2018,ON,PAD,imports,0.4639650011512779,region-sector
2018,ON,EDU,exports,0.0913123887397961,region-sector
2018,ON,EDU,imports,0.5690111476461625,region-sector
2018,ON,HTH,exports,0.5411097481979685,region-sector
2018,ON,HTH,imports,0.9139533001324909,region-sector
2018,ON,ART,exports,0.5832362702694317,region-sector
2018,ON,ART,imports,0.5863099043438114,region-sector
2018,ON,OSV,exports,0.411838994649745,region-sector
2018,ON,OSV,imports,0.4396087377440883,region-sector
2018,MB,AGR,exports,0.30045804300891227,region-sector
2018,MB,AGR,imports,0.7369709397480303,region-sector
2018,MB,MIE,exports,1,region-sector
2018,MB,MIE,imports,0.9888198272155114,region-sector
2018,MB,MIN,exports,0.3804711662063611,region-sector
2018,MB,MIN,imports,0.9288599552923645,region-sector
2018,MB,MIS,exports,0.6885913853317812,region-sector
2018,MB,MIS,imports,0.5833571224664572,region-sector
2018,MB,FOD,exports,0.5772192522197761,region-sector
2018,MB,FOD,imports,0.8374766541956812,region-sector
2018,MB,TEX,exports,0.8490856377097378,region-sector
2018,MB,TEX,imports,0.5461920832232051,region-sector
2018,MB,WOD,exports,0.9897583546604352,region-sector
2018,MB,WOD,imports,0.8823003853342762,region-sector
2018,MB,PAP,exports,0.5071838674666226,region-sector
2018,MB,PAP,imports,0.9300632902880476,region-sector
2018,MB,PET,exports,0.9999012686972404,region-sector
2018,MB,PET,imports,0.9648556303820558,region-sector
2018,MB,CHM,exports,0.9164378410884941,region-sector
2018,MB,CHM,imports,0.8171523481870704,region-sector
2018,MB,RUB,exports,0.9288224168480271,region-sector
2018,MB,RUB,imports,0.8340974141410408,region-sector
2018,MB,NMM,exports,0.6760897809237938,region-sector
2018,MB,NMM,imports,0.8560901326858774,region-sector
2018,MB,BMT,exports,0.4995914021811067,region-sector
2018,MB,BMT,imports,0.804336123144215,region-sector
2018,MB,FMT,exports,0.7872231507922313,region-sector
2018,MB,FMT,imports,0.8769236585334369,region-sector
2018,MB,ELC,exports,0.8631114771537893,region-sector
2018,MB,ELC,imports,0.7570263119392335,region-sector
2018,MB,ELQ,exports,0.9016497153146138,region-sector
2018,MB,ELQ,imports,0.8458570016566852,region-sector
2018,MB,MAC,exports,0.813704489227126,region-sector
2018,MB,MAC,imports,0.9019761482747926,region-sector
2018,MB,MTV,exports,0.987313748546091,region-sector
2018,MB,MTV,imports,0.7848595974671292,region-sector
2018,MB,OTE,exports,0.8865072024024668,region-sector
2018,MB,OTE,imports,0.7977117717370021,region-sector
2018,MB,MFN,exports,0.6571607370721477,region-sector
2018,MB,MFN,imports,0.7618541288217178,region-sector
2018,MB,UTL,exports,0.9789182144020855,region-sector
2018,MB,UTL,imports,0.8918189657570448,region-sector
2018,MB,CON,exports,0.7065580208128804,region-sector
2018,MB,CON,imports,1,region-sector
2018,MB,TRD,exports,0.4994288346290279,region-sector
2018,MB,TRD,imports,0.748318467612224,region-sector
2018,MB,TRN,exports,0.6326927620301904,region-sector
2018,MB,TRN,imports,0.5833201116623714,region-sector
2018,MB,ACC,exports,0.4679201923460103,region-sector
2018,MB,ACC,imports,0.5352715433740176,region-sector
2018,MB,PUB,exports,0.8896824296214115,region-sector
2018,MB,PUB,imports,0.937949844341378,region-sector
2018,MB,TEL,exports,0.561362763915547,region-sector
2018,MB,TEL,imports,0.681477313687394,region-sector
2018,MB,ITS,exports,0.7166480862133036,region-sector
2018,MB,ITS,imports,0.5702773108529088,region-sector
2018,MB,FIN,exports,0.5279421845479928,region-sector
2018,MB,FIN,imports,0.5470881072967398,region-sector
2018,MB,REA,exports,0.06556213542706323,region-sector
2018,MB,REA,imports,0.5225813413910322,region-sector
2018,MB,PRF,exports,0.6480188514574969,region-sector
2018,MB,PRF,imports,0.6323804950861939,region-sector
2018,MB,ADM,exports,0.6511632500681477,region-sector
2018,MB,ADM,imports,0.6689025641934451,region-sector
2018,MB,PAD,exports,0.41476744821555445,region-sector
2018,MB,PAD,imports,0.44955787781350487,region-sector
2018,MB,EDU,exports,0.07926758249504999,region-sector
2018,MB,EDU,imports,0.5510440391203659,region-sector
2018,MB,HTH,exports,0.5918039910418825,region-sector
2018,MB,HTH,imports,0.8460377813989982,region-sector
2018,MB,ART,exports,0.6066453787826362,region-sector
2018,MB,ART,imports,0.5712938345082161,region-sector
2018,MB,OSV,exports,0.3330383718124044,region-sector
2018,MB,OSV,imports,0.39434381951064507,region-sector
2018,SK,AGR,exports,0.15348014412152078,region-sector
2018,SK,AGR,imports,0.8657129412521768,region-sector
2018,SK,MIE,exports,0.9959028217925577,region-sector
2018,SK,MIE,imports,0.9746310968961257,region-sector
2018,SK,MIN,exports,0.517402379194013,region-sector
2018,SK,MIN,imports,0.975050513924273,region-sector
2018,SK,MIS,exports,0.686896551724138,region-sector
2018,SK,MIS,imports,0.5834888059701493,region-sector
2018,SK,FOD,exports,0.5818507633932515,region-sector
2018,SK,FOD,imports,0.8520563551981084,region-sector
2018,SK,TEX,exports,0.48400667020389593,region-sector
2018,SK,TEX,imports,0.41063824456328146,region-sector
2018,SK,WOD,exports,0.9981017131308884,region-sector
2018,SK,WOD,imports,0.804705166690911,region-sector
2018,SK,PAP,exports,0.005420100683515862,region-sector
2018,SK,PAP,imports,0.9030964662406652,region-sector
2018,SK,PET,exports,0.9470210755292169,region-sector
2018,SK,PET,imports,0.976167279050361,region-sector
2018,SK,CHM,exports,0.6363055073668079,region-sector
2018,SK,CHM,imports,0.846843528244788,region-sector
2018,SK,RUB,exports,0.9104412553648071,region-sector
2018,SK,RUB,imports,0.8704421868701183,region-sector
2018,SK,NMM,exports,0.9507481296758103,region-sector
2018,SK,NMM,imports,0.8180857042696329,region-sector
2018,SK,BMT,exports,0.9962890624999999,region-sector
2018,SK,BMT,imports,0.7868828668582095,region-sector
2018,SK,FMT,exports,0.8585221298155052,region-sector
2018,SK,FMT,imports,0.8559708303596546,region-sector
2018,SK,ELC,exports,0.9292885977494196,region-sector
2018,SK,ELC,imports,0.8293773897987158,region-sector
2018,SK,ELQ,exports,0.8997117265520437,region-sector
2018,SK,ELQ,imports,0.8244553055272861,region-sector
2018,SK,MAC,exports,0.730894985075987,region-sector
2018,SK,MAC,imports,0.9293311174921635,region-sector
2018,SK,MTV,exports,0.992405667541823,region-sector
2018,SK,MTV,imports,0.8705036840587321,region-sector
2018,SK,OTE,exports,0.5629326648257957,canada-sector
2018,SK,OTE,imports,0.9402063807630409,region-sector
2018,SK,MFN,exports,0.6135953995365205,region-sector
2018,SK,MFN,imports,0.849428469987443,region-sector
2018,SK,UTL,exports,0.8510313682411815,region-sector
2018,SK,UTL,imports,0.9690497944266787,region-sector
2018,SK,CON,exports,0.5698689956331878,region-sector
2018,SK,CON,imports,1,region-sector
2018,SK,TRD,exports,0.5931865191253136,region-sector
2018,SK,TRD,imports,0.8646066868115799,region-sector
2018,SK,TRN,exports,0.7009663154846879,region-sector
2018,SK,TRN,imports,0.5946625723492156,region-sector
2018,SK,ACC,exports,0.46109201885894263,region-sector
2018,SK,ACC,imports,0.5339012785785463,region-sector
2018,SK,PUB,exports,0.9240571502123825,region-sector
2018,SK,PUB,imports,0.9475590543685716,region-sector
2018,SK,TEL,exports,0.5791662185898125,region-sector
2018,SK,TEL,imports,0.7415273739630224,region-sector
2018,SK,ITS,exports,0.6538305634373734,region-sector
2018,SK,ITS,imports,0.5894712658082437,region-sector
2018,SK,FIN,exports,0.5707717066441873,region-sector
2018,SK,FIN,imports,0.6123342072794571,region-sector
2018,SK,REA,exports,0.2365161630358398,region-sector
2018,SK,REA,imports,0.549610633727175,region-sector
2018,SK,PRF,exports,0.6732238105397911,region-sector
2018,SK,PRF,imports,0.5907156490190347,region-sector
2018,SK,ADM,exports,0.6342844187798812,region-sector
2018,SK,ADM,imports,0.6645407235166643,region-sector
2018,SK,PAD,exports,0.5126038384417073,region-sector
2018,SK,PAD,imports,0.48066682102338504,region-sector
2018,SK,EDU,exports,0.0738701431961228,region-sector
2018,SK,EDU,imports,0.5358455341299942,region-sector
2018,SK,HTH,exports,0.6515248329944816,region-sector
2018,SK,HTH,imports,0.8879224925685345,region-sector
2018,SK,ART,exports,0.5879275874346123,region-sector
2018,SK,ART,imports,0.5599941101573801,region-sector
2018,SK,OSV,exports,0.28475637013857846,region-sector
2018,SK,OSV,imports,0.3662441627751835,region-sector
2018,AB,AGR,exports,0.24926837545197802,region-sector
2018,AB,AGR,imports,0.8708312476394764,region-sector
2018,AB,MIE,exports,0.9921438635578518,region-sector
2018,AB,MIE,imports,0.9848510204824099,region-sector
2018,AB,MIN,exports,0.6319143452896938,region-sector
2018,AB,MIN,imports,0.11996391019190061,region-sector
2018,AB,MIS,exports,0.6808762201548968,region-sector
2018,AB,MIS,imports,0.5833594730238394,region-sector
2018,AB,FOD,exports,0.4919456052213837,region-sector
2018,AB,FOD,imports,0.6676971387832659,region-sector
2018,AB,TEX,exports,0.6303687475837184,region-sector
2018,AB,TEX,imports,0.43586393529359063,region-sector
2018,AB,WOD,exports,0.9333444338507999,region-sector
2018,AB,WOD,imports,0.4772623634453087,region-sector
2018,AB,PAP,exports,0.4198383589868202,region-sector
2018,AB,PAP,imports,0.8613996843051676,region-sector
2018,AB,PET,exports,0.8531488134036345,region-sector
2018,AB,PET,imports,0.8699263353645146,region-sector
2018,AB,CHM,exports,0.7899087276206289,region-sector
2018,AB,CHM,imports,0.7830553645793181,region-sector
2018,AB,RUB,exports,0.8457465753811885,region-sector
2018,AB,RUB,imports,0.577897851655856,region-sector
2018,AB,NMM,exports,0.9349629805377417,region-sector
2018,AB,NMM,imports,0.5911412457688382,region-sector
2018,AB,BMT,exports,0.25139750935335414,region-sector
2018,AB,BMT,imports,0.4874305868533313,region-sector
2018,AB,FMT,exports,0.693976573885385,region-sector
2018,AB,FMT,imports,0.6317687264645724,region-sector
2018,AB,ELC,exports,0.6817309227861914,region-sector
2018,AB,ELC,imports,0.6604683321466832,region-sector
2018,AB,ELQ,exports,0.8119809254927,region-sector
2018,AB,ELQ,imports,0.6464063905299262,region-sector
2018,AB,MAC,exports,0.746145817001275,region-sector
2018,AB,MAC,imports,0.7646106858427608,region-sector
2018,AB,MTV,exports,0.8744367046736975,region-sector
2018,AB,MTV,imports,0.8806839248944714,region-sector
2018,AB,OTE,exports,0.4722483684738956,region-sector
2018,AB,OTE,imports,0.7613955473065768,region-sector
2018,AB,MFN,exports,0.734909049180556,region-sector
2018,AB,MFN,imports,0.6678173973478028,region-sector
2018,AB,UTL,exports,0.7340498415688962,region-sector
2018,AB,UTL,imports,0.9849496661018641,region-sector
2018,AB,CON,exports,0.5920112281607434,region-sector
2018,AB,CON,imports,0.999762733312243,region-sector
2018,AB,TRD,exports,0.6987155672571566,region-sector
2018,AB,TRD,imports,0.6908584653214725,region-sector
2018,AB,TRN,exports,0.7818175551732213,region-sector
2018,AB,TRN,imports,0.5505379042016892,region-sector
2018,AB,ACC,exports,0.46899933654484094,region-sector
2018,AB,ACC,imports,0.5357019256307507,region-sector
2018,AB,PUB,exports,0.5656714813089136,region-sector
2018,AB,PUB,imports,0.9307593850295284,region-sector
2018,AB,TEL,exports,0.5782583080582163,region-sector
2018,AB,TEL,imports,0.646033801675614,region-sector
2018,AB,ITS,exports,0.6360623309515159,region-sector
2018,AB,ITS,imports,0.5791938780777084,region-sector
2018,AB,FIN,exports,0.5158843624876025,region-sector
2018,AB,FIN,imports,0.5194093771651557,region-sector
2018,AB,REA,exports,0.1496020195807797,region-sector
2018,AB,REA,imports,0.5397759400621996,region-sector
2018,AB,PRF,exports,0.6291926941333023,region-sector
2018,AB,PRF,imports,0.5866543571472688,region-sector
2018,AB,ADM,exports,0.6150191296885616,region-sector
2018,AB,ADM,imports,0.6733067894612882,region-sector
2018,AB,PAD,exports,0.5117628690441822,region-sector
2018,AB,PAD,imports,0.49299761620977356,region-sector
2018,AB,EDU,exports,0.11560970142383084,region-sector
2018,AB,EDU,imports,0.576618003837148,region-sector
2018,AB,HTH,exports,0.5885501135257867,region-sector
2018,AB,HTH,imports,0.8671209105292706,region-sector
2018,AB,ART,exports,0.5699365583158721,region-sector
2018,AB,ART,imports,0.5558704870722657,region-sector
2018,AB,OSV,exports,0.5108622620380739,region-sector
2018,AB,OSV,imports,0.37836788376025543,region-sector
2018,BC,AGR,exports,0.5726246290551796,region-sector
2018,BC,AGR,imports,0.7869638032130704,region-sector
2018,BC,MIE,exports,0.3453654168011792,region-sector
2018,BC,MIE,imports,0.5949287510477786,region-sector
2018,BC,MIN,exports,0.03196763788060315,region-sector
2018,BC,MIN,imports,0.6676159192172879,region-sector
2018,BC,MIS,exports,0.6853887354496764,region-sector
2018,BC,MIS,imports,0.583371834180352,region-sector
2018,BC,FOD,exports,0.6464615233741858,region-sector
2018,BC,FOD,imports,0.6322209979282617,region-sector
2018,BC,TEX,exports,0.4495739580605524,region-sector
2018,BC,TEX,imports,0.283148896183266,region-sector
2018,BC,WOD,exports,0.6481015268040543,region-sector
2018,BC,WOD,imports,0.7712773963924312,region-sector
2018,BC,PAP,exports,0.18384209938660961,region-sector
2018,BC,PAP,imports,0.8164001394601167,region-sector
2018,BC,PET,exports,0.6943166323568786,region-sector
2018,BC,PET,imports,0.6469083469433785,region-sector
2018,BC,CHM,exports,0.6472369131688627,region-sector
2018,BC,CHM,imports,0.6741154274160686,region-sector
2018,BC,RUB,exports,0.8719065689642697,region-sector
2018,BC,RUB,imports,0.6144676857168304,region-sector
2018,BC,NMM,exports,0.951737072728564,region-sector
2018,BC,NMM,imports,0.6385421454481726,region-sector
2018,BC,BMT,exports,0.5793364335196306,region-sector
2018,BC,BMT,imports,0.30710103099475017,region-sector
2018,BC,FMT,exports,0.8434719359131593,region-sector
2018,BC,FMT,imports,0.5486649069796906,region-sector
2018,BC,ELC,exports,0.5663445289154442,region-sector
2018,BC,ELC,imports,0.4491450262940349,region-sector
2018,BC,ELQ,exports,0.6917169772079068,region-sector
2018,BC,ELQ,imports,0.5861075411467187,region-sector
2018,BC,MAC,exports,0.748979102026181,region-sector
2018,BC,MAC,imports,0.5943852095491582,region-sector
2018,BC,MTV,exports,0.6919764743970215,region-sector
2018,BC,MTV,imports,0.34970897845631177,region-sector
2018,BC,OTE,exports,0.6100979042805937,region-sector
2018,BC,OTE,imports,0.6374496389173231,region-sector
2018,BC,MFN,exports,0.7726888687407901,region-sector
2018,BC,MFN,imports,0.5139736364984245,region-sector
2018,BC,UTL,exports,0.9524768945783032,region-sector
2018,BC,UTL,imports,0.9901886123064406,region-sector
2018,BC,CON,exports,0.7185774505729383,region-sector
2018,BC,CON,imports,0.9019033674963396,region-sector
2018,BC,TRD,exports,0.735155546049458,region-sector
2018,BC,TRD,imports,0.7238618319042015,region-sector
2018,BC,TRN,exports,0.4941123488093166,region-sector
2018,BC,TRN,imports,0.5493336072214797,region-sector
2018,BC,ACC,exports,0.46533660999576454,region-sector
2018,BC,ACC,imports,0.5341787201904457,region-sector
2018,BC,PUB,exports,0.8503359043566819,region-sector
2018,BC,PUB,imports,0.905720664533507,region-sector
2018,BC,TEL,exports,0.5717726396917149,region-sector
2018,BC,TEL,imports,0.6657753881296218,region-sector
2018,BC,ITS,exports,0.6443741856943795,region-sector
2018,BC,ITS,imports,0.5894796744228824,region-sector
2018,BC,FIN,exports,0.5154827108127771,region-sector
2018,BC,FIN,imports,0.5093852115817876,region-sector
2018,BC,REA,exports,0.08712610802708844,region-sector
2018,BC,REA,imports,0.517168830761018,region-sector
2018,BC,PRF,exports,0.6587395402370361,region-sector
2018,BC,PRF,imports,0.6171086155350394,region-sector
2018,BC,ADM,exports,0.6224513681877246,region-sector
2018,BC,ADM,imports,0.6604140469962673,region-sector
2018,BC,PAD,exports,0.51253560382337,region-sector
2018,BC,PAD,imports,0.4886553219886553,region-sector
2018,BC,EDU,exports,0.07827357310361557,region-sector
2018,BC,EDU,imports,0.5714989188708864,region-sector
2018,BC,HTH,exports,0.5374228835284541,region-sector
2018,BC,HTH,imports,0.7882230758643126,region-sector
2018,BC,ART,exports,0.549004998110941,region-sector
2018,BC,ART,imports,0.5631342928859128,region-sector
2018,BC,OSV,exports,0.3794448296354992,region-sector
2018,BC,OSV,imports,0.41162826040008643,region-sector
2018,YT,AGR,exports,0.984375,region-sector
2018,YT,AGR,imports,0.9411764705882354,region-sector
2018,YT,MIE,exports,0.8903422798794302,canada-sector
2018,YT,MIE,imports,0.875,region-sector
2018,YT,MIN,exports,0.7837620366706239,region-sector
2018,YT,MIN,imports,0.619342233800065,region-sector
2018,YT,MIS,exports,0.6851481415942822,canada-sector
2018,YT,MIS,imports,0.5833752774500178,canada-sector
2018,YT,FOD,exports,0.08387096774193549,region-sector
2018,YT,FOD,imports,0.6977551595721005,region-sector
2018,YT,TEX,exports,0.4601769911504425,region-sector
2018,YT,TEX,imports,0.4527535429072612,region-sector
2018,YT,WOD,exports,0.7865829734640012,canada-sector
2018,YT,WOD,imports,0.8513111268603828,region-sector
2018,YT,PAP,exports,0.5625,region-sector
2018,YT,PAP,imports,0.9639938942264524,region-sector
2018,YT,PET,exports,0.8139281529456248,canada-sector
2018,YT,PET,imports,0.9157310202261766,region-sector
2018,YT,CHM,exports,0.6458333333333334,region-sector
2018,YT,CHM,imports,0.9036800547304811,region-sector
2018,YT,RUB,exports,0.9968895800933126,region-sector
2018,YT,RUB,imports,0.9690721649484536,region-sector
2018,YT,NMM,exports,0.8874787324830538,canada-sector
2018,YT,NMM,imports,0.7914672816373595,region-sector
2018,YT,BMT,exports,0.577397373802767,canada-sector
2018,YT,BMT,imports,0.9136248644741598,region-sector
2018,YT,FMT,exports,0.529032258064516,region-sector
2018,YT,FMT,imports,0.8200148572641409,region-sector
2018,YT,ELC,exports,0.6684501957641039,canada-sector
2018,YT,ELC,imports,0.5819749795243219,region-sector
2018,YT,ELQ,exports,0.8046343871674398,canada-sector
2018,YT,ELQ,imports,0.9184838108968583,region-sector
2018,YT,MAC,exports,0.7342566379618378,canada-sector
2018,YT,MAC,imports,0.8088303654437532,region-sector
2018,YT,MTV,exports,0.9351416361262502,canada-sector
2018,YT,MTV,imports,0.8260710015743931,region-sector
2018,YT,OTE,exports,0.5629326648257957,canada-sector
2018,YT,OTE,imports,0.951075485569284,region-sector
2018,YT,MFN,exports,0.5996621621621622,region-sector
2018,YT,MFN,imports,0.8792801520175862,region-sector
2018,YT,UTL,exports,0.725,region-sector
2018,YT,UTL,imports,0.7975995635570104,region-sector
2018,YT,CON,exports,0.5384615384615385,region-sector
2018,YT,CON,imports,1,region-sector
2018,YT,TRD,exports,0.6620031796502385,region-sector
2018,YT,TRD,imports,0.6793650793650793,region-sector
2018,YT,TRN,exports,0.33107478087897063,region-sector
2018,YT,TRN,imports,0.5901358006267722,region-sector
2018,YT,ACC,exports,0.4930948781675165,region-sector
2018,YT,ACC,imports,0.5395577673471696,region-sector
2018,YT,PUB,exports,0.7596371882086168,region-sector
2018,YT,PUB,imports,0.9415757575757575,region-sector
2018,YT,TEL,exports,0.5614285714285714,region-sector
2018,YT,TEL,imports,0.5200751582278481,region-sector
2018,YT,ITS,exports,0.6666666666666667,region-sector
2018,YT,ITS,imports,0.6008208798147757,region-sector
2018,YT,FIN,exports,0.6144945188794153,region-sector
2018,YT,FIN,imports,0.5442857142857143,region-sector
2018,YT,REA,exports,0.05252918287937743,region-sector
2018,YT,REA,imports,0.49452554744525545,region-sector
2018,YT,PRF,exports,0.7250961949551091,region-sector
2018,YT,PRF,imports,0.6205826963553784,region-sector
2018,YT,ADM,exports,0.6518181818181817,region-sector
2018,YT,ADM,imports,0.6657343660355708,region-sector
2018,YT,PAD,exports,0.5810463121783876,region-sector
2018,YT,PAD,imports,0.4615384615384615,region-sector
2018,YT,EDU,exports,0.1449814126394052,region-sector
2018,YT,EDU,imports,0.5194621372965322,region-sector
2018,YT,HTH,exports,0.6074523396880417,region-sector
2018,YT,HTH,imports,0.7450805008944544,region-sector
2018,YT,ART,exports,0.5707012265679241,region-sector
2018,YT,ART,imports,0.5396501457725947,region-sector
2018,YT,OSV,exports,0.45161290322580644,region-sector
2018,YT,OSV,imports,0.48627450980392156,region-sector
2018,NT,AGR,exports,0.2505399568034557,region-sector
2018,NT,AGR,imports,0.8416666666666667,region-sector
2018,NT,MIE,exports,0.8903422798794302,canada-sector
2018,NT,MIE,imports,0.41949737641535484,region-sector
2018,NT,MIN,exports,2.5026237587410757e-4,region-sector
2018,NT,MIN,imports,0.650921359979237,region-sector
2018,NT,MIS,exports,0.6851481415942822,canada-sector
2018,NT,MIS,imports,0.6666666666666666,region-sector
2018,NT,FOD,exports,0.6837977453403369,canada-sector
2018,NT,FOD,imports,0.6779245223165663,region-sector
2018,NT,TEX,exports,0,region-sector
2018,NT,TEX,imports,0.6637948992649466,region-sector
2018,NT,WOD,exports,0.7865829734640012,canada-sector
2018,NT,WOD,imports,0.723528483509547,region-sector
2018,NT,PAP,exports,0.4,region-sector
2018,NT,PAP,imports,0.8834155690576194,region-sector
2018,NT,PET,exports,0.8139281529456248,canada-sector
2018,NT,PET,imports,0.5571522584504935,region-sector
2018,NT,CHM,exports,0.6448828606658447,region-sector
2018,NT,CHM,imports,0.7379413293526503,region-sector
2018,NT,RUB,exports,0.8936860994079832,canada-sector
2018,NT,RUB,imports,0.7712891329063029,region-sector
2018,NT,NMM,exports,0.8874787324830538,canada-sector
2018,NT,NMM,imports,0.8235810312752291,region-sector
2018,NT,BMT,exports,0.577397373802767,canada-sector
2018,NT,BMT,imports,0.7234457981880662,region-sector
2018,NT,FMT,exports,0.8003416136091587,canada-sector
2018,NT,FMT,imports,0.7971468701521949,region-sector
2018,NT,ELC,exports,0.6684501957641039,canada-sector
2018,NT,ELC,imports,0.8470235089491107,region-sector
2018,NT,ELQ,exports,0.8046343871674398,canada-sector
2018,NT,ELQ,imports,0.8554259892592746,region-sector
2018,NT,MAC,exports,0.7342566379618378,canada-sector
2018,NT,MAC,imports,0.8504106224575946,region-sector
2018,NT,MTV,exports,0.9351416361262502,canada-sector
2018,NT,MTV,imports,0.8129399577477425,region-sector
2018,NT,OTE,exports,0.5629326648257957,canada-sector
2018,NT,OTE,imports,0.845324040650858,region-sector
2018,NT,MFN,exports,0.02734217933252915,region-sector
2018,NT,MFN,imports,0.8145745406292044,region-sector
2018,NT,UTL,exports,0.6493506493506493,region-sector
2018,NT,UTL,imports,0.7971464019851118,region-sector
2018,NT,CON,exports,0.6327409307438622,region-sector
2018,NT,CON,imports,0.9855855855855856,region-sector
2018,NT,TRD,exports,0.6650965774313792,region-sector
2018,NT,TRD,imports,0.6661272923408846,region-sector
2018,NT,TRN,exports,0.4930867805755396,region-sector
2018,NT,TRN,imports,0.5587560098756876,region-sector
2018,NT,ACC,exports,0.4891612354774724,region-sector
2018,NT,ACC,imports,0.5391807022552098,region-sector
2018,NT,PUB,exports,0.7448275862068966,region-sector
2018,NT,PUB,imports,0.9314361545266883,region-sector
2018,NT,TEL,exports,0.5818517663357192,region-sector
2018,NT,TEL,imports,0.5162804694553114,region-sector
2018,NT,ITS,exports,1,region-sector
2018,NT,ITS,imports,0.584775776924228,region-sector
2018,NT,FIN,exports,0.6949259092950157,region-sector
2018,NT,FIN,imports,0.5845205188177759,region-sector
2018,NT,REA,exports,0.2826086956521739,region-sector
2018,NT,REA,imports,0.571658615136876,region-sector
2018,NT,PRF,exports,0.7072639225181597,region-sector
2018,NT,PRF,imports,0.5743395677170512,region-sector
2018,NT,ADM,exports,0.6558671385788185,region-sector
2018,NT,ADM,imports,0.6641562484309885,region-sector
2018,NT,PAD,exports,0.6758074968450495,region-sector
2018,NT,PAD,imports,0.4999999999999999,region-sector
2018,NT,EDU,exports,0.5791457286432161,region-sector
2018,NT,EDU,imports,0.5037134406835361,region-sector
2018,NT,HTH,exports,0.6326699834162521,region-sector
2018,NT,HTH,imports,0.8914505283381365,region-sector
2018,NT,ART,exports,0.5218797154559172,region-sector
2018,NT,ART,imports,0.6193493874102239,region-sector
2018,NT,OSV,exports,0.5656028368794326,region-sector
2018,NT,OSV,imports,0.37037037037037035,region-sector
2018,NU,AGR,exports,0.6862745098039216,region-sector
2018,NU,AGR,imports,0.7983193277310925,region-sector
2018,NU,MIE,exports,0.8903422798794302,canada-sector
2018,NU,MIE,imports,0.6666666666666666,region-sector
2018,NU,MIN,exports,0.09906680134876265,region-sector
2018,NU,MIN,imports,0.9340127717216021,region-sector
2018,NU,MIS,exports,0.6851481415942822,canada-sector
2018,NU,MIS,imports,0.5833752774500178,canada-sector
2018,NU,FOD,exports,0.505190311418685,region-sector
2018,NU,FOD,imports,0.7621817439665289,region-sector
2018,NU,TEX,exports,0.43949044585987257,region-sector
2018,NU,TEX,imports,0.660073225238933,region-sector
2018,NU,WOD,exports,0.7865829734640012,canada-sector
2018,NU,WOD,imports,0.7698688943032835,region-sector
2018,NU,PAP,exports,0.5801963504065715,canada-sector
2018,NU,PAP,imports,0.8851674641148326,region-sector
2018,NU,PET,exports,0.8139281529456248,canada-sector
2018,NU,PET,imports,0.19711273128649026,region-sector
2018,NU,CHM,exports,0.6666666666666666,region-sector
2018,NU,CHM,imports,0.19355752498887138,region-sector
2018,NU,RUB,exports,0.8936860994079832,canada-sector
2018,NU,RUB,imports,0.8289176707524567,region-sector
2018,NU,NMM,exports,0.8874787324830538,canada-sector
2018,NU,NMM,imports,0.6895730363842075,region-sector
2018,NU,BMT,exports,0.577397373802767,canada-sector
2018,NU,BMT,imports,0.42672774347739495,region-sector
2018,NU,FMT,exports,0.8003416136091587,canada-sector
2018,NU,FMT,imports,0.502553789549459,region-sector
2018,NU,ELC,exports,0.6684501957641039,canada-sector
2018,NU,ELC,imports,0.8506623419927856,region-sector
2018,NU,ELQ,exports,0.8046343871674398,canada-sector
2018,NU,ELQ,imports,0.8330772084150283,region-sector
2018,NU,MAC,exports,0.7342566379618378,canada-sector
2018,NU,MAC,imports,0.7693722506631154,region-sector
2018,NU,MTV,exports,0.9351416361262502,canada-sector
2018,NU,MTV,imports,0.7992777292822347,region-sector
2018,NU,OTE,exports,0.5629326648257957,canada-sector
2018,NU,OTE,imports,0.18838968509075088,region-sector
2018,NU,MFN,exports,0.5,region-sector
2018,NU,MFN,imports,0.8667361466158021,region-sector
2018,NU,UTL,exports,0.6410256410256409,region-sector
2018,NU,UTL,imports,0.7973757254605096,region-sector
2018,NU,CON,exports,0.6141078838174274,region-sector
2018,NU,CON,imports,0.9853680841335164,region-sector
2018,NU,TRD,exports,0.6990291262135924,region-sector
2018,NU,TRD,imports,0.6968656075568913,region-sector
2018,NU,TRN,exports,0.3673469387755102,region-sector
2018,NU,TRN,imports,0.8230407154624616,region-sector
2018,NU,ACC,exports,0.4930039352864014,region-sector
2018,NU,ACC,imports,0.5637392691635645,region-sector
2018,NU,PUB,exports,0.744186046511628,region-sector
2018,NU,PUB,imports,0.9402408543512838,region-sector
2018,NU,TEL,exports,0.5685525349008083,region-sector
2018,NU,TEL,imports,0.6699789220114424,region-sector
2018,NU,ITS,exports,0.75,region-sector
2018,NU,ITS,imports,0.5499896501759469,region-sector
2018,NU,FIN,exports,0.6271036315323295,region-sector
2018,NU,FIN,imports,0.6195935383011985,region-sector
2018,NU,REA,exports,0.14152468421309228,canada-sector
2018,NU,REA,imports,0.5565068493150686,region-sector
2018,NU,PRF,exports,0.8060319337670018,region-sector
2018,NU,PRF,imports,0.5787485761106337,region-sector
2018,NU,ADM,exports,0.6882661996497373,region-sector
2018,NU,ADM,imports,0.6622647964420116,region-sector
2018,NU,PAD,exports,0.5727254785869351,region-sector
2018,NU,PAD,imports,0.5217391304347826,region-sector
2018,NU,EDU,exports,0.6938775510204082,region-sector
2018,NU,EDU,imports,0.5183505738982571,region-sector
2018,NU,HTH,exports,0.4375,region-sector
2018,NU,HTH,imports,0.8256880733944955,region-sector
2018,NU,ART,exports,0.5391061452513967,region-sector
2018,NU,ART,imports,0.5489539748953974,region-sector
2018,NU,OSV,exports,0.5165745856353592,region-sector
2018,NU,OSV,imports,0.2446351931330472,region-sector
2019,NL,AGR,exports,0.3759177820267686,region-sector
2019,NL,AGR,imports,0.14383149448345034,region-sector
2019,NL,MIE,exports,0.6716221097502757,region-sector
2019,NL,MIE,imports,0.7771824748834107,region-sector
2019,NL,MIN,exports,0.002424105817853963,region-sector
2019,NL,MIN,imports,0.9526897433555577,region-sector
2019,NL,MIS,exports,0.7540983606557377,region-sector
2019,NL,MIS,imports,0.7213114754098361,region-sector
2019,NL,FOD,exports,0.48421783502200544,region-sector
2019,NL,FOD,imports,0.3396707424817735,region-sector
2019,NL,TEX,exports,0.7067968185104845,region-sector
2019,NL,TEX,imports,0.10992218124867843,region-sector
2019,NL,WOD,exports,0.9993990384615384,region-sector
2019,NL,WOD,imports,0.40577655710108973,region-sector
2019,NL,PAP,exports,0.46514015227123673,region-sector
2019,NL,PAP,imports,0.4083736939900698,region-sector
2019,NL,PET,exports,0.9282756290904712,region-sector
2019,NL,PET,imports,0.6795928127762104,region-sector
2019,NL,CHM,exports,0.029810298102981025,region-sector
2019,NL,CHM,imports,0.19597398025652676,region-sector
2019,NL,RUB,exports,0.43902439024390244,region-sector
2019,NL,RUB,imports,0.12135633551457466,region-sector
2019,NL,NMM,exports,0.2897196261682243,region-sector
2019,NL,NMM,imports,0.3270819703908313,region-sector
2019,NL,BMT,exports,0.35532231670261183,region-sector
2019,NL,BMT,imports,0.023824409073185396,region-sector
2019,NL,FMT,exports,0.05889608387295714,region-sector
2019,NL,FMT,imports,0.1882589867665398,region-sector
2019,NL,ELC,exports,0.20129054362722704,region-sector
2019,NL,ELC,imports,0.4910106387076396,region-sector
2019,NL,ELQ,exports,0.8085905601829168,region-sector
2019,NL,ELQ,imports,0.1542996781560143,region-sector
2019,NL,MAC,exports,0.35509681549047845,region-sector
2019,NL,MAC,imports,0.20513904865011165,region-sector
2019,NL,MTV,exports,0.9378278074751223,canada-sector
2019,NL,MTV,imports,0.7073378019139647,region-sector
2019,NL,OTE,exports,0.30925495704792266,region-sector
2019,NL,OTE,imports,0.11040498087979209,region-sector
2019,NL,MFN,exports,0.7160493827160495,region-sector
2019,NL,MFN,imports,0.27595067199027595,region-sector
2019,NL,UTL,exports,0.9742053749713574,region-sector
2019,NL,UTL,imports,0.7878787878787878,region-sector
2019,NL,CON,exports,0.41631504922644164,region-sector
2019,NL,CON,imports,0.9806910569105691,region-sector
2019,NL,TRD,exports,0.745281653286419,region-sector
2019,NL,TRD,imports,0.8245417254198181,region-sector
2019,NL,TRN,exports,0.4466284557081776,region-sector
2019,NL,TRN,imports,0.51059697853702,region-sector
2019,NL,ACC,exports,0.43298516757246375,region-sector
2019,NL,ACC,imports,0.5318294049061522,region-sector
2019,NL,PUB,exports,0.6363898500576701,region-sector
2019,NL,PUB,imports,0.5070791923016248,region-sector
2019,NL,TEL,exports,0.539444187658886,region-sector
2019,NL,TEL,imports,0.5162839268809228,region-sector
2019,NL,ITS,exports,0.6437940987812701,region-sector
2019,NL,ITS,imports,0.6191178088219119,region-sector
2019,NL,FIN,exports,0.6719836133446645,region-sector
2019,NL,FIN,imports,0.47012148239274176,region-sector
2019,NL,REA,exports,0.08322175301266867,region-sector
2019,NL,REA,imports,0.5251882845188285,region-sector
2019,NL,PRF,exports,0.6168769609281538,region-sector
2019,NL,PRF,imports,0.6323648400147113,region-sector
2019,NL,ADM,exports,0.6456683710737764,region-sector
2019,NL,ADM,imports,0.6566058950117272,region-sector
2019,NL,PAD,exports,0.3730778058296993,region-sector
2019,NL,PAD,imports,0.4574243490499648,region-sector
2019,NL,EDU,exports,0.10663601838896661,region-sector
2019,NL,EDU,imports,0.5846252768450382,region-sector
2019,NL,HTH,exports,0.3769230769230769,region-sector
2019,NL,HTH,imports,0.8552142437879086,region-sector
2019,NL,ART,exports,0.5681309741712426,region-sector
2019,NL,ART,imports,0.537160751565762,region-sector
2019,NL,OSV,exports,0.2548375319459657,region-sector
2019,NL,OSV,imports,0.6338202016046082,region-sector
2019,PE,AGR,exports,0.7003006505995653,region-sector
2019,PE,AGR,imports,0.9407151526468118,region-sector
2019,PE,MIE,exports,0.9129503878926986,canada-sector
2019,PE,MIE,imports,0.75,region-sector
2019,PE,MIN,exports,0.7702857142857142,region-sector
2019,PE,MIN,imports,0.8857142857142857,region-sector
2019,PE,MIS,exports,0.7339283224097058,canada-sector
2019,PE,MIS,imports,0.7188450424127906,canada-sector
2019,PE,FOD,exports,0.7983748304035164,region-sector
2019,PE,FOD,imports,0.7389666042754408,region-sector
2019,PE,TEX,exports,0.4887857695282289,region-sector
2019,PE,TEX,imports,0.6499540461289334,region-sector
2019,PE,WOD,exports,0.42063492063492064,region-sector
2019,PE,WOD,imports,0.5133595036089654,region-sector
2019,PE,PAP,exports,0.9914396278778878,region-sector
2019,PE,PAP,imports,0.8121702358783366,region-sector
2019,PE,PET,exports,0,region-sector
2019,PE,PET,imports,0.2787386706948641,region-sector
2019,PE,CHM,exports,0.5603591619554373,region-sector
2019,PE,CHM,imports,0.8608120020049432,region-sector
2019,PE,RUB,exports,0.9574468085106382,region-sector
2019,PE,RUB,imports,0.7524865803599622,region-sector
2019,PE,NMM,exports,0.8849557522123894,region-sector
2019,PE,NMM,imports,0.7068793619142572,region-sector
2019,PE,BMT,exports,0.8638838475499092,region-sector
2019,PE,BMT,imports,0.916570850388631,region-sector
2019,PE,FMT,exports,0.8820652173913043,region-sector
2019,PE,FMT,imports,0.9288661429818298,region-sector
2019,PE,ELC,exports,0.9608383894098179,region-sector
2019,PE,ELC,imports,0.8509780675755778,region-sector
2019,PE,ELQ,exports,0.025896498087190484,region-sector
2019,PE,ELQ,imports,0.8841057419737622,region-sector
2019,PE,MAC,exports,0.619114782725502,region-sector
2019,PE,MAC,imports,0.8039356930028486,region-sector
2019,PE,MTV,exports,0.9600696770735629,region-sector
2019,PE,MTV,imports,0.7589038862584997,region-sector
2019,PE,OTE,exports,0.6394530072727382,region-sector
2019,PE,OTE,imports,0.7881071398816963,region-sector
2019,PE,MFN,exports,0.854006586169045,region-sector
2019,PE,MFN,imports,0.8420639007072979,region-sector
2019,PE,UTL,exports,0.7512953367875647,region-sector
2019,PE,UTL,imports,0.8048576214405361,region-sector
2019,PE,CON,exports,0.5407407407407406,region-sector
2019,PE,CON,imports,0.9789915966386555,region-sector
2019,PE,TRD,exports,0.5913443125239373,region-sector
2019,PE,TRD,imports,0.8644246719951741,region-sector
2019,PE,TRN,exports,0.6651181242705273,region-sector
2019,PE,TRN,imports,0.658485856905158,region-sector
2019,PE,ACC,exports,0.43456268797277997,region-sector
2019,PE,ACC,imports,0.533408096893574,region-sector
2019,PE,PUB,exports,0.6272855133614628,region-sector
2019,PE,PUB,imports,0.9324005891016199,region-sector
2019,PE,TEL,exports,0.5231801545343635,region-sector
2019,PE,TEL,imports,0.7003695339765962,region-sector
2019,PE,ITS,exports,0.6980392156862745,region-sector
2019,PE,ITS,imports,0.6183337532543881,region-sector
2019,PE,FIN,exports,0.6304501636154595,region-sector
2019,PE,FIN,imports,0.5173687803702663,region-sector
2019,PE,REA,exports,0.057617310353503585,region-sector
2019,PE,REA,imports,0.5414364640883977,region-sector
2019,PE,PRF,exports,0.5624731439484364,region-sector
2019,PE,PRF,imports,0.6236982410683142,region-sector
2019,PE,ADM,exports,0.6838910630141364,region-sector
2019,PE,ADM,imports,0.6468189951016339,region-sector
2019,PE,PAD,exports,0.5537560975609757,region-sector
2019,PE,PAD,imports,0.5230769230769231,region-sector
2019,PE,EDU,exports,0.08642907058001398,region-sector
2019,PE,EDU,imports,0.5723155588020453,region-sector
2019,PE,HTH,exports,0.5576171874999999,region-sector
2019,PE,HTH,imports,0.819763138415988,region-sector
2019,PE,ART,exports,0.5336041001837346,region-sector
2019,PE,ART,imports,0.5425119331742243,region-sector
2019,PE,OSV,exports,0.23571945046999276,region-sector
2019,PE,OSV,imports,0.6355817111815301,region-sector
2019,NS,AGR,exports,0.36946060780016005,region-sector
2019,NS,AGR,imports,0.11138622874412847,region-sector
2019,NS,MIE,exports,0,region-sector
2019,NS,MIE,imports,0.26490901316790716,region-sector
2019,NS,MIN,exports,0.9319337471023703,region-sector
2019,NS,MIN,imports,0.03451641872632853,region-sector
2019,NS,MIS,exports,0.747541931752458,region-sector
2019,NS,MIS,imports,0.7188450424127906,canada-sector
2019,NS,FOD,exports,0.44019713372627417,region-sector
2019,NS,FOD,imports,0.05692317238721561,region-sector
2019,NS,TEX,exports,0.8942963422194667,region-sector
2019,NS,TEX,imports,0.02407556597064589,region-sector
2019,NS,WOD,exports,0.7693511070619403,region-sector
2019,NS,WOD,imports,0.013959711213207455,region-sector
2019,NS,PAP,exports,0.4574011008593038,region-sector
2019,NS,PAP,imports,0.22309561240531656,region-sector
2019,NS,PET,exports,0.9404499338332599,region-sector
2019,NS,PET,imports,0.36419446328211014,region-sector
2019,NS,CHM,exports,0.5460938003999741,region-sector
2019,NS,CHM,imports,0.18362288422673187,region-sector
2019,NS,RUB,exports,0.9382246120029258,region-sector
2019,NS,RUB,imports,0.034343580101774476,region-sector
2019,NS,NMM,exports,0.8358526719182456,region-sector
2019,NS,NMM,imports,0.044107456690936485,region-sector
2019,NS,BMT,exports,0.2150706436420722,region-sector
2019,NS,BMT,imports,0.028935840510176714,region-sector
2019,NS,FMT,exports,0.8012228016543786,region-sector
2019,NS,FMT,imports,0.23208737486603356,region-sector
2019,NS,ELC,exports,0.3828186887137089,region-sector
2019,NS,ELC,imports,0.28769673513159416,region-sector
2019,NS,ELQ,exports,0.7149788142445903,region-sector
2019,NS,ELQ,imports,0.1857104822226804,region-sector
2019,NS,MAC,exports,0.41437618943624627,region-sector
2019,NS,MAC,imports,0.10243155422720342,region-sector
2019,NS,MTV,exports,0.1817428760768721,region-sector
2019,NS,MTV,imports,0.05924542036378794,region-sector
2019,NS,OTE,exports,0.575389599072054,region-sector
2019,NS,OTE,imports,0.6366306535539988,region-sector
2019,NS,MFN,exports,0.7237699576409252,region-sector
2019,NS,MFN,imports,0.0810372096275764,region-sector
2019,NS,UTL,exports,0.734384114179336,region-sector
2019,NS,UTL,imports,0.7948523845571536,region-sector
2019,NS,CON,exports,0.9037616803769667,region-sector
2019,NS,CON,imports,0,region-sector
2019,NS,TRD,exports,0.764063364086633,region-sector
2019,NS,TRD,imports,0.4975800750448638,region-sector
2019,NS,TRN,exports,0.4665442782046098,region-sector
2019,NS,TRN,imports,0.6348758695064057,region-sector
2019,NS,ACC,exports,0.4308486006193742,region-sector
2019,NS,ACC,imports,0.5326869680298941,region-sector
2019,NS,PUB,exports,0.7512801141610005,region-sector
2019,NS,PUB,imports,0.4187627197221502,region-sector
2019,NS,TEL,exports,0.553732903167174,region-sector
2019,NS,TEL,imports,0.683854226880933,region-sector
2019,NS,ITS,exports,0.63684477309320775,region-sector
2019,NS,ITS,imports,0.6141310279237282,region-sector
2019,NS,FIN,exports,0.5524468394989805,region-sector
2019,NS,FIN,imports,0.5198941991237103,region-sector
2019,NS,REA,exports,0.09570623545265221,region-sector
2019,NS,REA,imports,0.486282629594025,region-sector
2019,NS,PRF,exports,0.6415543219666932,region-sector
2019,NS,PRF,imports,0.6600634307093832,region-sector
2019,NS,ADM,exports,0.6396053467357187,region-sector
2019,NS,ADM,imports,0.6674780890098406,region-sector
2019,NS,PAD,exports,0.54094428322071475,region-sector
2019,NS,PAD,imports,0.4595419847328244,region-sector
2019,NS,EDU,exports,0.10317688977713266,region-sector
2019,NS,EDU,imports,0.5729613332085012,region-sector
2019,NS,HTH,exports,0.6123308654582589,region-sector
2019,NS,HTH,imports,0.857022943480694,region-sector
2019,NS,ART,exports,0.565204242542069,region-sector
2019,NS,ART,imports,0.542057041525048,region-sector
2019,NS,OSV,exports,0.2798955613577024,region-sector
2019,NS,OSV,imports,0.6268462424272768,region-sector
2019,NB,AGR,exports,0.8721392588414753,region-sector
2019,NB,AGR,imports,0.9562406112333253,region-sector
2019,NB,MIE,exports,1,region-sector
2019,NB,MIE,imports,0.3870720333005879,region-sector
2019,NB,MIN,exports,0.6878889718695544,region-sector
2019,NB,MIN,imports,0.2013468843667409,region-sector
2019,NB,MIS,exports,0.7398269785325217,region-sector
2019,NB,MIS,imports,0.7172131147540984,region-sector
2019,NB,FOD,exports,0.7954367292750968,region-sector
2019,NB,FOD,imports,0.843874441825947,region-sector
2019,NB,TEX,exports,0.8732649913816565,region-sector
2019,NB,TEX,imports,0.5615666650059693,region-sector
2019,NB,WOD,exports,0.9385982806352907,region-sector
2019,NB,WOD,imports,0.9446077121738357,region-sector
2019,NB,PAP,exports,0.6935543594339472,region-sector
2019,NB,PAP,imports,0.9500640138497982,region-sector
2019,NB,PET,exports,0.8548375727634506,region-sector
2019,NB,PET,imports,0.3855827855652403,region-sector
2019,NB,CHM,exports,0.9566654996693508,region-sector
2019,NB,CHM,imports,0.8187571754027194,region-sector
2019,NB,RUB,exports,0.8812466415905428,region-sector
2019,NB,RUB,imports,0.8678694613955957,region-sector
2019,NB,NMM,exports,0.9849738143017963,region-sector
2019,NB,NMM,imports,0.7963480270761103,region-sector
2019,NB,BMT,exports,0.8102160708951507,region-sector
2019,NB,BMT,imports,0.8994268811240524,region-sector
2019,NB,FMT,exports,0.8864291479303585,region-sector
2019,NB,FMT,imports,0.8959875396192293,region-sector
2019,NB,ELC,exports,0.5560226143343598,region-sector
2019,NB,ELC,imports,0.8119797021657658,region-sector
2019,NB,ELQ,exports,0.8463406735751294,region-sector
2019,NB,ELQ,imports,0.8273862932342072,region-sector
2019,NB,MAC,exports,0.820242752532852,region-sector
2019,NB,MAC,imports,0.8354646431155052,region-sector
2019,NB,MTV,exports,0.6399696715750828,region-sector
2019,NB,MTV,imports,0.4038528623307086,region-sector
2019,NB,OTE,exports,0.37866415639571793,region-sector
2019,NB,OTE,imports,0.6332224901637263,region-sector
2019,NB,MFN,exports,0.7294011899156787,region-sector
2019,NB,MFN,imports,0.7598808234202598,region-sector
2019,NB,UTL,exports,0.9297944967877116,region-sector
2019,NB,UTL,imports,0.995178933718182,region-sector
2019,NB,CON,exports,0.5854214123006833,region-sector
2019,NB,CON,imports,0.3569173363949483,region-sector
2019,NB,TRD,exports,0.7879378236568464,region-sector
2019,NB,TRD,imports,0.8225638706760117,region-sector
2019,NB,TRN,exports,0.696814780540015,region-sector
2019,NB,TRN,imports,0.6542375796726135,region-sector
2019,NB,ACC,exports,0.42698004135195583,region-sector
2019,NB,ACC,imports,0.5322749972079073,region-sector
2019,NB,PUB,exports,0.6047486033519553,region-sector
2019,NB,PUB,imports,0.9099515056479949,region-sector
2019,NB,TEL,exports,0.5324442675159237,region-sector
2019,NB,TEL,imports,0.6718387980060381,region-sector
2019,NB,ITS,exports,0.7104019364290719,region-sector
2019,NB,ITS,imports,0.5925386049374829,region-sector
2019,NB,FIN,exports,0.5957680859324447,region-sector
2019,NB,FIN,imports,0.5048319446806098,region-sector
2019,NB,REA,exports,0.05585849182072084,region-sector
2019,NB,REA,imports,0.4963364128703409,region-sector
2019,NB,PRF,exports,0.5918337738360321,region-sector
2019,NB,PRF,imports,0.6297036318025389,region-sector
2019,NB,ADM,exports,0.6529787178277507,region-sector
2019,NB,ADM,imports,0.6582093630457222,region-sector
2019,NB,PAD,exports,0.5299478851048358,region-sector
2019,NB,PAD,imports,0.44985074626865673,region-sector
2019,NB,EDU,exports,0.15058368296341385,region-sector
2019,NB,EDU,imports,0.6012673928241211,region-sector
2019,NB,HTH,exports,0.6129817242749304,region-sector
2019,NB,HTH,imports,0.8821701045493078,region-sector
2019,NB,ART,exports,0.5299589876963089,region-sector
2019,NB,ART,imports,0.544756694754489,region-sector
2019,NB,OSV,exports,0.2593257274708371,region-sector
2019,NB,OSV,imports,0.6192819595123589,region-sector
2019,QC,AGR,exports,0.5785307637185964,region-sector
2019,QC,AGR,imports,0.5195721212420092,region-sector
2019,QC,MIE,exports,0.9023199023199024,region-sector
2019,QC,MIE,imports,0.9925891222160141,region-sector
2019,QC,MIN,exports,0.11264056134799426,region-sector
2019,QC,MIN,imports,0.34231701368728784,region-sector
2019,QC,MIS,exports,0.6782575468093237,region-sector
2019,QC,MIS,imports,0.7188305601124911,region-sector
2019,QC,FOD,exports,0.664409481118938,region-sector
2019,QC,FOD,imports,0.39733646705719106,region-sector
2019,QC,TEX,exports,0.6810074380642601,region-sector
2019,QC,TEX,imports,0.17748195862795646,region-sector
2019,QC,WOD,exports,0.9164793761805523,region-sector
2019,QC,WOD,imports,0.5017120435775098,region-sector
2019,QC,PAP,exports,0.794057653571431,region-sector
2019,QC,PAP,imports,0.7504872772742543,region-sector
2019,QC,PET,exports,0.7457102263045041,region-sector
2019,QC,PET,imports,0.5209657028536425,region-sector
2019,QC,CHM,exports,0.7663710329504522,region-sector
2019,QC,CHM,imports,0.4116270104318227,region-sector
2019,QC,RUB,exports,0.880471279520605,region-sector
2019,QC,RUB,imports,0.5690038642310609,region-sector
2019,QC,NMM,exports,0.8714847781217752,region-sector
2019,QC,NMM,imports,0.30766241091036345,region-sector
2019,QC,BMT,exports,0.859699354944977,region-sector
2019,QC,BMT,imports,0.22620409284102275,region-sector
2019,QC,FMT,exports,0.7705840464718492,region-sector
2019,QC,FMT,imports,0.5294330716379598,region-sector
2019,QC,ELC,exports,0.640606005000344,region-sector
2019,QC,ELC,imports,0.7146923908218903,region-sector
2019,QC,ELQ,exports,0.8127236203002258,region-sector
2019,QC,ELQ,imports,0.5027875540350996,region-sector
2019,QC,MAC,exports,0.6386980647466449,region-sector
2019,QC,MAC,imports,0.4806786473488717,region-sector
2019,QC,MTV,exports,0.9305827961234471,region-sector
2019,QC,MTV,imports,0.5893330293787278,region-sector
2019,QC,OTE,exports,0.6308483719948473,region-sector
2019,QC,OTE,imports,0.5215148502584974,region-sector
2019,QC,MFN,exports,0.7982878850803528,region-sector
2019,QC,MFN,imports,0.4287560592352912,region-sector
2019,QC,UTL,exports,0.9250739677811279,region-sector
2019,QC,UTL,imports,0.8064561502215346,region-sector
2019,QC,CON,exports,0.6486734141363655,region-sector
2019,QC,CON,imports,0.7258989351184929,region-sector
2019,QC,TRD,exports,0.6823915577567456,region-sector
2019,QC,TRD,imports,0.7655859434682964,region-sector
2019,QC,TRN,exports,0.5755651607447634,region-sector
2019,QC,TRN,imports,0.5899380317725343,region-sector
2019,QC,ACC,exports,0.4366696828517667,region-sector
2019,QC,ACC,imports,0.5326123741207428,region-sector
2019,QC,PUB,exports,0.7280223315977363,region-sector
2019,QC,PUB,imports,0.692851797257587,region-sector
2019,QC,TEL,exports,0.5591363363867144,region-sector
2019,QC,TEL,imports,0.6260489977728285,region-sector
2019,QC,ITS,exports,0.6807247738719675,region-sector
2019,QC,ITS,imports,0.5935782241216081,region-sector
2019,QC,FIN,exports,0.5303748920508059,region-sector
2019,QC,FIN,imports,0.5312544442257889,region-sector
2019,QC,REA,exports,0.10829223331262826,region-sector
2019,QC,REA,imports,0.5184437511469995,region-sector
2019,QC,PRF,exports,0.5885863393721606,region-sector
2019,QC,PRF,imports,0.6335324848877965,region-sector
2019,QC,ADM,exports,0.6345513864591503,region-sector
2019,QC,ADM,imports,0.6528906964993055,region-sector
2019,QC,PAD,exports,0.5364248070769809,region-sector
2019,QC,PAD,imports,0.45893194182302655,region-sector
2019,QC,EDU,exports,0.07597866288908119,region-sector
2019,QC,EDU,imports,0.578794814394066,region-sector
2019,QC,HTH,exports,0.5334150466414063,region-sector
2019,QC,HTH,imports,0.9003981875600714,region-sector
2019,QC,ART,exports,0.5636746838872515,region-sector
2019,QC,ART,imports,0.5670280749623035,region-sector
2019,QC,OSV,exports,0.4352713178294574,region-sector
2019,QC,OSV,imports,0.6200228459530026,region-sector
2019,ON,AGR,exports,0.5396995513941418,region-sector
2019,ON,AGR,imports,0.7222433181130244,region-sector
2019,ON,MIE,exports,0.9951269637806286,region-sector
2019,ON,MIE,imports,0.9995645111118794,region-sector
2019,ON,MIN,exports,0.28861468656370115,region-sector
2019,ON,MIN,imports,0.23898135069965576,region-sector
2019,ON,MIS,exports,0.7384104744875755,region-sector
2019,ON,MIS,imports,0.7188502629576953,region-sector
2019,ON,FOD,exports,0.8213342156527403,region-sector
2019,ON,FOD,imports,0.6633540833215542,region-sector
2019,ON,TEX,exports,0.6248957904235077,region-sector
2019,ON,TEX,imports,0.36219743743597593,region-sector
2019,ON,WOD,exports,0.9486555202028135,region-sector
2019,ON,WOD,imports,0.6752932043389334,region-sector
2019,ON,PAP,exports,0.8956912176714327,region-sector
2019,ON,PAP,imports,0.8898389868712977,region-sector
2019,ON,PET,exports,0.7866791438499742,region-sector
2019,ON,PET,imports,0.760458643615934,region-sector
2019,ON,CHM,exports,0.7380464784160594,region-sector
2019,ON,CHM,imports,0.645435271956645,region-sector
2019,ON,RUB,exports,0.8898348218419614,region-sector
2019,ON,RUB,imports,0.7526733055114381,region-sector
2019,ON,NMM,exports,0.8847170020104463,region-sector
2019,ON,NMM,imports,0.7760454209204545,region-sector
2019,ON,BMT,exports,0.41414686402310663,region-sector
2019,ON,BMT,imports,0.7056021362795883,region-sector
2019,ON,FMT,exports,0.8377120791695103,region-sector
2019,ON,FMT,imports,0.7110282802076654,region-sector
2019,ON,ELC,exports,0.6905994543695604,region-sector
2019,ON,ELC,imports,0.5371578804045443,region-sector
2019,ON,ELQ,exports,0.8214678379830549,region-sector
2019,ON,ELQ,imports,0.6758390344143442,region-sector
2019,ON,MAC,exports,0.7594586546936737,region-sector
2019,ON,MAC,imports,0.7308196195731603,region-sector
2019,ON,MTV,exports,0.9384330726929354,region-sector
2019,ON,MTV,imports,0.7541649408698635,region-sector
2019,ON,OTE,exports,0.46144857526467314,region-sector
2019,ON,OTE,imports,0.6643588923050892,region-sector
2019,ON,MFN,exports,0.656676424589259,region-sector
2019,ON,MFN,imports,0.6590832871717758,region-sector
2019,ON,UTL,exports,0.8484996257953964,region-sector
2019,ON,UTL,imports,0.8178909814769334,region-sector
2019,ON,CON,exports,0.6706017761734793,region-sector
2019,ON,CON,imports,0.9936399217221136,region-sector
2019,ON,TRD,exports,0.7504272788287637,region-sector
2019,ON,TRD,imports,0.7868155042439707,region-sector
2019,ON,TRN,exports,0.5792059992791035,region-sector
2019,ON,TRN,imports,0.5818766699834422,region-sector
2019,ON,ACC,exports,0.44437759261336096,region-sector
2019,ON,ACC,imports,0.5312654805524545,region-sector
2019,ON,PUB,exports,0.7479590730223776,region-sector
2019,ON,PUB,imports,0.882061514302731,region-sector
2019,ON,TEL,exports,0.570122148122737,region-sector
2019,ON,TEL,imports,0.6176372362719977,region-sector
2019,ON,ITS,exports,0.704625862016287,region-sector
2019,ON,ITS,imports,0.5947920025798129,region-sector
2019,ON,FIN,exports,0.5320009140487242,region-sector
2019,ON,FIN,imports,0.5538253351916902,region-sector
2019,ON,REA,exports,0.17668404591799752,region-sector
2019,ON,REA,imports,0.5001023455744843,region-sector
2019,ON,PRF,exports,0.6232343412018465,region-sector
2019,ON,PRF,imports,0.638606651712296,region-sector
2019,ON,ADM,exports,0.6406538865814588,region-sector
2019,ON,ADM,imports,0.6518259647451435,region-sector
2019,ON,PAD,exports,0.41145962374653977,region-sector
2019,ON,PAD,imports,0.4512720396407123,region-sector
2019,ON,EDU,exports,0.0741415032876781,region-sector
2019,ON,EDU,imports,0.5771172784243509,region-sector
2019,ON,HTH,exports,0.545654361378597,region-sector
2019,ON,HTH,imports,0.8989598202674279,region-sector
2019,ON,ART,exports,0.5849124370523874,region-sector
2019,ON,ART,imports,0.5690729378581444,region-sector
2019,ON,OSV,exports,0.366597508083829,region-sector
2019,ON,OSV,imports,0.5978970193195238,region-sector
2019,MB,AGR,exports,0.35059424248098153,region-sector
2019,MB,AGR,imports,0.7461654055293501,region-sector
2019,MB,MIE,exports,1,region-sector
2019,MB,MIE,imports,0.9974219862249415,region-sector
2019,MB,MIN,exports,0.9978806602787977,region-sector
2019,MB,MIN,imports,0.8340714722052535,region-sector
2019,MB,MIS,exports,0.74732620320855625,region-sector
2019,MB,MIS,imports,0.7188439815154406,region-sector
2019,MB,FOD,exports,0.5755737792338173,region-sector
2019,MB,FOD,imports,0.8426563151433732,region-sector
2019,MB,TEX,exports,0.9238168105803912,region-sector
2019,MB,TEX,imports,0.5710141230888603,region-sector
2019,MB,WOD,exports,0.9972725252749696,region-sector
2019,MB,WOD,imports,0.8864025616203738,region-sector
2019,MB,PAP,exports,0.5879236109077063,region-sector
2019,MB,PAP,imports,0.9240710397652763,region-sector
2019,MB,PET,exports,0.9926296891240669,region-sector
2019,MB,PET,imports,0.7208950863157984,region-sector
2019,MB,CHM,exports,0.9705466984684911,region-sector
2019,MB,CHM,imports,0.8057037508778422,region-sector
2019,MB,RUB,exports,0.9322095205264961,region-sector
2019,MB,RUB,imports,0.8320056052199446,region-sector
2019,MB,NMM,exports,0.7569854561480829,region-sector
2019,MB,NMM,imports,0.8596183472208166,region-sector
2019,MB,BMT,exports,0.8924848261909142,region-sector
2019,MB,BMT,imports,0.817367551060432,region-sector
2019,MB,FMT,exports,0.8542087940455191,region-sector
2019,MB,FMT,imports,0.8727112741798503,region-sector
2019,MB,ELC,exports,0.8355140186915888,region-sector
2019,MB,ELC,imports,0.7523391313552938,region-sector
2019,MB,ELQ,exports,0.9272067120585233,region-sector
2019,MB,ELQ,imports,0.8471715328467153,region-sector
2019,MB,MAC,exports,0.8211866403927054,region-sector
2019,MB,MAC,imports,0.8913278868969587,region-sector
2019,MB,MTV,exports,0.9937963695939452,region-sector
2019,MB,MTV,imports,0.8743707023817672,region-sector
2019,MB,OTE,exports,0.8428103874402086,region-sector
2019,MB,OTE,imports,0.7477373838621381,region-sector
2019,MB,MFN,exports,0.7284416847460162,region-sector
2019,MB,MFN,imports,0.7741565776992253,region-sector
2019,MB,UTL,exports,0.9707571167186485,region-sector
2019,MB,UTL,imports,0.8793270394577585,region-sector
2019,MB,CON,exports,0.706171034770805,region-sector
2019,MB,CON,imports,1,region-sector
2019,MB,TRD,exports,0.5835910322365098,region-sector
2019,MB,TRD,imports,0.8196139184320005,region-sector
2019,MB,TRN,exports,0.6379982773022678,region-sector
2019,MB,TRN,imports,0.5734257130007552,region-sector
2019,MB,ACC,exports,0.4284310959233366,region-sector
2019,MB,ACC,imports,0.5299269079221348,region-sector
2019,MB,PUB,exports,0.8714247831192938,region-sector
2019,MB,PUB,imports,0.9180073563128678,region-sector
2019,MB,TEL,exports,0.5814748420029169,region-sector
2019,MB,TEL,imports,0.6936481823872819,region-sector
2019,MB,ITS,exports,0.7355965628961826,region-sector
2019,MB,ITS,imports,0.6156928496166004,region-sector
2019,MB,FIN,exports,0.5202104351158392,region-sector
2019,MB,FIN,imports,0.5703070500824927,region-sector
2019,MB,REA,exports,0.0653402631151535,region-sector
2019,MB,REA,imports,0.5278171788810087,region-sector
2019,MB,PRF,exports,0.5746983146980194,region-sector
2019,MB,PRF,imports,0.6533007380330561,region-sector
2019,MB,ADM,exports,0.6582572793724605,region-sector
2019,MB,ADM,imports,0.663449497991717,region-sector
2019,MB,PAD,exports,0.475201072386059,region-sector
2019,MB,PAD,imports,0.45464746586871146,region-sector
2019,MB,EDU,exports,0.06351996961093229,region-sector
2019,MB,EDU,imports,0.6128253107517233,region-sector
2019,MB,HTH,exports,0.5664373783257626,region-sector
2019,MB,HTH,imports,0.8682066946671757,region-sector
2019,MB,ART,exports,0.6004703026625199,region-sector
2019,MB,ART,imports,0.5449898125883368,region-sector
2019,MB,OSV,exports,0.2873715353472439,region-sector
2019,MB,OSV,imports,0.6094490954862127,region-sector
2019,SK,AGR,exports,0.12654954712008484,region-sector
2019,SK,AGR,imports,0.9102301819511749,region-sector
2019,SK,MIE,exports,0.9974863849450709,region-sector
2019,SK,MIE,imports,0.9958403597526702,region-sector
2019,SK,MIN,exports,0.48160726660927666,region-sector
2019,SK,MIN,imports,0.9181229773462785,region-sector
2019,SK,MIS,exports,0.7480798771121351,region-sector
2019,SK,MIS,imports,0.71882586625469,region-sector
2019,SK,FOD,exports,0.6390148829445561,region-sector
2019,SK,FOD,imports,0.865755406691892,region-sector
2019,SK,TEX,exports,0.9425434583714547,region-sector
2019,SK,TEX,imports,0.3679061627193835,region-sector
2019,SK,WOD,exports,0.9884515701776619,region-sector
2019,SK,WOD,imports,0.7779586055167529,region-sector
2019,SK,PAP,exports,0.0021713117705465376,region-sector
2019,SK,PAP,imports,0.9062639932334942,region-sector
2019,SK,PET,exports,0.9675930438571846,region-sector
2019,SK,PET,imports,0.9434349163412667,region-sector
2019,SK,CHM,exports,0.6042155632747,region-sector
2019,SK,CHM,imports,0.8538935666850624,region-sector
2019,SK,RUB,exports,0.9212885646479738,region-sector
2019,SK,RUB,imports,0.8567405015239781,region-sector
2019,SK,NMM,exports,0.9465983906364301,region-sector
2019,SK,NMM,imports,0.8074783010038591,region-sector
2019,SK,BMT,exports,0.9897246544381243,region-sector
2019,SK,BMT,imports,0.7851807656472457,region-sector
2019,SK,FMT,exports,0.8752645248172373,region-sector
2019,SK,FMT,imports,0.8404752828384343,region-sector
2019,SK,ELC,exports,0.8525787615727892,region-sector
2019,SK,ELC,imports,0.8513736848237398,region-sector
2019,SK,ELQ,exports,0.9239488716870257,region-sector
2019,SK,ELQ,imports,0.8545024399585875,region-sector
2019,SK,MAC,exports,0.7770002088991017,region-sector
2019,SK,MAC,imports,0.9047790226197204,region-sector
2019,SK,MTV,exports,0.9818550614035967,region-sector
2019,SK,MTV,imports,0.8758983155427609,region-sector
2019,SK,OTE,exports,0.5876615112068178,canada-sector
2019,SK,OTE,imports,0.8875833529215276,region-sector
2019,SK,MFN,exports,0.8298222514812376,region-sector
2019,SK,MFN,imports,0.8406855315534385,region-sector
2019,SK,UTL,exports,0.7803094983991462,region-sector
2019,SK,UTL,imports,0.9685125949620152,region-sector
2019,SK,CON,exports,0.6178489702517163,region-sector
2019,SK,CON,imports,1,region-sector
2019,SK,TRD,exports,0.5280382867426048,region-sector
2019,SK,TRD,imports,0.8270395608555744,region-sector
2019,SK,TRN,exports,0.6796564063566067,region-sector
2019,SK,TRN,imports,0.5979012438159322,region-sector
2019,SK,ACC,exports,0.4230121556030396,region-sector
2019,SK,ACC,imports,0.5300502336740559,region-sector
2019,SK,PUB,exports,0.9222465154413774,region-sector
2019,SK,PUB,imports,0.9221416333523702,region-sector
2019,SK,TEL,exports,0.565963013404057,region-sector
2019,SK,TEL,imports,0.7580460079249816,region-sector
2019,SK,ITS,exports,0.6673944687045125,region-sector
2019,SK,ITS,imports,0.6260431138098433,region-sector
2019,SK,FIN,exports,0.5831128487029278,region-sector
2019,SK,FIN,imports,0.6460282030510893,region-sector
2019,SK,REA,exports,0.3233133884192864,region-sector
2019,SK,REA,imports,0.5547712418300653,region-sector
2019,SK,PRF,exports,0.6185221939117608,region-sector
2019,SK,PRF,imports,0.6252190561478543,region-sector
2019,SK,ADM,exports,0.6452960137576401,region-sector
2019,SK,ADM,imports,0.65733693599953,region-sector
2019,SK,PAD,exports,0.5363351988594046,region-sector
2019,SK,PAD,imports,0.4864630712583929,region-sector
2019,SK,EDU,exports,0.061987050549837754,region-sector
2019,SK,EDU,imports,0.642675964336311,region-sector
2019,SK,HTH,exports,0.6012357803420902,region-sector
2019,SK,HTH,imports,0.8855526544821585,region-sector
2019,SK,ART,exports,0.6018386379476287,region-sector
2019,SK,ART,imports,0.5408170985435975,region-sector
2019,SK,OSV,exports,0.22883135059482157,region-sector
2019,SK,OSV,imports,0.6144826247330616,region-sector
2019,AB,AGR,exports,0.3060962570250941,region-sector
2019,AB,AGR,imports,0.8732495409732671,region-sector
2019,AB,MIE,exports,0.9906931050202368,region-sector
2019,AB,MIE,imports,0.9985023526994221,region-sector
2019,AB,MIN,exports,0.7019910249136019,region-sector
2019,AB,MIN,imports,0.17751047696613864,region-sector
2019,AB,MIS,exports,0.7215161729262459,region-sector
2019,AB,MIS,imports,0.7188404334073626,region-sector
2019,AB,FOD,exports,0.5312025571080661,region-sector
2019,AB,FOD,imports,0.6469006982644624,region-sector
2019,AB,TEX,exports,0.6680216275089467,region-sector
2019,AB,TEX,imports,0.3883798198501898,region-sector
2019,AB,WOD,exports,0.9070814888992569,region-sector
2019,AB,WOD,imports,0.5384427611640422,region-sector
2019,AB,PAP,exports,0.42605956282971796,region-sector
2019,AB,PAP,imports,0.8288309620147967,region-sector
2019,AB,PET,exports,0.878071483644921,region-sector
2019,AB,PET,imports,0.8857209328002144,region-sector
2019,AB,CHM,exports,0.8097387502624678,region-sector
2019,AB,CHM,imports,0.7964012218969806,region-sector
2019,AB,RUB,exports,0.9043228608175292,region-sector
2019,AB,RUB,imports,0.5481281624098255,region-sector
2019,AB,NMM,exports,0.9483553402609579,region-sector
2019,AB,NMM,imports,0.6012414402091577,region-sector
2019,AB,BMT,exports,0.20066402687690232,region-sector
2019,AB,BMT,imports,0.4056117711490567,region-sector
2019,AB,FMT,exports,0.7690741902271032,region-sector
2019,AB,FMT,imports,0.6264945154076328,region-sector
2019,AB,ELC,exports,0.6477020000929788,region-sector
2019,AB,ELC,imports,0.6376494797112457,region-sector
2019,AB,ELQ,exports,0.7669620205706288,region-sector
2019,AB,ELQ,imports,0.6543270484590762,region-sector
2019,AB,MAC,exports,0.7425679191494521,region-sector
2019,AB,MAC,imports,0.766660159837884,region-sector
2019,AB,MTV,exports,0.9405810727675825,region-sector
2019,AB,MTV,imports,0.8728463023854881,region-sector
2019,AB,OTE,exports,0.4883031629202307,region-sector
2019,AB,OTE,imports,0.7951574435942751,region-sector
2019,AB,MFN,exports,0.7486555036283787,region-sector
2019,AB,MFN,imports,0.6373757188259694,region-sector
2019,AB,UTL,exports,0.7195211048525842,region-sector
2019,AB,UTL,imports,0.9616919555132387,region-sector
2019,AB,CON,exports,0.6151493906532018,region-sector
2019,AB,CON,imports,0.9996350364963502,region-sector
2019,AB,TRD,exports,0.6982183202641574,region-sector
2019,AB,TRD,imports,0.8055571361325065,region-sector
2019,AB,TRN,exports,0.7863309097960591,region-sector
2019,AB,TRN,imports,0.5410989426357515,region-sector
2019,AB,ACC,exports,0.4325833254519354,region-sector
2019,AB,ACC,imports,0.5313327712850199,region-sector
2019,AB,PUB,exports,0.6079820794380688,region-sector
2019,AB,PUB,imports,0.914588300883914,region-sector
2019,AB,TEL,exports,0.5621721143288118,region-sector
2019,AB,TEL,imports,0.657146304041179,region-sector
2019,AB,ITS,exports,0.6692829340716664,region-sector
2019,AB,ITS,imports,0.6207609576151842,region-sector
2019,AB,FIN,exports,0.5566928581450821,region-sector
2019,AB,FIN,imports,0.4891305910053559,region-sector
2019,AB,REA,exports,0.20420899700948061,region-sector
2019,AB,REA,imports,0.5449868368979817,region-sector
2019,AB,PRF,exports,0.6030876228818524,region-sector
2019,AB,PRF,imports,0.6200127668733816,region-sector
2019,AB,ADM,exports,0.6384070587223798,region-sector
2019,AB,ADM,imports,0.66544167344561,region-sector
2019,AB,PAD,exports,0.5380994975015572,region-sector
2019,AB,PAD,imports,0.49929065031348685,region-sector
2019,AB,EDU,exports,0.10203447766982293,region-sector
2019,AB,EDU,imports,0.571752385701657,region-sector
2019,AB,HTH,exports,0.6062126827259626,region-sector
2019,AB,HTH,imports,0.8904657637931501,region-sector
2019,AB,ART,exports,0.560963757977778,region-sector
2019,AB,ART,imports,0.5392769375370577,region-sector
2019,AB,OSV,exports,0.48922530315903295,region-sector
2019,AB,OSV,imports,0.6032793867120954,region-sector
2019,BC,AGR,exports,0.5864880866530605,region-sector
2019,BC,AGR,imports,0.7686296169409378,region-sector
2019,BC,MIE,exports,0.3504716731546457,region-sector
2019,BC,MIE,imports,0.7095731533415723,region-sector
2019,BC,MIN,exports,0.03736335927869567,region-sector
2019,BC,MIN,imports,0.6437060824212208,region-sector
2019,BC,MIS,exports,0.7386444434480152,region-sector
2019,BC,MIS,imports,0.7188461970233206,region-sector
2019,BC,FOD,exports,0.6831413459071864,region-sector
2019,BC,FOD,imports,0.6078057417478183,region-sector
2019,BC,TEX,exports,0.4348472964274786,region-sector
2019,BC,TEX,imports,0.2580002272253886,region-sector
2019,BC,WOD,exports,0.6240303567279456,region-sector
2019,BC,WOD,imports,0.7685466431153738,region-sector
2019,BC,PAP,exports,0.20447802589876915,region-sector
2019,BC,PAP,imports,0.8121481274259537,region-sector
2019,BC,PET,exports,0.876818411207776,region-sector
2019,BC,PET,imports,0.6279138512670048,region-sector
2019,BC,CHM,exports,0.661921230689054,region-sector
2019,BC,CHM,imports,0.6764555807991618,region-sector
2019,BC,RUB,exports,0.8568263256104226,region-sector
2019,BC,RUB,imports,0.6058943162320328,region-sector
2019,BC,NMM,exports,0.9527465003609409,region-sector
2019,BC,NMM,imports,0.6265448945774434,region-sector
2019,BC,BMT,exports,0.637874394469903,region-sector
2019,BC,BMT,imports,0.3050565317291973,region-sector
2019,BC,FMT,exports,0.8459921069318301,region-sector
2019,BC,FMT,imports,0.5618423600702953,region-sector
2019,BC,ELC,exports,0.544343487702495,region-sector
2019,BC,ELC,imports,0.45134346847986495,region-sector
2019,BC,ELQ,exports,0.7200072380722602,region-sector
2019,BC,ELQ,imports,0.5635099413705396,region-sector
2019,BC,MAC,exports,0.7306725433430874,region-sector
2019,BC,MAC,imports,0.6180934883169322,region-sector
2019,BC,MTV,exports,0.788803520456708,region-sector
2019,BC,MTV,imports,0.4054276341358008,region-sector
2019,BC,OTE,exports,0.6467419734016038,region-sector
2019,BC,OTE,imports,0.442861190143927,region-sector
2019,BC,MFN,exports,0.7497129897662365,region-sector
2019,BC,MFN,imports,0.5179832420222638,region-sector
2019,BC,UTL,exports,0.9427674904946494,region-sector
2019,BC,UTL,imports,0.9753812039067172,region-sector
2019,BC,CON,exports,0.7435993975903614,region-sector
2019,BC,CON,imports,0.8707037643207857,region-sector
2019,BC,TRD,exports,0.7307485945656242,region-sector
2019,BC,TRD,imports,0.7867431811583064,region-sector
2019,BC,TRN,exports,0.5153033022494135,region-sector
2019,BC,TRN,imports,0.5339941939554999,region-sector
2019,BC,ACC,exports,0.43120785072905315,region-sector
2019,BC,ACC,imports,0.5314353778059209,region-sector
2019,BC,PUB,exports,0.8831615221563572,region-sector
2019,BC,PUB,imports,0.8749023294735623,region-sector
2019,BC,TEL,exports,0.5514338580861793,region-sector
2019,BC,TEL,imports,0.6817005979630917,region-sector
2019,BC,ITS,exports,0.6715331262585238,region-sector
2019,BC,ITS,imports,0.6164347943979215,region-sector
2019,BC,FIN,exports,0.528110126804518,region-sector
2019,BC,FIN,imports,0.48912237271826087,region-sector
2019,BC,REA,exports,0.09074047472178329,region-sector
2019,BC,REA,imports,0.5224791265253693,region-sector
2019,BC,PRF,exports,0.6114280321268438,region-sector
2019,BC,PRF,imports,0.6237002271187316,region-sector
2019,BC,ADM,exports,0.6342661478063989,region-sector
2019,BC,ADM,imports,0.6542915256148935,region-sector
2019,BC,PAD,exports,0.5211045999104007,region-sector
2019,BC,PAD,imports,0.49405136268343824,region-sector
2019,BC,EDU,exports,0.07289072779683449,region-sector
2019,BC,EDU,imports,0.571629328119067,region-sector
2019,BC,HTH,exports,0.5568029232428624,region-sector
2019,BC,HTH,imports,0.8922891320600829,region-sector
2019,BC,ART,exports,0.5334471596387002,region-sector
2019,BC,ART,imports,0.5420966170595148,region-sector
2019,BC,OSV,exports,0.34366345348762317,region-sector
2019,BC,OSV,imports,0.5977725162949594,region-sector
2019,YT,AGR,exports,0.0021413276231263384,region-sector
2019,YT,AGR,imports,0.9503386004514672,region-sector
2019,YT,MIE,exports,0.9129503878926986,canada-sector
2019,YT,MIE,imports,1,region-sector
2019,YT,MIN,exports,0.4797079833581914,region-sector
2019,YT,MIN,imports,1,region-sector
2019,YT,MIS,exports,0.7339283224097058,canada-sector
2019,YT,MIS,imports,0.7188450424127906,canada-sector
2019,YT,FOD,exports,0.6857960021647257,canada-sector
2019,YT,FOD,imports,0.6830832681504657,region-sector
2019,YT,TEX,exports,0.8932584269662922,region-sector
2019,YT,TEX,imports,0.644025482093664,region-sector
2019,YT,WOD,exports,0.7907297996119506,canada-sector
2019,YT,WOD,imports,0.8855681636567044,region-sector
2019,YT,PAP,exports,0.6,region-sector
2019,YT,PAP,imports,0.97226173541963,region-sector
2019,YT,PET,exports,0.8470066877440244,canada-sector
2019,YT,PET,imports,0.8516204816060655,region-sector
2019,YT,CHM,exports,0.760128583054677,canada-sector
2019,YT,CHM,imports,0.9722345165383142,region-sector
2019,YT,RUB,exports,0.9972714870395635,region-sector
2019,YT,RUB,imports,0.7454207345420735,region-sector
2019,YT,NMM,exports,0.8938236132057565,canada-sector
2019,YT,NMM,imports,0.9227366558537304,region-sector
2019,YT,BMT,exports,0.5458456590650674,canada-sector
2019,YT,BMT,imports,0.5455012853470437,region-sector
2019,YT,FMT,exports,1,region-sector
2019,YT,FMT,imports,0.7940524781341108,region-sector
2019,YT,ELC,exports,0.6556010093787309,canada-sector
2019,YT,ELC,imports,0.9416648728435684,region-sector
2019,YT,ELQ,exports,0.8038027927849309,canada-sector
2019,YT,ELQ,imports,0.857777201568729,region-sector
2019,YT,MAC,exports,0.7286544060830878,canada-sector
2019,YT,MAC,imports,0.7441991998896399,region-sector
2019,YT,MTV,exports,0.9378278074751223,canada-sector
2019,YT,MTV,imports,0.8427551300030628,region-sector
2019,YT,OTE,exports,0.5876615112068178,canada-sector
2019,YT,OTE,imports,0.9333200062193198,region-sector
2019,YT,MFN,exports,0.9411764705882353,region-sector
2019,YT,MFN,imports,0.835565530944146,region-sector
2019,YT,UTL,exports,0.7222222222222223,region-sector
2019,YT,UTL,imports,0.8050591492574881,region-sector
2019,YT,CON,exports,0.5151515151515151,region-sector
2019,YT,CON,imports,1,region-sector
2019,YT,TRD,exports,0.632080200501253,region-sector
2019,YT,TRD,imports,0.7911536707706338,region-sector
2019,YT,TRN,exports,0.3250146991572483,region-sector
2019,YT,TRN,imports,0.5778346249341659,region-sector
2019,YT,ACC,exports,0.4617366974278421,region-sector
2019,YT,ACC,imports,0.5315777070814186,region-sector
2019,YT,PUB,exports,0.7287784679089028,region-sector
2019,YT,PUB,imports,0.3714073339940535,region-sector
2019,YT,TEL,exports,0.5402077722200845,region-sector
2019,YT,TEL,imports,0.4929050814956855,region-sector
2019,YT,ITS,exports,0.7333333333333333,region-sector
2019,YT,ITS,imports,0.6223311165558278,region-sector
2019,YT,FIN,exports,0.5874152704949482,region-sector
2019,YT,FIN,imports,0.49367521367521366,region-sector
2019,YT,REA,exports,0.05367231638418078,region-sector
2019,YT,REA,imports,0.5045045045045045,region-sector
2019,YT,PRF,exports,0.6743486973947895,region-sector
2019,YT,PRF,imports,0.6329162656400384,region-sector
2019,YT,ADM,exports,0.6496557310652087,region-sector
2019,YT,ADM,imports,0.6640528905289053,region-sector
2019,YT,PAD,exports,0.5823022122234721,region-sector
2019,YT,PAD,imports,0.4444444444444445,region-sector
2019,YT,EDU,exports,0.12155963302752291,region-sector
2019,YT,EDU,imports,0.6827368811422214,region-sector
2019,YT,HTH,exports,0.6194852941176472,region-sector
2019,YT,HTH,imports,0.8821081830790569,region-sector
2019,YT,ART,exports,0.549047619047619,region-sector
2019,YT,ART,imports,0.5313995215311004,region-sector
2019,YT,OSV,exports,0.416015625,region-sector
2019,YT,OSV,imports,0.572232645403377,region-sector
2019,NT,AGR,exports,0.0018281535648994515,region-sector
2019,NT,AGR,imports,0.7767441860465116,region-sector
2019,NT,MIE,exports,0.9129503878926986,canada-sector
2019,NT,MIE,imports,0.9485294117647058,region-sector
2019,NT,MIN,exports,2.588614835320433e-4,region-sector
2019,NT,MIN,imports,0.7397669554825217,region-sector
2019,NT,MIS,exports,0.7339283224097058,canada-sector
2019,NT,MIS,imports,0.7307692307692308,region-sector
2019,NT,FOD,exports,0.6857960021647257,canada-sector
2019,NT,FOD,imports,0.655772130088305,region-sector
2019,NT,TEX,exports,0.6510904814861507,canada-sector
2019,NT,TEX,imports,0.6619849495113767,region-sector
2019,NT,WOD,exports,0.7907297996119506,canada-sector
2019,NT,WOD,imports,0.7172727272727273,region-sector
2019,NT,PAP,exports,0.6263992108641102,canada-sector
2019,NT,PAP,imports,0.8986006976464456,region-sector
2019,NT,PET,exports,0.8470066877440244,canada-sector
2019,NT,PET,imports,0.5804979894834519,region-sector
2019,NT,CHM,exports,0.8967611336032388,region-sector
2019,NT,CHM,imports,0.712081310180232,region-sector
2019,NT,RUB,exports,0.8934690383987868,canada-sector
2019,NT,RUB,imports,0.7793988398664088,region-sector
2019,NT,NMM,exports,0.8938236132057565,canada-sector
2019,NT,NMM,imports,0.8200316160674476,region-sector
2019,NT,BMT,exports,0.5458456590650674,canada-sector
2019,NT,BMT,imports,0.6560837280009356,region-sector
2019,NT,FMT,exports,0.8153181651812512,canada-sector
2019,NT,FMT,imports,0.9119748267991951,region-sector
2019,NT,ELC,exports,0.6556010093787309,canada-sector
2019,NT,ELC,imports,0.809696946254859,region-sector
2019,NT,ELQ,exports,0.8038027927849309,canada-sector
2019,NT,ELQ,imports,0.8408708083853524,region-sector
2019,NT,MAC,exports,0.7286544060830878,canada-sector
2019,NT,MAC,imports,0.8798068823435973,region-sector
2019,NT,MTV,exports,0.9378278074751223,canada-sector
2019,NT,MTV,imports,0.8590413184772517,region-sector
2019,NT,OTE,exports,0.5876615112068178,canada-sector
2019,NT,OTE,imports,0.7498568811541103,region-sector
2019,NT,MFN,exports,0.8151645979492715,region-sector
2019,NT,MFN,imports,0.8513024098063798,region-sector
2019,NT,UTL,exports,0.8170731707317075,region-sector
2019,NT,UTL,imports,0.8048591367278368,region-sector
2019,NT,CON,exports,0.6767996383772177,region-sector
2019,NT,CON,imports,0.9806201550387597,region-sector
2019,NT,TRD,exports,0.6704410669461838,region-sector
2019,NT,TRD,imports,0.7827324478178367,region-sector
2019,NT,TRN,exports,0.4562856516015797,region-sector
2019,NT,TRN,imports,0.5411127740117968,region-sector
2019,NT,ACC,exports,0.46278981375902695,region-sector
2019,NT,ACC,imports,0.5310649965725681,region-sector
2019,NT,PUB,exports,0.7899249732047159,region-sector
2019,NT,PUB,imports,0.9114244396240058,region-sector
2019,NT,TEL,exports,0.5615623383341956,region-sector
2019,NT,TEL,imports,0.48870588235294116,region-sector
2019,NT,ITS,exports,0.6904308704126373,canada-sector
2019,NT,ITS,imports,0.6357701766152469,region-sector
2019,NT,FIN,exports,0.6781343355497735,region-sector
2019,NT,FIN,imports,0.5560326320309145,region-sector
2019,NT,REA,exports,0.4444444444444445,region-sector
2019,NT,REA,imports,0.5705329153605015,region-sector
2019,NT,PRF,exports,0.6572222222222223,region-sector
2019,NT,PRF,imports,0.6157894736842106,region-sector
2019,NT,ADM,exports,0.6645499108734402,region-sector
2019,NT,ADM,imports,0.6680482897384306,region-sector
2019,NT,PAD,exports,0.6698489534310429,region-sector
2019,NT,PAD,imports,0.4931506849315068,region-sector
2019,NT,EDU,exports,0.5637583892617449,region-sector
2019,NT,EDU,imports,0.7285332563010037,region-sector
2019,NT,HTH,exports,0.6466876971608833,region-sector
2019,NT,HTH,imports,0.881371640407785,region-sector
2019,NT,ART,exports,0.5123221799238629,region-sector
2019,NT,ART,imports,0.5766871165644173,region-sector
2019,NT,OSV,exports,0.5219638242894057,region-sector
2019,NT,OSV,imports,0.5863453815261044,region-sector
2019,NU,AGR,exports,0.7085624509033779,region-sector
2019,NU,AGR,imports,0.8937198067632851,region-sector
2019,NU,MIE,exports,0.9129503878926986,canada-sector
2019,NU,MIE,imports,0.7562769430714497,canada-sector
2019,NU,MIN,exports,0.10792763224538586,region-sector
2019,NU,MIN,imports,0.9478496008241052,region-sector
2019,NU,MIS,exports,0.7339283224097058,canada-sector
2019,NU,MIS,imports,0.7188450424127906,canada-sector
2019,NU,FOD,exports,0.3700787401574803,region-sector
2019,NU,FOD,imports,0.7233920943384875,region-sector
2019,NU,TEX,exports,1,region-sector
2019,NU,TEX,imports,0.6355485913672784,region-sector
2019,NU,WOD,exports,0.7907297996119506,canada-sector
2019,NU,WOD,imports,0.7772301326518193,region-sector
2019,NU,PAP,exports,0.6263992108641102,canada-sector
2019,NU,PAP,imports,0.7255178712275313,region-sector
2019,NU,PET,exports,0.8470066877440244,canada-sector
2019,NU,PET,imports,0.45282748747315676,region-sector
2019,NU,CHM,exports,0.625,region-sector
2019,NU,CHM,imports,0.48786678695392893,region-sector
2019,NU,RUB,exports,0.8934690383987868,canada-sector
2019,NU,RUB,imports,0.8327806574160523,region-sector
2019,NU,NMM,exports,0.8938236132057565,canada-sector
2019,NU,NMM,imports,0.7058905704307333,region-sector
2019,NU,BMT,exports,0.5458456590650674,canada-sector
2019,NU,BMT,imports,0.42025191405285256,region-sector
2019,NU,FMT,exports,0.8153181651812512,canada-sector
2019,NU,FMT,imports,0.5124046102836692,region-sector
2019,NU,ELC,exports,0.6556010093787309,canada-sector
2019,NU,ELC,imports,0.7774385084576164,region-sector
2019,NU,ELQ,exports,0.8038027927849309,canada-sector
2019,NU,ELQ,imports,0.8600136777316008,region-sector
2019,NU,MAC,exports,0.7286544060830878,canada-sector
2019,NU,MAC,imports,0.4349814424075241,region-sector
2019,NU,MTV,exports,0.9378278074751223,canada-sector
2019,NU,MTV,imports,0.8025715412347905,region-sector
2019,NU,OTE,exports,0.5876615112068178,canada-sector
2019,NU,OTE,imports,0.5391198446397419,region-sector
2019,NU,MFN,exports,0.7010885426308718,canada-sector
2019,NU,MFN,imports,0.8386211416750302,region-sector
2019,NU,UTL,exports,0.7011494252873562,region-sector
2019,NU,UTL,imports,0.8048076923076922,region-sector
2019,NU,CON,exports,0.6751824817518247,region-sector
2019,NU,CON,imports,0.9809001097694842,region-sector
2019,NU,TRD,exports,0.6888361045130641,region-sector
2019,NU,TRD,imports,0.8109911054637865,region-sector
2019,NU,TRN,exports,0.34582278481012657,region-sector
2019,NU,TRN,imports,0.8898588055714558,region-sector
2019,NU,ACC,exports,0.46825754164790634,region-sector
2019,NU,ACC,imports,0.5428431303860436,region-sector
2019,NU,PUB,exports,0.7253521126760565,region-sector
2019,NU,PUB,imports,0.9230769230769232,region-sector
2019,NU,TEL,exports,0.5615337043908473,region-sector
2019,NU,TEL,imports,0.6757180156657964,region-sector
2019,NU,ITS,exports,0.8,region-sector
2019,NU,ITS,imports,0.5856617647058824,region-sector
2019,NU,FIN,exports,0.6260311640696609,region-sector
2019,NU,FIN,imports,0.5047318611987381,region-sector
2019,NU,REA,exports,0.1482221830601781,canada-sector
2019,NU,REA,imports,0.555921052631579,region-sector
2019,NU,PRF,exports,0.7523696682464456,region-sector
2019,NU,PRF,imports,0.6238199504648408,region-sector
2019,NU,ADM,exports,0.6867535287730727,region-sector
2019,NU,ADM,imports,0.6605877920120574,region-sector
2019,NU,PAD,exports,0.5495421844342707,region-sector
2019,NU,PAD,imports,0.5,region-sector
2019,NU,EDU,exports,0.7083333333333334,region-sector
2019,NU,EDU,imports,0.6829121540312876,region-sector
2019,NU,HTH,exports,0.368421052631579,region-sector
2019,NU,HTH,imports,0.8909657320872275,region-sector
2019,NU,ART,exports,0.5155875299760192,region-sector
2019,NU,ART,imports,0.5325443786982249,region-sector
2019,NU,OSV,exports,0.48812664907651715,region-sector
2019,NU,OSV,imports,0.6331168831168831,region-sector
2020,NL,AGR,exports,0.35068585698946786,region-sector
2020,NL,AGR,imports,0.11793785310734464,region-sector
2020,NL,MIE,exports,0.6194722493350203,region-sector
2020,NL,MIE,imports,0.9999864243118359,region-sector
2020,NL,MIN,exports,0.005955108445110945,region-sector
2020,NL,MIN,imports,0.7018751986439241,region-sector
2020,NL,MIS,exports,0.5301204819277108,region-sector
2020,NL,MIS,imports,0.8515981735159818,region-sector
2020,NL,FOD,exports,0.5630730719279711,region-sector
2020,NL,FOD,imports,0.33509140565077744,region-sector
2020,NL,TEX,exports,0.6529012023000523,region-sector
2020,NL,TEX,imports,0.26268789061941333,region-sector
2020,NL,WOD,exports,0.9984322848184485,region-sector
2020,NL,WOD,imports,0.41703994315900034,region-sector
2020,NL,PAP,exports,0.3372916841135583,region-sector
2020,NL,PAP,imports,0.35180977871837166,region-sector
2020,NL,PET,exports,0.8969242540531935,region-sector
2020,NL,PET,imports,0.712869605948826,region-sector
2020,NL,CHM,exports,0.2713178294573644,region-sector
2020,NL,CHM,imports,0.21162402021473356,region-sector
2020,NL,RUB,exports,0.4204545454545455,region-sector
2020,NL,RUB,imports,0.014582918291259926,region-sector
2020,NL,NMM,exports,0.46376811594202894,region-sector
2020,NL,NMM,imports,0.06900810966781748,region-sector
2020,NL,BMT,exports,0.38935210256394526,region-sector
2020,NL,BMT,imports,0.09685522945406289,region-sector
2020,NL,FMT,exports,0.07631785995279308,region-sector
2020,NL,FMT,imports,0.1656616332207431,region-sector
2020,NL,ELC,exports,0.13513363953295335,region-sector
2020,NL,ELC,imports,0.45479522857414884,region-sector
2020,NL,ELQ,exports,0.9010034735623311,region-sector
2020,NL,ELQ,imports,0.2631987285837776,region-sector
2020,NL,MAC,exports,0.6055005500550056,region-sector
2020,NL,MAC,imports,0.1553262678079274,region-sector
2020,NL,MTV,exports,0.9337422991056202,canada-sector
2020,NL,MTV,imports,0.7214584070043524,region-sector
2020,NL,OTE,exports,0.25418347774323696,region-sector
2020,NL,OTE,imports,0.021811294067338977,region-sector
2020,NL,MFN,exports,0.6904422253922967,region-sector
2020,NL,MFN,imports,0.0729092327906465,region-sector
2020,NL,UTL,exports,0.9752155860747366,region-sector
2020,NL,UTL,imports,0.7788018433179724,region-sector
2020,NL,CON,exports,0.6926770708283313,region-sector
2020,NL,CON,imports,1,region-sector
2020,NL,TRD,exports,0.7073895345931507,region-sector
2020,NL,TRD,imports,0.841832439856453,region-sector
2020,NL,TRN,exports,0.4363914105295932,region-sector
2020,NL,TRN,imports,0.5049397938834848,region-sector
2020,NL,ACC,exports,0.22121548850329084,region-sector
2020,NL,ACC,imports,0.44651414034048337,region-sector
2020,NL,PUB,exports,0.8178720181749337,region-sector
2020,NL,PUB,imports,0.42945387007241387,region-sector
2020,NL,TEL,exports,0.6001961247207948,region-sector
2020,NL,TEL,imports,0.6318928342049729,region-sector
2020,NL,ITS,exports,0.6396315056544294,region-sector
2020,NL,ITS,imports,0.6818346388363686,region-sector
2020,NL,FIN,exports,0.6609315663024102,region-sector
2020,NL,FIN,imports,0.4769074304405489,region-sector
2020,NL,REA,exports,0.06168601166148982,region-sector
2020,NL,REA,imports,0.4950748620961387,region-sector
2020,NL,PRF,exports,0.6493191680383062,region-sector
2020,NL,PRF,imports,0.640460226802417,region-sector
2020,NL,ADM,exports,0.5777085633180886,region-sector
2020,NL,ADM,imports,0.6742751829951288,region-sector
2020,NL,PAD,exports,0.3523900269969827,region-sector
2020,NL,PAD,imports,0.6645569620253164,region-sector
2020,NL,EDU,exports,0.08575300596868601,region-sector
2020,NL,EDU,imports,0.5880424713176086,region-sector
2020,NL,HTH,exports,0.31604172540174796,region-sector
2020,NL,HTH,imports,0.8584176085663295,region-sector
2020,NL,ART,exports,0.6924578960214791,region-sector
2020,NL,ART,imports,0.5379088963619688,region-sector
2020,NL,OSV,exports,0.09980753368160572,region-sector
2020,NL,OSV,imports,0.6527552674230146,region-sector
2020,PE,AGR,exports,0.7288675029673936,region-sector
2020,PE,AGR,imports,0.8631015335801163,region-sector
2020,PE,MIE,exports,0.8982593913795489,canada-sector
2020,PE,MIE,imports,0.6,region-sector
2020,PE,MIN,exports,0.879765395894428,region-sector
2020,PE,MIN,imports,0.9827373612823674,region-sector
2020,PE,MIS,exports,0.5528940450570706,canada-sector
2020,PE,MIS,imports,0.8504671190773256,canada-sector
2020,PE,FOD,exports,0.8716093546387317,region-sector
2020,PE,FOD,imports,0.7314848244157219,region-sector
2020,PE,TEX,exports,0.49724770642201843,region-sector
2020,PE,TEX,imports,0.39773651396042287,region-sector
2020,PE,WOD,exports,0.2773109243697479,region-sector
2020,PE,WOD,imports,0.6244756256328656,region-sector
2020,PE,PAP,exports,0.9930387409200969,region-sector
2020,PE,PAP,imports,0.9960012931987953,region-sector
2020,PE,PET,exports,1,region-sector
2020,PE,PET,imports,0.4953519899293115,region-sector
2020,PE,CHM,exports,0.4863521836506159,region-sector
2020,PE,CHM,imports,0.38095721979473635,region-sector
2020,PE,RUB,exports,0.9215686274509804,region-sector
2020,PE,RUB,imports,0.7863608401441251,region-sector
2020,PE,NMM,exports,0.8090277777777778,region-sector
2020,PE,NMM,imports,0.6720505617977528,region-sector
2020,PE,BMT,exports,0.8826714801444042,region-sector
2020,PE,BMT,imports,0.9052980798230622,region-sector
2020,PE,FMT,exports,0.9187124931805782,region-sector
2020,PE,FMT,imports,0.8027836426269586,region-sector
2020,PE,ELC,exports,0.5956873315363882,region-sector
2020,PE,ELC,imports,0.7605813200810173,region-sector
2020,PE,ELQ,exports,0.08163403106009454,region-sector
2020,PE,ELQ,imports,0.8169766272932898,region-sector
2020,PE,MAC,exports,0.689158729004581,region-sector
2020,PE,MAC,imports,0.7287409861202526,region-sector
2020,PE,MTV,exports,0.9939810834049871,region-sector
2020,PE,MTV,imports,0.7665316708229426,region-sector
2020,PE,OTE,exports,0.6595621137165877,region-sector
2020,PE,OTE,imports,0.37803649787251037,region-sector
2020,PE,MFN,exports,0.6215864759427828,region-sector
2020,PE,MFN,imports,0.8892983398498495,region-sector
2020,PE,UTL,exports,0.8340192043895748,region-sector
2020,PE,UTL,imports,0.7821386994844505,region-sector
2020,PE,CON,exports,0.4880952380952381,region-sector
2020,PE,CON,imports,0.9801980198019802,region-sector
2020,PE,TRD,exports,0.6397410142252145,region-sector
2020,PE,TRD,imports,0.8664174699980326,region-sector
2020,PE,TRN,exports,0.6837289779653686,region-sector
2020,PE,TRN,imports,0.7260045969723389,region-sector
2020,PE,ACC,exports,0.2022987633715196,region-sector
2020,PE,ACC,imports,0.4554036232387034,region-sector
2020,PE,PUB,exports,0.5565610859728507,region-sector
2020,PE,PUB,imports,0.9254108723135273,region-sector
2020,PE,TEL,exports,0.5591522157996146,region-sector
2020,PE,TEL,imports,0.79456106870229,region-sector
2020,PE,ITS,exports,0.6692607003891051,region-sector
2020,PE,ITS,imports,0.7188062387522495,region-sector
2020,PE,FIN,exports,0.6054625096624581,region-sector
2020,PE,FIN,imports,0.4601281269066504,region-sector
2020,PE,REA,exports,0.03970805456599183,region-sector
2020,PE,REA,imports,0.5546605293440736,region-sector
2020,PE,PRF,exports,0.6174730413207367,region-sector
2020,PE,PRF,imports,0.6814386432307742,region-sector
2020,PE,ADM,exports,0.6175470414871911,region-sector
2020,PE,ADM,imports,0.6687891912857974,region-sector
2020,PE,PAD,exports,0.5829617460689979,region-sector
2020,PE,PAD,imports,0.8142857142857143,region-sector
2020,PE,EDU,exports,0.06198263092160678,region-sector
2020,PE,EDU,imports,0.588123415046492,region-sector
2020,PE,HTH,exports,0.5099099099099099,region-sector
2020,PE,HTH,imports,0.854014598540146,region-sector
2020,PE,ART,exports,0.5969685192382433,region-sector
2020,PE,ART,imports,0.5494923857868022,region-sector
2020,PE,OSV,exports,0.08526413345690455,region-sector
2020,PE,OSV,imports,0.6559837728194726,region-sector
2020,NS,AGR,exports,0.4196266948651412,region-sector
2020,NS,AGR,imports,0.09544891092615547,region-sector
2020,NS,MIE,exports,0,region-sector
2020,NS,MIE,imports,0.8098397205458362,region-sector
2020,NS,MIN,exports,0.890727597741633,region-sector
2020,NS,MIN,imports,0.43047918303220745,region-sector
2020,NS,MIS,exports,0.5358072916666665,region-sector
2020,NS,MIS,imports,0.8504671190773256,canada-sector
2020,NS,FOD,exports,0.4662251173623494,region-sector
2020,NS,FOD,imports,0.03705901122280567,region-sector
2020,NS,TEX,exports,0.927983227240578,region-sector
2020,NS,TEX,imports,0.005217087663644327,region-sector
2020,NS,WOD,exports,0.8290476168094718,region-sector
2020,NS,WOD,imports,0.051635759612764245,region-sector
2020,NS,PAP,exports,0.6825783286606659,region-sector
2020,NS,PAP,imports,0.21271923116921254,region-sector
2020,NS,PET,exports,0,region-sector
2020,NS,PET,imports,0.38769085267501446,region-sector
2020,NS,CHM,exports,0.5811399153694566,region-sector
2020,NS,CHM,imports,0.2555364900460824,region-sector
2020,NS,RUB,exports,0.943193868878844,region-sector
2020,NS,RUB,imports,0.09703021707085034,region-sector
2020,NS,NMM,exports,0.8602169349195241,region-sector
2020,NS,NMM,imports,0.02269464481386641,region-sector
2020,NS,BMT,exports,0.28638941398865786,region-sector
2020,NS,BMT,imports,0.02880637220152861,region-sector
2020,NS,FMT,exports,0.7306269607154564,region-sector
2020,NS,FMT,imports,0.14958763573619493,region-sector
2020,NS,ELC,exports,0.4052455627302048,region-sector
2020,NS,ELC,imports,0.1978784573261601,region-sector
2020,NS,ELQ,exports,0.761840227217024,region-sector
2020,NS,ELQ,imports,0.15911220832433481,region-sector
2020,NS,MAC,exports,0.5749278016482355,region-sector
2020,NS,MAC,imports,0.14723039626387693,region-sector
2020,NS,MTV,exports,0.10996138996138997,region-sector
2020,NS,MTV,imports,0.07331102359217186,region-sector
2020,NS,OTE,exports,0.2611910910509137,region-sector
2020,NS,OTE,imports,0.6077645298375195,region-sector
2020,NS,MFN,exports,0.7682350205410433,region-sector
2020,NS,MFN,imports,0.045625050966321454,region-sector
2020,NS,UTL,exports,0.8357230600889826,region-sector
2020,NS,UTL,imports,0.7804878048780488,region-sector
2020,NS,CON,exports,0.7870482207562948,region-sector
2020,NS,CON,imports,0.49750889679715304,region-sector
2020,NS,TRD,exports,0.7714566485367472,region-sector
2020,NS,TRD,imports,0.3381783711193617,region-sector
2020,NS,TRN,exports,0.4666909348722679,region-sector
2020,NS,TRN,imports,0.7208165769204553,region-sector
2020,NS,ACC,exports,0.22756715564869498,region-sector
2020,NS,ACC,imports,0.4651224707135251,region-sector
2020,NS,PUB,exports,0.826633969506344,region-sector
2020,NS,PUB,imports,0.3545260181091832,region-sector
2020,NS,TEL,exports,0.581182999715397,region-sector
2020,NS,TEL,imports,0.7735605143016864,region-sector
2020,NS,ITS,exports,0.6622576376100217,region-sector
2020,NS,ITS,imports,0.6800389450862961,region-sector
2020,NS,FIN,exports,0.5087653221940698,region-sector
2020,NS,FIN,imports,0.47081910858627724,region-sector
2020,NS,REA,exports,0.08209003950246482,region-sector
2020,NS,REA,imports,0.48893535459139226,region-sector
2020,NS,PRF,exports,0.6687568230340251,region-sector
2020,NS,PRF,imports,0.7332979244600529,region-sector
2020,NS,ADM,exports,0.6077352212743602,region-sector
2020,NS,ADM,imports,0.6778081396484783,region-sector
2020,NS,PAD,exports,0.5696162272952152,region-sector
2020,NS,PAD,imports,0.6048565121412803,region-sector
2020,NS,EDU,exports,0.0649589329537826,region-sector
2020,NS,EDU,imports,0.5861075167627339,region-sector
2020,NS,HTH,exports,0.6090642951833849,region-sector
2020,NS,HTH,imports,0.8610795454545455,region-sector
2020,NS,ART,exports,0.7007848087371714,region-sector
2020,NS,ART,imports,0.5444198843060716,region-sector
2020,NS,OSV,exports,0.10418060200668897,region-sector
2020,NS,OSV,imports,0.6490508731966591,region-sector
2020,NB,AGR,exports,0.9145309189874593,region-sector
2020,NB,AGR,imports,0.9219981096135531,region-sector
2020,NB,MIE,exports,1,region-sector
2020,NB,MIE,imports,0.4694461293114611,region-sector
2020,NB,MIN,exports,0.742879186615513,region-sector
2020,NB,MIN,imports,0.33948642804810486,region-sector
2020,NB,MIS,exports,0.5428217821782179,region-sector
2020,NB,MIS,imports,0.8468468468468469,region-sector
2020,NB,FOD,exports,0.7881275016936664,region-sector
2020,NB,FOD,imports,0.8390985823016647,region-sector
2020,NB,TEX,exports,0.792845822956758,region-sector
2020,NB,TEX,imports,0.5449373414315369,region-sector
2020,NB,WOD,exports,0.9622497531802938,region-sector
2020,NB,WOD,imports,0.9574739308190547,region-sector
2020,NB,PAP,exports,0.744703010708584,region-sector
2020,NB,PAP,imports,0.9584042926686125,region-sector
2020,NB,PET,exports,0.9365600869906828,region-sector
2020,NB,PET,imports,0.5262694351222377,region-sector
2020,NB,CHM,exports,0.945762841613718,region-sector
2020,NB,CHM,imports,0.6107516842523156,region-sector
2020,NB,RUB,exports,0.881543928986916,region-sector
2020,NB,RUB,imports,0.8786438365627051,region-sector
2020,NB,NMM,exports,0.9815322817674147,region-sector
2020,NB,NMM,imports,0.8272925662193096,region-sector
2020,NB,BMT,exports,0.13484573502722325,region-sector
2020,NB,BMT,imports,0.8898495013061031,region-sector
2020,NB,FMT,exports,0.9019575414962714,region-sector
2020,NB,FMT,imports,0.8987939955836459,region-sector
2020,NB,ELC,exports,0.5514980328861092,region-sector
2020,NB,ELC,imports,0.7576995926117092,region-sector
2020,NB,ELQ,exports,0.9077142348120434,region-sector
2020,NB,ELQ,imports,0.7982751887207526,region-sector
2020,NB,MAC,exports,0.8515782482551296,region-sector
2020,NB,MAC,imports,0.8327943318696581,region-sector
2020,NB,MTV,exports,0.5280733124720608,region-sector
2020,NB,MTV,imports,0.2959016926346178,region-sector
2020,NB,OTE,exports,0.8898029134532992,region-sector
2020,NB,OTE,imports,0.8196688896478581,region-sector
2020,NB,MFN,exports,0.8347777052294177,region-sector
2020,NB,MFN,imports,0.7832107422603506,region-sector
2020,NB,UTL,exports,0.9405693928013105,region-sector
2020,NB,UTL,imports,0.9802698718675588,region-sector
2020,NB,CON,exports,0.49466192170818507,region-sector
2020,NB,CON,imports,0.2952358322442675,region-sector
2020,NB,TRD,exports,0.7799061952454915,region-sector
2020,NB,TRD,imports,0.7961465994043639,region-sector
2020,NB,TRN,exports,0.7030165357295303,region-sector
2020,NB,TRN,imports,0.7000212528067565,region-sector
2020,NB,ACC,exports,0.22210645325766476,region-sector
2020,NB,ACC,imports,0.46798224452378656,region-sector
2020,NB,PUB,exports,0.8131183298278414,region-sector
2020,NB,PUB,imports,0.8861571759541519,region-sector
2020,NB,TEL,exports,0.5693694214159855,region-sector
2020,NB,TEL,imports,0.7658500213037921,region-sector
2020,NB,ITS,exports,0.7177156777775174,region-sector
2020,NB,ITS,imports,0.7038006916190392,region-sector
2020,NB,FIN,exports,0.5722793782770661,region-sector
2020,NB,FIN,imports,0.45331726795422533,region-sector
2020,NB,REA,exports,0.04198651937839356,region-sector
2020,NB,REA,imports,0.4890611326415802,region-sector
2020,NB,PRF,exports,0.6287230868678833,region-sector
2020,NB,PRF,imports,0.6531676739610587,region-sector
2020,NB,ADM,exports,0.6207513554786016,region-sector
2020,NB,ADM,imports,0.6695321990693106,region-sector
2020,NB,PAD,exports,0.5725348173011807,region-sector
2020,NB,PAD,imports,0.5452574525745257,region-sector
2020,NB,EDU,exports,0.06591554839423869,region-sector
2020,NB,EDU,imports,0.5918141898423044,region-sector
2020,NB,HTH,exports,0.6104384447619765,region-sector
2020,NB,HTH,imports,0.8436866359447005,region-sector
2020,NB,ART,exports,0.6658686730506156,region-sector
2020,NB,ART,imports,0.5455472190507259,region-sector
2020,NB,OSV,exports,0.1299287823519194,region-sector
2020,NB,OSV,imports,0.6459484066767829,region-sector
2020,QC,AGR,exports,0.5149767361970629,region-sector
2020,QC,AGR,imports,0.5356186265950925,region-sector
2020,QC,MIE,exports,0,region-sector
2020,QC,MIE,imports,0.9937759861029464,region-sector
2020,QC,MIN,exports,0.1033325160690871,region-sector
2020,QC,MIN,imports,0.4852898450774906,region-sector
2020,QC,MIS,exports,0.6167454895778595,region-sector
2020,QC,MIS,imports,0.850373304891056,region-sector
2020,QC,FOD,exports,0.6357029485962686,region-sector
2020,QC,FOD,imports,0.35887642332294806,region-sector
2020,QC,TEX,exports,0.7122047994886495,region-sector
2020,QC,TEX,imports,0.18461692920062403,region-sector
2020,QC,WOD,exports,0.9369041868685428,region-sector
2020,QC,WOD,imports,0.5003942603725635,region-sector
2020,QC,PAP,exports,0.8205218177669352,region-sector
2020,QC,PAP,imports,0.7541882704596288,region-sector
2020,QC,PET,exports,0.7660215481635436,region-sector
2020,QC,PET,imports,0.5319766115178964,region-sector
2020,QC,CHM,exports,0.7837887145386275,region-sector
2020,QC,CHM,imports,0.43005202451364166,region-sector
2020,QC,RUB,exports,0.8892636509872666,region-sector
2020,QC,RUB,imports,0.5685176972266177,region-sector
2020,QC,NMM,exports,0.8928216922101483,region-sector
2020,QC,NMM,imports,0.30812534306286526,region-sector
2020,QC,BMT,exports,0.8112192621816138,region-sector
2020,QC,BMT,imports,0.2374329401934204,region-sector
2020,QC,FMT,exports,0.7837141202706327,region-sector
2020,QC,FMT,imports,0.5253405064666277,region-sector
2020,QC,ELC,exports,0.5932034596956952,region-sector
2020,QC,ELC,imports,0.6858903159950039,region-sector
2020,QC,ELQ,exports,0.8108131211024239,region-sector
2020,QC,ELQ,imports,0.47129982408407634,region-sector
2020,QC,MAC,exports,0.6928797355870632,region-sector
2020,QC,MAC,imports,0.46754884780151085,region-sector
2020,QC,MTV,exports,0.9185095402141413,region-sector
2020,QC,MTV,imports,0.58511469679031,region-sector
2020,QC,OTE,exports,0.64502050092151475,region-sector
2020,QC,OTE,imports,0.5180300018584507,region-sector
2020,QC,MFN,exports,0.8114483022807274,region-sector
2020,QC,MFN,imports,0.34957026588923373,region-sector
2020,QC,UTL,exports,0.923690827499798,region-sector
2020,QC,UTL,imports,0.7776560360007826,region-sector
2020,QC,CON,exports,0.5229755505462111,region-sector
2020,QC,CON,imports,0.7757092887679751,region-sector
2020,QC,TRD,exports,0.6833949983575702,region-sector
2020,QC,TRD,imports,0.7716778675812328,region-sector
2020,QC,TRN,exports,0.6074670641463579,region-sector
2020,QC,TRN,imports,0.6542054907381722,region-sector
2020,QC,ACC,exports,0.2275081701709229,region-sector
2020,QC,ACC,imports,0.47583954376527915,region-sector
2020,QC,PUB,exports,0.7594519459223841,region-sector
2020,QC,PUB,imports,0.6937577693146874,region-sector
2020,QC,TEL,exports,0.5990833080977873,region-sector
2020,QC,TEL,imports,0.7187145802324184,region-sector
2020,QC,ITS,exports,0.6701267729983903,region-sector
2020,QC,ITS,imports,0.7185501618944964,region-sector
2020,QC,FIN,exports,0.4778782511419782,region-sector
2020,QC,FIN,imports,0.5347136865446322,region-sector
2020,QC,REA,exports,0.10856212624983858,region-sector
2020,QC,REA,imports,0.508500705203197,region-sector
2020,QC,PRF,exports,0.6150079249816134,region-sector
2020,QC,PRF,imports,0.7019618517574913,region-sector
2020,QC,ADM,exports,0.6191077617692508,region-sector
2020,QC,ADM,imports,0.661726867127482,region-sector
2020,QC,PAD,exports,0.5429494654475312,region-sector
2020,QC,PAD,imports,0.5045574235365607,region-sector
2020,QC,EDU,exports,0.06822125197915345,region-sector
2020,QC,EDU,imports,0.5902006576271974,region-sector
2020,QC,HTH,exports,0.5442293056443862,region-sector
2020,QC,HTH,imports,0.9077298922575796,region-sector
2020,QC,ART,exports,0.7534322908456359,region-sector
2020,QC,ART,imports,0.5914670969228997,region-sector
2020,QC,OSV,exports,0.336018780344662,region-sector
2020,QC,OSV,imports,0.6414833143235588,region-sector
2020,ON,AGR,exports,0.5313106481432313,region-sector
2020,ON,AGR,imports,0.7309321770090977,region-sector
2020,ON,MIE,exports,0.993675156544605,region-sector
2020,ON,MIE,imports,0.999277504482242,region-sector
2020,ON,MIN,exports,0.4104298435136726,region-sector
2020,ON,MIN,imports,0.1693783004595907,region-sector
2020,ON,MIS,exports,0.5449780485619568,region-sector
2020,ON,MIS,imports,0.8504935608289207,region-sector
2020,ON,FOD,exports,0.8164623065891092,region-sector
2020,ON,FOD,imports,0.6620809202914716,region-sector
2020,ON,TEX,exports,0.6723612110852784,region-sector
2020,ON,TEX,imports,0.37781682892537294,region-sector
2020,ON,WOD,exports,0.9670792652522067,region-sector
2020,ON,WOD,imports,0.6830669120746972,region-sector
2020,ON,PAP,exports,0.8998374228835366,region-sector
2020,ON,PAP,imports,0.8931351345640091,region-sector
2020,ON,PET,exports,0.8062811172750863,region-sector
2020,ON,PET,imports,0.8984696292428157,region-sector
2020,ON,CHM,exports,0.7132569053039063,region-sector
2020,ON,CHM,imports,0.6376182041319836,region-sector
2020,ON,RUB,exports,0.909620100242911,region-sector
2020,ON,RUB,imports,0.7554288707681536,region-sector
2020,ON,NMM,exports,0.8947031094129998,region-sector
2020,ON,NMM,imports,0.7773221961844243,region-sector
2020,ON,BMT,exports,0.3945306166888651,region-sector
2020,ON,BMT,imports,0.6207408090771784,region-sector
2020,ON,FMT,exports,0.8521565309018627,region-sector
2020,ON,FMT,imports,0.7114618473583111,region-sector
2020,ON,ELC,exports,0.6862304712593469,region-sector
2020,ON,ELC,imports,0.5298811667992492,region-sector
2020,ON,ELQ,exports,0.8350607119382847,region-sector
2020,ON,ELQ,imports,0.6784780386167373,region-sector
2020,ON,MAC,exports,0.7843365998851457,region-sector
2020,ON,MAC,imports,0.7279293151862195,region-sector
2020,ON,MTV,exports,0.9345825339340994,region-sector
2020,ON,MTV,imports,0.750398088908096,region-sector
2020,ON,OTE,exports,0.544684873015167,region-sector
2020,ON,OTE,imports,0.63575309979847,region-sector
2020,ON,MFN,exports,0.693801300500435,region-sector
2020,ON,MFN,imports,0.6121056643311679,region-sector
2020,ON,UTL,exports,0.848275680652374,region-sector
2020,ON,UTL,imports,0.7904511539799747,region-sector
2020,ON,CON,exports,0.6192089522590328,region-sector
2020,ON,CON,imports,0.9888572731814331,region-sector
2020,ON,TRD,exports,0.746687359084478,region-sector
2020,ON,TRD,imports,0.7845442816219168,region-sector
2020,ON,TRN,exports,0.6384214004769849,region-sector
2020,ON,TRN,imports,0.6552087407558325,region-sector
2020,ON,ACC,exports,0.26835910532299045,region-sector
2020,ON,ACC,imports,0.4720624040235282,region-sector
2020,ON,PUB,exports,0.7774858788547246,region-sector
2020,ON,PUB,imports,0.8498671754016132,region-sector
2020,ON,TEL,exports,0.6106260160313025,region-sector
2020,ON,TEL,imports,0.7228960489681114,region-sector
2020,ON,ITS,exports,0.6903069150458273,region-sector
2020,ON,ITS,imports,0.7253891401405184,region-sector
2020,ON,FIN,exports,0.4964713338237552,region-sector
2020,ON,FIN,imports,0.5503988223766179,region-sector
2020,ON,REA,exports,0.16447114856473627,region-sector
2020,ON,REA,imports,0.5125610529477865,region-sector
2020,ON,PRF,exports,0.6413127084925203,region-sector
2020,ON,PRF,imports,0.6694106334329321,region-sector
2020,ON,ADM,exports,0.6233242144645937,region-sector
2020,ON,ADM,imports,0.6588117605852771,region-sector
2020,ON,PAD,exports,0.42147163482621375,region-sector
2020,ON,PAD,imports,0.5038130263807294,region-sector
2020,ON,EDU,exports,0.055824794214066276,region-sector
2020,ON,EDU,imports,0.5801711765323625,region-sector
2020,ON,HTH,exports,0.5458944810957026,region-sector
2020,ON,HTH,imports,0.8318443777160229,region-sector
2020,ON,ART,exports,0.7550951866892852,region-sector
2020,ON,ART,imports,0.5929651539239915,region-sector
2020,ON,OSV,exports,0.24188573224881135,region-sector
2020,ON,OSV,imports,0.6229971040280338,region-sector
2020,MB,AGR,exports,0.27242904771938153,region-sector
2020,MB,AGR,imports,0.7921933071004325,region-sector
2020,MB,MIE,exports,1,region-sector
2020,MB,MIE,imports,0.9964285714285714,region-sector
2020,MB,MIN,exports,0.9978442904849724,region-sector
2020,MB,MIN,imports,0.9477668914620181,region-sector
2020,MB,MIS,exports,0.5361386138613862,region-sector
2020,MB,MIS,imports,0.8504580152671756,region-sector
2020,MB,FOD,exports,0.5066750702556713,region-sector
2020,MB,FOD,imports,0.8515798164018018,region-sector
2020,MB,TEX,exports,0.9285210491514214,region-sector
2020,MB,TEX,imports,0.594390216159514,region-sector
2020,MB,WOD,exports,0.9967231997457997,region-sector
2020,MB,WOD,imports,0.8566858499744405,region-sector
2020,MB,PAP,exports,0.5964033746114756,region-sector
2020,MB,PAP,imports,0.9440790093672842,region-sector
2020,MB,PET,exports,0.993838028169014,region-sector
2020,MB,PET,imports,0.8376145927849566,region-sector
2020,MB,CHM,exports,0.9659701292737208,region-sector
2020,MB,CHM,imports,0.8354923930105601,region-sector
2020,MB,RUB,exports,0.881017450515721,region-sector
2020,MB,RUB,imports,0.8409683184727367,region-sector
2020,MB,NMM,exports,0.7466982420985517,region-sector
2020,MB,NMM,imports,0.8636196660702222,region-sector
2020,MB,BMT,exports,0.9650255561040078,region-sector
2020,MB,BMT,imports,0.8229366438940492,region-sector
2020,MB,FMT,exports,0.8731925580273179,region-sector
2020,MB,FMT,imports,0.8685218621365279,region-sector
2020,MB,ELC,exports,0.8775833309773543,region-sector
2020,MB,ELC,imports,0.7497033088386845,region-sector
2020,MB,ELQ,exports,0.9180518100841709,region-sector
2020,MB,ELQ,imports,0.828703264843612,region-sector
2020,MB,MAC,exports,0.7889342089363789,region-sector
2020,MB,MAC,imports,0.8755736729163731,region-sector
2020,MB,MTV,exports,0.9894750521888042,region-sector
2020,MB,MTV,imports,0.8157597932121251,region-sector
2020,MB,OTE,exports,0.8354666357650018,region-sector
2020,MB,OTE,imports,0.8536190380033927,region-sector
2020,MB,MFN,exports,0.6957464000385281,region-sector
2020,MB,MFN,imports,0.772116379283645,region-sector
2020,MB,UTL,exports,0.9732011857352456,region-sector
2020,MB,UTL,imports,0.7954325319098559,region-sector
2020,MB,CON,exports,0.6178258935192051,region-sector
2020,MB,CON,imports,1,region-sector
2020,MB,TRD,exports,0.5690839615821544,region-sector
2020,MB,TRD,imports,0.8222763371506296,region-sector
2020,MB,TRN,exports,0.6240867036320217,region-sector
2020,MB,TRN,imports,0.6400322198027865,region-sector
2020,MB,ACC,exports,0.21940436084214993,region-sector
2020,MB,ACC,imports,0.46290970065735443,region-sector
2020,MB,PUB,exports,0.7679590060910761,region-sector
2020,MB,PUB,imports,0.9016696692832326,region-sector
2020,MB,TEL,exports,0.6021290644678144,region-sector
2020,MB,TEL,imports,0.7777617669020265,region-sector
2020,MB,ITS,exports,0.697800923485631,region-sector
2020,MB,ITS,imports,0.6840233215926542,region-sector
2020,MB,FIN,exports,0.48113274125910493,region-sector
2020,MB,FIN,imports,0.5448118082894935,region-sector
2020,MB,REA,exports,0.05586499568994099,region-sector
2020,MB,REA,imports,0.5199876237623763,region-sector
2020,MB,PRF,exports,0.6193747326958515,region-sector
2020,MB,PRF,imports,0.7465877109703156,region-sector
2020,MB,ADM,exports,0.6274700698305455,region-sector
2020,MB,ADM,imports,0.6811709074532764,region-sector
2020,MB,PAD,exports,0.4719998557622963,region-sector
2020,MB,PAD,imports,0.5603799185888738,region-sector
2020,MB,EDU,exports,0.05532256668237738,region-sector
2020,MB,EDU,imports,0.5838828515665601,region-sector
2020,MB,HTH,exports,0.5148253129080543,region-sector
2020,MB,HTH,imports,0.8428238428238427,region-sector
2020,MB,ART,exports,0.6448196641700442,region-sector
2020,MB,ART,imports,0.5532766521283057,region-sector
2020,MB,OSV,exports,0.16429699842022116,region-sector
2020,MB,OSV,imports,0.6360564699585174,region-sector
2020,SK,AGR,exports,0.09436807351794922,region-sector
2020,SK,AGR,imports,0.8894756319744933,region-sector
2020,SK,MIE,exports,0.99782669254537,region-sector
2020,SK,MIE,imports,0.9988732613256663,region-sector
2020,SK,MIN,exports,0.4757569718732194,region-sector
2020,SK,MIN,imports,0.9310251919709013,region-sector
2020,SK,MIS,exports,0.5355648535564854,region-sector
2020,SK,MIS,imports,0.850412821758135,region-sector
2020,SK,FOD,exports,0.6033103913666152,region-sector
2020,SK,FOD,imports,0.8495337143417793,region-sector
2020,SK,TEX,exports,0.9510750329091705,region-sector
2020,SK,TEX,imports,0.4232765734421696,region-sector
2020,SK,WOD,exports,0.9943738773263223,region-sector
2020,SK,WOD,imports,0.7859292206536452,region-sector
2020,SK,PAP,exports,0.0028884930066840004,region-sector
2020,SK,PAP,imports,0.9377386699890984,region-sector
2020,SK,PET,exports,0.9575447004167152,region-sector
2020,SK,PET,imports,0.9554783422010182,region-sector
2020,SK,CHM,exports,0.8639613359485572,region-sector
2020,SK,CHM,imports,0.8672599986334626,region-sector
2020,SK,RUB,exports,0.9072454015253476,region-sector
2020,SK,RUB,imports,0.8266924333174357,region-sector
2020,SK,NMM,exports,0.9465175804930622,region-sector
2020,SK,NMM,imports,0.8148460911869548,region-sector
2020,SK,BMT,exports,0.9772365445499773,region-sector
2020,SK,BMT,imports,0.8310591550460232,region-sector
2020,SK,FMT,exports,0.8663370841042128,region-sector
2020,SK,FMT,imports,0.8525635716060631,region-sector
2020,SK,ELC,exports,0.8209406642217384,region-sector
2020,SK,ELC,imports,0.7988732230098358,region-sector
2020,SK,ELQ,exports,0.9668150307231762,region-sector
2020,SK,ELQ,imports,0.8710307760292564,region-sector
2020,SK,MAC,exports,0.7301260359962728,region-sector
2020,SK,MAC,imports,0.8905987137794464,region-sector
2020,SK,MTV,exports,0.9781550492758248,region-sector
2020,SK,MTV,imports,0.9096632779767343,region-sector
2020,SK,OTE,exports,0.6188845253105367,canada-sector
2020,SK,OTE,imports,0.8642602216517438,region-sector
2020,SK,MFN,exports,0.8434211633975923,region-sector
2020,SK,MFN,imports,0.8282038014205493,region-sector
2020,SK,UTL,exports,0.7340691505579608,region-sector
2020,SK,UTL,imports,0.9465167306637411,region-sector
2020,SK,CON,exports,0.48380129589632825,region-sector
2020,SK,CON,imports,1,region-sector
2020,SK,TRD,exports,0.5453088553323701,region-sector
2020,SK,TRD,imports,0.8907247986670369,region-sector
2020,SK,TRN,exports,0.6496019269140719,region-sector
2020,SK,TRN,imports,0.5987084553125538,region-sector
2020,SK,ACC,exports,0.20406124670135525,region-sector
2020,SK,ACC,imports,0.47164146588874445,region-sector
2020,SK,PUB,exports,0.9354378305767778,region-sector
2020,SK,PUB,imports,0.9130535430509154,region-sector
2020,SK,TEL,exports,0.6189965417121299,region-sector
2020,SK,TEL,imports,0.8211466377812239,region-sector
2020,SK,ITS,exports,0.6586402266288952,region-sector
2020,SK,ITS,imports,0.7095201764349445,region-sector
2020,SK,FIN,exports,0.558871951921527,region-sector
2020,SK,FIN,imports,0.5738458207363332,region-sector
2020,SK,REA,exports,0.3293944586337332,region-sector
2020,SK,REA,imports,0.512161330049261,region-sector
2020,SK,PRF,exports,0.6533994447650783,region-sector
2020,SK,PRF,imports,0.6650013508449317,region-sector
2020,SK,ADM,exports,0.6410340784271923,region-sector
2020,SK,ADM,imports,0.6775094108277517,region-sector
2020,SK,PAD,exports,0.6263567653577313,region-sector
2020,SK,PAD,imports,0.5820895522388059,region-sector
2020,SK,EDU,exports,0.05428903342286548,region-sector
2020,SK,EDU,imports,0.573249201350341,region-sector
2020,SK,HTH,exports,0.5143278205338138,region-sector
2020,SK,HTH,imports,0.8456858407079647,region-sector
2020,SK,ART,exports,0.7293217676388224,region-sector
2020,SK,ART,imports,0.5230795483632433,region-sector
2020,SK,OSV,exports,0.09423604757548032,region-sector
2020,SK,OSV,imports,0.6400547640439823,region-sector
2020,AB,AGR,exports,0.2377235084634556,region-sector
2020,AB,AGR,imports,0.8742604197631835,region-sector
2020,AB,MIE,exports,0.9807054975725568,region-sector
2020,AB,MIE,imports,0.993154281098546,region-sector
2020,AB,MIN,exports,0.5806879417146503,region-sector
2020,AB,MIN,imports,0.18319186702421608,region-sector
2020,AB,MIS,exports,0.5832308571626513,region-sector
2020,AB,MIS,imports,0.8504656413150841,region-sector
2020,AB,FOD,exports,0.5421110606037982,region-sector
2020,AB,FOD,imports,0.6299637624376195,region-sector
2020,AB,TEX,exports,0.6642633082073129,region-sector
2020,AB,TEX,imports,0.35863789055039375,region-sector
2020,AB,WOD,exports,0.9309233954372911,region-sector
2020,AB,WOD,imports,0.5315346142674683,region-sector
2020,AB,PAP,exports,0.3979876998941814,region-sector
2020,AB,PAP,imports,0.8193124769224065,region-sector
2020,AB,PET,exports,0.8300389521464492,region-sector
2020,AB,PET,imports,0.9241523168775273,region-sector
2020,AB,CHM,exports,0.7838206473149705,region-sector
2020,AB,CHM,imports,0.7910465906693649,region-sector
2020,AB,RUB,exports,0.8893085730963192,region-sector
2020,AB,RUB,imports,0.540091444813701,region-sector
2020,AB,NMM,exports,0.9278226472775345,region-sector
2020,AB,NMM,imports,0.5625667789923564,region-sector
2020,AB,BMT,exports,0.21904104421583095,region-sector
2020,AB,BMT,imports,0.48045370192869846,region-sector
2020,AB,FMT,exports,0.7277447037016002,region-sector
2020,AB,FMT,imports,0.6490174420690609,region-sector
2020,AB,ELC,exports,0.6080829946418294,region-sector
2020,AB,ELC,imports,0.6178494002182223,region-sector
2020,AB,ELQ,exports,0.7922667280354325,region-sector
2020,AB,ELQ,imports,0.6463113158028413,region-sector
2020,AB,MAC,exports,0.7477039775907746,region-sector
2020,AB,MAC,imports,0.7269270282525517,region-sector
2020,AB,MTV,exports,0.9452769877048413,region-sector
2020,AB,MTV,imports,0.8932220330492151,region-sector
2020,AB,OTE,exports,0.44182268010782466,region-sector
2020,AB,OTE,imports,0.615371756450412,region-sector
2020,AB,MFN,exports,0.7528158094650048,region-sector
2020,AB,MFN,imports,0.5516100141203721,region-sector
2020,AB,UTL,exports,0.7410735355515619,region-sector
2020,AB,UTL,imports,0.9507480057910124,region-sector
2020,AB,CON,exports,0.532693270237066,region-sector
2020,AB,CON,imports,0.9990908339532192,region-sector
2020,AB,TRD,exports,0.683714628097272,region-sector
2020,AB,TRD,imports,0.8102850665252114,region-sector
2020,AB,TRN,exports,0.7909221787468201,region-sector
2020,AB,TRN,imports,0.5826533301226278,region-sector
2020,AB,ACC,exports,0.22791433351174517,region-sector
2020,AB,ACC,imports,0.47419622835072006,region-sector
2020,AB,PUB,exports,0.31813940831162774,region-sector
2020,AB,PUB,imports,0.8871411288559365,region-sector
2020,AB,TEL,exports,0.59770003239391,region-sector
2020,AB,TEL,imports,0.74801585021034,region-sector
2020,AB,ITS,exports,0.6487609879042671,region-sector
2020,AB,ITS,imports,0.6972652778486798,region-sector
2020,AB,FIN,exports,0.5396700821934572,region-sector
2020,AB,FIN,imports,0.49472314911306575,region-sector
2020,AB,REA,exports,0.25679022012547836,region-sector
2020,AB,REA,imports,0.5185042639820122,region-sector
2020,AB,PRF,exports,0.6344931712240701,region-sector
2020,AB,PRF,imports,0.6400398456735302,region-sector
2020,AB,ADM,exports,0.6194800421525358,region-sector
2020,AB,ADM,imports,0.6812535477756788,region-sector
2020,AB,PAD,exports,0.5851684045707433,region-sector
2020,AB,PAD,imports,0.519,region-sector
2020,AB,EDU,exports,0.08612983513447009,region-sector
2020,AB,EDU,imports,0.5848331106007378,region-sector
2020,AB,HTH,exports,0.6394342071808048,region-sector
2020,AB,HTH,imports,0.859600979010606,region-sector
2020,AB,ART,exports,0.7226486748545573,region-sector
2020,AB,ART,imports,0.5096913306470638,region-sector
2020,AB,OSV,exports,0.5031740389010207,region-sector
2020,AB,OSV,imports,0.6289540155782665,region-sector
2020,BC,AGR,exports,0.6961591449601445,region-sector
2020,BC,AGR,imports,0.7917622502993464,region-sector
2020,BC,MIE,exports,0.41013145684074576,region-sector
2020,BC,MIE,imports,0.9406832575149406,region-sector
2020,BC,MIN,exports,0.027232618331070817,region-sector
2020,BC,MIN,imports,0.8094644085425472,region-sector
2020,BC,MIS,exports,0.5444863651559292,region-sector
2020,BC,MIS,imports,0.8504727111154994,region-sector
2020,BC,FOD,exports,0.703849811289312,region-sector
2020,BC,FOD,imports,0.6194007285347444,region-sector
2020,BC,TEX,exports,0.5121015289297491,region-sector
2020,BC,TEX,imports,0.256458295275603,region-sector
2020,BC,WOD,exports,0.7247326721819478,region-sector
2020,BC,WOD,imports,0.7806561573669715,region-sector
2020,BC,PAP,exports,0.20195854487985437,region-sector
2020,BC,PAP,imports,0.7765709125604852,region-sector
2020,BC,PET,exports,0.8709282792403471,region-sector
2020,BC,PET,imports,0.7231543624161074,region-sector
2020,BC,CHM,exports,0.5503284059586787,region-sector
2020,BC,CHM,imports,0.6305759159035113,region-sector
2020,BC,RUB,exports,0.8425653575291483,region-sector
2020,BC,RUB,imports,0.6131491794358496,region-sector
2020,BC,NMM,exports,0.9460249040183236,region-sector
2020,BC,NMM,imports,0.6420388947711598,region-sector
2020,BC,BMT,exports,0.5620638326837097,region-sector
2020,BC,BMT,imports,0.3019128895282092,region-sector
2020,BC,FMT,exports,0.8558693725007493,region-sector
2020,BC,FMT,imports,0.5563207273850728,region-sector
2020,BC,ELC,exports,0.5426831808442946,region-sector
2020,BC,ELC,imports,0.44176103717496623,region-sector
2020,BC,ELQ,exports,0.7350923099736787,region-sector
2020,BC,ELQ,imports,0.5326629555051002,region-sector
2020,BC,MAC,exports,0.7305422927884728,region-sector
2020,BC,MAC,imports,0.5889808947594151,region-sector
2020,BC,MTV,exports,0.8394699178044929,region-sector
2020,BC,MTV,imports,0.4134697084163069,region-sector
2020,BC,OTE,exports,0.5807053128698478,region-sector
2020,BC,OTE,imports,0.4291914038152832,region-sector
2020,BC,MFN,exports,0.7934761134033936,region-sector
2020,BC,MFN,imports,0.4421419624482599,region-sector
2020,BC,UTL,exports,0.9529025330448803,region-sector
2020,BC,UTL,imports,0.9389513193298211,region-sector
2020,BC,CON,exports,0.6608901142181961,region-sector
2020,BC,CON,imports,0.92560553633218,region-sector
2020,BC,TRD,exports,0.7226276025629933,region-sector
2020,BC,TRD,imports,0.7889632701706498,region-sector
2020,BC,TRN,exports,0.5618103572049795,region-sector
2020,BC,TRN,imports,0.6082816799676537,region-sector
2020,BC,ACC,exports,0.212384101992851,region-sector
2020,BC,ACC,imports,0.4578739758453158,region-sector
2020,BC,PUB,exports,0.8351239487567096,region-sector
2020,BC,PUB,imports,0.85413245508201,region-sector
2020,BC,TEL,exports,0.58622126979301,region-sector
2020,BC,TEL,imports,0.7669925630704838,region-sector
2020,BC,ITS,exports,0.6453075546755309,region-sector
2020,BC,ITS,imports,0.751321054332851,region-sector
2020,BC,FIN,exports,0.46288224737259986,region-sector
2020,BC,FIN,imports,0.50295795988085,region-sector
2020,BC,REA,exports,0.0741988483409879,region-sector
2020,BC,REA,imports,0.5394253618492114,region-sector
2020,BC,PRF,exports,0.6249540343463948,region-sector
2020,BC,PRF,imports,0.695154600608318,region-sector
2020,BC,ADM,exports,0.6361386518804094,region-sector
2020,BC,ADM,imports,0.669447937545036,region-sector
2020,BC,PAD,exports,0.5426266020134143,region-sector
2020,BC,PAD,imports,0.6856417867573132,region-sector
2020,BC,EDU,exports,0.05184139751461972,region-sector
2020,BC,EDU,imports,0.5887214845693927,region-sector
2020,BC,HTH,exports,0.5536446259704898,region-sector
2020,BC,HTH,imports,0.8476337713647685,region-sector
2020,BC,ART,exports,0.6174144503846067,region-sector
2020,BC,ART,imports,0.5572654541004421,region-sector
2020,BC,OSV,exports,0.18394736312601861,region-sector
2020,BC,OSV,imports,0.6272424170895787,region-sector
2020,YT,AGR,exports,0.21377672209026127,region-sector
2020,YT,AGR,imports,0.9795918367346939,region-sector
2020,YT,MIE,exports,0.8982593913795489,canada-sector
2020,YT,MIE,imports,0.5,region-sector
2020,YT,MIN,exports,0.6537807253272847,region-sector
2020,YT,MIN,imports,1,region-sector
2020,YT,MIS,exports,0.5528940450570706,canada-sector
2020,YT,MIS,imports,0.8504671190773256,canada-sector
2020,YT,FOD,exports,0.6769265963824456,canada-sector
2020,YT,FOD,imports,0.6903218808471405,region-sector
2020,YT,TEX,exports,0.7621951219512195,region-sector
2020,YT,TEX,imports,0.6985478710312578,region-sector
2020,YT,WOD,exports,0.8530819043853399,canada-sector
2020,YT,WOD,imports,0.6742383270236163,region-sector
2020,YT,PAP,exports,0.6530612244897959,region-sector
2020,YT,PAP,imports,0.738168076300162,region-sector
2020,YT,PET,exports,0.8562543135134277,canada-sector
2020,YT,PET,imports,0.7668865849827209,region-sector
2020,YT,CHM,exports,0.7421603536292345,canada-sector
2020,YT,CHM,imports,0.643273451178855,region-sector
2020,YT,RUB,exports,0.996437054631829,region-sector
2020,YT,RUB,imports,0.6909875183553597,region-sector
2020,YT,NMM,exports,0.9021883455515992,canada-sector
2020,YT,NMM,imports,0.634861888427514,region-sector
2020,YT,BMT,exports,0.5072189391217593,canada-sector
2020,YT,BMT,imports,0.801109917651271,region-sector
2020,YT,FMT,exports,1,region-sector
2020,YT,FMT,imports,0.6539449408530189,region-sector
2020,YT,ELC,exports,0.6392393268538774,canada-sector
2020,YT,ELC,imports,0.8654458129530319,region-sector
2020,YT,ELQ,exports,0.8151880553443382,canada-sector
2020,YT,ELQ,imports,0.8808742492724909,region-sector
2020,YT,MAC,exports,0.7534947379584538,canada-sector
2020,YT,MAC,imports,0.7134174650740724,region-sector
2020,YT,MTV,exports,0.9337422991056202,canada-sector
2020,YT,MTV,imports,0.7121632653061224,region-sector
2020,YT,OTE,exports,0.6188845253105367,canada-sector
2020,YT,OTE,imports,0.21019975181137665,region-sector
2020,YT,MFN,exports,0.7341772151898734,region-sector
2020,YT,MFN,imports,0.8125627804192057,region-sector
2020,YT,UTL,exports,0.7149122807017545,region-sector
2020,YT,UTL,imports,0.7825125628140703,region-sector
2020,YT,CON,exports,0.5217391304347826,region-sector
2020,YT,CON,imports,0.8575347339250271,canada-sector
2020,YT,TRD,exports,0.7248520710059172,region-sector
2020,YT,TRD,imports,0.8038338658146964,region-sector
2020,YT,TRN,exports,0.5994052676295667,region-sector
2020,YT,TRN,imports,0.6373937677053825,region-sector
2020,YT,ACC,exports,0.3119252873563218,region-sector
2020,YT,ACC,imports,0.4312152991980259,region-sector
2020,YT,PUB,exports,0.7233560090702948,region-sector
2020,YT,PUB,imports,0.8927263212977499,region-sector
2020,YT,TEL,exports,0.5803043110735419,region-sector
2020,YT,TEL,imports,0.5834564254062039,region-sector
2020,YT,ITS,exports,0.6875,region-sector
2020,YT,ITS,imports,0.8180764085030474,region-sector
2020,YT,FIN,exports,0.5475344607076879,region-sector
2020,YT,FIN,imports,0.4325133689839572,region-sector
2020,YT,REA,exports,0.03857566765578634,region-sector
2020,YT,REA,imports,0.5095541401273886,region-sector
2020,YT,PRF,exports,0.6875,region-sector
2020,YT,PRF,imports,0.7885496576224064,region-sector
2020,YT,ADM,exports,0.6081661891117479,region-sector
2020,YT,ADM,imports,0.7155144694533763,region-sector
2020,YT,PAD,exports,0.5751173708920188,region-sector
2020,YT,PAD,imports,0.7731958762886597,region-sector
2020,YT,EDU,exports,0.05555555555555556,region-sector
2020,YT,EDU,imports,0.5659060402684564,region-sector
2020,YT,HTH,exports,0.7104795737122558,region-sector
2020,YT,HTH,imports,0.8372881355932204,region-sector
2020,YT,ART,exports,0.6109865470852018,region-sector
2020,YT,ART,imports,0.5298142717497557,region-sector
2020,YT,OSV,exports,0.2993197278911564,region-sector
2020,YT,OSV,imports,0.596078431372549,region-sector
2020,NT,AGR,exports,0.08815426997245178,region-sector
2020,NT,AGR,imports,0.8342857142857143,region-sector
2020,NT,MIE,exports,0.8982593913795489,canada-sector
2020,NT,MIE,imports,0.875,region-sector
2020,NT,MIN,exports,5.687589532547149e-4,region-sector
2020,NT,MIN,imports,0.8999322340185227,region-sector
2020,NT,MIS,exports,0.5528940450570706,canada-sector
2020,NT,MIS,imports,0.8181818181818181,region-sector
2020,NT,FOD,exports,0.6769265963824456,canada-sector
2020,NT,FOD,imports,0.6507401257144022,region-sector
2020,NT,TEX,exports,0.6873815224040661,canada-sector
2020,NT,TEX,imports,0.6719990096422331,region-sector
2020,NT,WOD,exports,0.8530819043853399,canada-sector
2020,NT,WOD,imports,0.7554577141808844,region-sector
2020,NT,PAP,exports,0.6634316523412729,canada-sector
2020,NT,PAP,imports,0.88275050143891165,region-sector
2020,NT,PET,exports,0.8562543135134277,canada-sector
2020,NT,PET,imports,0.671221553483326,region-sector
2020,NT,CHM,exports,0.6639344262295083,region-sector
2020,NT,CHM,imports,0.7146379629190573,region-sector
2020,NT,RUB,exports,0.9030396471137373,canada-sector
2020,NT,RUB,imports,0.7449346788703747,region-sector
2020,NT,NMM,exports,0.9021883455515992,canada-sector
2020,NT,NMM,imports,0.8469876348329388,region-sector
2020,NT,BMT,exports,0.5072189391217593,canada-sector
2020,NT,BMT,imports,0.6297632794457275,region-sector
2020,NT,FMT,exports,0.8240235935897393,canada-sector
2020,NT,FMT,imports,0.8122057073914574,region-sector
2020,NT,ELC,exports,0.6392393268538774,canada-sector
2020,NT,ELC,imports,0.8145296430566357,region-sector
2020,NT,ELQ,exports,0.8151880553443382,canada-sector
2020,NT,ELQ,imports,0.8372333723337233,region-sector
2020,NT,MAC,exports,0.7534947379584538,canada-sector
2020,NT,MAC,imports,0.8348811659724472,region-sector
2020,NT,MTV,exports,0.9337422991056202,canada-sector
2020,NT,MTV,imports,0.8398805142461035,region-sector
2020,NT,OTE,exports,0.6188845253105367,canada-sector
2020,NT,OTE,imports,0.5647739546366302,region-sector
2020,NT,MFN,exports,0.9369497977635024,region-sector
2020,NT,MFN,imports,0.8145682647378865,region-sector
2020,NT,UTL,exports,0.8300000000000001,region-sector
2020,NT,UTL,imports,0.7823323103901797,region-sector
2020,NT,CON,exports,0.4845620667926906,region-sector
2020,NT,CON,imports,0.9793253536452666,region-sector
2020,NT,TRD,exports,0.7188588076458466,region-sector
2020,NT,TRD,imports,0.8008327550312282,region-sector
2020,NT,TRN,exports,0.47470039946737685,region-sector
2020,NT,TRN,imports,0.6868337654854508,region-sector
2020,NT,ACC,exports,0.26796036333608586,region-sector
2020,NT,ACC,imports,0.43974443710068306,region-sector
2020,NT,PUB,exports,0.67828418230563,region-sector
2020,NT,PUB,imports,0.911487758945386,region-sector
2020,NT,TEL,exports,0.6169711255156157,region-sector
2020,NT,TEL,imports,0.5716364518280482,region-sector
2020,NT,ITS,exports,0.6752567423857113,canada-sector
2020,NT,ITS,imports,0.7305341666378923,region-sector
2020,NT,FIN,exports,0.626079295154185,region-sector
2020,NT,FIN,imports,0.496642455803755,region-sector
2020,NT,REA,exports,0.04809619238476954,region-sector
2020,NT,REA,imports,0.5350553505535055,region-sector
2020,NT,PRF,exports,0.6940092165898618,region-sector
2020,NT,PRF,imports,0.6034466241604308,region-sector
2020,NT,ADM,exports,0.5942091152815014,region-sector
2020,NT,ADM,imports,0.6877553358023749,region-sector
2020,NT,PAD,exports,0.5923076923076923,region-sector
2020,NT,PAD,imports,0.9696969696969697,region-sector
2020,NT,EDU,exports,0.5151089248067463,region-sector
2020,NT,EDU,imports,0.5480207115416736,region-sector
2020,NT,HTH,exports,0.6576271186440678,region-sector
2020,NT,HTH,imports,0.8344827586206897,region-sector
2020,NT,ART,exports,0.5187032418952618,region-sector
2020,NT,ART,imports,0.6626262626262627,region-sector
2020,NT,OSV,exports,0.2785714285714285,region-sector
2020,NT,OSV,imports,0.622895622895623,region-sector
2020,NU,AGR,exports,0.5222088835534213,region-sector
2020,NU,AGR,imports,0.9000000000000001,region-sector
2020,NU,MIE,exports,0.8982593913795489,canada-sector
2020,NU,MIE,imports,0.6666666666666666,region-sector
2020,NU,MIN,exports,0.10946746317265812,region-sector
2020,NU,MIN,imports,0.9466313398940197,region-sector
2020,NU,MIS,exports,0.5528940450570706,canada-sector
2020,NU,MIS,imports,0.8504671190773256,canada-sector
2020,NU,FOD,exports,0.16149068322981366,region-sector
2020,NU,FOD,imports,0.7544219061084341,region-sector
2020,NU,TEX,exports,1,region-sector
2020,NU,TEX,imports,0.6722627509664547,region-sector
2020,NU,WOD,exports,0.8530819043853399,canada-sector
2020,NU,WOD,imports,0.8134911380597014,region-sector
2020,NU,PAP,exports,0.6634316523412729,canada-sector
2020,NU,PAP,imports,0.8918151642208246,region-sector
2020,NU,PET,exports,0.8562543135134277,canada-sector
2020,NU,PET,imports,0.3115471588007878,region-sector
2020,NU,CHM,exports,0.6666666666666666,region-sector
2020,NU,CHM,imports,0.6602625500028171,region-sector
2020,NU,RUB,exports,0.9030396471137373,canada-sector
2020,NU,RUB,imports,0.8519940365262767,region-sector
2020,NU,NMM,exports,0.9021883455515992,canada-sector
2020,NU,NMM,imports,0.830668099361608,region-sector
2020,NU,BMT,exports,0.5072189391217593,canada-sector
2020,NU,BMT,imports,0.6174843231279971,region-sector
2020,NU,FMT,exports,0.8240235935897393,canada-sector
2020,NU,FMT,imports,0.4372085637153704,region-sector
2020,NU,ELC,exports,0.6392393268538774,canada-sector
2020,NU,ELC,imports,0.4549439077928485,region-sector
2020,NU,ELQ,exports,0.8151880553443382,canada-sector
2020,NU,ELQ,imports,0.5936129502006536,region-sector
2020,NU,MAC,exports,0.7534947379584538,canada-sector
2020,NU,MAC,imports,0.6756862825256015,region-sector
2020,NU,MTV,exports,0.9337422991056202,canada-sector
2020,NU,MTV,imports,0.9099495790650453,region-sector
2020,NU,OTE,exports,0.6188845253105367,canada-sector
2020,NU,OTE,imports,0.4890859127909991,region-sector
2020,NU,MFN,exports,0,region-sector
2020,NU,MFN,imports,0.6188232487400471,region-sector
2020,NU,UTL,exports,0.6039603960396039,region-sector
2020,NU,UTL,imports,0.7818725099601593,region-sector
2020,NU,CON,exports,0.48534201954397393,region-sector
2020,NU,CON,imports,0.9792877906976745,region-sector
2020,NU,TRD,exports,0.6554192229038855,region-sector
2020,NU,TRD,imports,0.8311884935654807,region-sector
2020,NU,TRN,exports,0.3763440860215053,region-sector
2020,NU,TRN,imports,0.923041968256029,region-sector
2020,NU,ACC,exports,0.31019830028328615,region-sector
2020,NU,ACC,imports,0.45231213872832365,region-sector
2020,NU,PUB,exports,0.5962441314553991,region-sector
2020,NU,PUB,imports,0.8783473603672531,region-sector
2020,NU,TEL,exports,0.6193536868416354,region-sector
2020,NU,TEL,imports,0.7666984732824427,region-sector
2020,NU,ITS,exports,0.6666666666666666,region-sector
2020,NU,ITS,imports,0.8370976675487721,region-sector
2020,NU,FIN,exports,0.5653973509933775,region-sector
2020,NU,FIN,imports,0.6041391457507707,region-sector
2020,NU,REA,exports,0.14375891407734204,canada-sector
2020,NU,REA,imports,0.5290697674418605,region-sector
2020,NU,PRF,exports,0.7645569620253166,region-sector
2020,NU,PRF,imports,0.6350161466440536,region-sector
2020,NU,ADM,exports,0.6201848998459167,region-sector
2020,NU,ADM,imports,0.6720266839249266,region-sector
2020,NU,PAD,exports,0.4207583435261227,region-sector
2020,NU,PAD,imports,1,region-sector
2020,NU,EDU,exports,0.6296296296296297,region-sector
2020,NU,EDU,imports,0.5501123595505618,region-sector
2020,NU,HTH,exports,0.14285714285714285,region-sector
2020,NU,HTH,imports,0.8547717842323651,region-sector
2020,NU,ART,exports,0.6808510638297872,region-sector
2020,NU,ART,imports,0.5278688524590164,region-sector
2020,NU,OSV,exports,0.33962264150943394,region-sector
2020,NU,OSV,imports,0.6517571884984025,region-sector
2021,NL,AGR,exports,0.39833549590463063,region-sector
2021,NL,AGR,imports,0.1073426071991969,region-sector
2021,NL,MIE,exports,0.6851535313502608,region-sector
2021,NL,MIE,imports,0.9989891921312495,region-sector
2021,NL,MIN,exports,0.011431821526443694,region-sector
2021,NL,MIN,imports,0.40456149877817,region-sector
2021,NL,MIS,exports,0.41538461538461535,region-sector
2021,NL,MIS,imports,0.8,region-sector
2021,NL,FOD,exports,0.680046888810811,region-sector
2021,NL,FOD,imports,0.33134539275225283,region-sector
2021,NL,TEX,exports,0.6139359698681732,region-sector
2021,NL,TEX,imports,0.25000178187476985,region-sector
2021,NL,WOD,exports,0.9996108108108108,region-sector
2021,NL,WOD,imports,0.47469279905595035,region-sector
2021,NL,PAP,exports,0.34014503782622324,region-sector
2021,NL,PAP,imports,0.49384967150010134,region-sector
2021,NL,PET,exports,0.86080345828902,canada-sector
2021,NL,PET,imports,0.21779232617883484,region-sector
2021,NL,CHM,exports,0.4790419161676647,region-sector
2021,NL,CHM,imports,0.19364735152218135,region-sector
2021,NL,RUB,exports,0.24806201550387597,region-sector
2021,NL,RUB,imports,0.013046247406159473,region-sector
2021,NL,NMM,exports,0.9584026622296175,region-sector
2021,NL,NMM,imports,0.004655998151817527,region-sector
2021,NL,BMT,exports,0.32329708186522,region-sector
2021,NL,BMT,imports,0.07952574146614437,region-sector
2021,NL,FMT,exports,0.5288461538461539,region-sector
2021,NL,FMT,imports,0.2394376942708705,region-sector
2021,NL,ELC,exports,0.1627434011250541,region-sector
2021,NL,ELC,imports,0.22863974256411176,region-sector
2021,NL,ELQ,exports,0.629207664422579,region-sector
2021,NL,ELQ,imports,0.15798716796629658,region-sector
2021,NL,MAC,exports,0.2812803103782735,region-sector
2021,NL,MAC,imports,0.11425715813436152,region-sector
2021,NL,MTV,exports,0.9221955709115488,canada-sector
2021,NL,MTV,imports,0.6916428923158692,region-sector
2021,NL,OTE,exports,0.3738232337080705,region-sector
2021,NL,OTE,imports,0.07767111332751528,region-sector
2021,NL,MFN,exports,0.6111573688592838,region-sector
2021,NL,MFN,imports,0.41118898916997343,region-sector
2021,NL,UTL,exports,0.980587216561279,region-sector
2021,NL,UTL,imports,0.9396267837541163,region-sector
2021,NL,CON,exports,0.756751269035533,region-sector
2021,NL,CON,imports,0,region-sector
2021,NL,TRD,exports,0.6983018784919273,region-sector
2021,NL,TRD,imports,0.8409616655651025,region-sector
2021,NL,TRN,exports,0.4619596512673382,region-sector
2021,NL,TRN,imports,0.48272958279163214,region-sector
2021,NL,ACC,exports,0.23137281505099155,region-sector
2021,NL,ACC,imports,0.40109430807812146,region-sector
2021,NL,PUB,exports,0.9255997218681192,region-sector
2021,NL,PUB,imports,0.26918399489623,region-sector
2021,NL,TEL,exports,0.5278643359828475,region-sector
2021,NL,TEL,imports,0.5934926311226701,region-sector
2021,NL,ITS,exports,0.6447586332008826,region-sector
2021,NL,ITS,imports,0.7061587005818553,region-sector
2021,NL,FIN,exports,0.6835809332847248,region-sector
2021,NL,FIN,imports,0.42128820345099804,region-sector
2021,NL,REA,exports,0.06937111541803115,region-sector
2021,NL,REA,imports,0.46276694521819867,region-sector
2021,NL,PRF,exports,0.6548540383246139,region-sector
2021,NL,PRF,imports,0.6489441269079124,region-sector
2021,NL,ADM,exports,0.6207627809859385,region-sector
2021,NL,ADM,imports,0.6958217696935415,region-sector
2021,NL,PAD,exports,0.41231329690346086,region-sector
2021,NL,PAD,imports,0.2993492407809111,region-sector
2021,NL,EDU,exports,0.09767894224955971,region-sector
2021,NL,EDU,imports,0.5780483896811409,region-sector
2021,NL,HTH,exports,0.2099497946143314,region-sector
2021,NL,HTH,imports,0.7670025188916876,region-sector
2021,NL,ART,exports,0.631120969117898,region-sector
2021,NL,ART,imports,0.5456012913640031,region-sector
2021,NL,OSV,exports,0.12931034482758624,region-sector
2021,NL,OSV,imports,0.7085668534827861,region-sector
2021,PE,AGR,exports,0.7048243570112953,region-sector
2021,PE,AGR,imports,0.8657778928294072,region-sector
2021,PE,MIE,exports,0.9106759880839952,canada-sector
2021,PE,MIE,imports,0.5454545454545455,region-sector
2021,PE,MIN,exports,0.986050566695728,region-sector
2021,PE,MIN,imports,0.9312896405919662,region-sector
2021,PE,MIS,exports,0.4647834593135439,canada-sector
2021,PE,MIS,imports,0.7831775156545798,canada-sector
2021,PE,FOD,exports,0.891852545930508,region-sector
2021,PE,FOD,imports,0.7173308208169372,region-sector
2021,PE,TEX,exports,0.5311526479750779,region-sector
2021,PE,TEX,imports,0.7098360655737703,region-sector
2021,PE,WOD,exports,0.46666666666666673,region-sector
2021,PE,WOD,imports,0.6095182367856447,region-sector
2021,PE,PAP,exports,0.9831353818842723,region-sector
2021,PE,PAP,imports,0.9923706361715684,region-sector
2021,PE,PET,exports,0,region-sector
2021,PE,PET,imports,0.4741588622962192,region-sector
2021,PE,CHM,exports,0.653263795423957,region-sector
2021,PE,CHM,imports,0.6581916456759026,region-sector
2021,PE,RUB,exports,0.7855361596009974,region-sector
2021,PE,RUB,imports,0.7371846101153099,region-sector
2021,PE,NMM,exports,0.4723618090452262,region-sector
2021,PE,NMM,imports,0.6471854813903415,region-sector
2021,PE,BMT,exports,0.5561497326203209,region-sector
2021,PE,BMT,imports,0.4781375122636756,region-sector
2021,PE,FMT,exports,0.6488218988218988,region-sector
2021,PE,FMT,imports,0.8822079134451971,region-sector
2021,PE,ELC,exports,0.8879668049792531,region-sector
2021,PE,ELC,imports,0.6547034941605012,region-sector
2021,PE,ELQ,exports,0.2748917748917749,region-sector
2021,PE,ELQ,imports,0.5290393493075403,region-sector
2021,PE,MAC,exports,0.8125245130082365,region-sector
2021,PE,MAC,imports,0.9275035886423845,region-sector
2021,PE,MTV,exports,0.8951481010357987,region-sector
2021,PE,MTV,imports,0.9057268635176238,region-sector
2021,PE,OTE,exports,0.6408709777989269,region-sector
2021,PE,OTE,imports,0.7872538573852651,region-sector
2021,PE,MFN,exports,0.5565610859728507,region-sector
2021,PE,MFN,imports,0.7218601390651939,region-sector
2021,PE,UTL,exports,0.7648261758691207,region-sector
2021,PE,UTL,imports,0.7372437854339293,region-sector
2021,PE,CON,exports,0.5907780979827089,region-sector
2021,PE,CON,imports,0.9752475247524752,region-sector
2021,PE,TRD,exports,0.7230500938070796,region-sector
2021,PE,TRD,imports,0.8770532603285218,region-sector
2021,PE,TRN,exports,0.6852924559767478,region-sector
2021,PE,TRN,imports,0.7409804714795336,region-sector
2021,PE,ACC,exports,0.2171424295708781,region-sector
2021,PE,ACC,imports,0.40128905702676193,region-sector
2021,PE,PUB,exports,0.5677603423680456,region-sector
2021,PE,PUB,imports,0.9597188781154422,region-sector
2021,PE,TEL,exports,0.5053537284894837,region-sector
2021,PE,TEL,imports,0.7901393209793047,region-sector
2021,PE,ITS,exports,0.7001338688085676,region-sector
2021,PE,ITS,imports,0.7373692311123999,region-sector
2021,PE,FIN,exports,0.6291324489366182,region-sector
2021,PE,FIN,imports,0.42923518810542916,region-sector
2021,PE,REA,exports,0.0403721406623421,region-sector
2021,PE,REA,imports,0.5162689804772234,region-sector
2021,PE,PRF,exports,0.5279725827436297,region-sector
2021,PE,PRF,imports,0.7104038712078914,region-sector
2021,PE,ADM,exports,0.6357868020304568,region-sector
2021,PE,ADM,imports,0.6816390365968095,region-sector
2021,PE,PAD,exports,0.5520504731861198,region-sector
2021,PE,PAD,imports,0.8157894736842105,region-sector
2021,PE,EDU,exports,0.06183340083704603,region-sector
2021,PE,EDU,imports,0.5676812174609531,region-sector
2021,PE,HTH,exports,0.2865566037735849,region-sector
2021,PE,HTH,imports,0.718336483931947,region-sector
2021,PE,ART,exports,0.5670789724072313,region-sector
2021,PE,ART,imports,0.5208768267223383,region-sector
2021,PE,OSV,exports,0.09598432908912832,region-sector
2021,PE,OSV,imports,0.7071260767423648,region-sector
2021,NS,AGR,exports,0.4394647189918889,region-sector
2021,NS,AGR,imports,0.060927656335884324,region-sector
2021,NS,MIE,exports,0.9106759880839952,canada-sector
2021,NS,MIE,imports,0.2619381904157517,region-sector
2021,NS,MIN,exports,0.8897158699737641,region-sector
2021,NS,MIN,imports,0.023628117913832198,region-sector
2021,NS,MIS,exports,0.4205016788465337,region-sector
2021,NS,MIS,imports,0.7831775156545798,canada-sector
2021,NS,FOD,exports,0.5107242774583337,region-sector
2021,NS,FOD,imports,0.028554174366030097,region-sector
2021,NS,TEX,exports,0.8590342679127727,region-sector
2021,NS,TEX,imports,0.0035849413019684536,region-sector
2021,NS,WOD,exports,0.8098077855207431,region-sector
2021,NS,WOD,imports,0.09204337472693995,region-sector
2021,NS,PAP,exports,0.6187966416223236,region-sector
2021,NS,PAP,imports,0.11610512909575081,region-sector
2021,NS,PET,exports,0.7908902691511388,region-sector
2021,NS,PET,imports,0.3420680030259607,region-sector
2021,NS,CHM,exports,0.37546362939068856,region-sector
2021,NS,CHM,imports,0.11679931807594333,region-sector
2021,NS,RUB,exports,0.9349723934538151,region-sector
2021,NS,RUB,imports,0.11553359438689469,region-sector
2021,NS,NMM,exports,0.9087090450854102,region-sector
2021,NS,NMM,imports,0.04634483280661582,region-sector
2021,NS,BMT,exports,0.25060586032165677,region-sector
2021,NS,BMT,imports,0.015422333824167593,region-sector
2021,NS,FMT,exports,0.5546026300743282,region-sector
2021,NS,FMT,imports,0.1269759817776155,region-sector
2021,NS,ELC,exports,0.38747743995557404,region-sector
2021,NS,ELC,imports,0.17955038331865153,region-sector
2021,NS,ELQ,exports,0.6823281491155171,region-sector
2021,NS,ELQ,imports,0.15157718613036913,region-sector
2021,NS,MAC,exports,0.5542862072365178,region-sector
2021,NS,MAC,imports,0.1159258110946621,region-sector
2021,NS,MTV,exports,0.1576662431173232,region-sector
2021,NS,MTV,imports,0.07523294721309373,region-sector
2021,NS,OTE,exports,0.25900521675816335,region-sector
2021,NS,OTE,imports,0.5329164048134442,region-sector
2021,NS,MFN,exports,0.8029080592251086,region-sector
2021,NS,MFN,imports,0.05678461009962213,region-sector
2021,NS,UTL,exports,0.7616558412670166,region-sector
2021,NS,UTL,imports,0.9746615758417216,region-sector
2021,NS,CON,exports,0.8040975432870999,region-sector
2021,NS,CON,imports,0,region-sector
2021,NS,TRD,exports,0.7901080172795717,region-sector
2021,NS,TRD,imports,0.3529594324983374,region-sector
2021,NS,TRN,exports,0.532483079639389,region-sector
2021,NS,TRN,imports,0.7540411615885256,region-sector
2021,NS,ACC,exports,0.2181205423622541,region-sector
2021,NS,ACC,imports,0.3969339261076192,region-sector
2021,NS,PUB,exports,0.7979433052613408,region-sector
2021,NS,PUB,imports,0.38588970307229614,region-sector
2021,NS,TEL,exports,0.5459606888468128,region-sector
2021,NS,TEL,imports,0.7648981245760696,region-sector
2021,NS,ITS,exports,0.6082456639181122,region-sector
2021,NS,ITS,imports,0.7110857208272242,region-sector
2021,NS,FIN,exports,0.5387451445124762,region-sector
2021,NS,FIN,imports,0.45684413516703726,region-sector
2021,NS,REA,exports,0.0928854781991096,region-sector
2021,NS,REA,imports,0.45717335961238403,region-sector
2021,NS,PRF,exports,0.6691009776073262,region-sector
2021,NS,PRF,imports,0.7648350923754692,region-sector
2021,NS,ADM,exports,0.6508509805383641,region-sector
2021,NS,ADM,imports,0.6952337490403561,region-sector
2021,NS,PAD,exports,0.5780237237873332,region-sector
2021,NS,PAD,imports,0.4815864022662889,region-sector
2021,NS,EDU,exports,0.06745741708807457,region-sector
2021,NS,EDU,imports,0.5412992903364549,region-sector
2021,NS,HTH,exports,0.6189948892674617,region-sector
2021,NS,HTH,imports,0.7211579395487441,region-sector
2021,NS,ART,exports,0.6601733918441615,region-sector
2021,NS,ART,imports,0.48595930721372116,region-sector
2021,NS,OSV,exports,0.11936383013608788,region-sector
2021,NS,OSV,imports,0.6787783043707215,region-sector
2021,NB,AGR,exports,0.8802886414721852,region-sector
2021,NB,AGR,imports,0.9500993162504557,region-sector
2021,NB,MIE,exports,0.8775389469532637,region-sector
2021,NB,MIE,imports,0.3868651486648372,region-sector
2021,NB,MIN,exports,0.6741137077565673,region-sector
2021,NB,MIN,imports,0.5033601014370245,region-sector
2021,NB,MIS,exports,0.43837622933668136,region-sector
2021,NB,MIS,imports,0.7831775156545798,canada-sector
2021,NB,FOD,exports,0.84302973185685,region-sector
2021,NB,FOD,imports,0.8370394428432986,region-sector
2021,NB,TEX,exports,0.781110781110781,region-sector
2021,NB,TEX,imports,0.549758033756079,region-sector
2021,NB,WOD,exports,0.9504579386087613,region-sector
2021,NB,WOD,imports,0.9697517724821151,region-sector
2021,NB,PAP,exports,0.7116489343303702,region-sector
2021,NB,PAP,imports,0.9592926864911989,region-sector
2021,NB,PET,exports,0.9780089737070007,region-sector
2021,NB,PET,imports,0.35531621122537144,region-sector
2021,NB,CHM,exports,0.9745207325289397,region-sector
2021,NB,CHM,imports,0.5786697081767537,region-sector
2021,NB,RUB,exports,0.8675491022867549,region-sector
2021,NB,RUB,imports,0.8678751831873032,region-sector
2021,NB,NMM,exports,0.9747725729803123,region-sector
2021,NB,NMM,imports,0.804465130204612,region-sector
2021,NB,BMT,exports,0.10214731285988483,region-sector
2021,NB,BMT,imports,0.8139206090266449,region-sector
2021,NB,FMT,exports,0.9269758126636882,region-sector
2021,NB,FMT,imports,0.85759190529444,region-sector
2021,NB,ELC,exports,0.5386923653990421,region-sector
2021,NB,ELC,imports,0.8507988709872362,region-sector
2021,NB,ELQ,exports,0.9547538978905532,region-sector
2021,NB,ELQ,imports,0.839831366701111,region-sector
2021,NB,MAC,exports,0.8736779646902066,region-sector
2021,NB,MAC,imports,0.8550107377128088,region-sector
2021,NB,MTV,exports,0.535367114788004,region-sector
2021,NB,MTV,imports,0.2665229497555015,region-sector
2021,NB,OTE,exports,0.8707072203904717,region-sector
2021,NB,OTE,imports,0.6730135982674085,region-sector
2021,NB,MFN,exports,0.7772843942505134,region-sector
2021,NB,MFN,imports,0.8239361072872752,region-sector
2021,NB,UTL,exports,0.944223068029,region-sector
2021,NB,UTL,imports,0.9544727683190669,region-sector
2021,NB,CON,exports,0.6153846153846154,region-sector
2021,NB,CON,imports,0.6273129525341915,region-sector
2021,NB,TRD,exports,0.8065968920792295,region-sector
2021,NB,TRD,imports,0.8703092045047556,region-sector
2021,NB,TRN,exports,0.7233465891000674,region-sector
2021,NB,TRN,imports,0.727493174682147,region-sector
2021,NB,ACC,exports,0.24217869436744147,region-sector
2021,NB,ACC,imports,0.39649798967477934,region-sector
2021,NB,PUB,exports,0.8285024154589371,region-sector
2021,NB,PUB,imports,0.9021003083021361,region-sector
2021,NB,TEL,exports,0.5223168003492115,region-sector
2021,NB,TEL,imports,0.7591134947551069,region-sector
2021,NB,ITS,exports,0.714224369296833,region-sector
2021,NB,ITS,imports,0.7317581288229614,region-sector
2021,NB,FIN,exports,0.6138344807007823,region-sector
2021,NB,FIN,imports,0.41973336648124554,region-sector
2021,NB,REA,exports,0.04375332270069113,region-sector
2021,NB,REA,imports,0.4572775486152032,region-sector
2021,NB,PRF,exports,0.5903228785127274,region-sector
2021,NB,PRF,imports,0.669549805033676,region-sector
2021,NB,ADM,exports,0.6644500752440609,region-sector
2021,NB,ADM,imports,0.6793379376341785,region-sector
2021,NB,PAD,exports,0.5581359021088259,region-sector
2021,NB,PAD,imports,0.37541091387245235,region-sector
2021,NB,EDU,exports,0.06503764452809896,region-sector
2021,NB,EDU,imports,0.5781315562137479,region-sector
2021,NB,HTH,exports,0.5623541612652321,region-sector
2021,NB,HTH,imports,0.7129329004329006,region-sector
2021,NB,ART,exports,0.601054852320675,region-sector
2021,NB,ART,imports,0.5128253847615428,region-sector
2021,NB,OSV,exports,0.1391656814727242,region-sector
2021,NB,OSV,imports,0.6820217530390276,region-sector
2021,QC,AGR,exports,0.5284973813314506,region-sector
2021,QC,AGR,imports,0.4796981163016158,region-sector
2021,QC,MIE,exports,0.7785862785862786,region-sector
2021,QC,MIE,imports,0.9909166610422165,region-sector
2021,QC,MIN,exports,0.11782604506561728,region-sector
2021,QC,MIN,imports,0.4715271020492531,region-sector
2021,QC,MIS,exports,0.6206836414370422,region-sector
2021,QC,MIS,imports,0.7832465688594414,region-sector
2021,QC,FOD,exports,0.6779168268990824,region-sector
2021,QC,FOD,imports,0.35064419222861287,region-sector
2021,QC,TEX,exports,0.7425913436743762,region-sector
2021,QC,TEX,imports,0.17691460547321172,region-sector
2021,QC,WOD,exports,0.9539687160466991,region-sector
2021,QC,WOD,imports,0.4568342936438506,region-sector
2021,QC,PAP,exports,0.8245277065836439,region-sector
2021,QC,PAP,imports,0.7387239735895634,region-sector
2021,QC,PET,exports,0.7650070547524314,region-sector
2021,QC,PET,imports,0.4992062195783683,region-sector
2021,QC,CHM,exports,0.7775564460805561,region-sector
2021,QC,CHM,imports,0.48093686991597373,region-sector
2021,QC,RUB,exports,0.8901651364053894,region-sector
2021,QC,RUB,imports,0.5382903597394503,region-sector
2021,QC,NMM,exports,0.8730804182707953,region-sector
2021,QC,NMM,imports,0.2839762433805337,region-sector
2021,QC,BMT,exports,0.8580300258381927,region-sector
2021,QC,BMT,imports,0.21186550783769106,region-sector
2021,QC,FMT,exports,0.8031302219322456,region-sector
2021,QC,FMT,imports,0.42725642439386113,region-sector
2021,QC,ELC,exports,0.5773253578416705,region-sector
2021,QC,ELC,imports,0.630589166149108,region-sector
2021,QC,ELQ,exports,0.7840042949657753,region-sector
2021,QC,ELQ,imports,0.45426712243435224,region-sector
2021,QC,MAC,exports,0.7122513841627078,region-sector
2021,QC,MAC,imports,0.44100704839602234,region-sector
2021,QC,MTV,exports,0.8896704234655289,region-sector
2021,QC,MTV,imports,0.48637260606514315,region-sector
2021,QC,OTE,exports,0.5673902881988522,region-sector
2021,QC,OTE,imports,0.4945899249479902,region-sector
2021,QC,MFN,exports,0.8307568648441569,region-sector
2021,QC,MFN,imports,0.3685746481342784,region-sector
2021,QC,UTL,exports,0.926744439106315,region-sector
2021,QC,UTL,imports,0.7198333261738048,region-sector
2021,QC,CON,exports,0.626393850817365,region-sector
2021,QC,CON,imports,0.7928257298786625,region-sector
2021,QC,TRD,exports,0.7027986973994237,region-sector
2021,QC,TRD,imports,0.7582407370250764,region-sector
2021,QC,TRN,exports,0.6363439704778393,region-sector
2021,QC,TRN,imports,0.6670914119186392,region-sector
2021,QC,ACC,exports,0.228331991691037,region-sector
2021,QC,ACC,imports,0.39621168621660785,region-sector
2021,QC,PUB,exports,0.6877313358038929,region-sector
2021,QC,PUB,imports,0.7191092635785844,region-sector
2021,QC,TEL,exports,0.5496587233873688,region-sector
2021,QC,TEL,imports,0.7082604390886442,region-sector
2021,QC,ITS,exports,0.656301064965589,region-sector
2021,QC,ITS,imports,0.741939632431846,region-sector
2021,QC,FIN,exports,0.5288417544293017,region-sector
2021,QC,FIN,imports,0.48722644154618333,region-sector
2021,QC,REA,exports,0.12052170567784128,region-sector
2021,QC,REA,imports,0.4747851534323929,region-sector
2021,QC,PRF,exports,0.6229865991623504,region-sector
2021,QC,PRF,imports,0.7078876859738166,region-sector
2021,QC,ADM,exports,0.6601206985706859,region-sector
2021,QC,ADM,imports,0.6779352239969375,region-sector
2021,QC,PAD,exports,0.5776796299159838,region-sector
2021,QC,PAD,imports,0.408022190912293,region-sector
2021,QC,EDU,exports,0.06393425440942109,region-sector
2021,QC,EDU,imports,0.5643779199325009,region-sector
2021,QC,HTH,exports,0.539408751705138,region-sector
2021,QC,HTH,imports,0.766796570537802,region-sector
2021,QC,ART,exports,0.6865735965499508,region-sector
2021,QC,ART,imports,0.5755185876228853,region-sector
2021,QC,OSV,exports,0.4106216186375179,region-sector
2021,QC,OSV,imports,0.6723756942304288,region-sector
2021,ON,AGR,exports,0.5075103728392107,region-sector
2021,ON,AGR,imports,0.7570071409179437,region-sector
2021,ON,MIE,exports,0.9935356648820177,region-sector
2021,ON,MIE,imports,0.9994541086128306,region-sector
2021,ON,MIN,exports,0.4808250538872731,region-sector
2021,ON,MIN,imports,0.22326865440681556,region-sector
2021,ON,MIS,exports,0.44703993535491005,region-sector
2021,ON,MIS,imports,0.7831719817767654,region-sector
2021,ON,FOD,exports,0.839046751475818,region-sector
2021,ON,FOD,imports,0.6731540421636224,region-sector
2021,ON,TEX,exports,0.5874869532442932,region-sector
2021,ON,TEX,imports,0.3770412237701004,region-sector
2021,ON,WOD,exports,0.972544248986745,region-sector
2021,ON,WOD,imports,0.6523987414759193,region-sector
2021,ON,PAP,exports,0.908211920338016,region-sector
2021,ON,PAP,imports,0.8936006620634752,region-sector
2021,ON,PET,exports,0.7438388168494383,region-sector
2021,ON,PET,imports,0.8640432252213348,region-sector
2021,ON,CHM,exports,0.7363742690977715,region-sector
2021,ON,CHM,imports,0.7004778538681224,region-sector
2021,ON,RUB,exports,0.9184644754169357,region-sector
2021,ON,RUB,imports,0.7416681638101913,region-sector
2021,ON,NMM,exports,0.8899579459117988,region-sector
2021,ON,NMM,imports,0.772377777602652,region-sector
2021,ON,BMT,exports,0.49436641586639923,region-sector
2021,ON,BMT,imports,0.6400775007569975,region-sector
2021,ON,FMT,exports,0.8624639631331381,region-sector
2021,ON,FMT,imports,0.6865747755958699,region-sector
2021,ON,ELC,exports,0.6739184925233968,region-sector
2021,ON,ELC,imports,0.4888289499076941,region-sector
2021,ON,ELQ,exports,0.8585386013619817,region-sector
2021,ON,ELQ,imports,0.6546587394750182,region-sector
2021,ON,MAC,exports,0.7895563685459959,region-sector
2021,ON,MAC,imports,0.7130005658718868,region-sector
2021,ON,MTV,exports,0.9243798549964517,region-sector
2021,ON,MTV,imports,0.7555042780656681,region-sector
2021,ON,OTE,exports,0.4653182869655495,region-sector
2021,ON,OTE,imports,0.6170975525007906,region-sector
2021,ON,MFN,exports,0.7384674967611529,region-sector
2021,ON,MFN,imports,0.6539340926347761,region-sector
2021,ON,UTL,exports,0.8747537672362936,region-sector
2021,ON,UTL,imports,0.8055489476781309,region-sector
2021,ON,CON,exports,0.6550358929736785,region-sector
2021,ON,CON,imports,0.9843007166678494,region-sector
2021,ON,TRD,exports,0.7568851523232392,region-sector
2021,ON,TRD,imports,0.7874096284257132,region-sector
2021,ON,TRN,exports,0.6646797028657475,region-sector
2021,ON,TRN,imports,0.6557217352464966,region-sector
2021,ON,ACC,exports,0.2603417431149875,region-sector
2021,ON,ACC,imports,0.39032755911664807,region-sector
2021,ON,PUB,exports,0.755744917878498,region-sector
2021,ON,PUB,imports,0.8575700853658953,region-sector
2021,ON,TEL,exports,0.5546824087605499,region-sector
2021,ON,TEL,imports,0.7060015856020793,region-sector
2021,ON,ITS,exports,0.6831930501237355,region-sector
2021,ON,ITS,imports,0.7469083552862719,region-sector
2021,ON,FIN,exports,0.5491020653875242,region-sector
2021,ON,FIN,imports,0.5283140507480106,region-sector
2021,ON,REA,exports,0.17209441978737744,region-sector
2021,ON,REA,imports,0.478810912393241,region-sector
2021,ON,PRF,exports,0.6570311104530624,region-sector
2021,ON,PRF,imports,0.6982340415686185,region-sector
2021,ON,ADM,exports,0.660629827675528,region-sector
2021,ON,ADM,imports,0.6776321727900292,region-sector
2021,ON,PAD,exports,0.403002352568273,region-sector
2021,ON,PAD,imports,0.38416021039164117,region-sector
2021,ON,EDU,exports,0.05908916165677466,region-sector
2021,ON,EDU,imports,0.5550305903456229,region-sector
2021,ON,HTH,exports,0.5381332353836076,region-sector
2021,ON,HTH,imports,0.7394402438541626,region-sector
2021,ON,ART,exports,0.6782497300029873,region-sector
2021,ON,ART,imports,0.6158848748039605,region-sector
2021,ON,OSV,exports,0.1422610015174507,region-sector
2021,ON,OSV,imports,0.6617586517670708,region-sector
2021,MB,AGR,exports,0.2789500479145399,region-sector
2021,MB,AGR,imports,0.8311538741890808,region-sector
2021,MB,MIE,exports,1,region-sector
2021,MB,MIE,imports,0.9806818181818181,region-sector
2021,MB,MIN,exports,0.9357806288238992,region-sector
2021,MB,MIN,imports,0.9432443448135317,region-sector
2021,MB,MIS,exports,0.42088854247856594,region-sector
2021,MB,MIS,imports,0.7831286360698125,region-sector
2021,MB,FOD,exports,0.5744786905089887,region-sector
2021,MB,FOD,imports,0.846266835175878,region-sector
2021,MB,TEX,exports,0.936509412038113,region-sector
2021,MB,TEX,imports,0.607306947311313,region-sector
2021,MB,WOD,exports,0.9981497941192476,region-sector
2021,MB,WOD,imports,0.8305866320856321,region-sector
2021,MB,PAP,exports,0.6246590384738941,region-sector
2021,MB,PAP,imports,0.9402180626795928,region-sector
2021,MB,PET,exports,0.9955663039097139,region-sector
2021,MB,PET,imports,0.8985277832063058,region-sector
2021,MB,CHM,exports,0.9797093566916661,region-sector
2021,MB,CHM,imports,0.8473023295674121,region-sector
2021,MB,RUB,exports,0.9032389549678176,region-sector
2021,MB,RUB,imports,0.8517654916512059,region-sector
2021,MB,NMM,exports,0.7287053660482746,region-sector
2021,MB,NMM,imports,0.8744762007091438,region-sector
2021,MB,BMT,exports,0.8862195201673531,region-sector
2021,MB,BMT,imports,0.8585168523584741,region-sector
2021,MB,FMT,exports,0.89990520471268,region-sector
2021,MB,FMT,imports,0.875083483098456,region-sector
2021,MB,ELC,exports,0.7797672336615935,region-sector
2021,MB,ELC,imports,0.7462534841557306,region-sector
2021,MB,ELQ,exports,0.8489791970597007,region-sector
2021,MB,ELQ,imports,0.8094040378415382,region-sector
2021,MB,MAC,exports,0.8188636370565417,region-sector
2021,MB,MAC,imports,0.8768159931989573,region-sector
2021,MB,MTV,exports,0.9884951936587864,region-sector
2021,MB,MTV,imports,0.8451366155856965,region-sector
2021,MB,OTE,exports,0.8200018676310713,region-sector
2021,MB,OTE,imports,0.8308056138979795,region-sector
2021,MB,MFN,exports,0.8653289988692703,region-sector
2021,MB,MFN,imports,0.7755104456132212,region-sector
2021,MB,UTL,exports,0.9769092117633673,region-sector
2021,MB,UTL,imports,0.9724337167233652,region-sector
2021,MB,CON,exports,0.6526677626662681,region-sector
2021,MB,CON,imports,0.9993552546744037,region-sector
2021,MB,TRD,exports,0.6113432559859481,region-sector
2021,MB,TRD,imports,0.8343751908940971,region-sector
2021,MB,TRN,exports,0.6665146441133762,region-sector
2021,MB,TRN,imports,0.6204411886815082,region-sector
2021,MB,ACC,exports,0.22654613240073246,region-sector
2021,MB,ACC,imports,0.3946959425944909,region-sector
2021,MB,PUB,exports,0.9382833656223577,region-sector
2021,MB,PUB,imports,0.9233216322948662,region-sector
2021,MB,TEL,exports,0.5744290988650349,region-sector
2021,MB,TEL,imports,0.7533825473776994,region-sector
2021,MB,ITS,exports,0.7045301861098502,region-sector
2021,MB,ITS,imports,0.7177716529868452,region-sector
2021,MB,FIN,exports,0.5301398136760113,region-sector
2021,MB,FIN,imports,0.5400151634944668,region-sector
2021,MB,REA,exports,0.05933235086820016,region-sector
2021,MB,REA,imports,0.48501108130176135,region-sector
2021,MB,PRF,exports,0.5395785408672965,region-sector
2021,MB,PRF,imports,0.7747833185601091,region-sector
2021,MB,ADM,exports,0.6636839582642038,region-sector
2021,MB,ADM,imports,0.7014246633335558,region-sector
2021,MB,PAD,exports,0.49276418532014576,region-sector
2021,MB,PAD,imports,0.414576802507837,region-sector
2021,MB,EDU,exports,0.06055719160473052,region-sector
2021,MB,EDU,imports,0.582591296596588,region-sector
2021,MB,HTH,exports,0.5188292849422608,region-sector
2021,MB,HTH,imports,0.7830271216097988,region-sector
2021,MB,ART,exports,0.6550488928690075,region-sector
2021,MB,ART,imports,0.512497172585388,region-sector
2021,MB,OSV,exports,0.1252065714007971,region-sector
2021,MB,OSV,imports,0.6960530106597522,region-sector
2021,SK,AGR,exports,0.11059807728406636,region-sector
2021,SK,AGR,imports,0.8627429894422549,region-sector
2021,SK,MIE,exports,0.9981925023640916,region-sector
2021,SK,MIE,imports,0.9993068438971683,region-sector
2021,SK,MIN,exports,0.5594072312321364,region-sector
2021,SK,MIN,imports,0.8619098331558395,region-sector
2021,SK,MIS,exports,0.42105263157894735,region-sector
2021,SK,MIS,imports,0.7831986033625566,region-sector
2021,SK,FOD,exports,0.6507049878484792,region-sector
2021,SK,FOD,imports,0.8652027700988913,region-sector
2021,SK,TEX,exports,0.8244182532487156,region-sector
2021,SK,TEX,imports,0.4800449531151281,region-sector
2021,SK,WOD,exports,0.9965138326141632,region-sector
2021,SK,WOD,imports,0.8423565087092743,region-sector
2021,SK,PAP,exports,0.0037764947801328694,region-sector
2021,SK,PAP,imports,0.944232183104533,region-sector
2021,SK,PET,exports,0.978603915287208,region-sector
2021,SK,PET,imports,0.9929011742245633,region-sector
2021,SK,CHM,exports,0.6977879882965938,region-sector
2021,SK,CHM,imports,0.8442605629765209,region-sector
2021,SK,RUB,exports,0.9318472624419153,region-sector
2021,SK,RUB,imports,0.8679560467038501,region-sector
2021,SK,NMM,exports,0.9716111290844388,region-sector
2021,SK,NMM,imports,0.8753795428720452,region-sector
2021,SK,BMT,exports,0.9842959980894544,region-sector
2021,SK,BMT,imports,0.8200399259308078,region-sector
2021,SK,FMT,exports,0.8976993725561517,region-sector
2021,SK,FMT,imports,0.836678686372251,region-sector
2021,SK,ELC,exports,0.8293886225348194,region-sector
2021,SK,ELC,imports,0.783487079515142,region-sector
2021,SK,ELQ,exports,0.8451385627054955,region-sector
2021,SK,ELQ,imports,0.876651430475568,region-sector
2021,SK,MAC,exports,0.7197021446280276,region-sector
2021,SK,MAC,imports,0.8881932053501654,region-sector
2021,SK,MTV,exports,0.9873250802023263,region-sector
2021,SK,MTV,imports,0.8489735905765519,region-sector
2021,SK,OTE,exports,0.5467323392501036,canada-sector
2021,SK,OTE,imports,0.85608536872478,region-sector
2021,SK,MFN,exports,0.8678041436662127,region-sector
2021,SK,MFN,imports,0.79358076629867,region-sector
2021,SK,UTL,exports,0.8455070581399323,region-sector
2021,SK,UTL,imports,0.8202020202020202,region-sector
2021,SK,CON,exports,0.6162642947903431,region-sector
2021,SK,CON,imports,1,region-sector
2021,SK,TRD,exports,0.5419694362191856,region-sector
2021,SK,TRD,imports,0.9161466833061342,region-sector
2021,SK,TRN,exports,0.6552914528170701,region-sector
2021,SK,TRN,imports,0.5304131676184078,region-sector
2021,SK,ACC,exports,0.21175314405048903,region-sector
2021,SK,ACC,imports,0.409964665881464,region-sector
2021,SK,PUB,exports,0.9047921294827039,region-sector
2021,SK,PUB,imports,0.9315208077626735,region-sector
2021,SK,TEL,exports,0.5690363237272534,region-sector
2021,SK,TEL,imports,0.7985149663547065,region-sector
2021,SK,ITS,exports,0.6608820882088209,region-sector
2021,SK,ITS,imports,0.736112770278342,region-sector
2021,SK,FIN,exports,0.5831706302211696,region-sector
2021,SK,FIN,imports,0.5661222005988926,region-sector
2021,SK,REA,exports,0.3935705073763015,region-sector
2021,SK,REA,imports,0.4779107725788901,region-sector
2021,SK,PRF,exports,0.6000373024966029,region-sector
2021,SK,PRF,imports,0.7086464999110657,region-sector
2021,SK,ADM,exports,0.6744760538688341,region-sector
2021,SK,ADM,imports,0.6988408072784372,region-sector
2021,SK,PAD,exports,0.6767633391101635,region-sector
2021,SK,PAD,imports,0.4014652014652015,region-sector
2021,SK,EDU,exports,0.0557364258609072,region-sector
2021,SK,EDU,imports,0.569431993692419,region-sector
2021,SK,HTH,exports,0.5599824655399152,region-sector
2021,SK,HTH,imports,0.7852541159627774,region-sector
2021,SK,ART,exports,0.7089277993947254,region-sector
2021,SK,ART,imports,0.5040524542391404,region-sector
2021,SK,OSV,exports,0.09729825180999471,region-sector
2021,SK,OSV,imports,0.7277238723057551,region-sector
2021,AB,AGR,exports,0.2303138500583973,region-sector
2021,AB,AGR,imports,0.8896837562716794,region-sector
2021,AB,MIE,exports,0.9821547111548037,region-sector
2021,AB,MIE,imports,0.9996333531322642,region-sector
2021,AB,MIN,exports,0.4839115046288291,region-sector
2021,AB,MIN,imports,0.08876040028446382,region-sector
2021,AB,MIS,exports,0.5073921337597487,region-sector
2021,AB,MIS,imports,0.7831728310891427,region-sector
2021,AB,FOD,exports,0.579531839135703,region-sector
2021,AB,FOD,imports,0.6509158899024932,region-sector
2021,AB,TEX,exports,0.562634152158359,region-sector
2021,AB,TEX,imports,0.341179250162948,region-sector
2021,AB,WOD,exports,0.9400005670383612,region-sector
2021,AB,WOD,imports,0.42115779288060995,region-sector
2021,AB,PAP,exports,0.4463953994124995,region-sector
2021,AB,PAP,imports,0.8225526750640091,region-sector
2021,AB,PET,exports,0.8080328957733772,region-sector
2021,AB,PET,imports,0.9729942916450443,region-sector
2021,AB,CHM,exports,0.8622296804757265,region-sector
2021,AB,CHM,imports,0.8158806621392568,region-sector
2021,AB,RUB,exports,0.9088666965815184,region-sector
2021,AB,RUB,imports,0.5258036920078741,region-sector
2021,AB,NMM,exports,0.9201285426284629,region-sector
2021,AB,NMM,imports,0.5358356572262838,region-sector
2021,AB,BMT,exports,0.175653025465464,region-sector
2021,AB,BMT,imports,0.5790183722749339,region-sector
2021,AB,FMT,exports,0.7537083518195046,region-sector
2021,AB,FMT,imports,0.6343283139831688,region-sector
2021,AB,ELC,exports,0.6116189835586912,region-sector
2021,AB,ELC,imports,0.5781876108494951,region-sector
2021,AB,ELQ,exports,0.7673922151507293,region-sector
2021,AB,ELQ,imports,0.6227107139762478,region-sector
2021,AB,MAC,exports,0.7798848912643752,region-sector
2021,AB,MAC,imports,0.7168493832439853,region-sector
2021,AB,MTV,exports,0.9449400601864795,region-sector
2021,AB,MTV,imports,0.8908665013574307,region-sector
2021,AB,OTE,exports,0.3542641483657229,region-sector
2021,AB,OTE,imports,0.6686831411012137,region-sector
2021,AB,MFN,exports,0.7652160791020536,region-sector
2021,AB,MFN,imports,0.5524024737594555,region-sector
2021,AB,UTL,exports,0.7642482517482518,region-sector
2021,AB,UTL,imports,0.8777951040446471,region-sector
2021,AB,CON,exports,0.6133635040283644,region-sector
2021,AB,CON,imports,0.995950961646609,region-sector
2021,AB,TRD,exports,0.7232249328238369,region-sector
2021,AB,TRD,imports,0.7859434452852601,region-sector
2021,AB,TRN,exports,0.8114703235385458,region-sector
2021,AB,TRN,imports,0.5630658497534669,region-sector
2021,AB,ACC,exports,0.24172771867235776,region-sector
2021,AB,ACC,imports,0.38965840026047316,region-sector
2021,AB,PUB,exports,0.7607266360040386,region-sector
2021,AB,PUB,imports,0.9043457909274605,region-sector
2021,AB,TEL,exports,0.5716998428496595,region-sector
2021,AB,TEL,imports,0.7156419562763258,region-sector
2021,AB,ITS,exports,0.6492835681398811,region-sector
2021,AB,ITS,imports,0.7258897954684079,region-sector
2021,AB,FIN,exports,0.5724647933706887,region-sector
2021,AB,FIN,imports,0.4650820935092901,region-sector
2021,AB,REA,exports,0.322310410686307,region-sector
2021,AB,REA,imports,0.4837139147701237,region-sector
2021,AB,PRF,exports,0.6112815584944351,region-sector
2021,AB,PRF,imports,0.6697288937239843,region-sector
2021,AB,ADM,exports,0.6696019731725925,region-sector
2021,AB,ADM,imports,0.6979352386615475,region-sector
2021,AB,PAD,exports,0.6223721730790639,region-sector
2021,AB,PAD,imports,0.45611222444889776,region-sector
2021,AB,EDU,exports,0.09419723442183221,region-sector
2021,AB,EDU,imports,0.556274796408436,region-sector
2021,AB,HTH,exports,0.6547128956372968,region-sector
2021,AB,HTH,imports,0.7956272002964612,region-sector
2021,AB,ART,exports,0.6657757894431049,region-sector
2021,AB,ART,imports,0.42208648089976364,region-sector
2021,AB,OSV,exports,0.5780156442980651,region-sector
2021,AB,OSV,imports,0.6223949377536281,region-sector
2021,BC,AGR,exports,0.66292831901176,region-sector
2021,BC,AGR,imports,0.8157222892407023,region-sector
2021,BC,MIE,exports,0.4655932763780983,region-sector
2021,BC,MIE,imports,0.8144374593539994,region-sector
2021,BC,MIN,exports,0.030975340148378078,region-sector
2021,BC,MIN,imports,0.8042068872864933,region-sector
2021,BC,MIS,exports,0.4462944068268249,region-sector
2021,BC,MIS,imports,0.7831494483450351,region-sector
2021,BC,FOD,exports,0.6997696974615993,region-sector
2021,BC,FOD,imports,0.6119598639570506,region-sector
2021,BC,TEX,exports,0.47809540088885316,region-sector
2021,BC,TEX,imports,0.24034902811612754,region-sector
2021,BC,WOD,exports,0.7477664723818865,region-sector
2021,BC,WOD,imports,0.7279657456489286,region-sector
2021,BC,PAP,exports,0.18220050799726414,region-sector
2021,BC,PAP,imports,0.7614683070441,region-sector
2021,BC,PET,exports,0.9812095599294567,region-sector
2021,BC,PET,imports,0.9392633623091196,region-sector
2021,BC,CHM,exports,0.5928403178581718,region-sector
2021,BC,CHM,imports,0.6811753628656888,region-sector
2021,BC,RUB,exports,0.8463429878979679,region-sector
2021,BC,RUB,imports,0.5227338062678567,region-sector
2021,BC,NMM,exports,0.9464658423757157,region-sector
2021,BC,NMM,imports,0.6022669115529984,region-sector
2021,BC,BMT,exports,0.5691046263784991,region-sector
2021,BC,BMT,imports,0.24787348559287117,region-sector
2021,BC,FMT,exports,0.8497727860710335,region-sector
2021,BC,FMT,imports,0.4640740596448286,region-sector
2021,BC,ELC,exports,0.5410859856111333,region-sector
2021,BC,ELC,imports,0.4134311438059391,region-sector
2021,BC,ELQ,exports,0.7463185192249124,region-sector
2021,BC,ELQ,imports,0.49808170017131126,region-sector
2021,BC,MAC,exports,0.7242854657833593,region-sector
2021,BC,MAC,imports,0.5461206391214606,region-sector
2021,BC,MTV,exports,0.8225334525841672,region-sector
2021,BC,MTV,imports,0.5310299624114961,region-sector
2021,BC,OTE,exports,0.5854367494339406,region-sector
2021,BC,OTE,imports,0.43281534897487145,region-sector
2021,BC,MFN,exports,0.8429667766760901,region-sector
2021,BC,MFN,imports,0.438108496443668,region-sector
2021,BC,UTL,exports,0.9667424726009932,region-sector
2021,BC,UTL,imports,0.9905187032964627,region-sector
2021,BC,CON,exports,0.7187325360456019,region-sector
2021,BC,CON,imports,0.8981288981288982,region-sector
2021,BC,TRD,exports,0.7312467253401543,region-sector
2021,BC,TRD,imports,0.7963797095348348,region-sector
2021,BC,TRN,exports,0.5922904227164721,region-sector
2021,BC,TRN,imports,0.6075088588765765,region-sector
2021,BC,ACC,exports,0.23143055130737422,region-sector
2021,BC,ACC,imports,0.3896886552495532,region-sector
2021,BC,PUB,exports,0.8559507019997946,region-sector
2021,BC,PUB,imports,0.8521059891927482,region-sector
2021,BC,TEL,exports,0.5754094380847449,region-sector
2021,BC,TEL,imports,0.7360255558493998,region-sector
2021,BC,ITS,exports,0.6534488987686367,region-sector
2021,BC,ITS,imports,0.7711734212937006,region-sector
2021,BC,FIN,exports,0.49245277833986606,region-sector
2021,BC,FIN,imports,0.4730138224539337,region-sector
2021,BC,REA,exports,0.07737290360151498,region-sector
2021,BC,REA,imports,0.50240111316624525,region-sector
2021,BC,PRF,exports,0.6353979745326108,region-sector
2021,BC,PRF,imports,0.7030556169089117,region-sector
2021,BC,ADM,exports,0.6676683507819641,region-sector
2021,BC,ADM,imports,0.6863460597955799,region-sector
2021,BC,PAD,exports,0.5698218599033816,region-sector
2021,BC,PAD,imports,0.5817377032874124,region-sector
2021,BC,EDU,exports,0.05807732557154236,region-sector
2021,BC,EDU,imports,0.5724232251647394,region-sector
2021,BC,HTH,exports,0.5411979210010668,region-sector
2021,BC,HTH,imports,0.7760058369814467,region-sector
2021,BC,ART,exports,0.6093328029811377,region-sector
2021,BC,ART,imports,0.47552916853835286,region-sector
2021,BC,OSV,exports,0.34694324884425315,region-sector
2021,BC,OSV,imports,0.6469105589022758,region-sector
2021,YT,AGR,exports,0.6455223880597015,region-sector
2021,YT,AGR,imports,0.9748062015503876,region-sector
2021,YT,MIE,exports,0.9106759880839952,canada-sector
2021,YT,MIE,imports,0.7285640169550874,canada-sector
2021,YT,MIN,exports,0.7244591001654228,region-sector
2021,YT,MIN,imports,1,region-sector
2021,YT,MIS,exports,0.4647834593135439,canada-sector
2021,YT,MIS,imports,0.7818181818181819,region-sector
2021,YT,FOD,exports,0.711230685380694,canada-sector
2021,YT,FOD,imports,0.7046833496435062,region-sector
2021,YT,TEX,exports,0,region-sector
2021,YT,TEX,imports,0.9470499243570348,region-sector
2021,YT,WOD,exports,0.8740809673483285,canada-sector
2021,YT,WOD,imports,0.5514090708938794,region-sector
2021,YT,PAP,exports,0.7037037037037037,region-sector
2021,YT,PAP,imports,0.9121082261994791,region-sector
2021,YT,PET,exports,0.86080345828902,canada-sector
2021,YT,PET,imports,0.993832431919537,region-sector
2021,YT,CHM,exports,0.7741540846454271,canada-sector
2021,YT,CHM,imports,0.8840194083581154,region-sector
2021,YT,RUB,exports,0.9961464354527938,region-sector
2021,YT,RUB,imports,0.9180934118613887,region-sector
2021,YT,NMM,exports,0.8948952873126785,canada-sector
2021,YT,NMM,imports,0.632167213942915,region-sector
2021,YT,BMT,exports,0.592886968615462,canada-sector
2021,YT,BMT,imports,0.6331729173581149,region-sector
2021,YT,FMT,exports,1,region-sector
2021,YT,FMT,imports,0.7952979676197038,region-sector
2021,YT,ELC,exports,0.17601760176017603,region-sector
2021,YT,ELC,imports,0.6921947322666291,region-sector
2021,YT,ELQ,exports,0.8187882722598363,canada-sector
2021,YT,ELQ,imports,0.9057607294160986,region-sector
2021,YT,MAC,exports,0.765688647456311,canada-sector
2021,YT,MAC,imports,0.857713846736214,region-sector
2021,YT,MTV,exports,0.9221955709115488,canada-sector
2021,YT,MTV,imports,0.8703530480797499,region-sector
2021,YT,OTE,exports,0.5467323392501036,canada-sector
2021,YT,OTE,imports,0.4813200897148349,region-sector
2021,YT,MFN,exports,0.732142857142857,region-sector
2021,YT,MFN,imports,0.8898329915030765,region-sector
2021,YT,UTL,exports,0.6973684210526315,region-sector
2021,YT,UTL,imports,0.7375912677926102,region-sector
2021,YT,CON,exports,0.5812499999999999,region-sector
2021,YT,CON,imports,0.8639645345155161,canada-sector
2021,YT,TRD,exports,0.7959754052543321,region-sector
2021,YT,TRD,imports,0.7840717891194617,region-sector
2021,YT,TRN,exports,0.6464839310877768,region-sector
2021,YT,TRN,imports,0.6480270574971815,region-sector
2021,YT,ACC,exports,0.4121945376137998,region-sector
2021,YT,ACC,imports,0.372681281618887,region-sector
2021,YT,PUB,exports,0.8545918367346939,region-sector
2021,YT,PUB,imports,0.9277169763298548,region-sector
2021,YT,TEL,exports,0.526923076923077,region-sector
2021,YT,TEL,imports,0.568163656704491,region-sector
2021,YT,ITS,exports,0.6818181818181819,region-sector
2021,YT,ITS,imports,0.8052596198895927,region-sector
2021,YT,FIN,exports,0.5876735005730295,region-sector
2021,YT,FIN,imports,0.36222851746931073,region-sector
2021,YT,REA,exports,0.03125,region-sector
2021,YT,REA,imports,0.4769539078156313,region-sector
2021,YT,PRF,exports,0.685171581488089,region-sector
2021,YT,PRF,imports,0.7925313142643485,region-sector
2021,YT,ADM,exports,0.6074943224829674,region-sector
2021,YT,ADM,imports,0.736541174723398,region-sector
2021,YT,PAD,exports,0.5941255006675568,region-sector
2021,YT,PAD,imports,0.6818181818181818,region-sector
2021,YT,EDU,exports,0.061946902654867256,region-sector
2021,YT,EDU,imports,0.6544295070665288,region-sector
2021,YT,HTH,exports,0.5483870967741936,region-sector
2021,YT,HTH,imports,0.7747747747747749,region-sector
2021,YT,ART,exports,0.6206008583690986,region-sector
2021,YT,ART,imports,0.6354166666666666,region-sector
2021,YT,OSV,exports,0.4,region-sector
2021,YT,OSV,imports,0.75,region-sector
2021,NT,AGR,exports,0.6012084592145015,region-sector
2021,NT,AGR,imports,0.8309859154929577,region-sector
2021,NT,MIE,exports,0.9106759880839952,canada-sector
2021,NT,MIE,imports,0.9857142857142857,region-sector
2021,NT,MIN,exports,0.0012345421185315571,region-sector
2021,NT,MIN,imports,0.8977962312360267,region-sector
2021,NT,MIS,exports,0.4647834593135439,canada-sector
2021,NT,MIS,imports,0.7829787234042553,region-sector
2021,NT,FOD,exports,0.711230685380694,canada-sector
2021,NT,FOD,imports,0.6466143977191732,region-sector
2021,NT,TEX,exports,0.6549856242180553,canada-sector
2021,NT,TEX,imports,0.22190469121140147,region-sector
2021,NT,WOD,exports,0.8740809673483285,canada-sector
2021,NT,WOD,imports,0.43926451426089475,region-sector
2021,NT,PAP,exports,0.6556791538900096,canada-sector
2021,NT,PAP,imports,0.7443123938879457,region-sector
2021,NT,PET,exports,0.86080345828902,canada-sector
2021,NT,PET,imports,0.5131624151850896,region-sector
2021,NT,CHM,exports,0.71875,region-sector
2021,NT,CHM,imports,0.6875302676467107,region-sector
2021,NT,RUB,exports,0.9088298893825478,canada-sector
2021,NT,RUB,imports,0.6971576579646923,region-sector
2021,NT,NMM,exports,0.8948952873126785,canada-sector
2021,NT,NMM,imports,0.5749715862964767,region-sector
2021,NT,BMT,exports,0.592886968615462,canada-sector
2021,NT,BMT,imports,0.6866390759157452,region-sector
2021,NT,FMT,exports,0.8395156608794639,canada-sector
2021,NT,FMT,imports,0.7710038517091959,region-sector
2021,NT,ELC,exports,0.6276137551151957,canada-sector
2021,NT,ELC,imports,0.8271240833022587,region-sector
2021,NT,ELQ,exports,0.8187882722598363,canada-sector
2021,NT,ELQ,imports,0.7768833259757459,region-sector
2021,NT,MAC,exports,0.765688647456311,canada-sector
2021,NT,MAC,imports,0.7142717328294274,region-sector
2021,NT,MTV,exports,0.9221955709115488,canada-sector
2021,NT,MTV,imports,0.8232474230553798,region-sector
2021,NT,OTE,exports,0.5467323392501036,canada-sector
2021,NT,OTE,imports,0.6109621396318166,region-sector
2021,NT,MFN,exports,0.7123287671232876,region-sector
2021,NT,MFN,imports,0.39417630398867126,region-sector
2021,NT,UTL,exports,0.8253275109170305,region-sector
2021,NT,UTL,imports,0.7375324982273695,region-sector
2021,NT,CON,exports,0.6397529069767443,region-sector
2021,NT,CON,imports,0.9791666666666666,region-sector
2021,NT,TRD,exports,0.8780363339457031,region-sector
2021,NT,TRD,imports,0.7781995661605206,region-sector
2021,NT,TRN,exports,0.4906832298136646,region-sector
2021,NT,TRN,imports,0.7944337811900193,region-sector
2021,NT,ACC,exports,0.35330739299610897,region-sector
2021,NT,ACC,imports,0.3901808785529716,region-sector
2021,NT,PUB,exports,0.7251655629139073,region-sector
2021,NT,PUB,imports,0.9320007139032661,region-sector
2021,NT,TEL,exports,0.5512065921130076,region-sector
2021,NT,TEL,imports,0.536053412462908,region-sector
2021,NT,ITS,exports,0.6689765303724018,canada-sector
2021,NT,ITS,imports,0.7547623551028129,region-sector
2021,NT,FIN,exports,0.6658066735466116,region-sector
2021,NT,FIN,imports,0.4373506769312451,region-sector
2021,NT,REA,exports,0.04854368932038835,region-sector
2021,NT,REA,imports,0.4991304347826087,region-sector
2021,NT,PRF,exports,0.700507614213198,region-sector
2021,NT,PRF,imports,0.6453196258792611,region-sector
2021,NT,ADM,exports,0.6613859708573365,region-sector
2021,NT,ADM,imports,0.7186950919526766,region-sector
2021,NT,PAD,exports,0.6394986320544633,region-sector
2021,NT,PAD,imports,0.9642857142857143,region-sector
2021,NT,EDU,exports,0.55851755526658,region-sector
2021,NT,EDU,imports,0.6162766181741514,region-sector
2021,NT,HTH,exports,0.6754800125904942,region-sector
2021,NT,HTH,imports,0.7403846153846154,region-sector
2021,NT,ART,exports,0.6218236173393125,region-sector
2021,NT,ART,imports,0.6946386946386948,region-sector
2021,NT,OSV,exports,0.2558139534883721,region-sector
2021,NT,OSV,imports,0.7315436241610738,region-sector
2021,NU,AGR,exports,0.5974025974025974,region-sector
2021,NU,AGR,imports,0.728813559322034,region-sector
2021,NU,MIE,exports,0.9106759880839952,canada-sector
2021,NU,MIE,imports,0.7285640169550874,canada-sector
2021,NU,MIN,exports,0.41477034009595104,region-sector
2021,NU,MIN,imports,0.9387913223140497,region-sector
2021,NU,MIS,exports,0.4647834593135439,canada-sector
2021,NU,MIS,imports,0.7831775156545798,canada-sector
2021,NU,FOD,exports,0.6097560975609756,region-sector
2021,NU,FOD,imports,0.7550595238095238,region-sector
2021,NU,TEX,exports,0.6549856242180553,canada-sector
2021,NU,TEX,imports,0.6630073667485196,region-sector
2021,NU,WOD,exports,0.8740809673483285,canada-sector
2021,NU,WOD,imports,0.793330422809551,region-sector
2021,NU,PAP,exports,0.6556791538900096,canada-sector
2021,NU,PAP,imports,0.8849121303043292,region-sector
2021,NU,PET,exports,0.86080345828902,canada-sector
2021,NU,PET,imports,0.41935819962492193,region-sector
2021,NU,CHM,exports,0.7272727272727273,region-sector
2021,NU,CHM,imports,0.7147524436889077,region-sector
2021,NU,RUB,exports,0.9088298893825478,canada-sector
2021,NU,RUB,imports,0.8346727154893067,region-sector
2021,NU,NMM,exports,0.8948952873126785,canada-sector
2021,NU,NMM,imports,0.8272310045894953,region-sector
2021,NU,BMT,exports,0.592886968615462,canada-sector
2021,NU,BMT,imports,0.6349929724434601,region-sector
2021,NU,FMT,exports,0.8395156608794639,canada-sector
2021,NU,FMT,imports,0.6644454666384872,region-sector
2021,NU,ELC,exports,0.6276137551151957,canada-sector
2021,NU,ELC,imports,0.6254617149324847,region-sector
2021,NU,ELQ,exports,0.8187882722598363,canada-sector
2021,NU,ELQ,imports,0.7945530370559023,region-sector
2021,NU,MAC,exports,0.765688647456311,canada-sector
2021,NU,MAC,imports,0.7795307645609398,region-sector
2021,NU,MTV,exports,0.9221955709115488,canada-sector
2021,NU,MTV,imports,0.9030361160662262,region-sector
2021,NU,OTE,exports,0.5467323392501036,canada-sector
2021,NU,OTE,imports,0.39143167028199566,region-sector
2021,NU,MFN,exports,0.7637711865123673,canada-sector
2021,NU,MFN,imports,0.5494588163045981,region-sector
2021,NU,UTL,exports,0.6574585635359116,region-sector
2021,NU,UTL,imports,0.7377727614747931,region-sector
2021,NU,CON,exports,0.638676844783715,region-sector
2021,NU,CON,imports,0.977916194790487,region-sector
2021,NU,TRD,exports,0.7512605042016807,region-sector
2021,NU,TRD,imports,0.8191384413022033,region-sector
2021,NU,TRN,exports,0.352326685660019,region-sector
2021,NU,TRN,imports,0.9255359376363476,region-sector
2021,NU,ACC,exports,0.37209302325581395,region-sector
2021,NU,ACC,imports,0.41147938561034764,region-sector
2021,NU,PUB,exports,0.61,region-sector
2021,NU,PUB,imports,0.8942055320008075,region-sector
2021,NU,TEL,exports,0.5526412325752017,region-sector
2021,NU,TEL,imports,0.7372901119402985,region-sector
2021,NU,ITS,exports,0.6,region-sector
2021,NU,ITS,imports,0.854372754564693,region-sector
2021,NU,FIN,exports,0.6017699115044248,region-sector
2021,NU,FIN,imports,0.463881636205396,region-sector
2021,NU,REA,exports,0.15593936669021774,canada-sector
2021,NU,REA,imports,0.4588665447897623,region-sector
2021,NU,PRF,exports,0.707577870757787,region-sector
2021,NU,PRF,imports,0.6790029910269192,region-sector
2021,NU,ADM,exports,0.6532188841201717,region-sector
2021,NU,ADM,imports,0.6827682129163222,region-sector
2021,NU,PAD,exports,0.5583240755435646,region-sector
2021,NU,PAD,imports,1,region-sector
2021,NU,EDU,exports,0.657142857142857,region-sector
2021,NU,EDU,imports,0.6035018818523974,region-sector
2021,NU,HTH,exports,0,region-sector
2021,NU,HTH,imports,0.7647058823529412,region-sector
2021,NU,ART,exports,0.5942028985507247,region-sector
2021,NU,ART,imports,0.6785714285714285,region-sector
2021,NU,OSV,exports,0.372093023255814,region-sector
2021,NU,OSV,imports,0.7142857142857143,region-sector
2022,NL,AGR,exports,0.5145309673197583,region-sector
2022,NL,AGR,imports,0.10855866634761108,region-sector
2022,NL,MIE,exports,0.6121116917846539,region-sector
2022,NL,MIE,imports,0.5517241379310345,region-sector
2022,NL,MIN,exports,0.001910829278271029,region-sector
2022,NL,MIN,imports,0.003583085000709521,region-sector
2022,NL,MIS,exports,0.30303030303030304,region-sector
2022,NL,MIS,imports,0.7199999999999999,region-sector
2022,NL,FOD,exports,0.6130442565431591,region-sector
2022,NL,FOD,imports,0.39133110614545447,region-sector
2022,NL,TEX,exports,0.5926536150416746,region-sector
2022,NL,TEX,imports,0.16528707575444104,region-sector
2022,NL,WOD,exports,0.9997122118121062,region-sector
2022,NL,WOD,imports,0.42597952185227517,region-sector
2022,NL,PAP,exports,0.2512112135400005,region-sector
2022,NL,PAP,imports,0.32752863451940684,region-sector
2022,NL,PET,exports,0.8621800960774448,canada-sector
2022,NL,PET,imports,0.4928776771596954,region-sector
2022,NL,CHM,exports,0.5206611570247933,region-sector
2022,NL,CHM,imports,0.2778558276267043,region-sector
2022,NL,RUB,exports,0.6065573770491804,region-sector
2022,NL,RUB,imports,0.02385240144789209,region-sector
2022,NL,NMM,exports,0.12742382271468145,region-sector
2022,NL,NMM,imports,0.24282591473254891,region-sector
2022,NL,BMT,exports,0.3314720151319708,region-sector
2022,NL,BMT,imports,0.01647198452476064,region-sector
2022,NL,FMT,exports,0.1710097719869707,region-sector
2022,NL,FMT,imports,0.12860328297347356,region-sector
2022,NL,ELC,exports,0.4368106028217187,region-sector
2022,NL,ELC,imports,0.4770644886968765,region-sector
2022,NL,ELQ,exports,0.7016195443315949,region-sector
2022,NL,ELQ,imports,0.3064181661579943,region-sector
2022,NL,MAC,exports,0.1511149599480407,region-sector
2022,NL,MAC,imports,0.26706379180113987,region-sector
2022,NL,MTV,exports,0.1111111111111111,region-sector
2022,NL,MTV,imports,0.47427987223062207,region-sector
2022,NL,OTE,exports,0.3970117845117845,region-sector
2022,NL,OTE,imports,0.31555965243450096,region-sector
2022,NL,MFN,exports,0.5032978183663115,region-sector
2022,NL,MFN,imports,0.3577254650528085,region-sector
2022,NL,UTL,exports,0.9866325581395348,region-sector
2022,NL,UTL,imports,0.8946459412780655,region-sector
2022,NL,CON,exports,0.46675062972292186,region-sector
2022,NL,CON,imports,0.7591240875912408,region-sector
2022,NL,TRD,exports,0.7112111573281136,region-sector
2022,NL,TRD,imports,0.8765409799051704,region-sector
2022,NL,TRN,exports,0.42019695486340297,region-sector
2022,NL,TRN,imports,0.4813343983040093,region-sector
2022,NL,ACC,exports,0.3555952874633745,region-sector
2022,NL,ACC,imports,0.594975388737525,region-sector
2022,NL,PUB,exports,0.9534819327149384,region-sector
2022,NL,PUB,imports,0.3520101419488677,region-sector
2022,NL,TEL,exports,0.5838500851788756,region-sector
2022,NL,TEL,imports,0.6072806971586245,region-sector
2022,NL,ITS,exports,0.6556515521658821,region-sector
2022,NL,ITS,imports,0.7459207748665093,region-sector
2022,NL,FIN,exports,0.7339839094159714,region-sector
2022,NL,FIN,imports,0.4225343553202318,region-sector
2022,NL,REA,exports,0.0675989473141029,region-sector
2022,NL,REA,imports,0.4441558441558442,region-sector
2022,NL,PRF,exports,0.6660961974149593,region-sector
2022,NL,PRF,imports,0.6591427496217562,region-sector
2022,NL,ADM,exports,0.5814583333333334,region-sector
2022,NL,ADM,imports,0.6785913987847458,region-sector
2022,NL,PAD,exports,0.3668341708542713,region-sector
2022,NL,PAD,imports,0.38948787061994605,region-sector
2022,NL,EDU,exports,0.0911692078548191,region-sector
2022,NL,EDU,imports,0.54832971646092,region-sector
2022,NL,HTH,exports,0.4116033755274261,region-sector
2022,NL,HTH,imports,0.9067488098571829,region-sector
2022,NL,ART,exports,0.5124874210959656,region-sector
2022,NL,ART,imports,0.686953597848016,region-sector
2022,NL,OSV,exports,0.2627450980392157,region-sector
2022,NL,OSV,imports,0.7831305758313056,region-sector
2022,PE,AGR,exports,0.6949690197294225,region-sector
2022,PE,AGR,imports,0.8200206703085783,region-sector
2022,PE,MIE,exports,0.8995391108101753,canada-sector
2022,PE,MIE,imports,0.5,region-sector
2022,PE,MIN,exports,0.8309618668184406,region-sector
2022,PE,MIN,imports,0.9072256913470115,region-sector
2022,PE,MIS,exports,0.3008115907624057,canada-sector
2022,PE,MIS,imports,0.7261400967555643,canada-sector
2022,PE,FOD,exports,0.8664317784913208,region-sector
2022,PE,FOD,imports,0.7116930951598679,region-sector
2022,PE,TEX,exports,0.640343347639485,region-sector
2022,PE,TEX,imports,0.17826345524829026,region-sector
2022,PE,WOD,exports,0.2075471698113207,region-sector
2022,PE,WOD,imports,0.6605751391465677,region-sector
2022,PE,PAP,exports,0.9928299049358184,region-sector
2022,PE,PAP,imports,0.790835407322624,region-sector
2022,PE,PET,exports,0.8621800960774448,canada-sector
2022,PE,PET,imports,0.5142821206213445,region-sector
2022,PE,CHM,exports,0.5737258572279418,region-sector
2022,PE,CHM,imports,0.7007586033659884,region-sector
2022,PE,RUB,exports,0.9200000000000002,region-sector
2022,PE,RUB,imports,0.63568712832678,region-sector
2022,PE,NMM,exports,0.7060931899641577,region-sector
2022,PE,NMM,imports,0.06819144430326132,region-sector
2022,PE,BMT,exports,0.3951612903225807,region-sector
2022,PE,BMT,imports,0.5069178399746224,region-sector
2022,PE,FMT,exports,0.9251592356687898,region-sector
2022,PE,FMT,imports,0.8835591358476749,region-sector
2022,PE,ELC,exports,0.9340558693329262,region-sector
2022,PE,ELC,imports,0.797007687902823,region-sector
2022,PE,ELQ,exports,0.8135593220338982,region-sector
2022,PE,ELQ,imports,0.7393522847985764,region-sector
2022,PE,MAC,exports,0.826788809111166,region-sector
2022,PE,MAC,imports,0.7582467134011417,region-sector
2022,PE,MTV,exports,0.9939363314805458,region-sector
2022,PE,MTV,imports,0.6027605843751274,region-sector
2022,PE,OTE,exports,0.557828553313512,region-sector
2022,PE,OTE,imports,0.9916695346493276,region-sector
2022,PE,MFN,exports,0.5898477157360406,region-sector
2022,PE,MFN,imports,0.7301979763971451,region-sector
2022,PE,UTL,exports,0.8325688073394495,region-sector
2022,PE,UTL,imports,0.7925355092172863,region-sector
2022,PE,CON,exports,0.6290322580645161,region-sector
2022,PE,CON,imports,0.9563636363636363,region-sector
2022,PE,TRD,exports,0.7529980569554922,region-sector
2022,PE,TRD,imports,0.8945326278659612,region-sector
2022,PE,TRN,exports,0.6402756671231935,region-sector
2022,PE,TRN,imports,0.7072702404124361,region-sector
2022,PE,ACC,exports,0.3766233766233766,region-sector
2022,PE,ACC,imports,0.5947769953051643,region-sector
2022,PE,PUB,exports,0.6596194503171248,region-sector
2022,PE,PUB,imports,0.5746680688839227,region-sector
2022,PE,TEL,exports,0.5381454350544934,region-sector
2022,PE,TEL,imports,0.7747444688834261,region-sector
2022,PE,ITS,exports,0.6692477876106194,region-sector
2022,PE,ITS,imports,0.767373811265545,region-sector
2022,PE,FIN,exports,0.6343532551710991,region-sector
2022,PE,FIN,imports,0.4308502557350483,region-sector
2022,PE,REA,exports,0.039002403846153846,region-sector
2022,PE,REA,imports,0.5199615199615198,region-sector
2022,PE,PRF,exports,0.538141573200624,region-sector
2022,PE,PRF,imports,0.7078780281766901,region-sector
2022,PE,ADM,exports,0.5758715463619267,region-sector
2022,PE,ADM,imports,0.6412193001521409,region-sector
2022,PE,PAD,exports,0.53222049689441,region-sector
2022,PE,PAD,imports,0.6492537313432835,region-sector
2022,PE,EDU,exports,0.05202312138728324,region-sector
2022,PE,EDU,imports,0.5454182072549214,region-sector
2022,PE,HTH,exports,0.5036782736635604,region-sector
2022,PE,HTH,imports,0.8812469074715489,region-sector
2022,PE,ART,exports,0.5505956112852665,region-sector
2022,PE,ART,imports,0.6588706982960241,region-sector
2022,PE,OSV,exports,0.21335379892555645,region-sector
2022,PE,OSV,imports,0.7978603603603603,region-sector
2022,NS,AGR,exports,0.49086999200542414,region-sector
2022,NS,AGR,imports,0.04675901421360427,region-sector
2022,NS,MIE,exports,0.8995391108101753,canada-sector
2022,NS,MIE,imports,0.47235593012104304,region-sector
2022,NS,MIN,exports,0.6838346496387161,region-sector
2022,NS,MIN,imports,0.08302069466295535,region-sector
2022,NS,MIS,exports,0.3007547169811321,region-sector
2022,NS,MIS,imports,0.7261400967555643,canada-sector
2022,NS,FOD,exports,0.4678987317396723,region-sector
2022,NS,FOD,imports,0.0676541761857042,region-sector
2022,NS,TEX,exports,0.8913531663708106,region-sector
2022,NS,TEX,imports,0.023776026686811145,region-sector
2022,NS,WOD,exports,0.8323982092866677,region-sector
2022,NS,WOD,imports,0.1498263844013062,region-sector
2022,NS,PAP,exports,0.9277946623610978,region-sector
2022,NS,PAP,imports,0.10818983402489626,region-sector
2022,NS,PET,exports,0.9686520376175548,region-sector
2022,NS,PET,imports,0.23604114107734953,region-sector
2022,NS,CHM,exports,0.3525136079088416,region-sector
2022,NS,CHM,imports,0.26419071234208263,region-sector
2022,NS,RUB,exports,0.959411793559933,region-sector
2022,NS,RUB,imports,0.04567817506830949,region-sector
2022,NS,NMM,exports,0.8665390400656365,region-sector
2022,NS,NMM,imports,0.006782625341524111,region-sector
2022,NS,BMT,exports,0.31673740965928643,region-sector
2022,NS,BMT,imports,0.016133545330950006,region-sector
2022,NS,FMT,exports,0.7097804080361314,region-sector
2022,NS,FMT,imports,0.0554632632088984,region-sector
2022,NS,ELC,exports,0.36967891686154625,region-sector
2022,NS,ELC,imports,0.26082187178896077,region-sector
2022,NS,ELQ,exports,0.8322463812448763,region-sector
2022,NS,ELQ,imports,0.06745163872833491,region-sector
2022,NS,MAC,exports,0.6247588284080493,region-sector
2022,NS,MAC,imports,0.14669226070728214,region-sector
2022,NS,MTV,exports,0.36197893618904325,region-sector
2022,NS,MTV,imports,0.1069861735190552,region-sector
2022,NS,OTE,exports,0.5369988023424126,region-sector
2022,NS,OTE,imports,0.49216985281879355,region-sector
2022,NS,MFN,exports,0.8251524832994481,region-sector
2022,NS,MFN,imports,0.16877018609133965,region-sector
2022,NS,UTL,exports,0.837281178914054,region-sector
2022,NS,UTL,imports,0.9941302547615568,region-sector
2022,NS,CON,exports,0.5470530187494392,region-sector
2022,NS,CON,imports,0,region-sector
2022,NS,TRD,exports,0.7942199266838631,region-sector
2022,NS,TRD,imports,0.4122591006423983,region-sector
2022,NS,TRN,exports,0.4943579255628149,region-sector
2022,NS,TRN,imports,0.6644932615095019,region-sector
2022,NS,ACC,exports,0.36390358303448417,region-sector
2022,NS,ACC,imports,0.5981348660244475,region-sector
2022,NS,PUB,exports,0.7271681813082015,region-sector
2022,NS,PUB,imports,0.7151543126362868,region-sector
2022,NS,TEL,exports,0.5773246399045427,region-sector
2022,NS,TEL,imports,0.7596051784803884,region-sector
2022,NS,ITS,exports,0.6254756175743297,region-sector
2022,NS,ITS,imports,0.7094578199563236,region-sector
2022,NS,FIN,exports,0.6003890026873132,region-sector
2022,NS,FIN,imports,0.45394015826072037,region-sector
2022,NS,REA,exports,0.0860787531857545,region-sector
2022,NS,REA,imports,0.445959036811514,region-sector
2022,NS,PRF,exports,0.6693028930238114,region-sector
2022,NS,PRF,imports,0.7600665892027172,region-sector
2022,NS,ADM,exports,0.6472881013958437,region-sector
2022,NS,ADM,imports,0.6811520473441421,region-sector
2022,NS,PAD,exports,0.6212297304776135,region-sector
2022,NS,PAD,imports,0.4826910516002614,region-sector
2022,NS,EDU,exports,0.08483706889675612,region-sector
2022,NS,EDU,imports,0.5453817016317016,region-sector
2022,NS,HTH,exports,0.6150440371340158,region-sector
2022,NS,HTH,imports,0.9008128016256034,region-sector
2022,NS,ART,exports,0.5679979179482327,region-sector
2022,NS,ART,imports,0.6241777202631295,region-sector
2022,NS,OSV,exports,0.2386637239165329,region-sector
2022,NS,OSV,imports,0.7256854573371353,region-sector
2022,NB,AGR,exports,0.7858638184034319,region-sector
2022,NB,AGR,imports,0.9356629724375176,region-sector
2022,NB,MIE,exports,1,region-sector
2022,NB,MIE,imports,0.4747335050278251,region-sector
2022,NB,MIN,exports,0.5281796422718215,region-sector
2022,NB,MIN,imports,0.3836996941492287,region-sector
2022,NB,MIS,exports,0.30100043497172685,region-sector
2022,NB,MIS,imports,0.7261400967555643,canada-sector
2022,NB,FOD,exports,0.7605263157894736,region-sector
2022,NB,FOD,imports,0.8720158407835858,region-sector
2022,NB,TEX,exports,0.8383620689655171,region-sector
2022,NB,TEX,imports,0.5313029300993918,region-sector
2022,NB,WOD,exports,0.9556545384159735,region-sector
2022,NB,WOD,imports,0.9669412153822573,region-sector
2022,NB,PAP,exports,0.7069869702742647,region-sector
2022,NB,PAP,imports,0.9405782276499023,region-sector
2022,NB,PET,exports,0.9878705013053095,region-sector
2022,NB,PET,imports,0.26875130990638535,region-sector
2022,NB,CHM,exports,0.984792954433565,region-sector
2022,NB,CHM,imports,0.739584364067348,region-sector
2022,NB,RUB,exports,0.8966079694912528,region-sector
2022,NB,RUB,imports,0.8595637405248715,region-sector
2022,NB,NMM,exports,0.9754977029096479,region-sector
2022,NB,NMM,imports,0.7952000330178296,region-sector
2022,NB,BMT,exports,0.09431407942238267,region-sector
2022,NB,BMT,imports,0.8373413345624733,region-sector
2022,NB,FMT,exports,0.9498114060659424,region-sector
2022,NB,FMT,imports,0.8717964926395233,region-sector
2022,NB,ELC,exports,0.5376885358987267,region-sector
2022,NB,ELC,imports,0.8127571086732688,region-sector
2022,NB,ELQ,exports,0.8833178582482204,region-sector
2022,NB,ELQ,imports,0.7880284993113826,region-sector
2022,NB,MAC,exports,0.9137289791870251,region-sector
2022,NB,MAC,imports,0.8465028680309127,region-sector
2022,NB,MTV,exports,0.6396490142587957,region-sector
2022,NB,MTV,imports,0.7528092871020698,region-sector
2022,NB,OTE,exports,0.8906498462843211,region-sector
2022,NB,OTE,imports,0.8907512088810187,region-sector
2022,NB,MFN,exports,0.8073551154703151,region-sector
2022,NB,MFN,imports,0.8170882833154576,region-sector
2022,NB,UTL,exports,0.9607532259992577,region-sector
2022,NB,UTL,imports,0.9740290458394437,region-sector
2022,NB,CON,exports,0.8261997405966277,region-sector
2022,NB,CON,imports,0.3564516129032258,region-sector
2022,NB,TRD,exports,0.8186729691996858,region-sector
2022,NB,TRD,imports,0.8315089689953579,region-sector
2022,NB,TRN,exports,0.7143781910214484,region-sector
2022,NB,TRN,imports,0.7035633578786085,region-sector
2022,NB,ACC,exports,0.34771536821183824,region-sector
2022,NB,ACC,imports,0.5976610809364356,region-sector
2022,NB,PUB,exports,0.4881056413244005,region-sector
2022,NB,PUB,imports,0.9260667626368253,region-sector
2022,NB,TEL,exports,0.5753586497890295,region-sector
2022,NB,TEL,imports,0.7581686379244563,region-sector
2022,NB,ITS,exports,0.6585328802718369,region-sector
2022,NB,ITS,imports,0.7593568202541365,region-sector
2022,NB,FIN,exports,0.651079990505578,region-sector
2022,NB,FIN,imports,0.469182734384648,region-sector
2022,NB,REA,exports,0.044696356275303634,region-sector
2022,NB,REA,imports,0.44236240557245166,region-sector
2022,NB,PRF,exports,0.604061050152948,region-sector
2022,NB,PRF,imports,0.6716899581151454,region-sector
2022,NB,ADM,exports,0.6066853044852316,region-sector
2022,NB,ADM,imports,0.6545413840325408,region-sector
2022,NB,PAD,exports,0.6022755877762674,region-sector
2022,NB,PAD,imports,0.5043668122270742,region-sector
2022,NB,EDU,exports,0.06362622154437102,region-sector
2022,NB,EDU,imports,0.5450264245722359,region-sector
2022,NB,HTH,exports,0.5927855512553339,region-sector
2022,NB,HTH,imports,0.8834583434147913,region-sector
2022,NB,ART,exports,0.548846470155391,region-sector
2022,NB,ART,imports,0.6282562443010137,region-sector
2022,NB,OSV,exports,0.23001063521222082,region-sector
2022,NB,OSV,imports,0.7289338488427519,region-sector
2022,QC,AGR,exports,0.5212008828836289,region-sector
2022,QC,AGR,imports,0.44729195786604453,region-sector
2022,QC,MIE,exports,0.658590308370044,region-sector
2022,QC,MIE,imports,0.9934826059091957,region-sector
2022,QC,MIN,exports,0.11483630924240805,region-sector
2022,QC,MIN,imports,0.32546674568931,region-sector
2022,QC,MIS,exports,0.3005390835579515,region-sector
2022,QC,MIS,imports,0.7261214344892887,region-sector
2022,QC,FOD,exports,0.712230402869674,region-sector
2022,QC,FOD,imports,0.3330802826687984,region-sector
2022,QC,TEX,exports,0.6904359939651673,region-sector
2022,QC,TEX,imports,0.15822880182996374,region-sector
2022,QC,WOD,exports,0.9523887299304552,region-sector
2022,QC,WOD,imports,0.48646328632500113,region-sector
2022,QC,PAP,exports,0.8155255171018043,region-sector
2022,QC,PAP,imports,0.7501313997128003,region-sector
2022,QC,PET,exports,0.8191449074411342,region-sector
2022,QC,PET,imports,0.49413343757988365,region-sector
2022,QC,CHM,exports,0.7698316948828968,region-sector
2022,QC,CHM,imports,0.4236630715205384,region-sector
2022,QC,RUB,exports,0.8855635510985371,region-sector
2022,QC,RUB,imports,0.5258284166097559,region-sector
2022,QC,NMM,exports,0.8764621583510674,region-sector
2022,QC,NMM,imports,0.26521607278241094,region-sector
2022,QC,BMT,exports,0.8761700827118417,region-sector
2022,QC,BMT,imports,0.1988651726034758,region-sector
2022,QC,FMT,exports,0.821367517279315,region-sector
2022,QC,FMT,imports,0.4589874486781321,region-sector
2022,QC,ELC,exports,0.5692553925671411,region-sector
2022,QC,ELC,imports,0.6396531151815773,region-sector
2022,QC,ELQ,exports,0.7935665802733398,region-sector
2022,QC,ELQ,imports,0.4555297070123824,region-sector
2022,QC,MAC,exports,0.7284506669288108,region-sector
2022,QC,MAC,imports,0.43206453020375046,region-sector
2022,QC,MTV,exports,0.8885912228409237,region-sector
2022,QC,MTV,imports,0.6778493210704795,region-sector
2022,QC,OTE,exports,0.5867368844160622,region-sector
2022,QC,OTE,imports,0.4956384313971752,region-sector
2022,QC,MFN,exports,0.8426706567270061,region-sector
2022,QC,MFN,imports,0.3939088044301745,region-sector
2022,QC,UTL,exports,0.9751244917538491,region-sector
2022,QC,UTL,imports,0.9443076482857811,region-sector
2022,QC,CON,exports,0.6548710478964956,region-sector
2022,QC,CON,imports,0.6449220931800235,region-sector
2022,QC,TRD,exports,0.7152055416761298,region-sector
2022,QC,TRD,imports,0.7725482505220169,region-sector
2022,QC,TRN,exports,0.6160112554732926,region-sector
2022,QC,TRN,imports,0.642199135860768,region-sector
2022,QC,ACC,exports,0.3780531259803525,region-sector
2022,QC,ACC,imports,0.6033224554215966,region-sector
2022,QC,PUB,exports,0.6709792626773385,region-sector
2022,QC,PUB,imports,0.7322240251805946,region-sector
2022,QC,TEL,exports,0.5949648956019095,region-sector
2022,QC,TEL,imports,0.7279337813783816,region-sector
2022,QC,ITS,exports,0.6541316755764242,region-sector
2022,QC,ITS,imports,0.7732234522824643,region-sector
2022,QC,FIN,exports,0.5585288990536125,region-sector
2022,QC,FIN,imports,0.5211111310253779,region-sector
2022,QC,REA,exports,0.1028812358537438,region-sector
2022,QC,REA,imports,0.4908555133079848,region-sector
2022,QC,PRF,exports,0.6425910733321164,region-sector
2022,QC,PRF,imports,0.7234103262921376,region-sector
2022,QC,ADM,exports,0.6598416456299439,region-sector
2022,QC,ADM,imports,0.6608451197213805,region-sector
2022,QC,PAD,exports,0.5851331152807886,region-sector
2022,QC,PAD,imports,0.5313820842612371,region-sector
2022,QC,EDU,exports,0.06589635364681729,region-sector
2022,QC,EDU,imports,0.5450363881988931,region-sector
2022,QC,HTH,exports,0.5502602092453632,region-sector
2022,QC,HTH,imports,0.9099373802514136,region-sector
2022,QC,ART,exports,0.6194714487504704,region-sector
2022,QC,ART,imports,0.6632150967278982,region-sector
2022,QC,OSV,exports,0.412226359128057,region-sector
2022,QC,OSV,imports,0.7376969050634319,region-sector
2022,ON,AGR,exports,0.5233746192875546,region-sector
2022,ON,AGR,imports,0.7453622927684932,region-sector
2022,ON,MIE,exports,0.9991094905328313,region-sector
2022,ON,MIE,imports,0.9975237130210108,region-sector
2022,ON,MIN,exports,0.5487508151943453,region-sector
2022,ON,MIN,imports,0.22646189022255483,region-sector
2022,ON,MIS,exports,0.3008118749782222,region-sector
2022,ON,MIS,imports,0.7261480787253982,region-sector
2022,ON,FOD,exports,0.8608814709356919,region-sector
2022,ON,FOD,imports,0.6445660337897546,region-sector
2022,ON,TEX,exports,0.6323833023347527,region-sector
2022,ON,TEX,imports,0.33889731902381554,region-sector
2022,ON,WOD,exports,0.9753088708695281,region-sector
2022,ON,WOD,imports,0.7018874626963806,region-sector
2022,ON,PAP,exports,0.9016158406457631,region-sector
2022,ON,PAP,imports,0.8821196545597075,region-sector
2022,ON,PET,exports,0.7212949360562657,region-sector
2022,ON,PET,imports,0.8644588149174108,region-sector
2022,ON,CHM,exports,0.6971731839859917,region-sector
2022,ON,CHM,imports,0.6430295312625028,region-sector
2022,ON,RUB,exports,0.9253233634203718,region-sector
2022,ON,RUB,imports,0.7422084677529998,region-sector
2022,ON,NMM,exports,0.8972215805791609,region-sector
2022,ON,NMM,imports,0.7688171517930701,region-sector
2022,ON,BMT,exports,0.4806958223532202,region-sector
2022,ON,BMT,imports,0.6656869109602281,region-sector
2022,ON,FMT,exports,0.8736953036248055,region-sector
2022,ON,FMT,imports,0.6827436394083838,region-sector
2022,ON,ELC,exports,0.695002896529325,region-sector
2022,ON,ELC,imports,0.48462400348023943,region-sector
2022,ON,ELQ,exports,0.8849900311857947,region-sector
2022,ON,ELQ,imports,0.6535944414372261,region-sector
2022,ON,MAC,exports,0.7902796777355516,region-sector
2022,ON,MAC,imports,0.7401821472280756,region-sector
2022,ON,MTV,exports,0.9276698428712961,region-sector
2022,ON,MTV,imports,0.6897243636934273,region-sector
2022,ON,OTE,exports,0.5826040451277672,region-sector
2022,ON,OTE,imports,0.7235244044879325,region-sector
2022,ON,MFN,exports,0.7150666814442932,region-sector
2022,ON,MFN,imports,0.6675456624100051,region-sector
2022,ON,UTL,exports,0.9426615609419402,region-sector
2022,ON,UTL,imports,0.8636212431826095,region-sector
2022,ON,CON,exports,0.6450655393692406,region-sector
2022,ON,CON,imports,0.9830072944297081,region-sector
2022,ON,TRD,exports,0.7641132362120767,region-sector
2022,ON,TRD,imports,0.8106760348777721,region-sector
2022,ON,TRN,exports,0.6298977385876119,region-sector
2022,ON,TRN,imports,0.6087165487847243,region-sector
2022,ON,ACC,exports,0.373043853283862,region-sector
2022,ON,ACC,imports,0.5990110671111553,region-sector
2022,ON,PUB,exports,0.7774638440679592,region-sector
2022,ON,PUB,imports,0.8503869211864873,region-sector
2022,ON,TEL,exports,0.6078193631633068,region-sector
2022,ON,TEL,imports,0.716885099441421,region-sector
2022,ON,ITS,exports,0.6950974422848739,region-sector
2022,ON,ITS,imports,0.7772017957303656,region-sector
2022,ON,FIN,exports,0.5713344076788092,region-sector
2022,ON,FIN,imports,0.5767035243443669,region-sector
2022,ON,REA,exports,0.15446504433615152,region-sector
2022,ON,REA,imports,0.49805095398099375,region-sector
2022,ON,PRF,exports,0.6696542235473018,region-sector
2022,ON,PRF,imports,0.6963270533505734,region-sector
2022,ON,ADM,exports,0.6641187370097034,region-sector
2022,ON,ADM,imports,0.6554572279102149,region-sector
2022,ON,PAD,exports,0.4286925641225835,region-sector
2022,ON,PAD,imports,0.5201264047501958,region-sector
2022,ON,EDU,exports,0.057299550696903775,region-sector
2022,ON,EDU,imports,0.5544271885204939,region-sector
2022,ON,HTH,exports,0.565597368252553,region-sector
2022,ON,HTH,imports,0.8917439347585308,region-sector
2022,ON,ART,exports,0.6162204379161986,region-sector
2022,ON,ART,imports,0.663089384467695,region-sector
2022,ON,OSV,exports,0.33186527676562844,region-sector
2022,ON,OSV,imports,0.7359999091198255,region-sector
2022,MB,AGR,exports,0.28397491539577197,region-sector
2022,MB,AGR,imports,0.8185775036479471,region-sector
2022,MB,MIE,exports,1,region-sector
2022,MB,MIE,imports,0.963402002531937,region-sector
2022,MB,MIN,exports,0.5708605408365527,region-sector
2022,MB,MIN,imports,0.9263803680981596,region-sector
2022,MB,MIS,exports,0.3010752688172043,region-sector
2022,MB,MIS,imports,0.726160029229083,region-sector
2022,MB,FOD,exports,0.698312623613846,region-sector
2022,MB,FOD,imports,0.8219024033273661,region-sector
2022,MB,TEX,exports,0.9564056270217407,region-sector
2022,MB,TEX,imports,0.5365782256085629,region-sector
2022,MB,WOD,exports,0.9993009853359545,region-sector
2022,MB,WOD,imports,0.9060985132554523,region-sector
2022,MB,PAP,exports,0.7256298159925249,region-sector
2022,MB,PAP,imports,0.9323183832583087,region-sector
2022,MB,PET,exports,0.9826959001081506,region-sector
2022,MB,PET,imports,0.9692254527747671,region-sector
2022,MB,CHM,exports,0.9843314010391147,region-sector
2022,MB,CHM,imports,0.8261751613567537,region-sector
2022,MB,RUB,exports,0.9402753221429144,region-sector
2022,MB,RUB,imports,0.844331243257274,region-sector
2022,MB,NMM,exports,0.7631389488840893,region-sector
2022,MB,NMM,imports,0.8851509209131255,region-sector
2022,MB,BMT,exports,0.9220179371303383,region-sector
2022,MB,BMT,imports,0.8554192447886264,region-sector
2022,MB,FMT,exports,0.9176606194246767,region-sector
2022,MB,FMT,imports,0.8561703607127336,region-sector
2022,MB,ELC,exports,0.8146538227764167,region-sector
2022,MB,ELC,imports,0.7605766045765355,region-sector
2022,MB,ELQ,exports,0.7798972853998534,region-sector
2022,MB,ELQ,imports,0.7856685013275881,region-sector
2022,MB,MAC,exports,0.833928888476568,region-sector
2022,MB,MAC,imports,0.8819424646506533,region-sector
2022,MB,MTV,exports,0.9969040957666376,region-sector
2022,MB,MTV,imports,0.79935631943094,region-sector
2022,MB,OTE,exports,0.7826652059049285,region-sector
2022,MB,OTE,imports,0.8321578037254206,region-sector
2022,MB,MFN,exports,0.7996208773615113,region-sector
2022,MB,MFN,imports,0.7944510690837733,region-sector
2022,MB,UTL,exports,0.9845890469470253,region-sector
2022,MB,UTL,imports,0.945986636060333,region-sector
2022,MB,CON,exports,0.600833767587285,region-sector
2022,MB,CON,imports,0.9992295839753466,region-sector
2022,MB,TRD,exports,0.640939658036391,region-sector
2022,MB,TRD,imports,0.8629535864978903,region-sector
2022,MB,TRN,exports,0.65557819176712,region-sector
2022,MB,TRN,imports,0.6101168736303871,region-sector
2022,MB,ACC,exports,0.3660906964915079,region-sector
2022,MB,ACC,imports,0.5979453814842263,region-sector
2022,MB,PUB,exports,0.8130794747626968,region-sector
2022,MB,PUB,imports,0.9079446655379104,region-sector
2022,MB,TEL,exports,0.6255199287788787,region-sector
2022,MB,TEL,imports,0.7445941711062364,region-sector
2022,MB,ITS,exports,0.7185350911438783,region-sector
2022,MB,ITS,imports,0.7105525693507331,region-sector
2022,MB,FIN,exports,0.6105234550269907,region-sector
2022,MB,FIN,imports,0.576899805933465,region-sector
2022,MB,REA,exports,0.045969193838767755,region-sector
2022,MB,REA,imports,0.502668607472101,region-sector
2022,MB,PRF,exports,0.5519201846779792,region-sector
2022,MB,PRF,imports,0.7691271668766564,region-sector
2022,MB,ADM,exports,0.6514607621580609,region-sector
2022,MB,ADM,imports,0.6889737079081107,region-sector
2022,MB,PAD,exports,0.4851675817421945,region-sector
2022,MB,PAD,imports,0.5059887005649717,region-sector
2022,MB,EDU,exports,0.05410205319241098,region-sector
2022,MB,EDU,imports,0.5612500226650469,region-sector
2022,MB,HTH,exports,0.6244800144691626,region-sector
2022,MB,HTH,imports,0.9142310844031687,region-sector
2022,MB,ART,exports,0.5998993060011649,region-sector
2022,MB,ART,imports,0.637725493724414,region-sector
2022,MB,OSV,exports,0.24870423006186254,region-sector
2022,MB,OSV,imports,0.7715672676837726,region-sector
2022,SK,AGR,exports,0.15686945085995507,region-sector
2022,SK,AGR,imports,0.8282702005593198,region-sector
2022,SK,MIE,exports,0.9989263389423105,region-sector
2022,SK,MIE,imports,0.9996758362973301,region-sector
2022,SK,MIN,exports,0.40138110946582906,region-sector
2022,SK,MIN,imports,0.9611491108071134,region-sector
2022,SK,MIS,exports,0.30072463768115937,region-sector
2022,SK,MIS,imports,0.7261330761812921,region-sector
2022,SK,FOD,exports,0.7141232823382414,region-sector
2022,SK,FOD,imports,0.8723924064799325,region-sector
2022,SK,TEX,exports,0.8926963481740869,region-sector
2022,SK,TEX,imports,0.2610540097328872,region-sector
2022,SK,WOD,exports,0.9951090709152749,region-sector
2022,SK,WOD,imports,0.8401831069108092,region-sector
2022,SK,PAP,exports,0.025222975969514297,region-sector
2022,SK,PAP,imports,0.93902586451804,region-sector
2022,SK,PET,exports,0.9820963911836516,region-sector
2022,SK,PET,imports,0.9842531073179513,region-sector
2022,SK,CHM,exports,0.5753522870478844,region-sector
2022,SK,CHM,imports,0.8295650810328348,region-sector
2022,SK,RUB,exports,0.9187554253472223,region-sector
2022,SK,RUB,imports,0.8642238938768908,region-sector
2022,SK,NMM,exports,0.976513332900798,region-sector
2022,SK,NMM,imports,0.8663498098859315,region-sector
2022,SK,BMT,exports,0.9749687526834528,region-sector
2022,SK,BMT,imports,0.807143208040052,region-sector
2022,SK,FMT,exports,0.8996076892899177,region-sector
2022,SK,FMT,imports,0.837588900751537,region-sector
2022,SK,ELC,exports,0.7807803248823441,region-sector
2022,SK,ELC,imports,0.8132709756733418,region-sector
2022,SK,ELQ,exports,0.8001569704699304,region-sector
2022,SK,ELQ,imports,0.8729733394386922,region-sector
2022,SK,MAC,exports,0.7647972057327196,region-sector
2022,SK,MAC,imports,0.9189720179876302,region-sector
2022,SK,MTV,exports,0.9942431667340677,region-sector
2022,SK,MTV,imports,0.9235932016143096,region-sector
2022,SK,OTE,exports,0.5894983083962546,canada-sector
2022,SK,OTE,imports,0.8948984612252516,region-sector
2022,SK,MFN,exports,0.8426240798932461,region-sector
2022,SK,MFN,imports,0.8242252608685592,region-sector
2022,SK,UTL,exports,0.8816108227151171,region-sector
2022,SK,UTL,imports,0.9265880562951693,region-sector
2022,SK,CON,exports,0.6931818181818181,region-sector
2022,SK,CON,imports,1,region-sector
2022,SK,TRD,exports,0.5623529262145842,region-sector
2022,SK,TRD,imports,0.9422048684395666,region-sector
2022,SK,TRN,exports,0.6504577874843201,region-sector
2022,SK,TRN,imports,0.5880285379215714,region-sector
2022,SK,ACC,exports,0.3651144197750924,region-sector
2022,SK,ACC,imports,0.5981810143371439,region-sector
2022,SK,PUB,exports,0.9602017173231566,region-sector
2022,SK,PUB,imports,0.8719753934224725,region-sector
2022,SK,TEL,exports,0.6049836231700476,region-sector
2022,SK,TEL,imports,0.7803176800265977,region-sector
2022,SK,ITS,exports,0.6877469032474054,region-sector
2022,SK,ITS,imports,0.7486169276505903,region-sector
2022,SK,FIN,exports,0.5819885824986604,region-sector
2022,SK,FIN,imports,0.5659725211560763,region-sector
2022,SK,REA,exports,0.07860729487931077,region-sector
2022,SK,REA,imports,0.47154876908694293,region-sector
2022,SK,PRF,exports,0.6155857187092122,region-sector
2022,SK,PRF,imports,0.6977075223152844,region-sector
2022,SK,ADM,exports,0.6761106742677413,region-sector
2022,SK,ADM,imports,0.6815161490075938,region-sector
2022,SK,PAD,exports,0.7153488972010834,region-sector
2022,SK,PAD,imports,0.5255070682237247,region-sector
2022,SK,EDU,exports,0.05002320616355704,region-sector
2022,SK,EDU,imports,0.5510289161928364,region-sector
2022,SK,HTH,exports,0.47692555073162884,region-sector
2022,SK,HTH,imports,0.9066422225356086,region-sector
2022,SK,ART,exports,0.6354046658986175,region-sector
2022,SK,ART,imports,0.6229598937246963,region-sector
2022,SK,OSV,exports,0.191503484898772,region-sector
2022,SK,OSV,imports,0.7890300165176284,region-sector
2022,AB,AGR,exports,0.24905549239182506,region-sector
2022,AB,AGR,imports,0.8839145313586088,region-sector
2022,AB,MIE,exports,0.9716215645649339,region-sector
2022,AB,MIE,imports,0.9993769708761211,region-sector
2022,AB,MIN,exports,0.36933845597364384,region-sector
2022,AB,MIN,imports,0.1574879074206741,region-sector
2022,AB,MIS,exports,0.30081267060374267,region-sector
2022,AB,MIS,imports,0.7261425351904532,region-sector
2022,AB,FOD,exports,0.6235774979172937,region-sector
2022,AB,FOD,imports,0.6308742298217673,region-sector
2022,AB,TEX,exports,0.5451892075343627,region-sector
2022,AB,TEX,imports,0.3406265267120729,region-sector
2022,AB,WOD,exports,0.9341583251764304,region-sector
2022,AB,WOD,imports,0.5658414806791513,region-sector
2022,AB,PAP,exports,0.4978984828376485,region-sector
2022,AB,PAP,imports,0.8099083531475045,region-sector
2022,AB,PET,exports,0.774372182524266,region-sector
2022,AB,PET,imports,0.9944550481729818,region-sector
2022,AB,CHM,exports,0.8439961495875171,region-sector
2022,AB,CHM,imports,0.7195012418656006,region-sector
2022,AB,RUB,exports,0.8695627663363646,region-sector
2022,AB,RUB,imports,0.529345858316713,region-sector
2022,AB,NMM,exports,0.8611763061280046,region-sector
2022,AB,NMM,imports,0.5297370289656146,region-sector
2022,AB,BMT,exports,0.15233073814920667,region-sector
2022,AB,BMT,imports,0.42854823897859495,region-sector
2022,AB,FMT,exports,0.7318979092592776,region-sector
2022,AB,FMT,imports,0.6068315778197703,region-sector
2022,AB,ELC,exports,0.5792025325236321,region-sector
2022,AB,ELC,imports,0.5703785170120833,region-sector
2022,AB,ELQ,exports,0.8591730205085921,region-sector
2022,AB,ELQ,imports,0.6213510223858812,region-sector
2022,AB,MAC,exports,0.7692650256502117,region-sector
2022,AB,MAC,imports,0.7171572040670714,region-sector
2022,AB,MTV,exports,0.9430418520668085,region-sector
2022,AB,MTV,imports,0.876987337860048,region-sector
2022,AB,OTE,exports,0.2693441822620017,region-sector
2022,AB,OTE,imports,0.7586737596235605,region-sector
2022,AB,MFN,exports,0.7535948132878733,region-sector
2022,AB,MFN,imports,0.5891595534006775,region-sector
2022,AB,UTL,exports,0.900855675027866,region-sector
2022,AB,UTL,imports,0.9116027720401563,region-sector
2022,AB,CON,exports,0.621593774572273,region-sector
2022,AB,CON,imports,0.9969493170630243,region-sector
2022,AB,TRD,exports,0.7271900963400896,region-sector
2022,AB,TRD,imports,0.8539893858772033,region-sector
2022,AB,TRN,exports,0.7950361418084896,region-sector
2022,AB,TRN,imports,0.6172115695676402,region-sector
2022,AB,ACC,exports,0.32951500688336954,region-sector
2022,AB,ACC,imports,0.6010898783050682,region-sector
2022,AB,PUB,exports,0.6444663827780807,region-sector
2022,AB,PUB,imports,0.8869483110836619,region-sector
2022,AB,TEL,exports,0.6038675592837555,region-sector
2022,AB,TEL,imports,0.7367235548680914,region-sector
2022,AB,ITS,exports,0.6491017722517548,region-sector
2022,AB,ITS,imports,0.7617339760352714,region-sector
2022,AB,FIN,exports,0.6041157499721977,region-sector
2022,AB,FIN,imports,0.4601239846602646,region-sector
2022,AB,REA,exports,0.23686618753679448,region-sector
2022,AB,REA,imports,0.5238740264138165,region-sector
2022,AB,PRF,exports,0.6307877041696917,region-sector
2022,AB,PRF,imports,0.6586211273991235,region-sector
2022,AB,ADM,exports,0.6994961815661727,region-sector
2022,AB,ADM,imports,0.6916995966073688,region-sector
2022,AB,PAD,exports,0.6132803152931241,region-sector
2022,AB,PAD,imports,0.6441972282454983,region-sector
2022,AB,EDU,exports,0.07888454814884242,region-sector
2022,AB,EDU,imports,0.5455738796751998,region-sector
2022,AB,HTH,exports,0.6494075916939676,region-sector
2022,AB,HTH,imports,0.9121310046839257,region-sector
2022,AB,ART,exports,0.5909856601989248,region-sector
2022,AB,ART,imports,0.6302707012215911,region-sector
2022,AB,OSV,exports,0.31052093973442285,region-sector
2022,AB,OSV,imports,0.7314102291569236,region-sector
2022,BC,AGR,exports,0.6804249892038762,region-sector
2022,BC,AGR,imports,0.7917128448762631,region-sector
2022,BC,MIE,exports,0.46100224909060833,region-sector
2022,BC,MIE,imports,0.8326152771308802,region-sector
2022,BC,MIN,exports,0.020428493840182048,region-sector
2022,BC,MIN,imports,0.8363959585675623,region-sector
2022,BC,MIS,exports,0.30080680467821624,region-sector
2022,BC,MIS,imports,0.7261412438364879,region-sector
2022,BC,FOD,exports,0.7357199781915279,region-sector
2022,BC,FOD,imports,0.5861794867242528,region-sector
2022,BC,TEX,exports,0.45168441488629146,region-sector
2022,BC,TEX,imports,0.23288197624801274,region-sector
2022,BC,WOD,exports,0.7785655230119967,region-sector
2022,BC,WOD,imports,0.6814299939858223,region-sector
2022,BC,PAP,exports,0.26569720240521255,region-sector
2022,BC,PAP,imports,0.732888338930522,region-sector
2022,BC,PET,exports,0.9026263124401454,region-sector
2022,BC,PET,imports,0.7344444006027405,region-sector
2022,BC,CHM,exports,0.5822624957668653,region-sector
2022,BC,CHM,imports,0.6180844846007514,region-sector
2022,BC,RUB,exports,0.8871467556247551,region-sector
2022,BC,RUB,imports,0.5127136441882617,region-sector
2022,BC,NMM,exports,0.9554719789225989,region-sector
2022,BC,NMM,imports,0.5637008000265386,region-sector
2022,BC,BMT,exports,0.7616103730183592,region-sector
2022,BC,BMT,imports,0.20087274593051377,region-sector
2022,BC,FMT,exports,0.8667227427854757,region-sector
2022,BC,FMT,imports,0.4866753662391022,region-sector
2022,BC,ELC,exports,0.5797667667848148,region-sector
2022,BC,ELC,imports,0.38859764628108345,region-sector
2022,BC,ELQ,exports,0.7755957555497799,region-sector
2022,BC,ELQ,imports,0.4896237454856392,region-sector
2022,BC,MAC,exports,0.7558845556006241,region-sector
2022,BC,MAC,imports,0.49844857775519724,region-sector
2022,BC,MTV,exports,0.8957383874873268,region-sector
2022,BC,MTV,imports,0.4869510764794519,region-sector
2022,BC,OTE,exports,0.5340311617399741,region-sector
2022,BC,OTE,imports,0.5175075313055405,region-sector
2022,BC,MFN,exports,0.7957725445521447,region-sector
2022,BC,MFN,imports,0.4668830412996685,region-sector
2022,BC,UTL,exports,0.9779900299417754,region-sector
2022,BC,UTL,imports,0.9939299889950911,region-sector
2022,BC,CON,exports,0.7591083955646073,region-sector
2022,BC,CON,imports,0.758172008886068,region-sector
2022,BC,TRD,exports,0.7574513664749365,region-sector
2022,BC,TRD,imports,0.7743139307331726,region-sector
2022,BC,TRN,exports,0.5537447859494553,region-sector
2022,BC,TRN,imports,0.5579678700352543,region-sector
2022,BC,ACC,exports,0.3839700213246537,region-sector
2022,BC,ACC,imports,0.6040584726236579,region-sector
2022,BC,PUB,exports,0.7995048309547899,region-sector
2022,BC,PUB,imports,0.8457402990477904,region-sector
2022,BC,TEL,exports,0.54213827834333,region-sector
2022,BC,TEL,imports,0.7459162614372138,region-sector
2022,BC,ITS,exports,0.6545314565376402,region-sector
2022,BC,ITS,imports,0.8023264156891734,region-sector
2022,BC,FIN,exports,0.4935313159056354,region-sector
2022,BC,FIN,imports,0.5024984631673903,region-sector
2022,BC,REA,exports,0.06573753493031513,region-sector
2022,BC,REA,imports,0.5017169870222539,region-sector
2022,BC,PRF,exports,0.6459169521538277,region-sector
2022,BC,PRF,imports,0.7087318529754157,region-sector
2022,BC,ADM,exports,0.6673818836454904,region-sector
2022,BC,ADM,imports,0.6720965730042016,region-sector
2022,BC,PAD,exports,0.5639139536315564,region-sector
2022,BC,PAD,imports,0.5803986813322242,region-sector
2022,BC,EDU,exports,0.05414091491094384,region-sector
2022,BC,EDU,imports,0.5450967833525371,region-sector
2022,BC,HTH,exports,0.5693982808022924,region-sector
2022,BC,HTH,imports,0.9080240831964971,region-sector
2022,BC,ART,exports,0.5662705953599098,region-sector
2022,BC,ART,imports,0.6391502302149242,region-sector
2022,BC,OSV,exports,0.26060276010466615,region-sector
2022,BC,OSV,imports,0.7208611901512172,region-sector
2022,YT,AGR,exports,0.7037643207855975,region-sector
2022,YT,AGR,imports,0.8615916955017301,region-sector
2022,YT,MIE,exports,0.8995391108101753,canada-sector
2022,YT,MIE,imports,0.6666666666666666,region-sector
2022,YT,MIN,exports,0.8649227448307205,region-sector
2022,YT,MIN,imports,1,region-sector
2022,YT,MIS,exports,0.3008115907624057,canada-sector
2022,YT,MIS,imports,0.7199999999999999,region-sector
2022,YT,FOD,exports,0.7438094086584486,canada-sector
2022,YT,FOD,imports,0.6780711825487944,region-sector
2022,YT,TEX,exports,1,region-sector
2022,YT,TEX,imports,0.7767797632272194,region-sector
2022,YT,WOD,exports,0.8829658168382901,canada-sector
2022,YT,WOD,imports,0.685031185031185,region-sector
2022,YT,PAP,exports,0.6842105263157895,region-sector
2022,YT,PAP,imports,0.8410163339382941,region-sector
2022,YT,PET,exports,0.8621800960774448,canada-sector
2022,YT,PET,imports,0.9243576741041244,region-sector
2022,YT,CHM,exports,0.7482293969667095,canada-sector
2022,YT,CHM,imports,0.924674832680894,region-sector
2022,YT,RUB,exports,0.9966024915062288,region-sector
2022,YT,RUB,imports,0.9096064042695131,region-sector
2022,YT,NMM,exports,0.8954917991451182,canada-sector
2022,YT,NMM,imports,0.7665699493656484,region-sector
2022,YT,BMT,exports,0.5862240043467497,canada-sector
2022,YT,BMT,imports,0.6179980903882877,region-sector
2022,YT,FMT,exports,0.5317286652078774,region-sector
2022,YT,FMT,imports,0.8113452333020176,region-sector
2022,YT,ELC,exports,0.2291350531107739,region-sector
2022,YT,ELC,imports,0.7514077431715694,region-sector
2022,YT,ELQ,exports,0.8380890725491739,canada-sector
2022,YT,ELQ,imports,0.8283494927036572,region-sector
2022,YT,MAC,exports,0.7730544797237004,canada-sector
2022,YT,MAC,imports,0.7174172207670093,region-sector
2022,YT,MTV,exports,0.9258534172106093,canada-sector
2022,YT,MTV,imports,0.6368363348205078,region-sector
2022,YT,OTE,exports,0.5894983083962546,canada-sector
2022,YT,OTE,imports,0.9345190779014307,region-sector
2022,YT,MFN,exports,0.916083916083916,region-sector
2022,YT,MFN,imports,0.8930880159124814,region-sector
2022,YT,UTL,exports,0.7254901960784313,region-sector
2022,YT,UTL,imports,0.7940784755660281,region-sector
2022,YT,CON,exports,0.5892857142857143,region-sector
2022,YT,CON,imports,0.8310387659411195,canada-sector
2022,YT,TRD,exports,0.6882699517943225,region-sector
2022,YT,TRD,imports,0.8558786346396966,region-sector
2022,YT,TRN,exports,0.6588856508064749,region-sector
2022,YT,TRN,imports,0.6030708422012769,region-sector
2022,YT,ACC,exports,0.41168954558857257,region-sector
2022,YT,ACC,imports,0.595015843110388,region-sector
2022,YT,PUB,exports,0.7511210762331839,region-sector
2022,YT,PUB,imports,0.9378531073446328,region-sector
2022,YT,TEL,exports,0.5764533463605275,region-sector
2022,YT,TEL,imports,0.5778005464480874,region-sector
2022,YT,ITS,exports,0.7083333333333334,region-sector
2022,YT,ITS,imports,0.8415002747755999,region-sector
2022,YT,FIN,exports,0.6186978297161936,region-sector
2022,YT,FIN,imports,0.3696411559225151,region-sector
2022,YT,REA,exports,0.038363171355498715,region-sector
2022,YT,REA,imports,0.5057915057915058,region-sector
2022,YT,PRF,exports,0.6943506639657889,region-sector
2022,YT,PRF,imports,0.7843103960606189,region-sector
2022,YT,ADM,exports,0.5662805662805662,region-sector
2022,YT,ADM,imports,0.6887395400935626,region-sector
2022,YT,PAD,exports,0.5500376222723853,region-sector
2022,YT,PAD,imports,0.3584905660377358,region-sector
2022,YT,EDU,exports,0.11083123425692694,region-sector
2022,YT,EDU,imports,0.573336252189142,region-sector
2022,YT,HTH,exports,0.6228150873965042,region-sector
2022,YT,HTH,imports,0.9124513618677043,region-sector
2022,YT,ART,exports,0.6448497854077253,region-sector
2022,YT,ART,imports,0.5922787193973634,region-sector
2022,YT,OSV,exports,0.3670886075949367,region-sector
2022,YT,OSV,imports,0.7233201581027667,region-sector
2022,NT,AGR,exports,0.6496272630457933,region-sector
2022,NT,AGR,imports,0.7024291497975709,region-sector
2022,NT,MIE,exports,0.8995391108101753,canada-sector
2022,NT,MIE,imports,0.7959183673469388,region-sector
2022,NT,MIN,exports,0.002359049724808955,region-sector
2022,NT,MIN,imports,0.7972636815920399,region-sector
2022,NT,MIS,exports,0.3008115907624057,canada-sector
2022,NT,MIS,imports,0.7264150943396226,region-sector
2022,NT,FOD,exports,0.7438094086584486,canada-sector
2022,NT,FOD,imports,0.6167072181670722,region-sector
2022,NT,TEX,exports,0.6588870618353915,canada-sector
2022,NT,TEX,imports,0.6425416278717277,region-sector
2022,NT,WOD,exports,0.8829658168382901,canada-sector
2022,NT,WOD,imports,0.7730855193506645,region-sector
2022,NT,PAP,exports,0.6722229781921917,canada-sector
2022,NT,PAP,imports,0.8745362844399984,region-sector
2022,NT,PET,exports,0.8621800960774448,canada-sector
2022,NT,PET,imports,0.9564124414145717,region-sector
2022,NT,CHM,exports,0.6949152542372882,region-sector
2022,NT,CHM,imports,0.7281655045333668,region-sector
2022,NT,RUB,exports,0.9157747970566366,canada-sector
2022,NT,RUB,imports,0.7236099072833767,region-sector
2022,NT,NMM,exports,0.8954917991451182,canada-sector
2022,NT,NMM,imports,0.7862322407061062,region-sector
2022,NT,BMT,exports,0.5862240043467497,canada-sector
2022,NT,BMT,imports,0.8088481800766284,region-sector
2022,NT,FMT,exports,0.8477324415555455,canada-sector
2022,NT,FMT,imports,0.7891199448529411,region-sector
2022,NT,ELC,exports,0.635180281644837,canada-sector
2022,NT,ELC,imports,0.7820991986420982,region-sector
2022,NT,ELQ,exports,0.8380890725491739,canada-sector
2022,NT,ELQ,imports,0.8107430527587595,region-sector
2022,NT,MAC,exports,0.7730544797237004,canada-sector
2022,NT,MAC,imports,0.84429077569806,region-sector
2022,NT,MTV,exports,0.9258534172106093,canada-sector
2022,NT,MTV,imports,0.7425746388443017,region-sector
2022,NT,OTE,exports,0.5894983083962546,canada-sector
2022,NT,OTE,imports,0.746808160127399,region-sector
2022,NT,MFN,exports,0.6904761904761905,region-sector
2022,NT,MFN,imports,0.8278197674418605,region-sector
2022,NT,UTL,exports,0.8396226415094339,region-sector
2022,NT,UTL,imports,0.7940984142553539,region-sector
2022,NT,CON,exports,0.7882913546630361,region-sector
2022,NT,CON,imports,0.9532710280373832,region-sector
2022,NT,TRD,exports,0.8709732547210116,region-sector
2022,NT,TRD,imports,0.8421052631578948,region-sector
2022,NT,TRN,exports,0.4598163030998852,region-sector
2022,NT,TRN,imports,0.7264976958525345,region-sector
2022,NT,ACC,exports,0.37019390581717454,region-sector
2022,NT,ACC,imports,0.6064560439560439,region-sector
2022,NT,PUB,exports,0.6819973718791065,region-sector
2022,NT,PUB,imports,0.9312937062937063,region-sector
2022,NT,TEL,exports,0.6006922592825676,region-sector
2022,NT,TEL,imports,0.5570908227096366,region-sector
2022,NT,ITS,exports,0.6751530414948641,canada-sector
2022,NT,ITS,imports,0.7739456146324853,region-sector
2022,NT,FIN,exports,0.6781639004149377,region-sector
2022,NT,FIN,imports,0.4152571233965263,region-sector
2022,NT,REA,exports,0.03667355371900827,region-sector
2022,NT,REA,imports,0.4833091436865022,region-sector
2022,NT,PRF,exports,0.7045250896057349,region-sector
2022,NT,PRF,imports,0.6301475052680453,region-sector
2022,NT,ADM,exports,0.7405602923264311,region-sector
2022,NT,ADM,imports,0.692849881396137,region-sector
2022,NT,PAD,exports,0.587213158243799,region-sector
2022,NT,PAD,imports,0.6153846153846154,region-sector
2022,NT,EDU,exports,0.48726541554959785,region-sector
2022,NT,EDU,imports,0.5707870479792012,region-sector
2022,NT,HTH,exports,0.6990867579908676,region-sector
2022,NT,HTH,imports,0.9106002554278418,region-sector
2022,NT,ART,exports,0.5488170609796734,region-sector
2022,NT,ART,imports,0.6830692243536279,region-sector
2022,NT,OSV,exports,0.4260355029585799,region-sector
2022,NT,OSV,imports,0.8141414141414142,region-sector
2022,NU,AGR,exports,0.9597000937207123,region-sector
2022,NU,AGR,imports,0.8268156424581006,region-sector
2022,NU,MIE,exports,0.8995391108101753,canada-sector
2022,NU,MIE,imports,0.6666666666666666,region-sector
2022,NU,MIN,exports,0.19316124185630837,region-sector
2022,NU,MIN,imports,0.8838685586258402,region-sector
2022,NU,MIS,exports,0.3008115907624057,canada-sector
2022,NU,MIS,imports,0.7261400967555643,canada-sector
2022,NU,FOD,exports,0.8653846153846153,region-sector
2022,NU,FOD,imports,0.6462185458084249,region-sector
2022,NU,TEX,exports,1,region-sector
2022,NU,TEX,imports,0.6451819820616892,region-sector
2022,NU,WOD,exports,0.8829658168382901,canada-sector
2022,NU,WOD,imports,0.8099179661517996,region-sector
2022,NU,PAP,exports,0.6722229781921917,canada-sector
2022,NU,PAP,imports,0.8888295029396045,region-sector
2022,NU,PET,exports,0.8621800960774448,canada-sector
2022,NU,PET,imports,0.4010936907320774,region-sector
2022,NU,CHM,exports,0.7272727272727273,region-sector
2022,NU,CHM,imports,0.6587127793778116,region-sector
2022,NU,RUB,exports,0.9157747970566366,canada-sector
2022,NU,RUB,imports,0.810082509216455,region-sector
2022,NU,NMM,exports,0.8954917991451182,canada-sector
2022,NU,NMM,imports,0.8174470457079153,region-sector
2022,NU,BMT,exports,0.5862240043467497,canada-sector
2022,NU,BMT,imports,0.6018799373354221,region-sector
2022,NU,FMT,exports,0.8477324415555455,canada-sector
2022,NU,FMT,imports,0.7203050307307078,region-sector
2022,NU,ELC,exports,0.635180281644837,canada-sector
2022,NU,ELC,imports,0.7790094394865668,region-sector
2022,NU,ELQ,exports,0.8380890725491739,canada-sector
2022,NU,ELQ,imports,0.646619977884261,region-sector
2022,NU,MAC,exports,0.7730544797237004,canada-sector
2022,NU,MAC,imports,0.7772858949773552,region-sector
2022,NU,MTV,exports,0.9258534172106093,canada-sector
2022,NU,MTV,imports,0.8411190469624686,region-sector
2022,NU,OTE,exports,0.5894983083962546,canada-sector
2022,NU,OTE,imports,0.5180408738548273,region-sector
2022,NU,MFN,exports,0.42857142857142855,region-sector
2022,NU,MFN,imports,0.8345504376270887,region-sector
2022,NU,UTL,exports,0.8131868131868133,region-sector
2022,NU,UTL,imports,0.7942322681215901,region-sector
2022,NU,CON,exports,0.7692307692307692,region-sector
2022,NU,CON,imports,0.9576427255985267,region-sector
2022,NU,TRD,exports,0.6891891891891893,region-sector
2022,NU,TRD,imports,0.89031224979984,region-sector
2022,NU,TRN,exports,0.45246038365304414,region-sector
2022,NU,TRN,imports,0.9218240249306129,region-sector
2022,NU,ACC,exports,0.37538747675139494,region-sector
2022,NU,ACC,imports,0.5964807038592281,region-sector
2022,NU,PUB,exports,0.7016129032258065,region-sector
2022,NU,PUB,imports,0.9100107642626482,region-sector
2022,NU,TEL,exports,0.6030265339966833,region-sector
2022,NU,TEL,imports,0.7402434861759017,region-sector
2022,NU,ITS,exports,0.6666666666666666,region-sector
2022,NU,ITS,imports,0.8345594179466451,region-sector
2022,NU,FIN,exports,0.6599084368868541,region-sector
2022,NU,FIN,imports,0.553757225433526,region-sector
2022,NU,REA,exports,0.1251601262838384,canada-sector
2022,NU,REA,imports,0.3114874815905743,region-sector
2022,NU,PRF,exports,0.7006472491909385,region-sector
2022,NU,PRF,imports,0.6676928960703701,region-sector
2022,NU,ADM,exports,0.58651502843216885,region-sector
2022,NU,ADM,imports,0.6718645463434717,region-sector
2022,NU,PAD,exports,0.5979952124476362,region-sector
2022,NU,PAD,imports,0.6,region-sector
2022,NU,EDU,exports,0.5599999999999999,region-sector
2022,NU,EDU,imports,0.5604457876841707,region-sector
2022,NU,HTH,exports,0.29411764705882354,region-sector
2022,NU,HTH,imports,0.9094736842105262,region-sector
2022,NU,ART,exports,0.541044776119403,region-sector
2022,NU,ART,imports,0.5913978494623657,region-sector
2022,NU,OSV,exports,0.386904761904762,region-sector
2022,NU,OSV,imports,0.8179190751445087,region-sector
